uuid,ply,move_number,mover_color,phase,move_san,cp_before,cp_after,cp_loss,classification
e1a2f616-91fe-11f1-b17d-52282501000f,1,1,white,opening,e4,39,43,0,ok
e1a2f616-91fe-11f1-b17d-52282501000f,3,2,white,opening,Nf3,45,46,0,ok
e1a2f616-91fe-11f1-b17d-52282501000f,5,3,white,opening,Nc3,63,34,29,ok
e1a2f616-91fe-11f1-b17d-52282501000f,7,4,white,opening,d4,37,33,4,ok
e1a2f616-91fe-11f1-b17d-52282501000f,9,5,white,opening,Nxd4,45,47,0,ok
e1a2f616-91fe-11f1-b17d-52282501000f,11,6,white,opening,Nxc6,46,4,42,ok
e1a2f616-91fe-11f1-b17d-52282501000f,13,7,white,opening,Bc4,15,22,0,ok
e1a2f616-91fe-11f1-b17d-52282501000f,15,8,white,opening,exd5,133,132,1,ok
e1a2f616-91fe-11f1-b17d-52282501000f,17,9,white,opening,Nxd5,288,154,134,mistake
e1a2f616-91fe-11f1-b17d-52282501000f,19,10,white,opening,Bf4,195,109,86,inaccuracy
e1a2f616-91fe-11f1-b17d-52282501000f,21,11,white,opening,Bc7,124,63,61,inaccuracy
e1a2f616-91fe-11f1-b17d-52282501000f,23,12,white,middlegame,Nxf6+,348,183,165,mistake
e1a2f616-91fe-11f1-b17d-52282501000f,25,13,white,middlegame,Qxg4,221,-36,257,mistake
e1a2f616-91fe-11f1-b17d-52282501000f,27,14,white,middlegame,O-O-O,-23,-177,154,mistake
e1a2f616-91fe-11f1-b17d-52282501000f,29,15,white,middlegame,h4,-11,-90,79,inaccuracy
e1a2f616-91fe-11f1-b17d-52282501000f,31,16,white,middlegame,b3,-4,-184,180,mistake
e1a2f616-91fe-11f1-b17d-52282501000f,33,17,white,middlegame,h5,-186,-925,739,blunder
e1a2f616-91fe-11f1-b17d-52282501000f,35,18,white,middlegame,Kb1,-99986,-99986,0,ok
e1a2f616-91fe-11f1-b17d-52282501000f,37,19,white,middlegame,Bxf7+,-99987,-99991,4,ok
e1a2f616-91fe-11f1-b17d-52282501000f,39,20,white,middlegame,Rxd8+,99989,99990,0,ok
e1a2f616-91fe-11f1-b17d-52282501000f,41,21,white,middlegame,h6#,99999,100000,0,ok
94292be5-9116-11f1-8d17-ee3b1801000f,1,1,white,opening,e4,45,43,2,ok
94292be5-9116-11f1-8d17-ee3b1801000f,3,2,white,opening,Nf3,45,45,0,ok
94292be5-9116-11f1-8d17-ee3b1801000f,5,3,white,opening,Nc3,40,20,20,ok
94292be5-9116-11f1-8d17-ee3b1801000f,7,4,white,opening,Bc4,15,-13,28,ok
94292be5-9116-11f1-8d17-ee3b1801000f,9,5,white,opening,d4,33,-86,119,mistake
94292be5-9116-11f1-8d17-ee3b1801000f,11,6,white,opening,Nxd4,-30,-40,10,ok
94292be5-9116-11f1-8d17-ee3b1801000f,13,7,white,opening,Qe2,-46,-186,140,mistake
94292be5-9116-11f1-8d17-ee3b1801000f,15,8,white,opening,Qxe4,-198,-184,0,ok
94292be5-9116-11f1-8d17-ee3b1801000f,17,9,white,opening,Bg5,-187,-608,421,blunder
94292be5-9116-11f1-8d17-ee3b1801000f,19,10,white,opening,Kd1,-572,-802,230,mistake
94292be5-9116-11f1-8d17-ee3b1801000f,21,11,white,opening,Nf5,-609,-663,54,inaccuracy
94292be5-9116-11f1-8d17-ee3b1801000f,23,12,white,middlegame,Ne7+,-695,-845,150,mistake
d92bd33d-9113-11f1-8d17-ee3b1801000f,2,1,black,opening,e5,-38,-35,0,ok
d92bd33d-9113-11f1-8d17-ee3b1801000f,4,2,black,opening,exd4,16,19,0,ok
d92bd33d-9113-11f1-8d17-ee3b1801000f,6,3,black,opening,Nc6,28,27,1,ok
d92bd33d-9113-11f1-8d17-ee3b1801000f,8,4,black,opening,Nf6,34,23,11,ok
d92bd33d-9113-11f1-8d17-ee3b1801000f,10,5,black,opening,Bd6,43,23,20,ok
d92bd33d-9113-11f1-8d17-ee3b1801000f,12,6,black,opening,O-O,23,24,0,ok
d92bd33d-9113-11f1-8d17-ee3b1801000f,14,7,black,opening,Re8,21,16,5,ok
d92bd33d-9113-11f1-8d17-ee3b1801000f,16,8,black,opening,Qe7,11,-36,47,ok
d92bd33d-9113-11f1-8d17-ee3b1801000f,18,9,black,opening,Bc5,-31,-43,12,ok
d92bd33d-9113-11f1-8d17-ee3b1801000f,20,10,black,opening,d6,-45,-83,38,ok
d92bd33d-9113-11f1-8d17-ee3b1801000f,22,11,black,middlegame,Nh5,-26,-158,132,mistake
d92bd33d-9113-11f1-8d17-ee3b1801000f,24,12,black,middlegame,Qe6,-136,-210,74,inaccuracy
d92bd33d-9113-11f1-8d17-ee3b1801000f,26,13,black,middlegame,Nd4,-80,-398,318,blunder
d92bd33d-9113-11f1-8d17-ee3b1801000f,28,14,black,middlegame,Bxd4,-434,-469,35,ok
d92bd33d-9113-11f1-8d17-ee3b1801000f,30,15,black,middlegame,Qe5,95,-410,505,blunder
d92bd33d-9113-11f1-8d17-ee3b1801000f,32,16,black,middlegame,Bxf2+,-414,-404,0,ok
d92bd33d-9113-11f1-8d17-ee3b1801000f,34,17,black,middlegame,Qd4+,-398,-418,20,ok
d92bd33d-9113-11f1-8d17-ee3b1801000f,36,18,black,middlegame,Qxc4,-397,-403,6,ok
d92bd33d-9113-11f1-8d17-ee3b1801000f,38,19,black,middlegame,Re5,-411,-411,0,ok
d92bd33d-9113-11f1-8d17-ee3b1801000f,40,20,black,middlegame,d5,-401,-99998,99597,blunder
d92bd33d-9113-11f1-8d17-ee3b1801000f,42,21,black,middlegame,Re8,-500,-523,23,ok
d92bd33d-9113-11f1-8d17-ee3b1801000f,44,22,black,middlegame,Rxe1+,-473,-519,46,ok
d92bd33d-9113-11f1-8d17-ee3b1801000f,46,23,black,middlegame,Bf5,-506,-512,6,ok
d92bd33d-9113-11f1-8d17-ee3b1801000f,48,24,black,middlegame,h6,-506,-536,30,ok
d92bd33d-9113-11f1-8d17-ee3b1801000f,50,25,black,middlegame,Qd4+,-491,-534,43,ok
d92bd33d-9113-11f1-8d17-ee3b1801000f,52,26,black,middlegame,Bxc2,-534,-527,0,ok
d92bd33d-9113-11f1-8d17-ee3b1801000f,54,27,black,middlegame,Bg6,-492,-500,8,ok
d92bd33d-9113-11f1-8d17-ee3b1801000f,56,28,black,middlegame,Qd3,-481,-615,134,mistake
d92bd33d-9113-11f1-8d17-ee3b1801000f,58,29,black,middlegame,Qc2,-620,-620,0,ok
d92bd33d-9113-11f1-8d17-ee3b1801000f,60,30,black,middlegame,Be4,-618,-810,192,mistake
d92bd33d-9113-11f1-8d17-ee3b1801000f,62,31,black,middlegame,Qxb2,-819,-99998,99179,blunder
d92bd33d-9113-11f1-8d17-ee3b1801000f,64,32,black,middlegame,Rxd8,-99999,-99999,0,ok
d92bd33d-9113-11f1-8d17-ee3b1801000f,66,33,black,middlegame,Kf8,-705,-99998,99293,blunder
d92bd33d-9113-11f1-8d17-ee3b1801000f,68,34,black,middlegame,Qxb4,-774,-773,0,ok
d92bd33d-9113-11f1-8d17-ee3b1801000f,70,35,black,endgame,b6,-761,-767,6,ok
d92bd33d-9113-11f1-8d17-ee3b1801000f,72,36,black,endgame,Ke8,-755,-777,22,ok
d92bd33d-9113-11f1-8d17-ee3b1801000f,74,37,black,endgame,Kd7,-769,-783,14,ok
d92bd33d-9113-11f1-8d17-ee3b1801000f,76,38,black,endgame,Kc6,-771,-783,12,ok
d92bd33d-9113-11f1-8d17-ee3b1801000f,78,39,black,endgame,Kb5,-772,-773,1,ok
d92bd33d-9113-11f1-8d17-ee3b1801000f,80,40,black,endgame,Kxb4,-740,-742,2,ok
d92bd33d-9113-11f1-8d17-ee3b1801000f,82,41,black,endgame,a5,-732,-716,0,ok
d92bd33d-9113-11f1-8d17-ee3b1801000f,84,42,black,endgame,a4,-691,-726,35,ok
d92bd33d-9113-11f1-8d17-ee3b1801000f,86,43,black,endgame,a3,-662,-754,92,inaccuracy
d92bd33d-9113-11f1-8d17-ee3b1801000f,88,44,black,endgame,Kb3,-677,-733,56,inaccuracy
d92bd33d-9113-11f1-8d17-ee3b1801000f,90,45,black,endgame,Ka2,-745,-887,142,mistake
d92bd33d-9113-11f1-8d17-ee3b1801000f,92,46,black,endgame,f6,-785,-834,49,ok
d92bd33d-9113-11f1-8d17-ee3b1801000f,94,47,black,endgame,h5,-803,-920,117,mistake
d92bd33d-9113-11f1-8d17-ee3b1801000f,96,48,black,endgame,Kb3,-812,-849,37,ok
d92bd33d-9113-11f1-8d17-ee3b1801000f,98,49,black,endgame,h4,-778,-932,154,mistake
d92bd33d-9113-11f1-8d17-ee3b1801000f,100,50,black,endgame,Kb4,-744,-804,60,inaccuracy
d92bd33d-9113-11f1-8d17-ee3b1801000f,102,51,black,endgame,b5,-929,-1221,292,mistake
d92bd33d-9113-11f1-8d17-ee3b1801000f,104,52,black,endgame,Ka4,-1201,-99990,98789,blunder
d92bd33d-9113-11f1-8d17-ee3b1801000f,106,53,black,endgame,Ka3,-830,-99991,99161,blunder
d92bd33d-9113-11f1-8d17-ee3b1801000f,108,54,black,endgame,Ka2,-99992,-99994,2,ok
d92bd33d-9113-11f1-8d17-ee3b1801000f,110,55,black,endgame,Ka1,-99995,-99995,0,ok
d92bd33d-9113-11f1-8d17-ee3b1801000f,112,56,black,endgame,Ka2,-99996,-99996,0,ok
d92bd33d-9113-11f1-8d17-ee3b1801000f,114,57,black,endgame,Ka1,-99997,-99998,1,ok
13f52e24-9112-11f1-aa4a-bca1ee01000f,2,1,black,opening,e5,-18,-26,8,ok
13f52e24-9112-11f1-aa4a-bca1ee01000f,4,2,black,opening,Nc6,58,37,21,ok
13f52e24-9112-11f1-aa4a-bca1ee01000f,6,3,black,opening,Nf6,64,65,0,ok
13f52e24-9112-11f1-aa4a-bca1ee01000f,8,4,black,opening,d5,217,200,17,ok
13f52e24-9112-11f1-aa4a-bca1ee01000f,10,5,black,opening,e4,226,228,0,ok
13f52e24-9112-11f1-aa4a-bca1ee01000f,12,6,black,opening,Bd6,400,400,0,ok
13f52e24-9112-11f1-aa4a-bca1ee01000f,14,7,black,opening,O-O,479,360,119,mistake
13f52e24-9112-11f1-aa4a-bca1ee01000f,16,8,black,opening,Bxh3,419,314,105,mistake
13f52e24-9112-11f1-aa4a-bca1ee01000f,18,9,black,opening,Ne5,314,313,1,ok
13f52e24-9112-11f1-aa4a-bca1ee01000f,20,10,black,opening,Nf3+,675,656,19,ok
13f52e24-9112-11f1-aa4a-bca1ee01000f,22,11,black,middlegame,Nxg5,635,631,4,ok
13f52e24-9112-11f1-aa4a-bca1ee01000f,24,12,black,middlegame,c6,643,616,27,ok
13f52e24-9112-11f1-aa4a-bca1ee01000f,26,13,black,middlegame,Qd7,645,587,58,inaccuracy
13f52e24-9112-11f1-aa4a-bca1ee01000f,28,14,black,middlegame,Qxh3,589,566,23,ok
13f52e24-9112-11f1-aa4a-bca1ee01000f,30,15,black,middlegame,g6,624,627,0,ok
13f52e24-9112-11f1-aa4a-bca1ee01000f,32,16,black,middlegame,Qxh2,672,556,116,mistake
13f52e24-9112-11f1-aa4a-bca1ee01000f,34,17,black,middlegame,Qh5+,584,568,16,ok
13f52e24-9112-11f1-aa4a-bca1ee01000f,36,18,black,middlegame,Qf3,579,582,0,ok
13f52e24-9112-11f1-aa4a-bca1ee01000f,38,19,black,middlegame,a5,621,583,38,ok
13f52e24-9112-11f1-aa4a-bca1ee01000f,40,20,black,middlegame,a4,596,605,0,ok
13f52e24-9112-11f1-aa4a-bca1ee01000f,42,21,black,middlegame,dxc4,604,608,0,ok
13f52e24-9112-11f1-aa4a-bca1ee01000f,44,22,black,middlegame,a3,613,607,6,ok
13f52e24-9112-11f1-aa4a-bca1ee01000f,46,23,black,middlegame,axb2+,640,610,30,ok
13f52e24-9112-11f1-aa4a-bca1ee01000f,48,24,black,middlegame,Nxd5,620,567,53,inaccuracy
13f52e24-9112-11f1-aa4a-bca1ee01000f,50,25,black,middlegame,Be5,649,678,0,ok
13f52e24-9112-11f1-aa4a-bca1ee01000f,52,26,black,middlegame,Qf6,1193,652,541,blunder
13f52e24-9112-11f1-aa4a-bca1ee01000f,54,27,black,middlegame,h5,99990,679,99311,blunder
13f52e24-9112-11f1-aa4a-bca1ee01000f,56,28,black,middlegame,Qf3,836,872,0,ok
13f52e24-9112-11f1-aa4a-bca1ee01000f,58,29,black,middlegame,Qxh1+,99996,99997,0,ok
d79623e1-906a-11f1-87c2-b62b1301000f,1,1,white,opening,e4,38,32,6,ok
d79623e1-906a-11f1-87c2-b62b1301000f,3,2,white,opening,d4,47,53,0,ok
d79623e1-906a-11f1-87c2-b62b1301000f,5,3,white,opening,Nf3,103,91,12,ok
d79623e1-906a-11f1-87c2-b62b1301000f,7,4,white,opening,Nc3,156,133,23,ok
d79623e1-906a-11f1-87c2-b62b1301000f,9,5,white,opening,e5,163,116,47,ok
d79623e1-906a-11f1-87c2-b62b1301000f,11,6,white,opening,Bg5,130,52,78,inaccuracy
d79623e1-906a-11f1-87c2-b62b1301000f,13,7,white,opening,Bxe7,64,45,19,ok
d79623e1-906a-11f1-87c2-b62b1301000f,15,8,white,opening,Bd3,39,-36,75,inaccuracy
d79623e1-906a-11f1-87c2-b62b1301000f,17,9,white,opening,exd6,4,12,0,ok
d79623e1-906a-11f1-87c2-b62b1301000f,19,10,white,opening,Nb5,9,-40,49,ok
d79623e1-906a-11f1-87c2-b62b1301000f,21,11,white,opening,Ne5,47,-187,234,mistake
d79623e1-906a-11f1-87c2-b62b1301000f,23,12,white,middlegame,dxe5,-220,-228,8,ok
d79623e1-906a-11f1-87c2-b62b1301000f,25,13,white,middlegame,Qe2,-211,-269,58,inaccuracy
d79623e1-906a-11f1-87c2-b62b1301000f,27,14,white,middlegame,Nd4,-171,-233,62,inaccuracy
d79623e1-906a-11f1-87c2-b62b1301000f,29,15,white,middlegame,O-O-O,-248,-290,42,ok
d79623e1-906a-11f1-87c2-b62b1301000f,31,16,white,middlegame,Kb1,-277,-282,5,ok
d79623e1-906a-11f1-87c2-b62b1301000f,33,17,white,middlegame,Rxh1,-298,-286,0,ok
d79623e1-906a-11f1-87c2-b62b1301000f,35,18,white,middlegame,Nf3,-287,-317,30,ok
d79623e1-906a-11f1-87c2-b62b1301000f,37,19,white,middlegame,h4,-316,-347,31,ok
d79623e1-906a-11f1-87c2-b62b1301000f,39,20,white,middlegame,Ng5,-355,-429,74,inaccuracy
d79623e1-906a-11f1-87c2-b62b1301000f,41,21,white,middlegame,Bxe2,-418,-419,1,ok
d79623e1-906a-11f1-87c2-b62b1301000f,43,22,white,endgame,h5,-361,-398,37,ok
d79623e1-906a-11f1-87c2-b62b1301000f,45,23,white,endgame,hxg6,-216,-235,19,ok
d79623e1-906a-11f1-87c2-b62b1301000f,47,24,white,endgame,Nxh7,-350,-431,81,inaccuracy
d79623e1-906a-11f1-87c2-b62b1301000f,49,25,white,endgame,Bc4,-432,-493,61,inaccuracy
d79623e1-906a-11f1-87c2-b62b1301000f,51,26,white,endgame,Bxe6+,-480,-467,0,ok
d79623e1-906a-11f1-87c2-b62b1301000f,53,27,white,endgame,Ng5,-483,-483,0,ok
d79623e1-906a-11f1-87c2-b62b1301000f,55,28,white,endgame,Rh7+,-402,-556,154,mistake
d79623e1-906a-11f1-87c2-b62b1301000f,57,29,white,endgame,Ne4+,-541,-579,38,ok
d79623e1-906a-11f1-87c2-b62b1301000f,59,30,white,endgame,Nxf2,-582,-570,0,ok
d79623e1-906a-11f1-87c2-b62b1301000f,61,31,white,endgame,a3,-572,-596,24,ok
d79623e1-906a-11f1-87c2-b62b1301000f,63,32,white,endgame,b4,-563,-565,2,ok
d79623e1-906a-11f1-87c2-b62b1301000f,65,33,white,endgame,Kb2,-549,-544,0,ok
d79623e1-906a-11f1-87c2-b62b1301000f,67,34,white,endgame,Kb3,-513,-501,0,ok
d79623e1-906a-11f1-87c2-b62b1301000f,69,35,white,endgame,c3,-504,-548,44,ok
d79623e1-906a-11f1-87c2-b62b1301000f,71,36,white,endgame,a4,-482,-499,17,ok
d79623e1-906a-11f1-87c2-b62b1301000f,73,37,white,endgame,Rg7,-538,-548,10,ok
d79623e1-906a-11f1-87c2-b62b1301000f,75,38,white,endgame,Kc2,-540,-576,36,ok
d79623e1-906a-11f1-87c2-b62b1301000f,77,39,white,endgame,Kd2,-584,-586,2,ok
d79623e1-906a-11f1-87c2-b62b1301000f,79,40,white,endgame,Kd1,-603,-604,1,ok
d79623e1-906a-11f1-87c2-b62b1301000f,81,41,white,endgame,Kc2,-602,-609,7,ok
d79623e1-906a-11f1-87c2-b62b1301000f,83,42,white,endgame,Kc1,-477,-719,242,mistake
d79623e1-906a-11f1-87c2-b62b1301000f,85,43,white,endgame,a5,-732,-801,69,inaccuracy
d79623e1-906a-11f1-87c2-b62b1301000f,87,44,white,endgame,axb6,-607,-632,25,ok
d79623e1-906a-11f1-87c2-b62b1301000f,89,45,white,endgame,Rg6+,-801,-834,33,ok
d79623e1-906a-11f1-87c2-b62b1301000f,91,46,white,endgame,b5,-777,-1093,316,blunder
d79623e1-906a-11f1-87c2-b62b1301000f,93,47,white,endgame,Kb1,-1236,-1227,0,ok
d79623e1-906a-11f1-87c2-b62b1301000f,95,48,white,endgame,Ka2,-1217,-99995,98778,blunder
d79623e1-906a-11f1-87c2-b62b1301000f,97,49,white,middlegame,Rxg1,-99996,-99996,0,ok
d79623e1-906a-11f1-87c2-b62b1301000f,99,50,white,endgame,Kb3,-99997,-99997,0,ok
d79623e1-906a-11f1-87c2-b62b1301000f,101,51,white,endgame,Kb4,-99992,-99997,5,ok
d79623e1-906a-11f1-87c2-b62b1301000f,103,52,white,endgame,Kc5,-99988,-99996,8,ok
d79623e1-906a-11f1-87c2-b62b1301000f,105,53,white,endgame,Kd4,-1177,-1126,0,ok
d79623e1-906a-11f1-87c2-b62b1301000f,107,54,white,endgame,Kd3,-1262,-969,0,ok
d79623e1-906a-11f1-87c2-b62b1301000f,109,55,white,endgame,Kc2,-99982,-1227,0,ok
d79623e1-906a-11f1-87c2-b62b1301000f,111,56,white,endgame,Kd3,-1277,-1189,0,ok
d79623e1-906a-11f1-87c2-b62b1301000f,113,57,white,endgame,Kc2,-1144,-99991,98847,blunder
d79623e1-906a-11f1-87c2-b62b1301000f,115,58,white,endgame,Kb2,-1250,-7882,6632,blunder
d79623e1-906a-11f1-87c2-b62b1301000f,117,59,white,endgame,Kb3,-3492,-1728,0,ok
d79623e1-906a-11f1-87c2-b62b1301000f,119,60,white,endgame,c4,-5665,-99991,94326,blunder
d79623e1-906a-11f1-87c2-b62b1301000f,121,61,white,endgame,Kc3,-1245,-1161,0,ok
d79623e1-906a-11f1-87c2-b62b1301000f,123,62,white,endgame,Kc2,-99986,-99986,0,ok
d79623e1-906a-11f1-87c2-b62b1301000f,125,63,white,endgame,Kd2,-99984,-99995,11,ok
d79623e1-906a-11f1-87c2-b62b1301000f,127,64,white,endgame,Kc2,-99994,-99994,0,ok
d79623e1-906a-11f1-87c2-b62b1301000f,129,65,white,endgame,Kd1,-99993,-99998,5,ok
d79623e1-906a-11f1-87c2-b62b1301000f,131,66,white,endgame,Kc2,-99995,-99996,1,ok
d79623e1-906a-11f1-87c2-b62b1301000f,133,67,white,endgame,Kb3,-99989,-99990,1,ok
d79623e1-906a-11f1-87c2-b62b1301000f,135,68,white,endgame,Kc2,-99991,-99993,2,ok
d79623e1-906a-11f1-87c2-b62b1301000f,137,69,white,endgame,Kd1,-99995,-99998,3,ok
d79623e1-906a-11f1-87c2-b62b1301000f,139,70,white,endgame,Kc1,-99999,-99999,0,ok
2887fd9c-906a-11f1-87c2-b62b1301000f,1,1,white,opening,e4,32,35,0,ok
2887fd9c-906a-11f1-87c2-b62b1301000f,3,2,white,opening,Nf3,45,39,6,ok
2887fd9c-906a-11f1-87c2-b62b1301000f,5,3,white,opening,Nc3,39,34,5,ok
2887fd9c-906a-11f1-87c2-b62b1301000f,7,4,white,opening,Bb5,42,8,34,ok
2887fd9c-906a-11f1-87c2-b62b1301000f,9,5,white,opening,Bxc6,79,86,0,ok
2887fd9c-906a-11f1-87c2-b62b1301000f,11,6,white,opening,e5,89,86,3,ok
2887fd9c-906a-11f1-87c2-b62b1301000f,13,7,white,opening,Ne4,81,90,0,ok
2887fd9c-906a-11f1-87c2-b62b1301000f,15,8,white,opening,Nd6+,157,-48,205,mistake
2887fd9c-906a-11f1-87c2-b62b1301000f,17,9,white,opening,exd6,-35,-49,14,ok
2887fd9c-906a-11f1-87c2-b62b1301000f,19,10,white,opening,O-O,67,12,55,inaccuracy
2887fd9c-906a-11f1-87c2-b62b1301000f,21,11,white,opening,d4,69,-57,126,mistake
2887fd9c-906a-11f1-87c2-b62b1301000f,23,12,white,middlegame,Bg5,71,-75,146,mistake
2887fd9c-906a-11f1-87c2-b62b1301000f,25,13,white,middlegame,Bf4,-64,-108,44,ok
2887fd9c-906a-11f1-87c2-b62b1301000f,27,14,white,middlegame,Re1,36,-42,78,inaccuracy
2887fd9c-906a-11f1-87c2-b62b1301000f,29,15,white,middlegame,Bg3,-38,-59,21,ok
2887fd9c-906a-11f1-87c2-b62b1301000f,31,16,white,middlegame,Qe2,-21,-104,83,inaccuracy
2887fd9c-906a-11f1-87c2-b62b1301000f,33,17,white,middlegame,Qxc4,82,80,2,ok
2887fd9c-906a-11f1-87c2-b62b1301000f,35,18,white,middlegame,Reb1,374,365,9,ok
754cb613-9049-11f1-8a72-93bfcf01000f,2,1,black,opening,e5,-30,-31,1,ok
754cb613-9049-11f1-8a72-93bfcf01000f,4,2,black,opening,Nf6,-7,-8,1,ok
754cb613-9049-11f1-8a72-93bfcf01000f,6,3,black,opening,exf4,18,-73,91,inaccuracy
754cb613-9049-11f1-8a72-93bfcf01000f,8,4,black,opening,Qe7,-55,-184,129,mistake
754cb613-9049-11f1-8a72-93bfcf01000f,10,5,black,opening,Ng8,-184,-185,1,ok
754cb613-9049-11f1-8a72-93bfcf01000f,12,6,black,opening,Nc6,-173,-211,38,ok
754cb613-9049-11f1-8a72-93bfcf01000f,14,7,black,opening,Qd8,-180,-177,0,ok
754cb613-9049-11f1-8a72-93bfcf01000f,16,8,black,opening,Nge7,-175,-183,8,ok
754cb613-9049-11f1-8a72-93bfcf01000f,18,9,black,opening,Nxd5,-32,-38,6,ok
754cb613-9049-11f1-8a72-93bfcf01000f,20,10,black,opening,Nb4,-32,-102,70,inaccuracy
754cb613-9049-11f1-8a72-93bfcf01000f,22,11,black,middlegame,d5,-58,-135,77,inaccuracy
754cb613-9049-11f1-8a72-93bfcf01000f,24,12,black,middlegame,Be6,0,-270,270,mistake
754cb613-9049-11f1-8a72-93bfcf01000f,26,13,black,middlegame,a5,-270,-303,33,ok
754cb613-9049-11f1-8a72-93bfcf01000f,28,14,black,middlegame,Bxb4+,-326,-330,4,ok
754cb613-9049-11f1-8a72-93bfcf01000f,30,15,black,middlegame,Bxd2+,-322,-320,0,ok
754cb613-9049-11f1-8a72-93bfcf01000f,32,16,black,middlegame,Qh4+,-208,-204,0,ok
754cb613-9049-11f1-8a72-93bfcf01000f,34,17,black,middlegame,Qxd4,-219,-221,2,ok
754cb613-9049-11f1-8a72-93bfcf01000f,36,18,black,middlegame,O-O-O,-141,-126,0,ok
754cb613-9049-11f1-8a72-93bfcf01000f,38,19,black,middlegame,Qc5+,-130,-217,87,inaccuracy
754cb613-9049-11f1-8a72-93bfcf01000f,40,20,black,middlegame,Bf5+,-222,-236,14,ok
754cb613-9049-11f1-8a72-93bfcf01000f,42,21,black,middlegame,a4,-299,-304,5,ok
754cb613-9049-11f1-8a72-93bfcf01000f,44,22,black,middlegame,a3,-91,-471,380,blunder
754cb613-9049-11f1-8a72-93bfcf01000f,46,23,black,middlegame,Kb8,-488,-482,0,ok
754cb613-9049-11f1-8a72-93bfcf01000f,48,24,black,middlegame,Qb4,-476,-523,47,ok
754cb613-9049-11f1-8a72-93bfcf01000f,50,25,black,middlegame,d4,-524,-605,81,inaccuracy
754cb613-9049-11f1-8a72-93bfcf01000f,52,26,black,middlegame,Rd5,-522,-553,31,ok
754cb613-9049-11f1-8a72-93bfcf01000f,54,27,black,middlegame,Ka8,-505,-549,44,ok
754cb613-9049-11f1-8a72-93bfcf01000f,56,28,black,middlegame,Rc5,-498,-467,0,ok
754cb613-9049-11f1-8a72-93bfcf01000f,58,29,black,middlegame,Ka7,286,284,2,ok
754cb613-9049-11f1-8a72-93bfcf01000f,60,30,black,middlegame,Rxc8,897,99995,0,ok
754cb613-9049-11f1-8a72-93bfcf01000f,62,31,black,middlegame,Rxc5,99996,99997,0,ok
754cb613-9049-11f1-8a72-93bfcf01000f,64,32,black,middlegame,Rxc1+,99997,743,99254,blunder
754cb613-9049-11f1-8a72-93bfcf01000f,66,33,black,middlegame,Qe1+,774,838,0,ok
754cb613-9049-11f1-8a72-93bfcf01000f,68,34,black,middlegame,Qxe5,919,544,375,blunder
754cb613-9049-11f1-8a72-93bfcf01000f,70,35,black,middlegame,h5,587,466,121,mistake
754cb613-9049-11f1-8a72-93bfcf01000f,72,36,black,middlegame,Qxh2,575,549,26,ok
754cb613-9049-11f1-8a72-93bfcf01000f,74,37,black,middlegame,h4,577,463,114,mistake
754cb613-9049-11f1-8a72-93bfcf01000f,76,38,black,middlegame,h3,537,573,0,ok
754cb613-9049-11f1-8a72-93bfcf01000f,78,39,black,middlegame,Qg3+,668,533,135,mistake
754cb613-9049-11f1-8a72-93bfcf01000f,80,40,black,middlegame,hxg2,849,923,0,ok
754cb613-9049-11f1-8a72-93bfcf01000f,82,41,black,middlegame,Qxf3+,1302,1299,3,ok
754cb613-9049-11f1-8a72-93bfcf01000f,84,42,black,middlegame,Qxg2,1266,99990,0,ok
754cb613-9049-11f1-8a72-93bfcf01000f,86,43,black,endgame,Qxa2,99992,99993,0,ok
754cb613-9049-11f1-8a72-93bfcf01000f,88,44,black,endgame,b5,99995,1035,98960,blunder
754cb613-9049-11f1-8a72-93bfcf01000f,90,45,black,endgame,Qxb3,1246,99993,0,ok
754cb613-9049-11f1-8a72-93bfcf01000f,92,46,black,endgame,a2,99994,99996,0,ok
754cb613-9049-11f1-8a72-93bfcf01000f,94,47,black,endgame,a1=Q,99996,99997,0,ok
754cb613-9049-11f1-8a72-93bfcf01000f,96,48,black,middlegame,Qbb2,99998,99996,2,ok
754cb613-9049-11f1-8a72-93bfcf01000f,98,49,black,middlegame,Qac1,99997,99996,1,ok
754cb613-9049-11f1-8a72-93bfcf01000f,100,50,black,middlegame,Qbd2,99996,99997,0,ok
754cb613-9049-11f1-8a72-93bfcf01000f,102,51,black,middlegame,Qce1,99997,99996,1,ok
754cb613-9049-11f1-8a72-93bfcf01000f,104,52,black,middlegame,Qdf2,99998,99997,1,ok
754cb613-9049-11f1-8a72-93bfcf01000f,106,53,black,middlegame,Qeg1,99998,99999,0,ok
754cb613-9049-11f1-8a72-93bfcf01000f,108,54,black,middlegame,Qfh2#,99999,100000,0,ok
282f2822-9048-11f1-9797-0b6b4d01000f,1,1,white,opening,e4,35,35,0,ok
282f2822-9048-11f1-9797-0b6b4d01000f,3,2,white,opening,Nf3,29,38,0,ok
282f2822-9048-11f1-9797-0b6b4d01000f,5,3,white,opening,Nc3,32,3,29,ok
282f2822-9048-11f1-9797-0b6b4d01000f,7,4,white,opening,d4,73,64,9,ok
282f2822-9048-11f1-9797-0b6b4d01000f,9,5,white,opening,d5,190,50,140,mistake
282f2822-9048-11f1-9797-0b6b4d01000f,11,6,white,opening,Be3,397,172,225,mistake
282f2822-9048-11f1-9797-0b6b4d01000f,13,7,white,opening,Bg5,330,208,122,mistake
282f2822-9048-11f1-9797-0b6b4d01000f,15,8,white,opening,Bxf6,357,310,47,ok
282f2822-9048-11f1-9797-0b6b4d01000f,17,9,white,opening,Bb5+,306,49,257,mistake
282f2822-9048-11f1-9797-0b6b4d01000f,19,10,white,opening,Qd3,94,44,50,inaccuracy
282f2822-9048-11f1-9797-0b6b4d01000f,21,11,white,opening,Bxd7+,359,380,0,ok
282f2822-9048-11f1-9797-0b6b4d01000f,23,12,white,middlegame,O-O,390,35,355,blunder
282f2822-9048-11f1-9797-0b6b4d01000f,25,13,white,middlegame,a4,84,62,22,ok
282f2822-9048-11f1-9797-0b6b4d01000f,27,14,white,middlegame,b3,362,238,124,mistake
282f2822-9048-11f1-9797-0b6b4d01000f,29,15,white,middlegame,axb5,229,225,4,ok
282f2822-9048-11f1-9797-0b6b4d01000f,31,16,white,middlegame,Nxb5,225,212,13,ok
282f2822-9048-11f1-9797-0b6b4d01000f,33,17,white,middlegame,Ra4,212,-263,475,blunder
282f2822-9048-11f1-9797-0b6b4d01000f,35,18,white,middlegame,bxa4,-15,-17,2,ok
282f2822-9048-11f1-9797-0b6b4d01000f,37,19,white,middlegame,Ra1,3,-16,19,ok
282f2822-9048-11f1-9797-0b6b4d01000f,39,20,white,middlegame,Rxa4,-14,-21,7,ok
282f2822-9048-11f1-9797-0b6b4d01000f,41,21,white,middlegame,Qc4,-22,-21,0,ok
282f2822-9048-11f1-9797-0b6b4d01000f,43,22,white,middlegame,Qc6,0,3,0,ok
282f2822-9048-11f1-9797-0b6b4d01000f,45,23,white,middlegame,dxc6,3,3,0,ok
282f2822-9048-11f1-9797-0b6b4d01000f,47,24,white,endgame,Kf1,0,-8,8,ok
282f2822-9048-11f1-9797-0b6b4d01000f,49,25,white,endgame,Ke2,4,2,2,ok
282f2822-9048-11f1-9797-0b6b4d01000f,51,26,white,endgame,Na7,0,0,0,ok
282f2822-9048-11f1-9797-0b6b4d01000f,53,27,white,endgame,Kd3,51,0,51,inaccuracy
282f2822-9048-11f1-9797-0b6b4d01000f,55,28,white,endgame,Kc3,0,-141,141,mistake
282f2822-9048-11f1-9797-0b6b4d01000f,57,29,white,endgame,Kc4,-147,-173,26,ok
282f2822-9048-11f1-9797-0b6b4d01000f,59,30,white,endgame,Kd5,-167,-164,0,ok
282f2822-9048-11f1-9797-0b6b4d01000f,61,31,white,endgame,c4,-175,-99999,99824,blunder
4019bda1-8f45-11f1-b3fd-ff142601000f,2,1,black,opening,d5,-27,-32,5,ok
4019bda1-8f45-11f1-b3fd-ff142601000f,4,2,black,opening,dxc4,-30,-44,14,ok
4019bda1-8f45-11f1-b3fd-ff142601000f,6,3,black,opening,Nc6,115,40,75,inaccuracy
4019bda1-8f45-11f1-b3fd-ff142601000f,8,4,black,opening,e5,200,99,101,mistake
4019bda1-8f45-11f1-b3fd-ff142601000f,10,5,black,opening,exd4,269,257,12,ok
4019bda1-8f45-11f1-b3fd-ff142601000f,12,6,black,opening,Bb4,266,141,125,mistake
4019bda1-8f45-11f1-b3fd-ff142601000f,14,7,black,opening,Bf5,232,194,38,ok
4019bda1-8f45-11f1-b3fd-ff142601000f,16,8,black,opening,Bd3,234,16,218,mistake
4019bda1-8f45-11f1-b3fd-ff142601000f,18,9,black,opening,Qe7,396,242,154,mistake
4019bda1-8f45-11f1-b3fd-ff142601000f,20,10,black,opening,Qd7,252,33,219,mistake
4019bda1-8f45-11f1-b3fd-ff142601000f,22,11,black,middlegame,Nxb4,-87,-87,0,ok
4019bda1-8f45-11f1-b3fd-ff142601000f,24,12,black,middlegame,O-O-O,-88,-73,0,ok
4019bda1-8f45-11f1-b3fd-ff142601000f,26,13,black,middlegame,Nf6,50,39,11,ok
4019bda1-8f45-11f1-b3fd-ff142601000f,28,14,black,middlegame,Bxc4,31,25,6,ok
4019bda1-8f45-11f1-b3fd-ff142601000f,30,15,black,middlegame,Bxa2,131,-119,250,mistake
4019bda1-8f45-11f1-b3fd-ff142601000f,32,16,black,middlegame,Qd5,-61,-123,62,inaccuracy
4019bda1-8f45-11f1-b3fd-ff142601000f,34,17,black,middlegame,Qe6+,103,-174,277,mistake
4019bda1-8f45-11f1-b3fd-ff142601000f,36,18,black,middlegame,Bc4,-117,-140,23,ok
4019bda1-8f45-11f1-b3fd-ff142601000f,38,19,black,middlegame,Qe3+,-35,-130,95,inaccuracy
4019bda1-8f45-11f1-b3fd-ff142601000f,40,20,black,middlegame,Rhe8,-3,-350,347,blunder
4019bda1-8f45-11f1-b3fd-ff142601000f,42,21,black,middlegame,Ne4,-373,-480,107,mistake
4019bda1-8f45-11f1-b3fd-ff142601000f,44,22,black,middlegame,Rxe4,-498,-510,12,ok
4019bda1-8f45-11f1-b3fd-ff142601000f,46,23,black,middlegame,Qxd4,-229,-227,0,ok
4019bda1-8f45-11f1-b3fd-ff142601000f,48,24,black,middlegame,Rxf4,-45,-382,337,blunder
4019bda1-8f45-11f1-b3fd-ff142601000f,50,25,black,middlegame,Rxf2,270,258,12,ok
4019bda1-8f45-11f1-b3fd-ff142601000f,52,26,black,middlegame,Qxa1+,264,259,5,ok
4019bda1-8f45-11f1-b3fd-ff142601000f,54,27,black,middlegame,Rd1,281,240,41,ok
4019bda1-8f45-11f1-b3fd-ff142601000f,56,28,black,middlegame,Kb8,540,588,0,ok
4019bda1-8f45-11f1-b3fd-ff142601000f,58,29,black,middlegame,Rxe1+,922,1478,0,ok
4019bda1-8f45-11f1-b3fd-ff142601000f,60,30,black,middlegame,Qxe1+,1476,1612,0,ok
4019bda1-8f45-11f1-b3fd-ff142601000f,62,31,black,endgame,a5,1613,932,681,blunder
4019bda1-8f45-11f1-b3fd-ff142601000f,64,32,black,endgame,a4,966,986,0,ok
4019bda1-8f45-11f1-b3fd-ff142601000f,66,33,black,endgame,a3,1014,926,88,inaccuracy
4019bda1-8f45-11f1-b3fd-ff142601000f,68,34,black,endgame,Qe4+,1082,1115,0,ok
4019bda1-8f45-11f1-b3fd-ff142601000f,70,35,black,endgame,Qxc4,99993,99995,0,ok
4019bda1-8f45-11f1-b3fd-ff142601000f,72,36,black,endgame,a2,99995,99996,0,ok
4019bda1-8f45-11f1-b3fd-ff142601000f,74,37,black,endgame,a1=Q,99997,99998,0,ok
4019bda1-8f45-11f1-b3fd-ff142601000f,76,38,black,middlegame,Qa3,99998,99998,0,ok
4019bda1-8f45-11f1-b3fd-ff142601000f,78,39,black,middlegame,Qc2+,99998,99999,0,ok
4019bda1-8f45-11f1-b3fd-ff142601000f,80,40,black,middlegame,Qa1#,99999,100000,0,ok
33ab7a29-8f44-11f1-ab78-9c3c7501000f,2,1,black,opening,e5,-37,-37,0,ok
33ab7a29-8f44-11f1-ab78-9c3c7501000f,4,2,black,opening,exd4,14,10,4,ok
33ab7a29-8f44-11f1-ab78-9c3c7501000f,6,3,black,opening,Nc6,17,-7,24,ok
33ab7a29-8f44-11f1-ab78-9c3c7501000f,8,4,black,opening,Nf6,9,2,7,ok
33ab7a29-8f44-11f1-ab78-9c3c7501000f,10,5,black,opening,Ne5,89,47,42,ok
33ab7a29-8f44-11f1-ab78-9c3c7501000f,12,6,black,opening,Nxe4,78,-311,389,blunder
33ab7a29-8f44-11f1-ab78-9c3c7501000f,14,7,black,opening,Bb4+,-307,-331,24,ok
33ab7a29-8f44-11f1-ab78-9c3c7501000f,16,8,black,opening,dxc3,-337,-329,0,ok
33ab7a29-8f44-11f1-ab78-9c3c7501000f,18,9,black,opening,Qe7,-238,-426,188,mistake
33ab7a29-8f44-11f1-ab78-9c3c7501000f,20,10,black,opening,Bxc3+,-145,-309,164,mistake
33ab7a29-8f44-11f1-ab78-9c3c7501000f,22,11,black,middlegame,Nd3+,-298,-299,1,ok
33ab7a29-8f44-11f1-ab78-9c3c7501000f,24,12,black,middlegame,Qxe2+,-281,-277,0,ok
33ab7a29-8f44-11f1-ab78-9c3c7501000f,26,13,black,endgame,Nc5,-281,-350,69,inaccuracy
33ab7a29-8f44-11f1-ab78-9c3c7501000f,28,14,black,endgame,O-O,-340,-377,37,ok
33ab7a29-8f44-11f1-ab78-9c3c7501000f,30,15,black,endgame,Nd3,-334,-338,4,ok
33ab7a29-8f44-11f1-ab78-9c3c7501000f,32,16,black,endgame,Nxc1,-375,-390,15,ok
33ab7a29-8f44-11f1-ab78-9c3c7501000f,34,17,black,endgame,b6,-398,-454,56,inaccuracy
33ab7a29-8f44-11f1-ab78-9c3c7501000f,36,18,black,endgame,Ba6+,-310,-380,70,inaccuracy
33ab7a29-8f44-11f1-ab78-9c3c7501000f,38,19,black,endgame,c5,-383,-448,65,inaccuracy
33ab7a29-8f44-11f1-ab78-9c3c7501000f,40,20,black,endgame,h6,-394,-454,60,inaccuracy
33ab7a29-8f44-11f1-ab78-9c3c7501000f,42,21,black,endgame,c4,-478,-508,30,ok
33ab7a29-8f44-11f1-ab78-9c3c7501000f,44,22,black,endgame,b5,-502,-487,0,ok
33ab7a29-8f44-11f1-ab78-9c3c7501000f,46,23,black,endgame,Rac8,-443,-446,3,ok
33ab7a29-8f44-11f1-ab78-9c3c7501000f,48,24,black,endgame,d5,-451,-474,23,ok
33ab7a29-8f44-11f1-ab78-9c3c7501000f,50,25,black,endgame,d4,-459,-458,0,ok
33ab7a29-8f44-11f1-ab78-9c3c7501000f,52,26,black,endgame,d3,-450,-476,26,ok
33ab7a29-8f44-11f1-ab78-9c3c7501000f,54,27,black,endgame,d2,-511,-577,66,inaccuracy
33ab7a29-8f44-11f1-ab78-9c3c7501000f,56,28,black,endgame,Rfe8,-461,-605,144,mistake
33ab7a29-8f44-11f1-ab78-9c3c7501000f,58,29,black,endgame,Rxe8,-374,-393,19,ok
33ab7a29-8f44-11f1-ab78-9c3c7501000f,60,30,black,endgame,b4,99998,-480,100478,blunder
33ab7a29-8f44-11f1-ab78-9c3c7501000f,62,31,black,endgame,Re1+,99998,99999,0,ok
33ab7a29-8f44-11f1-ab78-9c3c7501000f,64,32,black,endgame,dxe1=Q#,99999,100000,0,ok
5b7ff7e2-8f43-11f1-961f-d9a78701000f,2,1,black,opening,e5,-38,-38,0,ok
5b7ff7e2-8f43-11f1-961f-d9a78701000f,4,2,black,opening,Nc6,-36,-38,2,ok
5b7ff7e2-8f43-11f1-961f-d9a78701000f,6,3,black,opening,Qf6,-32,-70,38,ok
5b7ff7e2-8f43-11f1-961f-d9a78701000f,8,4,black,opening,Bc5,-69,-72,3,ok
5b7ff7e2-8f43-11f1-961f-d9a78701000f,10,5,black,opening,a6,-77,-87,10,ok
5b7ff7e2-8f43-11f1-961f-d9a78701000f,12,6,black,opening,Qxc6,-98,-178,80,inaccuracy
5b7ff7e2-8f43-11f1-961f-d9a78701000f,14,7,black,opening,Qxe4,-152,-152,0,ok
5b7ff7e2-8f43-11f1-961f-d9a78701000f,16,8,black,opening,Qf5,-133,-128,0,ok
5b7ff7e2-8f43-11f1-961f-d9a78701000f,18,9,black,opening,Ne7,-30,-15,0,ok
5b7ff7e2-8f43-11f1-961f-d9a78701000f,20,10,black,opening,Qxf2+,126,-313,439,blunder
5b7ff7e2-8f43-11f1-961f-d9a78701000f,22,11,black,middlegame,d6,-314,-336,22,ok
5b7ff7e2-8f43-11f1-961f-d9a78701000f,24,12,black,middlegame,Bg4,-361,-354,0,ok
5b7ff7e2-8f43-11f1-961f-d9a78701000f,26,13,black,middlegame,Qf5,-282,-487,205,mistake
5b7ff7e2-8f43-11f1-961f-d9a78701000f,28,14,black,middlegame,Qxc5,-510,-509,0,ok
5b7ff7e2-8f43-11f1-961f-d9a78701000f,30,15,black,middlegame,Qc6,-471,-602,131,mistake
5b7ff7e2-8f43-11f1-961f-d9a78701000f,32,16,black,middlegame,Kxe7,-519,-531,12,ok
5b7ff7e2-8f43-11f1-961f-d9a78701000f,34,17,black,middlegame,Kf8,-553,-550,0,ok
5b7ff7e2-8f43-11f1-961f-d9a78701000f,36,18,black,middlegame,Re8,-555,-564,9,ok
5b7ff7e2-8f43-11f1-961f-d9a78701000f,38,19,black,middlegame,Re1+,-465,-475,10,ok
5b7ff7e2-8f43-11f1-961f-d9a78701000f,40,20,black,middlegame,Rd1,-501,-790,289,mistake
ec8d4a60-8f3f-11f1-87f1-304b1e01000f,1,1,white,opening,e4,38,38,0,ok
ec8d4a60-8f3f-11f1-87f1-304b1e01000f,3,2,white,opening,Nf3,73,-105,178,mistake
ec8d4a60-8f3f-11f1-87f1-304b1e01000f,5,3,white,opening,Ng5,-96,-92,0,ok
ec8d4a60-8f3f-11f1-87f1-304b1e01000f,7,4,white,opening,Nc3,-87,-94,7,ok
ec8d4a60-8f3f-11f1-87f1-304b1e01000f,9,5,white,opening,fxe3,19,24,0,ok
ec8d4a60-8f3f-11f1-87f1-304b1e01000f,11,6,white,opening,Bc4,43,-9,52,inaccuracy
ec8d4a60-8f3f-11f1-87f1-304b1e01000f,13,7,white,opening,e4,44,-143,187,mistake
ec8d4a60-8f3f-11f1-87f1-304b1e01000f,15,8,white,opening,Be2,-36,-29,0,ok
ec8d4a60-8f3f-11f1-87f1-304b1e01000f,17,9,white,opening,Qxe2,17,24,0,ok
ec8d4a60-8f3f-11f1-87f1-304b1e01000f,19,10,white,opening,Qb5+,67,-52,119,mistake
ec8d4a60-8f3f-11f1-87f1-304b1e01000f,21,11,white,opening,Qxb7,-47,-109,62,inaccuracy
ec8d4a60-8f3f-11f1-87f1-304b1e01000f,23,12,white,middlegame,Qxc6+,396,419,0,ok
ec8d4a60-8f3f-11f1-87f1-304b1e01000f,25,13,white,middlegame,e5,504,503,1,ok
ec8d4a60-8f3f-11f1-87f1-304b1e01000f,27,14,white,middlegame,exf6+,588,497,91,inaccuracy
ec8d4a60-8f3f-11f1-87f1-304b1e01000f,29,15,white,middlegame,O-O+,1032,523,509,blunder
ec8d4a60-8f3f-11f1-87f1-304b1e01000f,31,16,white,middlegame,Ne4+,514,440,74,inaccuracy
ec8d4a60-8f3f-11f1-87f1-304b1e01000f,33,17,white,middlegame,Qc4,438,449,0,ok
ec8d4a60-8f3f-11f1-87f1-304b1e01000f,35,18,white,middlegame,Ng3,469,438,31,ok
ec8d4a60-8f3f-11f1-87f1-304b1e01000f,37,19,white,middlegame,Qe4+,448,383,65,inaccuracy
ec8d4a60-8f3f-11f1-87f1-304b1e01000f,39,20,white,middlegame,Qf3,384,385,0,ok
ec8d4a60-8f3f-11f1-87f1-304b1e01000f,41,21,white,middlegame,d3,415,406,9,ok
ec8d4a60-8f3f-11f1-87f1-304b1e01000f,43,22,white,middlegame,Kh1,408,413,0,ok
ec8d4a60-8f3f-11f1-87f1-304b1e01000f,45,23,white,middlegame,Qc6,414,424,0,ok
ec8d4a60-8f3f-11f1-87f1-304b1e01000f,47,24,white,middlegame,Qxe6,424,377,47,ok
ec8d4a60-8f3f-11f1-87f1-304b1e01000f,49,25,white,middlegame,Qd5,423,415,8,ok
ec8d4a60-8f3f-11f1-87f1-304b1e01000f,51,26,white,middlegame,Nh5,476,455,21,ok
ec8d4a60-8f3f-11f1-87f1-304b1e01000f,53,27,white,middlegame,Rxf5,507,404,103,mistake
ec8d4a60-8f3f-11f1-87f1-304b1e01000f,55,28,white,middlegame,Qxf5+,525,553,0,ok
ec8d4a60-8f3f-11f1-87f1-304b1e01000f,57,29,white,middlegame,Qf7+,99998,99999,0,ok
ec8d4a60-8f3f-11f1-87f1-304b1e01000f,59,30,white,middlegame,Qg7#,99999,100000,0,ok
53b09617-81a3-11f1-8fde-57c07501000f,1,1,white,opening,e4,35,34,1,ok
53b09617-81a3-11f1-8fde-57c07501000f,3,2,white,opening,Nf3,39,35,4,ok
53b09617-81a3-11f1-8fde-57c07501000f,5,3,white,opening,Nc3,37,19,18,ok
53b09617-81a3-11f1-8fde-57c07501000f,7,4,white,opening,Nxe5,82,74,8,ok
53b09617-81a3-11f1-8fde-57c07501000f,9,5,white,opening,Kxf2,107,103,4,ok
53b09617-81a3-11f1-8fde-57c07501000f,11,6,white,opening,d4,109,103,6,ok
53b09617-81a3-11f1-8fde-57c07501000f,13,7,white,opening,Kg1,191,189,2,ok
53b09617-81a3-11f1-8fde-57c07501000f,15,8,white,opening,e5,204,195,9,ok
53b09617-81a3-11f1-8fde-57c07501000f,17,9,white,opening,Bd3,339,342,0,ok
53b09617-81a3-11f1-8fde-57c07501000f,19,10,white,opening,Be4,338,218,120,mistake
53b09617-81a3-11f1-8fde-57c07501000f,21,11,white,opening,Bxd5,307,182,125,mistake
53b09617-81a3-11f1-8fde-57c07501000f,23,12,white,middlegame,Be3,181,199,0,ok
53b09617-81a3-11f1-8fde-57c07501000f,25,13,white,middlegame,Be4,267,260,7,ok
53b09617-81a3-11f1-8fde-57c07501000f,27,14,white,middlegame,Qh5,264,206,58,inaccuracy
53b09617-81a3-11f1-8fde-57c07501000f,29,15,white,middlegame,Qxh7#,99999,100000,0,ok
ec3634c2-7cbb-11f1-aa4a-926a5501000f,1,1,white,opening,e4,31,36,0,ok
ec3634c2-7cbb-11f1-aa4a-926a5501000f,3,2,white,opening,Nf3,54,44,10,ok
ec3634c2-7cbb-11f1-aa4a-926a5501000f,5,3,white,opening,Nc3,44,42,2,ok
ec3634c2-7cbb-11f1-aa4a-926a5501000f,7,4,white,opening,d4,72,70,2,ok
ec3634c2-7cbb-11f1-aa4a-926a5501000f,9,5,white,opening,e5,73,16,57,inaccuracy
ec3634c2-7cbb-11f1-aa4a-926a5501000f,11,6,white,opening,Nxe5,15,18,0,ok
ec3634c2-7cbb-11f1-aa4a-926a5501000f,13,7,white,opening,Bf4,47,6,41,ok
ec3634c2-7cbb-11f1-aa4a-926a5501000f,15,8,white,opening,Nxd7,7,-17,24,ok
ec3634c2-7cbb-11f1-aa4a-926a5501000f,17,9,white,opening,Bc4,-17,-20,3,ok
ec3634c2-7cbb-11f1-aa4a-926a5501000f,19,10,white,opening,Qf3,-15,-116,101,mistake
ec3634c2-7cbb-11f1-aa4a-926a5501000f,21,11,white,opening,Qe3,-101,-105,4,ok
ec3634c2-7cbb-11f1-aa4a-926a5501000f,23,12,white,middlegame,f3,-21,-31,10,ok
ec3634c2-7cbb-11f1-aa4a-926a5501000f,25,13,white,middlegame,O-O-O,-41,-37,0,ok
ec3634c2-7cbb-11f1-aa4a-926a5501000f,27,14,white,middlegame,Bg5,17,-115,132,mistake
ec3634c2-7cbb-11f1-aa4a-926a5501000f,29,15,white,middlegame,Bxf6,-124,-175,51,inaccuracy
ec3634c2-7cbb-11f1-aa4a-926a5501000f,31,16,white,middlegame,Bd3,-158,-168,10,ok
ec3634c2-7cbb-11f1-aa4a-926a5501000f,33,17,white,middlegame,Qxd3,-154,-175,21,ok
ec3634c2-7cbb-11f1-aa4a-926a5501000f,35,18,white,middlegame,Rhe1,-161,-186,25,ok
ec3634c2-7cbb-11f1-aa4a-926a5501000f,37,19,white,middlegame,Rxe8+,-162,-171,9,ok
ec3634c2-7cbb-11f1-aa4a-926a5501000f,39,20,white,middlegame,d5,-177,-256,79,inaccuracy
ec3634c2-7cbb-11f1-aa4a-926a5501000f,41,21,white,middlegame,Na4,-279,-251,0,ok
ec3634c2-7cbb-11f1-aa4a-926a5501000f,43,22,white,middlegame,Qxd5,-151,-120,0,ok
ec3634c2-7cbb-11f1-aa4a-926a5501000f,45,23,white,endgame,Rxd5,-129,-184,55,inaccuracy
ec3634c2-7cbb-11f1-aa4a-926a5501000f,47,24,white,endgame,g4,50,-17,67,inaccuracy
ec3634c2-7cbb-11f1-aa4a-926a5501000f,49,25,white,endgame,h4,52,29,23,ok
ec3634c2-7cbb-11f1-aa4a-926a5501000f,51,26,white,endgame,h5,29,-21,50,inaccuracy
ec3634c2-7cbb-11f1-aa4a-926a5501000f,53,27,white,endgame,Nb6,107,19,88,inaccuracy
ec3634c2-7cbb-11f1-aa4a-926a5501000f,55,28,white,endgame,Nc4,125,115,10,ok
ec3634c2-7cbb-11f1-aa4a-926a5501000f,57,29,white,endgame,b3,122,0,122,mistake
ec3634c2-7cbb-11f1-aa4a-926a5501000f,59,30,white,endgame,axb3,0,-15,15,ok
ec3634c2-7cbb-11f1-aa4a-926a5501000f,61,31,white,endgame,Kd2,0,0,0,ok
ec3634c2-7cbb-11f1-aa4a-926a5501000f,63,32,white,endgame,Ke2,0,0,0,ok
ec3634c2-7cbb-11f1-aa4a-926a5501000f,65,33,white,endgame,Kd3,0,0,0,ok
ec3634c2-7cbb-11f1-aa4a-926a5501000f,67,34,white,endgame,Ke2,0,-613,613,blunder
ec3634c2-7cbb-11f1-aa4a-926a5501000f,69,35,white,endgame,Nb6,-589,-643,54,inaccuracy
ec3634c2-7cbb-11f1-aa4a-926a5501000f,71,36,white,endgame,Nc8,-666,-685,19,ok
ec3634c2-7cbb-11f1-aa4a-926a5501000f,73,37,white,endgame,Ne7+,-596,-644,48,ok
ec3634c2-7cbb-11f1-aa4a-926a5501000f,75,38,white,endgame,Nc6,-666,-682,16,ok
ec3634c2-7cbb-11f1-aa4a-926a5501000f,77,39,white,endgame,Nxb4,-548,-578,30,ok
ec3634c2-7cbb-11f1-aa4a-926a5501000f,79,40,white,endgame,Nd5,-515,-574,59,inaccuracy
ec3634c2-7cbb-11f1-aa4a-926a5501000f,81,41,white,endgame,Kd3,-387,-417,30,ok
ec3634c2-7cbb-11f1-aa4a-926a5501000f,83,42,white,endgame,c4,-424,-458,34,ok
ec3634c2-7cbb-11f1-aa4a-926a5501000f,85,43,white,endgame,Ke4,-476,-495,19,ok
ec3634c2-7cbb-11f1-aa4a-926a5501000f,87,44,white,endgame,c5,-528,-564,36,ok
ec3634c2-7cbb-11f1-aa4a-926a5501000f,89,45,white,endgame,c6,-614,-633,19,ok
ec3634c2-7cbb-11f1-aa4a-926a5501000f,91,46,white,endgame,Ke5,-547,-637,90,inaccuracy
ec3634c2-7cbb-11f1-aa4a-926a5501000f,93,47,white,endgame,Kd6,-643,-637,0,ok
ec3634c2-7cbb-11f1-aa4a-926a5501000f,95,48,white,endgame,Kd7,-655,-735,80,inaccuracy
ec3634c2-7cbb-11f1-aa4a-926a5501000f,97,49,white,endgame,c7,-746,-788,42,ok
ec3634c2-7cbb-11f1-aa4a-926a5501000f,99,50,white,endgame,Kxc7,-801,-891,90,inaccuracy
ec3634c2-7cbb-11f1-aa4a-926a5501000f,101,51,white,endgame,Kc6,-897,-942,45,ok
ec3634c2-7cbb-11f1-aa4a-926a5501000f,103,52,white,endgame,Kc5,-1001,-1173,172,mistake
ec3634c2-7cbb-11f1-aa4a-926a5501000f,105,53,white,endgame,Kd4,-1209,-1406,197,mistake
ec3634c2-7cbb-11f1-aa4a-926a5501000f,107,54,white,endgame,Ke4,-1025,-1003,0,ok
ec3634c2-7cbb-11f1-aa4a-926a5501000f,109,55,white,endgame,Ke3,-1552,-1416,0,ok
ec3634c2-7cbb-11f1-aa4a-926a5501000f,111,56,white,endgame,Ke4,-1573,-1317,0,ok
ec3634c2-7cbb-11f1-aa4a-926a5501000f,113,57,white,endgame,Ke3,-1547,-99972,98425,blunder
ec3634c2-7cbb-11f1-aa4a-926a5501000f,115,58,white,endgame,Kd2,-1121,-1403,282,mistake
ec3634c2-7cbb-11f1-aa4a-926a5501000f,117,59,white,endgame,Ke3,-99989,-99991,2,ok
ec3634c2-7cbb-11f1-aa4a-926a5501000f,119,60,white,endgame,Kf2,-99987,-99990,3,ok
ec3634c2-7cbb-11f1-aa4a-926a5501000f,121,61,white,endgame,Kg1,-99989,-99998,9,ok
ec3634c2-7cbb-11f1-aa4a-926a5501000f,123,62,white,endgame,Kf1,-99999,-99999,0,ok
ec3634c2-7cbb-11f1-aa4a-926a5501000f,125,63,white,endgame,Ke1,-99998,-99998,0,ok
ec3634c2-7cbb-11f1-aa4a-926a5501000f,127,64,white,endgame,Kd2,-99992,-99993,1,ok
ec3634c2-7cbb-11f1-aa4a-926a5501000f,129,65,white,endgame,Ke3,-99995,-99995,0,ok
ec3634c2-7cbb-11f1-aa4a-926a5501000f,131,66,white,middlegame,Ke4,-99996,-99998,2,ok
ec3634c2-7cbb-11f1-aa4a-926a5501000f,133,67,white,middlegame,Kd3,-99996,-99996,0,ok
ec3634c2-7cbb-11f1-aa4a-926a5501000f,135,68,white,middlegame,Ke2,-99996,-99998,2,ok
ec3634c2-7cbb-11f1-aa4a-926a5501000f,137,69,white,middlegame,Kf3,-99997,-99997,0,ok
ec3634c2-7cbb-11f1-aa4a-926a5501000f,139,70,white,middlegame,Kxg3,-99997,-99998,1,ok
ec3634c2-7cbb-11f1-aa4a-926a5501000f,141,71,white,middlegame,Kh3,-99998,-99998,0,ok
ec3634c2-7cbb-11f1-aa4a-926a5501000f,143,72,white,middlegame,Kg2,-99998,-99998,0,ok
ec3634c2-7cbb-11f1-aa4a-926a5501000f,145,73,white,middlegame,Kh1,-99999,-99999,0,ok
ab880e85-7ad1-11f1-9299-ae4c4701000f,2,1,black,opening,d5,-30,-34,4,ok
ab880e85-7ad1-11f1-9299-ae4c4701000f,4,2,black,opening,Nc6,-11,-47,36,ok
ab880e85-7ad1-11f1-9299-ae4c4701000f,6,3,black,opening,Nf6,-51,-48,0,ok
ab880e85-7ad1-11f1-9299-ae4c4701000f,8,4,black,opening,e6,-18,-25,7,ok
ab880e85-7ad1-11f1-9299-ae4c4701000f,10,5,black,opening,Bd6,0,12,0,ok
ab880e85-7ad1-11f1-9299-ae4c4701000f,12,6,black,opening,Bxf4,73,-10,83,inaccuracy
ab880e85-7ad1-11f1-9299-ae4c4701000f,14,7,black,opening,Bd7,-10,-22,12,ok
ab880e85-7ad1-11f1-9299-ae4c4701000f,16,8,black,opening,Nb4,-23,-19,0,ok
ab880e85-7ad1-11f1-9299-ae4c4701000f,18,9,black,opening,Qxd7,6,1,5,ok
ab880e85-7ad1-11f1-9299-ae4c4701000f,20,10,black,opening,Ne4,0,-6,6,ok
ab880e85-7ad1-11f1-9299-ae4c4701000f,22,11,black,middlegame,Nxc3,173,161,12,ok
ab880e85-7ad1-11f1-9299-ae4c4701000f,24,12,black,middlegame,Na2+,176,-255,431,blunder
ab880e85-7ad1-11f1-9299-ae4c4701000f,26,13,black,middlegame,O-O,-268,-245,0,ok
ab880e85-7ad1-11f1-9299-ae4c4701000f,28,14,black,middlegame,Qc6,284,329,0,ok
ab880e85-7ad1-11f1-9299-ae4c4701000f,30,15,black,middlegame,Qxc4,352,350,2,ok
ab880e85-7ad1-11f1-9299-ae4c4701000f,32,16,black,middlegame,Qc3+,467,493,0,ok
ab880e85-7ad1-11f1-9299-ae4c4701000f,34,17,black,middlegame,Qxc2+,496,507,0,ok
ab880e85-7ad1-11f1-9299-ae4c4701000f,36,18,black,middlegame,Nc3,519,516,3,ok
ab880e85-7ad1-11f1-9299-ae4c4701000f,38,19,black,middlegame,Qc1+,99998,99999,0,ok
ab880e85-7ad1-11f1-9299-ae4c4701000f,40,20,black,middlegame,Qxd1#,99999,100000,0,ok
48a9c913-7935-11f1-b925-5503c201000f,2,1,black,opening,e5,-38,-30,0,ok
48a9c913-7935-11f1-b925-5503c201000f,4,2,black,opening,Nf6,20,12,8,ok
48a9c913-7935-11f1-b925-5503c201000f,6,3,black,opening,d5,16,-14,30,ok
48a9c913-7935-11f1-b925-5503c201000f,8,4,black,opening,Qxd5,-16,-4,0,ok
48a9c913-7935-11f1-b925-5503c201000f,10,5,black,opening,Qa5,-6,-38,32,ok
48a9c913-7935-11f1-b925-5503c201000f,12,6,black,opening,Bg4,-41,-72,31,ok
48a9c913-7935-11f1-b925-5503c201000f,14,7,black,opening,Nc6,-66,-84,18,ok
c9ba6729-784c-11f1-83f4-3e3e9801000f,1,1,white,opening,e4,32,33,0,ok
c9ba6729-784c-11f1-83f4-3e3e9801000f,3,2,white,opening,Nf3,41,35,6,ok
c9ba6729-784c-11f1-83f4-3e3e9801000f,5,3,white,opening,Nc3,39,17,22,ok
c9ba6729-784c-11f1-83f4-3e3e9801000f,7,4,white,opening,Bb5,9,1,8,ok
c9ba6729-784c-11f1-83f4-3e3e9801000f,9,5,white,opening,Bxc6,14,-3,17,ok
c9ba6729-784c-11f1-83f4-3e3e9801000f,11,6,white,opening,dxc3,47,-4,51,inaccuracy
c9ba6729-784c-11f1-83f4-3e3e9801000f,13,7,white,opening,Nxe5,0,-1,1,ok
c9ba6729-784c-11f1-83f4-3e3e9801000f,15,8,white,opening,Bg5,57,-67,124,mistake
c9ba6729-784c-11f1-83f4-3e3e9801000f,17,9,white,opening,Qd4,-64,-121,57,inaccuracy
c9ba6729-784c-11f1-83f4-3e3e9801000f,19,10,white,opening,Bxf6,-11,-1,0,ok
c9ba6729-784c-11f1-83f4-3e3e9801000f,21,11,white,opening,f4,1,-487,488,blunder
c9ba6729-784c-11f1-83f4-3e3e9801000f,23,12,white,middlegame,Nxd7,-486,-899,413,blunder
c9ba6729-784c-11f1-83f4-3e3e9801000f,25,13,white,middlegame,Qxe4,-1004,-1105,101,mistake
c9ba6729-784c-11f1-83f4-3e3e9801000f,27,14,white,middlegame,Kd2,-99990,-99990,0,ok
c9ba6729-784c-11f1-83f4-3e3e9801000f,29,15,white,middlegame,Kd3,-1106,-99991,98885,blunder
c9ba6729-784c-11f1-83f4-3e3e9801000f,31,16,white,middlegame,Rhg1,-99992,-99994,2,ok
c9ba6729-784c-11f1-83f4-3e3e9801000f,33,17,white,middlegame,Kc4,-99995,-99996,1,ok
c9ba6729-784c-11f1-83f4-3e3e9801000f,35,18,white,middlegame,Kb4,-99997,-99997,0,ok
c9ba6729-784c-11f1-83f4-3e3e9801000f,37,19,white,middlegame,Ka3,-99998,-99999,1,ok
5ff06715-77e6-11f1-93ed-401bd101000f,2,1,black,opening,e5,-33,-34,1,ok
5ff06715-77e6-11f1-93ed-401bd101000f,4,2,black,opening,Nf6,19,-5,24,ok
5ff06715-77e6-11f1-93ed-401bd101000f,6,3,black,opening,Nc6,40,24,16,ok
5ff06715-77e6-11f1-93ed-401bd101000f,8,4,black,opening,Bd6,39,-20,59,inaccuracy
5ff06715-77e6-11f1-93ed-401bd101000f,10,5,black,opening,O-O,6,-20,26,ok
5ff06715-77e6-11f1-93ed-401bd101000f,12,6,black,opening,Bc5,-3,-52,49,ok
5ff06715-77e6-11f1-93ed-401bd101000f,14,7,black,opening,d5,25,6,19,ok
5ff06715-77e6-11f1-93ed-401bd101000f,16,8,black,opening,Qxd5,8,6,2,ok
5ff06715-77e6-11f1-93ed-401bd101000f,18,9,black,opening,e4,20,-11,31,ok
5ff06715-77e6-11f1-93ed-401bd101000f,20,10,black,opening,Qxe4,-12,-61,49,ok
5ff06715-77e6-11f1-93ed-401bd101000f,22,11,black,middlegame,Qf4,31,-125,156,mistake
5ff06715-77e6-11f1-93ed-401bd101000f,24,12,black,middlegame,Qf5,-56,-78,22,ok
5ff06715-77e6-11f1-93ed-401bd101000f,26,13,black,middlegame,Bxe3,-18,-32,14,ok
5ff06715-77e6-11f1-93ed-401bd101000f,28,14,black,middlegame,Qf4,-34,-38,4,ok
5ff06715-77e6-11f1-93ed-401bd101000f,30,15,black,middlegame,Nxd5,-12,-15,3,ok
5ff06715-77e6-11f1-93ed-401bd101000f,32,16,black,middlegame,Be6,-11,-11,0,ok
5ff06715-77e6-11f1-93ed-401bd101000f,34,17,black,middlegame,Rad8,13,0,13,ok
5ff06715-77e6-11f1-93ed-401bd101000f,36,18,black,middlegame,Ne5,18,10,8,ok
5ff06715-77e6-11f1-93ed-401bd101000f,38,19,black,middlegame,Qxe5,9,8,1,ok
5ff06715-77e6-11f1-93ed-401bd101000f,40,20,black,middlegame,Rd6,14,-23,37,ok
5ff06715-77e6-11f1-93ed-401bd101000f,42,21,black,middlegame,Qf4,-15,-12,0,ok
5ff06715-77e6-11f1-93ed-401bd101000f,44,22,black,middlegame,Rfd8,130,-91,221,mistake
5ff06715-77e6-11f1-93ed-401bd101000f,46,23,black,middlegame,Bxh3,45,-147,192,mistake
5ff06715-77e6-11f1-93ed-401bd101000f,48,24,black,middlegame,Qg5+,299,-394,693,blunder
5ff06715-77e6-11f1-93ed-401bd101000f,50,25,black,middlegame,Rg6,-423,-455,32,ok
5ff06715-77e6-11f1-93ed-401bd101000f,52,26,black,middlegame,h6,-458,-467,9,ok
5ff06715-77e6-11f1-93ed-401bd101000f,54,27,black,middlegame,Rd2,-390,-443,53,inaccuracy
5ff06715-77e6-11f1-93ed-401bd101000f,56,28,black,middlegame,Re6,-307,-433,126,mistake
5ff06715-77e6-11f1-93ed-401bd101000f,58,29,black,middlegame,Rf6,-430,-437,7,ok
5ff06715-77e6-11f1-93ed-401bd101000f,60,30,black,middlegame,hxg5,-447,-452,5,ok
5ff06715-77e6-11f1-93ed-401bd101000f,62,31,black,endgame,Rdxf2,-422,-424,2,ok
5ff06715-77e6-11f1-93ed-401bd101000f,64,32,black,endgame,Rxf2,-423,-400,0,ok
5ff06715-77e6-11f1-93ed-401bd101000f,66,33,black,endgame,Rf4,-397,-410,13,ok
5ff06715-77e6-11f1-93ed-401bd101000f,68,34,black,endgame,Kh7,-367,-369,2,ok
5ff06715-77e6-11f1-93ed-401bd101000f,70,35,black,endgame,Kg6,-383,-384,1,ok
5ff06715-77e6-11f1-93ed-401bd101000f,72,36,black,endgame,Kf5,-420,-477,57,inaccuracy
5ff06715-77e6-11f1-93ed-401bd101000f,74,37,black,endgame,Ke5,-401,-427,26,ok
5ff06715-77e6-11f1-93ed-401bd101000f,76,38,black,endgame,g4,-384,-403,19,ok
5ff06715-77e6-11f1-93ed-401bd101000f,78,39,black,endgame,Rxg4,-398,-400,2,ok
5ff06715-77e6-11f1-93ed-401bd101000f,80,40,black,endgame,Kd4,-393,-429,36,ok
5ff06715-77e6-11f1-93ed-401bd101000f,82,41,black,endgame,Rh4+,-433,-446,13,ok
5ff06715-77e6-11f1-93ed-401bd101000f,84,42,black,endgame,Rg4+,-452,-466,14,ok
5ff06715-77e6-11f1-93ed-401bd101000f,86,43,black,endgame,Rf4,-468,-510,42,ok
5ff06715-77e6-11f1-93ed-401bd101000f,88,44,black,endgame,Kc5,52,-423,475,blunder
5ff06715-77e6-11f1-93ed-401bd101000f,90,45,black,endgame,Rf6,-441,-443,2,ok
5ff06715-77e6-11f1-93ed-401bd101000f,92,46,black,endgame,g6,-441,-456,15,ok
5ff06715-77e6-11f1-93ed-401bd101000f,94,47,black,endgame,Rd6,-468,-482,14,ok
5ff06715-77e6-11f1-93ed-401bd101000f,96,48,black,endgame,Kb4,-473,-498,25,ok
5ff06715-77e6-11f1-93ed-401bd101000f,98,49,black,endgame,Kc5,-491,-500,9,ok
5ff06715-77e6-11f1-93ed-401bd101000f,100,50,black,endgame,Kb6,-461,-522,61,inaccuracy
5ff06715-77e6-11f1-93ed-401bd101000f,102,51,black,endgame,Rxg6+,-801,-1007,206,mistake
5ff06715-77e6-11f1-93ed-401bd101000f,104,52,black,endgame,c5,-1151,-1222,71,inaccuracy
5ff06715-77e6-11f1-93ed-401bd101000f,106,53,black,endgame,Kc7,-1369,-1507,138,mistake
5ff06715-77e6-11f1-93ed-401bd101000f,108,54,black,endgame,Kb6,-1657,-1656,0,ok
5ff06715-77e6-11f1-93ed-401bd101000f,110,55,black,endgame,Ka5,-1374,-1599,225,mistake
5ff06715-77e6-11f1-93ed-401bd101000f,112,56,black,endgame,Ka4,-99987,-1332,0,ok
5ff06715-77e6-11f1-93ed-401bd101000f,114,57,black,endgame,Ka5,-99988,-99987,0,ok
5ff06715-77e6-11f1-93ed-401bd101000f,116,58,black,endgame,Kb4,-1457,-1269,0,ok
5ff06715-77e6-11f1-93ed-401bd101000f,118,59,black,endgame,Kc5,-1451,-99988,98537,blunder
5ff06715-77e6-11f1-93ed-401bd101000f,120,60,black,endgame,Kd6,-1318,-99989,98671,blunder
5ff06715-77e6-11f1-93ed-401bd101000f,122,61,black,endgame,Kd7,-99990,-99990,0,ok
5ff06715-77e6-11f1-93ed-401bd101000f,124,62,black,endgame,Kd6,-99990,-99990,0,ok
5ff06715-77e6-11f1-93ed-401bd101000f,126,63,black,endgame,Kc5,-99990,-99990,0,ok
5ff06715-77e6-11f1-93ed-401bd101000f,128,64,black,endgame,Kb4,-99991,-99991,0,ok
5ff06715-77e6-11f1-93ed-401bd101000f,130,65,black,endgame,Ka4,-99991,-99991,0,ok
5ff06715-77e6-11f1-93ed-401bd101000f,132,66,black,endgame,Ka5,-99995,-99999,4,ok
5ff06715-77e6-11f1-93ed-401bd101000f,134,67,black,endgame,Ka4,-99995,-99995,0,ok
5ff06715-77e6-11f1-93ed-401bd101000f,136,68,black,endgame,Ka3,-99992,-99996,4,ok
5ff06715-77e6-11f1-93ed-401bd101000f,138,69,black,endgame,Ka2,-99995,-99997,2,ok
5ff06715-77e6-11f1-93ed-401bd101000f,140,70,black,endgame,Ka3,-99995,-99995,0,ok
5ff06715-77e6-11f1-93ed-401bd101000f,142,71,black,endgame,Ka4,-99996,-99998,2,ok
5ff06715-77e6-11f1-93ed-401bd101000f,144,72,black,endgame,Ka5,-99997,-99998,1,ok
5ff06715-77e6-11f1-93ed-401bd101000f,146,73,black,middlegame,Ka6,-99999,-99999,0,ok
4c8f882d-76e1-11f1-92b4-76ef4301000f,1,1,white,opening,e4,39,33,6,ok
4c8f882d-76e1-11f1-92b4-76ef4301000f,3,2,white,opening,Nf3,44,33,11,ok
4c8f882d-76e1-11f1-92b4-76ef4301000f,5,3,white,opening,exd5,32,22,10,ok
4c8f882d-76e1-11f1-92b4-76ef4301000f,7,4,white,opening,Nc3,19,-10,29,ok
4c8f882d-76e1-11f1-92b4-76ef4301000f,9,5,white,opening,d4,-2,0,0,ok
4c8f882d-76e1-11f1-92b4-76ef4301000f,11,6,white,opening,Bb5+,0,-35,35,ok
4c8f882d-76e1-11f1-92b4-76ef4301000f,13,7,white,opening,Qd3,-27,-57,30,ok
4c8f882d-76e1-11f1-92b4-76ef4301000f,15,8,white,opening,Ne5,-54,-83,29,ok
4c8f882d-76e1-11f1-92b4-76ef4301000f,17,9,white,opening,Ba4,385,-101,486,blunder
4c8f882d-76e1-11f1-92b4-76ef4301000f,19,10,white,opening,Qf3,-111,-238,127,mistake
4c8f882d-76e1-11f1-92b4-76ef4301000f,21,11,white,opening,Nxc6,-232,-304,72,inaccuracy
4c8f882d-76e1-11f1-92b4-76ef4301000f,23,12,white,middlegame,Bb3,-292,-321,29,ok
4c8f882d-76e1-11f1-92b4-76ef4301000f,25,13,white,middlegame,Qe3,-315,-316,1,ok
4c8f882d-76e1-11f1-92b4-76ef4301000f,27,14,white,middlegame,Bxc2,-332,-326,0,ok
4c8f882d-76e1-11f1-92b4-76ef4301000f,29,15,white,middlegame,O-O,-341,-334,0,ok
4c8f882d-76e1-11f1-92b4-76ef4301000f,31,16,white,middlegame,Qd2,-313,-353,40,ok
4c8f882d-76e1-11f1-92b4-76ef4301000f,33,17,white,middlegame,Re1,-359,-399,40,ok
4c8f882d-76e1-11f1-92b4-76ef4301000f,35,18,white,middlegame,a3,-385,-398,13,ok
4c8f882d-76e1-11f1-92b4-76ef4301000f,37,19,white,middlegame,b4,-366,-368,2,ok
4c8f882d-76e1-11f1-92b4-76ef4301000f,39,20,white,middlegame,Nxd5,-383,-392,9,ok
4c8f882d-76e1-11f1-92b4-76ef4301000f,41,21,white,middlegame,Nxb6,-95,-100,5,ok
4c8f882d-76e1-11f1-92b4-76ef4301000f,43,22,white,middlegame,Bb2,-100,-141,41,ok
4c8f882d-76e1-11f1-92b4-76ef4301000f,45,23,white,middlegame,Qd7,-86,-307,221,mistake
4c8f882d-76e1-11f1-92b4-76ef4301000f,47,24,white,middlegame,Qxe6+,-9,3,0,ok
4c8f882d-76e1-11f1-92b4-76ef4301000f,49,25,white,middlegame,Rxe6,-9,-12,3,ok
4c8f882d-76e1-11f1-92b4-76ef4301000f,51,26,white,endgame,Bc3,0,-11,11,ok
4c8f882d-76e1-11f1-92b4-76ef4301000f,53,27,white,endgame,Rc1,0,-445,445,blunder
4c8f882d-76e1-11f1-92b4-76ef4301000f,55,28,white,endgame,h3,-10,-34,24,ok
4c8f882d-76e1-11f1-92b4-76ef4301000f,57,29,white,endgame,Bb2,-27,-425,398,blunder
4c8f882d-76e1-11f1-92b4-76ef4301000f,59,30,white,endgame,Bxc1,-417,-418,1,ok
4c8f882d-76e1-11f1-92b4-76ef4301000f,61,31,white,endgame,Kh2,-418,-417,0,ok
4c8f882d-76e1-11f1-92b4-76ef4301000f,63,32,white,endgame,Rxa6,-413,-414,1,ok
4c8f882d-76e1-11f1-92b4-76ef4301000f,65,33,white,endgame,Ra5,-384,-411,27,ok
4c8f882d-76e1-11f1-92b4-76ef4301000f,67,34,white,endgame,Kg3,-432,-412,0,ok
4c8f882d-76e1-11f1-92b4-76ef4301000f,69,35,white,endgame,Kf4,-377,-412,35,ok
4c8f882d-76e1-11f1-92b4-76ef4301000f,71,36,white,endgame,Kg4,-401,-425,24,ok
4c8f882d-76e1-11f1-92b4-76ef4301000f,73,37,white,endgame,Kf5,-386,-401,15,ok
4c8f882d-76e1-11f1-92b4-76ef4301000f,75,38,white,endgame,Ke4,-296,-429,133,mistake
4c8f882d-76e1-11f1-92b4-76ef4301000f,77,39,white,endgame,Kd4,-367,-437,70,inaccuracy
4c8f882d-76e1-11f1-92b4-76ef4301000f,79,40,white,endgame,a4,-412,-434,22,ok
4c8f882d-76e1-11f1-92b4-76ef4301000f,81,41,white,endgame,Rxa4,-446,-451,5,ok
4c8f882d-76e1-11f1-92b4-76ef4301000f,83,42,white,endgame,Ke3,-349,-433,84,inaccuracy
4c8f882d-76e1-11f1-92b4-76ef4301000f,85,43,white,endgame,g3,-433,-433,0,ok
4c8f882d-76e1-11f1-92b4-76ef4301000f,87,44,white,endgame,h4,-440,-439,0,ok
4c8f882d-76e1-11f1-92b4-76ef4301000f,89,45,white,endgame,Kf4,-414,-470,56,inaccuracy
4c8f882d-76e1-11f1-92b4-76ef4301000f,91,46,white,endgame,f3,-414,-487,73,inaccuracy
4c8f882d-76e1-11f1-92b4-76ef4301000f,93,47,white,endgame,Ke3,-514,-560,46,ok
4c8f882d-76e1-11f1-92b4-76ef4301000f,95,48,white,endgame,Kd4,-553,-576,23,ok
4c8f882d-76e1-11f1-92b4-76ef4301000f,97,49,white,endgame,b5,-553,-580,27,ok
4c8f882d-76e1-11f1-92b4-76ef4301000f,99,50,white,endgame,Ra5,-530,-604,74,inaccuracy
4c8f882d-76e1-11f1-92b4-76ef4301000f,101,51,white,endgame,b6,-616,-617,1,ok
4c8f882d-76e1-11f1-92b4-76ef4301000f,103,52,white,endgame,Ke4,-646,-650,4,ok
4c8f882d-76e1-11f1-92b4-76ef4301000f,105,53,white,endgame,Kf4,-667,-861,194,mistake
4c8f882d-76e1-11f1-92b4-76ef4301000f,107,54,white,endgame,Ra2,-727,-754,27,ok
4c8f882d-76e1-11f1-92b4-76ef4301000f,109,55,white,endgame,Ra1,-973,-99999,99026,blunder
4c8f882d-76e1-11f1-92b4-76ef4301000f,111,56,white,endgame,Rg1,-99997,-99999,2,ok
01bdccb0-70a0-11f1-a4a0-df540901000f,2,1,black,opening,e5,-32,-35,3,ok
01bdccb0-70a0-11f1-a4a0-df540901000f,4,2,black,opening,exf4,62,65,0,ok
01bdccb0-70a0-11f1-a4a0-df540901000f,6,3,black,opening,Nf6,60,44,16,ok
01bdccb0-70a0-11f1-a4a0-df540901000f,8,4,black,opening,Nxe4,107,108,0,ok
01bdccb0-70a0-11f1-a4a0-df540901000f,10,5,black,opening,Bc5+,166,5,161,mistake
01bdccb0-70a0-11f1-a4a0-df540901000f,12,6,black,opening,d5,177,160,17,ok
01bdccb0-70a0-11f1-a4a0-df540901000f,14,7,black,opening,Nf2+,166,-132,298,mistake
01bdccb0-70a0-11f1-a4a0-df540901000f,16,8,black,opening,Bxf2,-123,-130,7,ok
01bdccb0-70a0-11f1-a4a0-df540901000f,18,9,black,opening,Qe7,-125,-182,57,inaccuracy
01bdccb0-70a0-11f1-a4a0-df540901000f,20,10,black,opening,Bg4,-183,-236,53,inaccuracy
01bdccb0-70a0-11f1-a4a0-df540901000f,22,11,black,middlegame,Bxf3,-178,-181,3,ok
01bdccb0-70a0-11f1-a4a0-df540901000f,24,12,black,middlegame,Nc6,-186,-253,67,inaccuracy
01bdccb0-70a0-11f1-a4a0-df540901000f,26,13,black,middlegame,O-O-O,-229,-247,18,ok
01bdccb0-70a0-11f1-a4a0-df540901000f,28,14,black,middlegame,Rhe8,-156,-134,0,ok
01bdccb0-70a0-11f1-a4a0-df540901000f,30,15,black,middlegame,f5,-8,-219,211,mistake
01bdccb0-70a0-11f1-a4a0-df540901000f,32,16,black,middlegame,Kb8,-143,-135,0,ok
01bdccb0-70a0-11f1-a4a0-df540901000f,34,17,black,middlegame,Nd4,-163,-412,249,mistake
01bdccb0-70a0-11f1-a4a0-df540901000f,36,18,black,middlegame,Qd6,-412,-441,29,ok
01bdccb0-70a0-11f1-a4a0-df540901000f,38,19,black,middlegame,Re6,-432,-465,33,ok
01bdccb0-70a0-11f1-a4a0-df540901000f,40,20,black,middlegame,g6,-461,-473,12,ok
01bdccb0-70a0-11f1-a4a0-df540901000f,42,21,black,middlegame,Nf5,-480,-488,8,ok
01bdccb0-70a0-11f1-a4a0-df540901000f,44,22,black,middlegame,Ka8,-447,-525,78,inaccuracy
01bdccb0-70a0-11f1-a4a0-df540901000f,46,23,black,middlegame,Qd7,-484,-478,0,ok
01bdccb0-70a0-11f1-a4a0-df540901000f,48,24,black,middlegame,cxb6,-324,-347,23,ok
01bdccb0-70a0-11f1-a4a0-df540901000f,50,25,black,middlegame,Rxb6,-353,-345,0,ok
01bdccb0-70a0-11f1-a4a0-df540901000f,52,26,black,middlegame,Nd4,-344,-745,401,blunder
01bdccb0-70a0-11f1-a4a0-df540901000f,54,27,black,middlegame,Kb8,-396,-396,0,ok
01bdccb0-70a0-11f1-a4a0-df540901000f,56,28,black,middlegame,Ne2,-360,-422,62,inaccuracy
01bdccb0-70a0-11f1-a4a0-df540901000f,58,29,black,middlegame,Nf4,-396,-399,3,ok
01bdccb0-70a0-11f1-a4a0-df540901000f,60,30,black,middlegame,Qd6,-398,-413,15,ok
01bdccb0-70a0-11f1-a4a0-df540901000f,62,31,black,middlegame,Rxd6,-430,-415,0,ok
01bdccb0-70a0-11f1-a4a0-df540901000f,64,32,black,endgame,Nxd3,-133,-129,0,ok
01bdccb0-70a0-11f1-a4a0-df540901000f,66,33,black,endgame,Rxd3,-102,-106,4,ok
01bdccb0-70a0-11f1-a4a0-df540901000f,68,34,black,endgame,Kc7,-89,-269,180,mistake
01bdccb0-70a0-11f1-a4a0-df540901000f,70,35,black,endgame,Kb6,-115,-167,52,inaccuracy
01bdccb0-70a0-11f1-a4a0-df540901000f,72,36,black,endgame,Kc5,-127,-294,167,mistake
01bdccb0-70a0-11f1-a4a0-df540901000f,74,37,black,endgame,Rd2+,-277,-291,14,ok
01bdccb0-70a0-11f1-a4a0-df540901000f,76,38,black,endgame,Rxa2,-310,-308,0,ok
01bdccb0-70a0-11f1-a4a0-df540901000f,78,39,black,endgame,Ra3,-304,-359,55,inaccuracy
01bdccb0-70a0-11f1-a4a0-df540901000f,80,40,black,endgame,Kc6,-384,-458,74,inaccuracy
01bdccb0-70a0-11f1-a4a0-df540901000f,82,41,black,endgame,Rxb3,-455,-454,0,ok
01bdccb0-70a0-11f1-a4a0-df540901000f,84,42,black,endgame,Kc5,-460,-484,24,ok
01bdccb0-70a0-11f1-a4a0-df540901000f,86,43,black,endgame,Kxc4,-463,-490,27,ok
01bdccb0-70a0-11f1-a4a0-df540901000f,88,44,black,endgame,Kd5,-482,-495,13,ok
01bdccb0-70a0-11f1-a4a0-df540901000f,90,45,black,endgame,Ke5,-498,-510,12,ok
01bdccb0-70a0-11f1-a4a0-df540901000f,92,46,black,endgame,Kf5,-453,-542,89,inaccuracy
01bdccb0-70a0-11f1-a4a0-df540901000f,94,47,black,endgame,Rb7,-426,-431,5,ok
01bdccb0-70a0-11f1-a4a0-df540901000f,96,48,black,endgame,Rb8,-44,-500,456,blunder
01bdccb0-70a0-11f1-a4a0-df540901000f,98,49,black,endgame,Rh8,-436,-428,0,ok
01bdccb0-70a0-11f1-a4a0-df540901000f,100,50,black,endgame,Kf6,-426,-426,0,ok
01bdccb0-70a0-11f1-a4a0-df540901000f,102,51,black,endgame,Rxh7,-1,0,0,ok
01bdccb0-70a0-11f1-a4a0-df540901000f,104,52,black,endgame,Rh1,0,0,0,ok
01bdccb0-70a0-11f1-a4a0-df540901000f,106,53,black,endgame,Kg6,0,0,0,ok
01bdccb0-70a0-11f1-a4a0-df540901000f,108,54,black,endgame,Rg1+,0,0,0,ok
01bdccb0-70a0-11f1-a4a0-df540901000f,110,55,black,endgame,Rf1+,0,0,0,ok
01bdccb0-70a0-11f1-a4a0-df540901000f,112,56,black,endgame,Rh1,0,0,0,ok
01bdccb0-70a0-11f1-a4a0-df540901000f,114,57,black,endgame,Kg7,0,0,0,ok
01bdccb0-70a0-11f1-a4a0-df540901000f,116,58,black,endgame,Rh3+,0,-21,21,ok
01bdccb0-70a0-11f1-a4a0-df540901000f,118,59,black,endgame,Rh4,-9,-23,14,ok
01bdccb0-70a0-11f1-a4a0-df540901000f,120,60,black,endgame,Kf7,-1,-12,11,ok
01bdccb0-70a0-11f1-a4a0-df540901000f,122,61,black,endgame,Rh5+,-7,-39,32,ok
01bdccb0-70a0-11f1-a4a0-df540901000f,124,62,black,endgame,Ke7,-19,-404,385,blunder
01bdccb0-70a0-11f1-a4a0-df540901000f,126,63,black,endgame,Kd8,-465,-433,0,ok
01bdccb0-70a0-11f1-a4a0-df540901000f,128,64,black,endgame,Ke8,-426,-99999,99573,blunder
01bdccb0-70a0-11f1-a4a0-df540901000f,130,65,black,endgame,Kd8,-1151,-1076,0,ok
01bdccb0-70a0-11f1-a4a0-df540901000f,132,66,black,endgame,Kc7,-478,-450,0,ok
01bdccb0-70a0-11f1-a4a0-df540901000f,134,67,black,endgame,Rh6+,-896,-967,71,inaccuracy
01bdccb0-70a0-11f1-a4a0-df540901000f,136,68,black,endgame,Kb7,-519,-1046,527,blunder
01bdccb0-70a0-11f1-a4a0-df540901000f,138,69,black,endgame,Kc7,-550,-996,446,blunder
01bdccb0-70a0-11f1-a4a0-df540901000f,140,70,black,middlegame,Rh7+,-99990,-99992,2,ok
01bdccb0-70a0-11f1-a4a0-df540901000f,142,71,black,middlegame,Rd7,-99991,-99996,5,ok
01bdccb0-70a0-11f1-a4a0-df540901000f,144,72,black,middlegame,Kc8,-99995,-99999,4,ok
e6fb13c3-6fd4-11f1-9775-01783e01000f,2,1,black,opening,e5,-29,-35,6,ok
e6fb13c3-6fd4-11f1-9775-01783e01000f,4,2,black,opening,Nf6,6,8,0,ok
e6fb13c3-6fd4-11f1-9775-01783e01000f,6,3,black,opening,Nc6,-1,-3,2,ok
e6fb13c3-6fd4-11f1-9775-01783e01000f,8,4,black,opening,Nxe4,50,56,0,ok
e6fb13c3-6fd4-11f1-9775-01783e01000f,10,5,black,opening,d5,60,58,2,ok
e6fb13c3-6fd4-11f1-9775-01783e01000f,12,6,black,opening,dxe4,208,205,3,ok
e6fb13c3-6fd4-11f1-9775-01783e01000f,14,7,black,opening,Bf5,214,220,0,ok
e6fb13c3-6fd4-11f1-9775-01783e01000f,16,8,black,opening,Bd6,281,201,80,inaccuracy
e6fb13c3-6fd4-11f1-9775-01783e01000f,18,9,black,opening,O-O,223,229,0,ok
e6fb13c3-6fd4-11f1-9775-01783e01000f,20,10,black,opening,Qf6,232,97,135,mistake
e6fb13c3-6fd4-11f1-9775-01783e01000f,22,11,black,middlegame,Bxe4,296,42,254,mistake
e6fb13c3-6fd4-11f1-9775-01783e01000f,24,12,black,middlegame,Nd4,39,41,0,ok
e6fb13c3-6fd4-11f1-9775-01783e01000f,26,13,black,middlegame,c6,85,69,16,ok
e6fb13c3-6fd4-11f1-9775-01783e01000f,28,14,black,middlegame,Bc5,78,8,70,inaccuracy
e6fb13c3-6fd4-11f1-9775-01783e01000f,30,15,black,middlegame,Nxb3,61,61,0,ok
e6fb13c3-6fd4-11f1-9775-01783e01000f,32,16,black,middlegame,Bxe3,49,43,6,ok
e6fb13c3-6fd4-11f1-9775-01783e01000f,34,17,black,middlegame,Qd6,66,56,10,ok
e6fb13c3-6fd4-11f1-9775-01783e01000f,36,18,black,middlegame,Rad8,73,77,0,ok
e6fb13c3-6fd4-11f1-9775-01783e01000f,38,19,black,middlegame,Qd5,83,12,71,inaccuracy
e6fb13c3-6fd4-11f1-9775-01783e01000f,40,20,black,middlegame,Rxd5,19,30,0,ok
e6fb13c3-6fd4-11f1-9775-01783e01000f,42,21,black,endgame,Rd4,29,9,20,ok
e6fb13c3-6fd4-11f1-9775-01783e01000f,44,22,black,endgame,f6,74,40,34,ok
e6fb13c3-6fd4-11f1-9775-01783e01000f,46,23,black,endgame,Rfd8,94,79,15,ok
e6fb13c3-6fd4-11f1-9775-01783e01000f,48,24,black,endgame,b5,282,0,282,mistake
e6fb13c3-6fd4-11f1-9775-01783e01000f,50,25,black,endgame,a5,0,18,0,ok
e6fb13c3-6fd4-11f1-9775-01783e01000f,52,26,black,endgame,Rc8,18,24,0,ok
e6fb13c3-6fd4-11f1-9775-01783e01000f,54,27,black,endgame,Kf7,36,-112,148,mistake
e6fb13c3-6fd4-11f1-9775-01783e01000f,56,28,black,endgame,Kg6,-117,-319,202,mistake
e6fb13c3-6fd4-11f1-9775-01783e01000f,58,29,black,endgame,Kf7,-175,-193,18,ok
e6fb13c3-6fd4-11f1-9775-01783e01000f,60,30,black,endgame,Ke6,-172,-398,226,mistake
e6fb13c3-6fd4-11f1-9775-01783e01000f,62,31,black,endgame,Rcd8,-409,-498,89,inaccuracy
e6fb13c3-6fd4-11f1-9775-01783e01000f,64,32,black,endgame,Ke5,-489,-540,51,inaccuracy
e6fb13c3-6fd4-11f1-9775-01783e01000f,66,33,black,endgame,Kf4,-536,-538,2,ok
e6fb13c3-6fd4-11f1-9775-01783e01000f,68,34,black,endgame,Kg4,-534,-99997,99463,blunder
864968b0-6e51-11f1-b375-f31baa01000f,1,1,white,opening,e4,31,30,1,ok
864968b0-6e51-11f1-b375-f31baa01000f,3,2,white,opening,Nf3,39,35,4,ok
864968b0-6e51-11f1-b375-f31baa01000f,5,3,white,opening,exd5,36,24,12,ok
864968b0-6e51-11f1-b375-f31baa01000f,7,4,white,opening,Nc3,24,-8,32,ok
864968b0-6e51-11f1-b375-f31baa01000f,9,5,white,opening,Bb5+,-1,-15,14,ok
864968b0-6e51-11f1-b375-f31baa01000f,11,6,white,opening,Bxc6+,-15,-39,24,ok
864968b0-6e51-11f1-b375-f31baa01000f,13,7,white,opening,d4,-34,-33,0,ok
864968b0-6e51-11f1-b375-f31baa01000f,15,8,white,opening,dxc5,115,141,0,ok
864968b0-6e51-11f1-b375-f31baa01000f,17,9,white,opening,Nxd5,178,166,12,ok
864968b0-6e51-11f1-b375-f31baa01000f,19,10,white,opening,O-O,153,88,65,inaccuracy
864968b0-6e51-11f1-b375-f31baa01000f,21,11,white,opening,c4,229,27,202,mistake
864968b0-6e51-11f1-b375-f31baa01000f,23,12,white,middlegame,Qa4+,32,-191,223,mistake
864968b0-6e51-11f1-b375-f31baa01000f,25,13,white,middlegame,Qd1,-196,-204,8,ok
864968b0-6e51-11f1-b375-f31baa01000f,27,14,white,middlegame,Qe1+,-139,-493,354,blunder
864968b0-6e51-11f1-b375-f31baa01000f,29,15,white,middlegame,Kxg2,-463,-467,4,ok
864968b0-6e51-11f1-b375-f31baa01000f,31,16,white,middlegame,Nxe7+,-471,-522,51,inaccuracy
864968b0-6e51-11f1-b375-f31baa01000f,33,17,white,middlegame,Be3,-453,-730,277,mistake
864968b0-6e51-11f1-b375-f31baa01000f,35,18,white,middlegame,fxe3,-517,-618,101,mistake
864968b0-6e51-11f1-b375-f31baa01000f,37,19,white,middlegame,Kh1,-496,-683,187,mistake
864968b0-6e51-11f1-b375-f31baa01000f,39,20,white,middlegame,Qf2,-534,-765,231,mistake
864968b0-6e51-11f1-b375-f31baa01000f,41,21,white,middlegame,Rae1,-516,-533,17,ok
864968b0-6e51-11f1-b375-f31baa01000f,43,22,white,middlegame,Rg1,-535,-641,106,mistake
864968b0-6e51-11f1-b375-f31baa01000f,45,23,white,middlegame,e4,-545,-706,161,mistake
864968b0-6e51-11f1-b375-f31baa01000f,47,24,white,middlegame,Rxe4,-723,-780,57,inaccuracy
864968b0-6e51-11f1-b375-f31baa01000f,49,25,white,middlegame,Rg2,-780,-786,6,ok
864968b0-6e51-11f1-b375-f31baa01000f,51,26,white,middlegame,Rg1,-785,-1149,364,blunder
864968b0-6e51-11f1-b375-f31baa01000f,53,27,white,middlegame,Qg2,-1098,-1040,0,ok
864968b0-6e51-11f1-b375-f31baa01000f,55,28,white,middlegame,Kxg2,-99987,-1111,0,ok
864968b0-6e51-11f1-b375-f31baa01000f,57,29,white,middlegame,Kh1,-950,-99990,99040,blunder
864968b0-6e51-11f1-b375-f31baa01000f,59,30,white,middlegame,h4,-862,-99997,99135,blunder
864968b0-6e51-11f1-b375-f31baa01000f,61,31,white,middlegame,Rxg7+,-99998,-99998,0,ok
864968b0-6e51-11f1-b375-f31baa01000f,63,32,white,middlegame,h5,-99999,-99999,0,ok
864968b0-6e51-11f1-b375-f31baa01000f,65,33,white,middlegame,Kg1,-99999,-99999,0,ok
e5ad31b6-6a65-11f1-a4a0-df540901000f,1,1,white,opening,e4,32,31,1,ok
e5ad31b6-6a65-11f1-a4a0-df540901000f,3,2,white,opening,Nf3,31,31,0,ok
e5ad31b6-6a65-11f1-a4a0-df540901000f,5,3,white,opening,Nc3,56,35,21,ok
e5ad31b6-6a65-11f1-a4a0-df540901000f,7,4,white,opening,Bc4,99,60,39,ok
e5ad31b6-6a65-11f1-a4a0-df540901000f,9,5,white,opening,O-O,49,42,7,ok
e5ad31b6-6a65-11f1-a4a0-df540901000f,11,6,white,opening,Bb5,42,1,41,ok
e5ad31b6-6a65-11f1-a4a0-df540901000f,13,7,white,opening,Bxc6,48,4,44,ok
e5ad31b6-6a65-11f1-a4a0-df540901000f,15,8,white,opening,d3,21,-16,37,ok
e5ad31b6-6a65-11f1-a4a0-df540901000f,17,9,white,opening,Be3,-1,-29,28,ok
e5ad31b6-6a65-11f1-a4a0-df540901000f,19,10,white,opening,a4,-33,-30,0,ok
e5ad31b6-6a65-11f1-a4a0-df540901000f,21,11,white,opening,b4,-1,-341,340,blunder
e5ad31b6-6a65-11f1-a4a0-df540901000f,23,12,white,middlegame,b5,-122,-277,155,mistake
e5ad31b6-6a65-11f1-a4a0-df540901000f,25,13,white,middlegame,Nh4,90,95,0,ok
e5ad31b6-6a65-11f1-a4a0-df540901000f,27,14,white,middlegame,f3,138,123,15,ok
e5ad31b6-6a65-11f1-a4a0-df540901000f,29,15,white,middlegame,Kxh2,133,113,20,ok
e5ad31b6-6a65-11f1-a4a0-df540901000f,31,16,white,middlegame,Nf5,126,135,0,ok
e5ad31b6-6a65-11f1-a4a0-df540901000f,33,17,white,middlegame,Ng7+,186,-126,312,blunder
e5ad31b6-6a65-11f1-a4a0-df540901000f,35,18,white,middlegame,a5,0,-144,144,mistake
e5ad31b6-6a65-11f1-a4a0-df540901000f,37,19,white,middlegame,Nxh5,212,230,0,ok
e5ad31b6-6a65-11f1-a4a0-df540901000f,39,20,white,middlegame,b6,227,203,24,ok
e5ad31b6-6a65-11f1-a4a0-df540901000f,41,21,white,middlegame,axb6,322,320,2,ok
e5ad31b6-6a65-11f1-a4a0-df540901000f,43,22,white,middlegame,bxc7+,325,346,0,ok
e5ad31b6-6a65-11f1-a4a0-df540901000f,45,23,white,middlegame,Qxa1,331,354,0,ok
e5ad31b6-6a65-11f1-a4a0-df540901000f,47,24,white,middlegame,Nd5,389,323,66,inaccuracy
e5ad31b6-6a65-11f1-a4a0-df540901000f,49,25,white,middlegame,Qa8+,503,538,0,ok
e5ad31b6-6a65-11f1-a4a0-df540901000f,51,26,white,middlegame,Nf6+,651,672,0,ok
ed40d2ae-69c8-11f1-8e28-88e30701000f,1,1,white,opening,e4,31,31,0,ok
ed40d2ae-69c8-11f1-8e28-88e30701000f,3,2,white,opening,Nc3,55,12,43,ok
ed40d2ae-69c8-11f1-8e28-88e30701000f,5,3,white,opening,d4,67,79,0,ok
ed40d2ae-69c8-11f1-8e28-88e30701000f,7,4,white,opening,d5,75,68,7,ok
ed40d2ae-69c8-11f1-8e28-88e30701000f,9,5,white,opening,Bb5+,69,50,19,ok
ed40d2ae-69c8-11f1-8e28-88e30701000f,11,6,white,opening,Bxd7+,65,67,0,ok
ed40d2ae-69c8-11f1-8e28-88e30701000f,13,7,white,opening,Nf3,61,46,15,ok
ed40d2ae-69c8-11f1-8e28-88e30701000f,15,8,white,opening,O-O,120,128,0,ok
ed40d2ae-69c8-11f1-8e28-88e30701000f,17,9,white,opening,Bg5,177,104,73,inaccuracy
ed40d2ae-69c8-11f1-8e28-88e30701000f,19,10,white,opening,Bh4,99,-196,295,mistake
ed40d2ae-69c8-11f1-8e28-88e30701000f,21,11,white,opening,Bg3,-203,-251,48,ok
ed40d2ae-69c8-11f1-8e28-88e30701000f,23,12,white,middlegame,Bxh4,-260,-301,41,ok
ed40d2ae-69c8-11f1-8e28-88e30701000f,25,13,white,middlegame,Qd3,-302,-327,25,ok
ed40d2ae-69c8-11f1-8e28-88e30701000f,27,14,white,middlegame,Nb5,-303,-314,11,ok
ed40d2ae-69c8-11f1-8e28-88e30701000f,29,15,white,middlegame,a4,-329,-354,25,ok
ed40d2ae-69c8-11f1-8e28-88e30701000f,31,16,white,middlegame,Qc4,-300,-365,65,inaccuracy
ed40d2ae-69c8-11f1-8e28-88e30701000f,33,17,white,middlegame,b4,-341,-409,68,inaccuracy
ed40d2ae-69c8-11f1-8e28-88e30701000f,35,18,white,middlegame,g3,-293,-299,6,ok
ed40d2ae-69c8-11f1-8e28-88e30701000f,37,19,white,middlegame,axb5,-56,-53,0,ok
ed40d2ae-69c8-11f1-8e28-88e30701000f,39,20,white,middlegame,Qa2,-67,-99998,99931,blunder
ed40d2ae-69c8-11f1-8e28-88e30701000f,41,21,white,middlegame,b6,-255,-99998,99743,blunder
ed40d2ae-69c8-11f1-8e28-88e30701000f,43,22,white,middlegame,Qa8+,-99995,-99995,0,ok
ed40d2ae-69c8-11f1-8e28-88e30701000f,45,23,white,middlegame,Qa4+,-99996,-99997,1,ok
ed40d2ae-69c8-11f1-8e28-88e30701000f,47,24,white,middlegame,gxf4,-99998,-99999,1,ok
0be05ecc-6734-11f1-a4a0-df540901000f,2,1,black,opening,e5,-31,-31,0,ok
0be05ecc-6734-11f1-a4a0-df540901000f,4,2,black,opening,Nc6,59,-26,85,inaccuracy
0be05ecc-6734-11f1-a4a0-df540901000f,6,3,black,opening,exf4,-29,-22,0,ok
0be05ecc-6734-11f1-a4a0-df540901000f,8,4,black,opening,d6,-20,-101,81,inaccuracy
0be05ecc-6734-11f1-a4a0-df540901000f,10,5,black,opening,Bg4,-39,-81,42,ok
0be05ecc-6734-11f1-a4a0-df540901000f,12,6,black,opening,Bxf3,-70,-98,28,ok
0be05ecc-6734-11f1-a4a0-df540901000f,14,7,black,opening,Nxd4,-37,-39,2,ok
0be05ecc-6734-11f1-a4a0-df540901000f,16,8,black,opening,Qf6,-25,-73,48,ok
0be05ecc-6734-11f1-a4a0-df540901000f,18,9,black,opening,Nxc2,-24,-493,469,blunder
0be05ecc-6734-11f1-a4a0-df540901000f,20,10,black,opening,O-O-O,-480,-460,0,ok
0be05ecc-6734-11f1-a4a0-df540901000f,22,11,black,middlegame,Qd4+,-120,-121,1,ok
0be05ecc-6734-11f1-a4a0-df540901000f,24,12,black,middlegame,Qxc4,-124,-117,0,ok
0be05ecc-6734-11f1-a4a0-df540901000f,26,13,black,middlegame,Qc5+,-29,4,0,ok
0be05ecc-6734-11f1-a4a0-df540901000f,28,14,black,middlegame,dxc5,18,20,0,ok
0be05ecc-6734-11f1-a4a0-df540901000f,30,15,black,endgame,Bd6,42,-35,77,inaccuracy
0be05ecc-6734-11f1-a4a0-df540901000f,32,16,black,endgame,Rxd6,-39,-42,3,ok
0be05ecc-6734-11f1-a4a0-df540901000f,34,17,black,endgame,Nf6,-49,-97,48,ok
0be05ecc-6734-11f1-a4a0-df540901000f,36,18,black,endgame,Kb8,-108,-105,0,ok
0be05ecc-6734-11f1-a4a0-df540901000f,38,19,black,endgame,Nxe4,-82,-89,7,ok
0be05ecc-6734-11f1-a4a0-df540901000f,40,20,black,endgame,Rhd8,-92,-93,1,ok
0be05ecc-6734-11f1-a4a0-df540901000f,42,21,black,endgame,Ka7,-15,-98,83,inaccuracy
0be05ecc-6734-11f1-a4a0-df540901000f,44,22,black,endgame,Ka6,-90,-141,51,inaccuracy
0be05ecc-6734-11f1-a4a0-df540901000f,46,23,black,endgame,Rd3,-85,-94,9,ok
0be05ecc-6734-11f1-a4a0-df540901000f,48,24,black,endgame,Rxd3,-87,-94,7,ok
0be05ecc-6734-11f1-a4a0-df540901000f,50,25,black,endgame,g6,-26,-17,0,ok
0be05ecc-6734-11f1-a4a0-df540901000f,52,26,black,endgame,Rb3,341,15,326,blunder
4722624a-670c-11f1-88e6-aebfe201000f,1,1,white,opening,e4,35,37,0,ok
4722624a-670c-11f1-88e6-aebfe201000f,3,2,white,opening,Nf3,36,32,4,ok
4722624a-670c-11f1-88e6-aebfe201000f,5,3,white,opening,Nc3,33,9,24,ok
4722624a-670c-11f1-88e6-aebfe201000f,7,4,white,opening,Bb5,72,7,65,inaccuracy
4722624a-670c-11f1-88e6-aebfe201000f,9,5,white,opening,Bxc6,29,12,17,ok
4722624a-670c-11f1-88e6-aebfe201000f,11,6,white,opening,Nxe5,17,6,11,ok
4722624a-670c-11f1-88e6-aebfe201000f,13,7,white,opening,Nd3,126,122,4,ok
4722624a-670c-11f1-88e6-aebfe201000f,15,8,white,opening,Nxe4,355,-84,439,blunder
4722624a-670c-11f1-88e6-aebfe201000f,17,9,white,opening,Qe2,-86,-87,1,ok
4722624a-670c-11f1-88e6-aebfe201000f,19,10,white,opening,Kxe2,-82,-90,8,ok
4722624a-670c-11f1-88e6-aebfe201000f,21,11,white,opening,Re1,-45,-58,13,ok
4722624a-670c-11f1-88e6-aebfe201000f,23,12,white,endgame,Kf1,-2,-16,14,ok
4722624a-670c-11f1-88e6-aebfe201000f,25,13,white,endgame,b3,-15,-115,100,mistake
4722624a-670c-11f1-88e6-aebfe201000f,27,14,white,endgame,Ba3,-6,-110,104,mistake
4722624a-670c-11f1-88e6-aebfe201000f,29,15,white,endgame,Be7,0,-27,27,ok
4722624a-670c-11f1-88e6-aebfe201000f,31,16,white,endgame,Bxg5,110,113,0,ok
4722624a-670c-11f1-88e6-aebfe201000f,33,17,white,endgame,Re2,240,133,107,mistake
4722624a-670c-11f1-88e6-aebfe201000f,35,18,white,endgame,h4,128,-219,347,blunder
4722624a-670c-11f1-88e6-aebfe201000f,37,19,white,endgame,Bxf6,-221,-277,56,inaccuracy
4722624a-670c-11f1-88e6-aebfe201000f,39,20,white,endgame,Ke1,-298,-337,39,ok
4722624a-670c-11f1-88e6-aebfe201000f,41,21,white,endgame,Bg5,-121,-124,3,ok
4722624a-670c-11f1-88e6-aebfe201000f,43,22,white,endgame,Kxe2,-108,-103,0,ok
4722624a-670c-11f1-88e6-aebfe201000f,45,23,white,endgame,Ne5,-65,-341,276,mistake
4722624a-670c-11f1-88e6-aebfe201000f,47,24,white,endgame,Ke1,-344,-675,331,blunder
4722624a-670c-11f1-88e6-aebfe201000f,49,25,white,endgame,Be3,-664,-696,32,ok
4722624a-670c-11f1-88e6-aebfe201000f,51,26,white,endgame,Kxf2,-16,-7,0,ok
4722624a-670c-11f1-88e6-aebfe201000f,53,27,white,endgame,Ke2,20,24,0,ok
4722624a-670c-11f1-88e6-aebfe201000f,55,28,white,endgame,dxe3,49,60,0,ok
4722624a-670c-11f1-88e6-aebfe201000f,57,29,white,endgame,Rd1,79,61,18,ok
4722624a-670c-11f1-88e6-aebfe201000f,59,30,white,endgame,Rh1,118,-4,122,mistake
4722624a-670c-11f1-88e6-aebfe201000f,61,31,white,endgame,Kd3,0,-21,21,ok
4722624a-670c-11f1-88e6-aebfe201000f,63,32,white,endgame,e4,-33,-26,0,ok
4722624a-670c-11f1-88e6-aebfe201000f,65,33,white,endgame,Ke3,-19,-141,122,mistake
4722624a-670c-11f1-88e6-aebfe201000f,67,34,white,endgame,Kf3,-184,-228,44,ok
4722624a-670c-11f1-88e6-aebfe201000f,69,35,white,endgame,Rg1,-229,-262,33,ok
4722624a-670c-11f1-88e6-aebfe201000f,71,36,white,endgame,Rg5,133,-363,496,blunder
4722624a-670c-11f1-88e6-aebfe201000f,73,37,white,endgame,Kg3,-397,-525,128,mistake
4722624a-670c-11f1-88e6-aebfe201000f,75,38,white,endgame,Kg2,-425,-472,47,ok
4722624a-670c-11f1-88e6-aebfe201000f,77,39,white,endgame,Rxh5,-484,-488,4,ok
4722624a-670c-11f1-88e6-aebfe201000f,79,40,white,endgame,Kf3,-487,-492,5,ok
4722624a-670c-11f1-88e6-aebfe201000f,81,41,white,endgame,Rh4+,-499,-509,10,ok
4722624a-670c-11f1-88e6-aebfe201000f,83,42,white,endgame,Rh7,-521,-532,11,ok
4722624a-670c-11f1-88e6-aebfe201000f,85,43,white,endgame,Rh3,-526,-551,25,ok
4722624a-670c-11f1-88e6-aebfe201000f,87,44,white,endgame,Ke4+,-551,-589,38,ok
4722624a-670c-11f1-88e6-aebfe201000f,89,45,white,endgame,Rh4,-587,-612,25,ok
4722624a-670c-11f1-88e6-aebfe201000f,91,46,white,endgame,Ke5+,-636,-637,1,ok
4722624a-670c-11f1-88e6-aebfe201000f,93,47,white,endgame,Kd4,-635,-779,144,mistake
a0e2998f-65ef-11f1-9498-9c446b01000f,1,1,white,opening,e4,33,35,0,ok
a0e2998f-65ef-11f1-9498-9c446b01000f,3,2,white,opening,d4,46,39,7,ok
a0e2998f-65ef-11f1-9498-9c446b01000f,5,3,white,opening,Nf3,81,85,0,ok
a0e2998f-65ef-11f1-9498-9c446b01000f,7,4,white,opening,Nc3,101,76,25,ok
a0e2998f-65ef-11f1-9498-9c446b01000f,9,5,white,opening,Bc4,100,97,3,ok
a0e2998f-65ef-11f1-9498-9c446b01000f,11,6,white,opening,d5,129,69,60,inaccuracy
a0e2998f-65ef-11f1-9498-9c446b01000f,13,7,white,opening,dxc6,231,223,8,ok
a0e2998f-65ef-11f1-9498-9c446b01000f,15,8,white,opening,Bg5,286,83,203,mistake
a0e2998f-65ef-11f1-9498-9c446b01000f,17,9,white,opening,Be3,126,136,0,ok
a0e2998f-65ef-11f1-9498-9c446b01000f,19,10,white,opening,Nd5,210,166,44,ok
a0e2998f-65ef-11f1-9498-9c446b01000f,21,11,white,opening,Nxe7,314,128,186,mistake
a0e2998f-65ef-11f1-9498-9c446b01000f,23,12,white,middlegame,Bd5,336,328,8,ok
a0e2998f-65ef-11f1-9498-9c446b01000f,25,13,white,middlegame,Qd3,336,-116,452,blunder
a0e2998f-65ef-11f1-9498-9c446b01000f,27,14,white,middlegame,Bd2,265,236,29,ok
a0e2998f-65ef-11f1-9498-9c446b01000f,29,15,white,middlegame,O-O,263,182,81,inaccuracy
a0e2998f-65ef-11f1-9498-9c446b01000f,31,16,white,middlegame,Nh4,334,305,29,ok
a0e2998f-65ef-11f1-9498-9c446b01000f,33,17,white,middlegame,Ng6,449,386,63,inaccuracy
a0e2998f-65ef-11f1-9498-9c446b01000f,35,18,white,middlegame,Nxe7,470,249,221,mistake
a0e2998f-65ef-11f1-9498-9c446b01000f,37,19,white,middlegame,Rac1,248,163,85,inaccuracy
a0e2998f-65ef-11f1-9498-9c446b01000f,39,20,white,middlegame,Qf3,237,68,169,mistake
a0e2998f-65ef-11f1-9498-9c446b01000f,41,21,white,middlegame,Qh5+,324,361,0,ok
a0e2998f-65ef-11f1-9498-9c446b01000f,43,22,white,middlegame,Bxg5,375,393,0,ok
a0e2998f-65ef-11f1-9498-9c446b01000f,45,23,white,middlegame,exd5,404,-303,707,blunder
a0e2998f-65ef-11f1-9498-9c446b01000f,47,24,white,middlegame,Qxg5,-318,-334,16,ok
a0e2998f-65ef-11f1-9498-9c446b01000f,49,25,white,middlegame,Qf6+,-295,-340,45,ok
a0e2998f-65ef-11f1-9498-9c446b01000f,51,26,white,middlegame,Qh8+,-229,-229,0,ok
a0e2998f-65ef-11f1-9498-9c446b01000f,53,27,white,middlegame,Qh4+,-223,-227,4,ok
a0e2998f-65ef-11f1-9498-9c446b01000f,55,28,white,middlegame,Qh8+,-235,-263,28,ok
a0e2998f-65ef-11f1-9498-9c446b01000f,57,29,white,middlegame,Qh5+,-264,-304,40,ok
a0e2998f-65ef-11f1-9498-9c446b01000f,59,30,white,middlegame,Qh4,-277,-304,27,ok
a0e2998f-65ef-11f1-9498-9c446b01000f,61,31,white,middlegame,c4,-273,-349,76,inaccuracy
a0e2998f-65ef-11f1-9498-9c446b01000f,63,32,white,middlegame,c5,-181,-179,0,ok
a0e2998f-65ef-11f1-9498-9c446b01000f,65,33,white,middlegame,Qc4,-207,-223,16,ok
a0e2998f-65ef-11f1-9498-9c446b01000f,67,34,white,middlegame,h3,-179,-186,7,ok
a0e2998f-65ef-11f1-9498-9c446b01000f,69,35,white,middlegame,cxd6,-115,-256,141,mistake
a0e2998f-65ef-11f1-9498-9c446b01000f,71,36,white,middlegame,Rxc4,-258,-271,13,ok
a0e2998f-65ef-11f1-9498-9c446b01000f,73,37,white,endgame,Rfc1,-85,-239,154,mistake
a0e2998f-65ef-11f1-9498-9c446b01000f,75,38,white,endgame,Rc7,-112,-147,35,ok
a0e2998f-65ef-11f1-9498-9c446b01000f,77,39,white,endgame,R1c5,-125,-159,34,ok
a0e2998f-65ef-11f1-9498-9c446b01000f,79,40,white,endgame,Ra5,-150,-148,0,ok
a0e2998f-65ef-11f1-9498-9c446b01000f,81,41,white,endgame,Raa7,-101,-176,75,inaccuracy
a0e2998f-65ef-11f1-9498-9c446b01000f,83,42,white,endgame,Kf1,-173,-276,103,mistake
a0e2998f-65ef-11f1-9498-9c446b01000f,85,43,white,endgame,Ra6,-281,-631,350,blunder
a0e2998f-65ef-11f1-9498-9c446b01000f,87,44,white,endgame,Rb7,-210,-434,224,mistake
a0e2998f-65ef-11f1-9498-9c446b01000f,89,45,white,endgame,Ke1,-284,-402,118,mistake
a0e2998f-65ef-11f1-9498-9c446b01000f,91,46,white,endgame,Raa7,-410,-99999,99589,blunder
a0e2998f-65ef-11f1-9498-9c446b01000f,93,47,white,endgame,h4,-317,-320,3,ok
a0e2998f-65ef-11f1-9498-9c446b01000f,95,48,white,endgame,Rxb4,-367,-405,38,ok
a0e2998f-65ef-11f1-9498-9c446b01000f,97,49,white,endgame,Kd2,-380,-364,0,ok
a0e2998f-65ef-11f1-9498-9c446b01000f,99,50,white,endgame,Ke3,-403,-399,0,ok
a0e2998f-65ef-11f1-9498-9c446b01000f,101,51,white,endgame,h5,-290,-323,33,ok
a0e2998f-65ef-11f1-9498-9c446b01000f,103,52,white,endgame,f4,-294,-294,0,ok
a0e2998f-65ef-11f1-9498-9c446b01000f,105,53,white,endgame,Rab7,-288,-358,70,inaccuracy
a0e2998f-65ef-11f1-9498-9c446b01000f,107,54,white,endgame,Rb8,-356,-535,179,mistake
a0e2998f-65ef-11f1-9498-9c446b01000f,109,55,white,endgame,Rxd8+,-439,-434,0,ok
a0e2998f-65ef-11f1-9498-9c446b01000f,111,56,white,endgame,Rb8+,-429,-452,23,ok
a0e2998f-65ef-11f1-9498-9c446b01000f,113,57,white,endgame,Rb6,-439,-467,28,ok
a0e2998f-65ef-11f1-9498-9c446b01000f,115,58,white,endgame,g4,-443,-547,104,mistake
a0e2998f-65ef-11f1-9498-9c446b01000f,117,59,white,endgame,Rxd6+,-503,-779,276,mistake
a0e2998f-65ef-11f1-9498-9c446b01000f,119,60,white,endgame,g5,-800,-937,137,mistake
a0e2998f-65ef-11f1-9498-9c446b01000f,121,61,white,endgame,g6,-1009,-99987,98978,blunder
a0e2998f-65ef-11f1-9498-9c446b01000f,123,62,white,endgame,g7,-1184,-99985,98801,blunder
a0e2998f-65ef-11f1-9498-9c446b01000f,125,63,white,endgame,g8=Q+,-1337,-1289,0,ok
db92eafb-62b4-11f1-a769-8be54001000f,2,1,black,opening,e5,-39,-32,0,ok
db92eafb-62b4-11f1-a769-8be54001000f,4,2,black,opening,Nf6,13,6,7,ok
db92eafb-62b4-11f1-a769-8be54001000f,6,3,black,opening,Nc6,13,-27,40,ok
db92eafb-62b4-11f1-a769-8be54001000f,8,4,black,opening,d5,16,30,0,ok
db92eafb-62b4-11f1-a769-8be54001000f,10,5,black,opening,Nxd5,26,25,1,ok
db92eafb-62b4-11f1-a769-8be54001000f,12,6,black,opening,Bg4,24,22,2,ok
db92eafb-62b4-11f1-a769-8be54001000f,14,7,black,opening,Bc5,52,-39,91,inaccuracy
db92eafb-62b4-11f1-a769-8be54001000f,16,8,black,opening,Bxf3,-35,-55,20,ok
db92eafb-62b4-11f1-a769-8be54001000f,18,9,black,opening,Nce7,-48,-139,91,inaccuracy
db92eafb-62b4-11f1-a769-8be54001000f,20,10,black,opening,Bd4,-148,-155,7,ok
db92eafb-62b4-11f1-a769-8be54001000f,22,11,black,middlegame,Bb6,-145,-149,4,ok
db92eafb-62b4-11f1-a769-8be54001000f,24,12,black,middlegame,h5,-85,-245,160,mistake
db92eafb-62b4-11f1-a769-8be54001000f,26,13,black,middlegame,f6,-278,-276,0,ok
db92eafb-62b4-11f1-a769-8be54001000f,28,14,black,middlegame,Qd7,-287,-331,44,ok
db92eafb-62b4-11f1-a769-8be54001000f,30,15,black,middlegame,Kf7,-361,-385,24,ok
db92eafb-62b4-11f1-a769-8be54001000f,32,16,black,middlegame,Qe6,-404,-429,25,ok
db92eafb-62b4-11f1-a769-8be54001000f,34,17,black,middlegame,Rag8,-280,-286,6,ok
db92eafb-62b4-11f1-a769-8be54001000f,36,18,black,middlegame,Rxh3,29,25,4,ok
db92eafb-62b4-11f1-a769-8be54001000f,38,19,black,middlegame,Rgh8,18,-441,459,blunder
db92eafb-62b4-11f1-a769-8be54001000f,40,20,black,middlegame,Kg6,-443,-469,26,ok
db92eafb-62b4-11f1-a769-8be54001000f,42,21,black,middlegame,c6,-504,-544,40,ok
db92eafb-62b4-11f1-a769-8be54001000f,44,22,black,middlegame,Kf7,-485,-504,19,ok
db92eafb-62b4-11f1-a769-8be54001000f,46,23,black,middlegame,Rh2+,-469,-474,5,ok
db92eafb-62b4-11f1-a769-8be54001000f,48,24,black,middlegame,e4+,-507,-608,101,mistake
db92eafb-62b4-11f1-a769-8be54001000f,50,25,black,middlegame,Ng6,-683,-714,31,ok
db92eafb-62b4-11f1-a769-8be54001000f,52,26,black,middlegame,Ne5,-586,-579,0,ok
db92eafb-62b4-11f1-a769-8be54001000f,54,27,black,middlegame,Kxe6,-634,-701,67,inaccuracy
db92eafb-62b4-11f1-a769-8be54001000f,56,28,black,middlegame,cxd5,-707,-717,10,ok
db92eafb-62b4-11f1-a769-8be54001000f,58,29,black,middlegame,Kf5,-726,-809,83,inaccuracy
db92eafb-62b4-11f1-a769-8be54001000f,60,30,black,middlegame,R8h7,-559,-699,140,mistake
db92eafb-62b4-11f1-a769-8be54001000f,62,31,black,middlegame,Ng4,-742,-900,158,mistake
db92eafb-62b4-11f1-a769-8be54001000f,64,32,black,middlegame,Ke4,-909,-99997,99088,blunder
db92eafb-62b4-11f1-a769-8be54001000f,66,33,black,middlegame,Kxd5,-99994,-99995,1,ok
db92eafb-62b4-11f1-a769-8be54001000f,68,34,black,middlegame,Kc4,-99995,-99995,0,ok
db92eafb-62b4-11f1-a769-8be54001000f,70,35,black,middlegame,Kb5,-99996,-99996,0,ok
db92eafb-62b4-11f1-a769-8be54001000f,72,36,black,middlegame,Ka6,-99995,-99995,0,ok
db92eafb-62b4-11f1-a769-8be54001000f,74,37,black,middlegame,R2h6,-939,-1211,272,mistake
db92eafb-62b4-11f1-a769-8be54001000f,76,38,black,middlegame,Rxh6,-1090,-1189,99,inaccuracy
d994f792-5d63-11f1-8bb1-a88db501000f,1,1,white,opening,e4,40,37,3,ok
d994f792-5d63-11f1-8bb1-a88db501000f,3,2,white,opening,d4,83,90,0,ok
d994f792-5d63-11f1-8bb1-a88db501000f,5,3,white,opening,Nc3,96,95,1,ok
d994f792-5d63-11f1-8bb1-a88db501000f,7,4,white,opening,e5,104,94,10,ok
d994f792-5d63-11f1-8bb1-a88db501000f,9,5,white,opening,Nxd5,90,89,1,ok
d994f792-5d63-11f1-8bb1-a88db501000f,11,6,white,opening,Nf3,93,91,2,ok
d994f792-5d63-11f1-8bb1-a88db501000f,13,7,white,opening,Bb5,111,59,52,inaccuracy
d994f792-5d63-11f1-8bb1-a88db501000f,15,8,white,opening,Bxc6,84,14,70,inaccuracy
d994f792-5d63-11f1-8bb1-a88db501000f,17,9,white,opening,Bf4,0,-12,12,ok
d994f792-5d63-11f1-8bb1-a88db501000f,19,10,white,opening,Qd3,-13,-18,5,ok
d994f792-5d63-11f1-8bb1-a88db501000f,21,11,white,opening,O-O-O,-14,-23,9,ok
d994f792-5d63-11f1-8bb1-a88db501000f,23,12,white,middlegame,h4,-8,-20,12,ok
d994f792-5d63-11f1-8bb1-a88db501000f,25,13,white,middlegame,Qxf3,41,44,0,ok
d994f792-5d63-11f1-8bb1-a88db501000f,27,14,white,middlegame,Qh5,442,433,9,ok
d994f792-5d63-11f1-8bb1-a88db501000f,29,15,white,middlegame,Bxg5,428,-452,880,blunder
d994f792-5d63-11f1-8bb1-a88db501000f,31,16,white,middlegame,Qxg5+,-454,-451,0,ok
d994f792-5d63-11f1-8bb1-a88db501000f,33,17,white,endgame,Kb1,-455,-460,5,ok
d994f792-5d63-11f1-8bb1-a88db501000f,35,18,white,endgame,Rh5,-369,-395,26,ok
d994f792-5d63-11f1-8bb1-a88db501000f,37,19,white,endgame,g4,-288,-401,113,mistake
d994f792-5d63-11f1-8bb1-a88db501000f,39,20,white,endgame,Rdh1,-80,-61,0,ok
d994f792-5d63-11f1-8bb1-a88db501000f,41,21,white,endgame,Rxh7,-57,-147,90,inaccuracy
d994f792-5d63-11f1-8bb1-a88db501000f,43,22,white,endgame,Rh8+,180,-243,423,blunder
d994f792-5d63-11f1-8bb1-a88db501000f,45,23,white,endgame,R1h7+,202,-304,506,blunder
d994f792-5d63-11f1-8bb1-a88db501000f,47,24,white,endgame,Rh6+,-313,-342,29,ok
d994f792-5d63-11f1-8bb1-a88db501000f,49,25,white,endgame,Rh5+,-341,-361,20,ok
d994f792-5d63-11f1-8bb1-a88db501000f,51,26,white,endgame,Rxf8,-361,-404,43,ok
d994f792-5d63-11f1-8bb1-a88db501000f,53,27,white,endgame,c3,-400,-470,70,inaccuracy
d994f792-5d63-11f1-8bb1-a88db501000f,55,28,white,endgame,Rh7,-418,-416,0,ok
d994f792-5d63-11f1-8bb1-a88db501000f,57,29,white,endgame,Rxd7,-423,-435,12,ok
d994f792-5d63-11f1-8bb1-a88db501000f,59,30,white,endgame,dxe5,-456,-466,10,ok
d994f792-5d63-11f1-8bb1-a88db501000f,61,31,white,endgame,a4,-462,-458,0,ok
d994f792-5d63-11f1-8bb1-a88db501000f,63,32,white,endgame,b3,-472,-498,26,ok
d994f792-5d63-11f1-8bb1-a88db501000f,65,33,white,endgame,Kc2,-472,-526,54,inaccuracy
d994f792-5d63-11f1-8bb1-a88db501000f,67,34,white,endgame,Rd2,-467,-542,75,inaccuracy
d994f792-5d63-11f1-8bb1-a88db501000f,69,35,white,endgame,Kd3,-560,-593,33,ok
d994f792-5d63-11f1-8bb1-a88db501000f,71,36,white,endgame,Kc4,-613,-625,12,ok
d994f792-5d63-11f1-8bb1-a88db501000f,73,37,white,endgame,Kb5,-605,-639,34,ok
d994f792-5d63-11f1-8bb1-a88db501000f,75,38,white,endgame,Kc6,-618,-683,65,inaccuracy
d994f792-5d63-11f1-8bb1-a88db501000f,77,39,white,endgame,b4,-723,-806,83,inaccuracy
d994f792-5d63-11f1-8bb1-a88db501000f,79,40,white,endgame,cxb4,-721,-742,21,ok
d994f792-5d63-11f1-8bb1-a88db501000f,81,41,white,endgame,Rb2,-523,-647,124,mistake
d994f792-5d63-11f1-8bb1-a88db501000f,83,42,white,endgame,a5,-680,-722,42,ok
d994f792-5d63-11f1-8bb1-a88db501000f,85,43,white,endgame,b5,-766,-825,59,inaccuracy
d994f792-5d63-11f1-8bb1-a88db501000f,87,44,white,endgame,Rh2,-768,-1034,266,mistake
d994f792-5d63-11f1-8bb1-a88db501000f,89,45,white,endgame,Rh3+,-1068,-1338,270,mistake
d994f792-5d63-11f1-8bb1-a88db501000f,91,46,white,endgame,Re3,-1044,-1203,159,mistake
d994f792-5d63-11f1-8bb1-a88db501000f,93,47,white,endgame,Rxe7,-827,-930,103,mistake
d994f792-5d63-11f1-8bb1-a88db501000f,95,48,white,endgame,Kxc7,-998,-99989,98991,blunder
d994f792-5d63-11f1-8bb1-a88db501000f,97,49,white,endgame,Kc6,-1345,-1188,0,ok
d994f792-5d63-11f1-8bb1-a88db501000f,99,50,white,endgame,b6,-1359,-1183,0,ok
d994f792-5d63-11f1-8bb1-a88db501000f,101,51,white,endgame,Kxb6,-1183,-99992,98809,blunder
d994f792-5d63-11f1-8bb1-a88db501000f,103,52,white,endgame,Kb5,-99993,-99993,0,ok
d994f792-5d63-11f1-8bb1-a88db501000f,105,53,white,endgame,Kb4,-99994,-99994,0,ok
d994f792-5d63-11f1-8bb1-a88db501000f,107,54,white,endgame,Kb3,-99994,-99995,1,ok
d994f792-5d63-11f1-8bb1-a88db501000f,109,55,white,endgame,Kc4,-99996,-99996,0,ok
d994f792-5d63-11f1-8bb1-a88db501000f,111,56,white,middlegame,Kd5,-99997,-99997,0,ok
d994f792-5d63-11f1-8bb1-a88db501000f,113,57,white,middlegame,Kc6,-99996,-99998,2,ok
d994f792-5d63-11f1-8bb1-a88db501000f,115,58,white,middlegame,Kb7,-99998,-99998,0,ok
d994f792-5d63-11f1-8bb1-a88db501000f,117,59,white,middlegame,Ka8,-99999,-99999,0,ok
0ebe4a1d-5bc6-11f1-9877-f2967901000f,2,1,black,opening,d5,-32,-69,37,ok
0ebe4a1d-5bc6-11f1-9877-f2967901000f,4,2,black,opening,Qxd5,-66,-63,0,ok
0ebe4a1d-5bc6-11f1-9877-f2967901000f,6,3,black,opening,Nf6,82,60,22,ok
0ebe4a1d-5bc6-11f1-9877-f2967901000f,8,4,black,opening,Nc6,119,130,0,ok
0ebe4a1d-5bc6-11f1-9877-f2967901000f,10,5,black,opening,Bf5,178,120,58,inaccuracy
0ebe4a1d-5bc6-11f1-9877-f2967901000f,12,6,black,opening,e5,209,192,17,ok
0ebe4a1d-5bc6-11f1-9877-f2967901000f,14,7,black,opening,Be7,217,203,14,ok
0ebe4a1d-5bc6-11f1-9877-f2967901000f,16,8,black,opening,Bxf6,210,212,0,ok
0ebe4a1d-5bc6-11f1-9877-f2967901000f,18,9,black,opening,Bxg4,338,330,8,ok
0ebe4a1d-5bc6-11f1-9877-f2967901000f,20,10,black,opening,Bf5,431,390,41,ok
0ebe4a1d-5bc6-11f1-9877-f2967901000f,22,11,black,middlegame,Bg5+,529,477,52,inaccuracy
0ebe4a1d-5bc6-11f1-9877-f2967901000f,24,12,black,middlegame,O-O-O,533,476,57,inaccuracy
0ebe4a1d-5bc6-11f1-9877-f2967901000f,26,13,black,middlegame,Qc5,574,513,61,inaccuracy
0ebe4a1d-5bc6-11f1-9877-f2967901000f,28,14,black,middlegame,Nb4+,760,777,0,ok
0ebe4a1d-5bc6-11f1-9877-f2967901000f,30,15,black,middlegame,Bxc1,788,326,462,blunder
0ebe4a1d-5bc6-11f1-9877-f2967901000f,32,16,black,middlegame,Nxd3,685,714,0,ok
0ebe4a1d-5bc6-11f1-9877-f2967901000f,34,17,black,middlegame,Bxd3+,744,646,98,inaccuracy
0ebe4a1d-5bc6-11f1-9877-f2967901000f,36,18,black,middlegame,Rd5,628,607,21,ok
0ebe4a1d-5bc6-11f1-9877-f2967901000f,38,19,black,middlegame,Rhd8,591,596,0,ok
0ebe4a1d-5bc6-11f1-9877-f2967901000f,40,20,black,middlegame,Be2,580,579,1,ok
0ebe4a1d-5bc6-11f1-9877-f2967901000f,42,21,black,middlegame,Qxf2,800,799,1,ok
b4f44c55-5bc5-11f1-b6bf-d8fb1c01000f,2,1,black,opening,e5,-33,-36,3,ok
b4f44c55-5bc5-11f1-b6bf-d8fb1c01000f,4,2,black,opening,Nc6,-12,-10,0,ok
b4f44c55-5bc5-11f1-b6bf-d8fb1c01000f,6,3,black,opening,Nf6,39,-150,189,mistake
b4f44c55-5bc5-11f1-b6bf-d8fb1c01000f,8,4,black,opening,exf4,32,34,0,ok
b4f44c55-5bc5-11f1-b6bf-d8fb1c01000f,10,5,black,opening,Bd6,42,-301,343,blunder
b4f44c55-5bc5-11f1-b6bf-d8fb1c01000f,12,6,black,opening,Qe7,-335,-336,1,ok
b4f44c55-5bc5-11f1-b6bf-d8fb1c01000f,14,7,black,opening,Qe6,-347,-502,155,mistake
b4f44c55-5bc5-11f1-b6bf-d8fb1c01000f,16,8,black,opening,Qxd6,-474,-494,20,ok
b4f44c55-5bc5-11f1-b6bf-d8fb1c01000f,18,9,black,opening,O-O,-433,-491,58,inaccuracy
b4f44c55-5bc5-11f1-b6bf-d8fb1c01000f,20,10,black,opening,Ng4,-437,-480,43,ok
b4f44c55-5bc5-11f1-b6bf-d8fb1c01000f,22,11,black,middlegame,Ne3,-440,-446,6,ok
b4f44c55-5bc5-11f1-b6bf-d8fb1c01000f,24,12,black,middlegame,fxe3,-447,-435,0,ok
b4f44c55-5bc5-11f1-b6bf-d8fb1c01000f,26,13,black,middlegame,Nxd4,-386,-586,200,mistake
b4f44c55-5bc5-11f1-b6bf-d8fb1c01000f,28,14,black,middlegame,Qxd4,-594,-724,130,mistake
b4f44c55-5bc5-11f1-b6bf-d8fb1c01000f,30,15,black,middlegame,e2+,506,523,0,ok
c6e67172-5bc2-11f1-9229-7f359701000f,2,1,black,opening,e5,-33,-32,0,ok
c6e67172-5bc2-11f1-9229-7f359701000f,4,2,black,opening,Nc6,-28,-31,3,ok
c6e67172-5bc2-11f1-9229-7f359701000f,6,3,black,opening,exd4,-11,-13,2,ok
c6e67172-5bc2-11f1-9229-7f359701000f,8,4,black,opening,Nxd4,-3,-79,76,inaccuracy
c6e67172-5bc2-11f1-9229-7f359701000f,10,5,black,opening,Nf6,-62,-170,108,mistake
c6e67172-5bc2-11f1-9229-7f359701000f,12,6,black,opening,Qe7,-144,-224,80,inaccuracy
c6e67172-5bc2-11f1-9229-7f359701000f,14,7,black,opening,h6,34,-227,261,mistake
c6e67172-5bc2-11f1-9229-7f359701000f,16,8,black,opening,gxf6,169,156,13,ok
c6e67172-5bc2-11f1-9229-7f359701000f,18,9,black,opening,fxe5,178,186,0,ok
c6e67172-5bc2-11f1-9229-7f359701000f,20,10,black,opening,Qb4+,193,177,16,ok
c6e67172-5bc2-11f1-9229-7f359701000f,22,11,black,middlegame,Qxb2,172,202,0,ok
c6e67172-5bc2-11f1-9229-7f359701000f,24,12,black,middlegame,d6,216,96,120,mistake
c6e67172-5bc2-11f1-9229-7f359701000f,26,13,black,middlegame,Qd4,151,156,0,ok
c6e67172-5bc2-11f1-9229-7f359701000f,28,14,black,middlegame,Be6,162,32,130,mistake
c6e67172-5bc2-11f1-9229-7f359701000f,30,15,black,middlegame,Qf4,55,-82,137,mistake
c6e67172-5bc2-11f1-9229-7f359701000f,32,16,black,middlegame,exf4,207,218,0,ok
c6e67172-5bc2-11f1-9229-7f359701000f,34,17,black,endgame,O-O-O,322,263,59,inaccuracy
c6e67172-5bc2-11f1-9229-7f359701000f,36,18,black,endgame,h5,342,272,70,inaccuracy
c6e67172-5bc2-11f1-9229-7f359701000f,38,19,black,endgame,d5,362,380,0,ok
c6e67172-5bc2-11f1-9229-7f359701000f,40,20,black,endgame,Bc5,376,312,64,inaccuracy
c6e67172-5bc2-11f1-9229-7f359701000f,42,21,black,endgame,d4,518,363,155,mistake
c6e67172-5bc2-11f1-9229-7f359701000f,44,22,black,endgame,Be7,371,310,61,inaccuracy
c6e67172-5bc2-11f1-9229-7f359701000f,46,23,black,endgame,h4,300,258,42,ok
c6e67172-5bc2-11f1-9229-7f359701000f,48,24,black,endgame,Bc5,370,286,84,inaccuracy
c6e67172-5bc2-11f1-9229-7f359701000f,50,25,black,endgame,h3,287,300,0,ok
c6e67172-5bc2-11f1-9229-7f359701000f,52,26,black,endgame,hxg2,313,132,181,mistake
c6e67172-5bc2-11f1-9229-7f359701000f,54,27,black,endgame,fxe6,122,136,0,ok
c6e67172-5bc2-11f1-9229-7f359701000f,56,28,black,endgame,f3,145,105,40,ok
c6e67172-5bc2-11f1-9229-7f359701000f,58,29,black,endgame,Rh3,124,-489,613,blunder
c6e67172-5bc2-11f1-9229-7f359701000f,60,30,black,endgame,Kb8,67,53,14,ok
c6e67172-5bc2-11f1-9229-7f359701000f,62,31,black,endgame,Rdh8,93,59,34,ok
c6e67172-5bc2-11f1-9229-7f359701000f,64,32,black,endgame,Rxh2,128,38,90,inaccuracy
c6e67172-5bc2-11f1-9229-7f359701000f,66,33,black,endgame,Rg8,122,85,37,ok
c6e67172-5bc2-11f1-9229-7f359701000f,68,34,black,endgame,Rh3,208,33,175,mistake
c6e67172-5bc2-11f1-9229-7f359701000f,70,35,black,endgame,Re8+,54,44,10,ok
c6e67172-5bc2-11f1-9229-7f359701000f,72,36,black,endgame,b6,50,10,40,ok
c6e67172-5bc2-11f1-9229-7f359701000f,74,37,black,endgame,a5,20,6,14,ok
c6e67172-5bc2-11f1-9229-7f359701000f,76,38,black,endgame,Rxe2,7,0,7,ok
c6e67172-5bc2-11f1-9229-7f359701000f,78,39,black,endgame,Ka7,0,2,0,ok
c6e67172-5bc2-11f1-9229-7f359701000f,80,40,black,endgame,Ka6,0,-153,153,mistake
c6e67172-5bc2-11f1-9229-7f359701000f,82,41,black,endgame,Rh6,-150,-457,307,blunder
c6e67172-5bc2-11f1-9229-7f359701000f,84,42,black,endgame,Rh3,-159,-169,10,ok
c6e67172-5bc2-11f1-9229-7f359701000f,86,43,black,endgame,Bd6,-167,-151,0,ok
c6e67172-5bc2-11f1-9229-7f359701000f,88,44,black,endgame,Rh6,-108,-163,55,inaccuracy
c6e67172-5bc2-11f1-9229-7f359701000f,90,45,black,endgame,Re6+,-165,-267,102,mistake
c6e67172-5bc2-11f1-9229-7f359701000f,92,46,black,endgame,b5,-283,-499,216,mistake
c6e67172-5bc2-11f1-9229-7f359701000f,94,47,black,endgame,Kb7,-511,-886,375,blunder
c6e67172-5bc2-11f1-9229-7f359701000f,96,48,black,endgame,Kc7,-1156,-1142,0,ok
c6e67172-5bc2-11f1-9229-7f359701000f,98,49,black,endgame,bxa4,-1334,-99989,98655,blunder
c6e67172-5bc2-11f1-9229-7f359701000f,100,50,black,endgame,Kb7,-789,-99989,99200,blunder
c6e67172-5bc2-11f1-9229-7f359701000f,102,51,black,endgame,Kb6,-1282,-1155,0,ok
c6e67172-5bc2-11f1-9229-7f359701000f,104,52,black,endgame,Kb5,-1214,-99980,98766,blunder
c6e67172-5bc2-11f1-9229-7f359701000f,106,53,black,endgame,a4,-1260,-1212,0,ok
c6e67172-5bc2-11f1-9229-7f359701000f,108,54,black,endgame,Kxa4,-1278,-1259,0,ok
c6e67172-5bc2-11f1-9229-7f359701000f,110,55,black,endgame,Kb5,-1291,-1358,67,inaccuracy
c6e67172-5bc2-11f1-9229-7f359701000f,112,56,black,endgame,Kc5,-1232,-1195,0,ok
c6e67172-5bc2-11f1-9229-7f359701000f,114,57,black,endgame,Kd6,-99986,-99986,0,ok
c6e67172-5bc2-11f1-9229-7f359701000f,116,58,black,endgame,Ke5,-1276,-99987,98711,blunder
c6e67172-5bc2-11f1-9229-7f359701000f,118,59,black,endgame,Kf6,-99988,-99988,0,ok
c6e67172-5bc2-11f1-9229-7f359701000f,120,60,black,endgame,Ke7,-99989,-99989,0,ok
c6e67172-5bc2-11f1-9229-7f359701000f,122,61,black,endgame,Kd7,-99989,-99989,0,ok
c6e67172-5bc2-11f1-9229-7f359701000f,124,62,black,endgame,Kxc7,-99989,-99989,0,ok
c6e67172-5bc2-11f1-9229-7f359701000f,126,63,black,endgame,Kd7,-99991,-99993,2,ok
c6e67172-5bc2-11f1-9229-7f359701000f,128,64,black,endgame,Kc7,-99994,-99995,1,ok
c6e67172-5bc2-11f1-9229-7f359701000f,130,65,black,endgame,Kd7,-99995,-99995,0,ok
c6e67172-5bc2-11f1-9229-7f359701000f,132,66,black,endgame,Kc7,-99994,-99994,0,ok
c6e67172-5bc2-11f1-9229-7f359701000f,134,67,black,endgame,Kb7,-99994,-99996,2,ok
c6e67172-5bc2-11f1-9229-7f359701000f,136,68,black,endgame,Ka7,-99997,-99997,0,ok
c6e67172-5bc2-11f1-9229-7f359701000f,138,69,black,endgame,Kb7,-99996,-99997,1,ok
c6e67172-5bc2-11f1-9229-7f359701000f,140,70,black,endgame,Ka7,-99998,-99998,0,ok
c6e67172-5bc2-11f1-9229-7f359701000f,142,71,black,endgame,Ka8,-99999,-99999,0,ok
243f7f7a-5bc2-11f1-8136-8229b501000f,1,1,white,opening,e4,35,28,7,ok
243f7f7a-5bc2-11f1-8136-8229b501000f,3,2,white,opening,Nf3,35,30,5,ok
243f7f7a-5bc2-11f1-8136-8229b501000f,5,3,white,opening,Nc3,48,7,41,ok
243f7f7a-5bc2-11f1-8136-8229b501000f,7,4,white,opening,Nxe5,106,102,4,ok
243f7f7a-5bc2-11f1-8136-8229b501000f,9,5,white,opening,Bc4,151,-233,384,blunder
243f7f7a-5bc2-11f1-8136-8229b501000f,11,6,white,opening,d4,-236,-242,6,ok
243f7f7a-5bc2-11f1-8136-8229b501000f,13,7,white,opening,dxc5,-247,-238,0,ok
243f7f7a-5bc2-11f1-8136-8229b501000f,15,8,white,opening,Bg5,-211,-212,1,ok
243f7f7a-5bc2-11f1-8136-8229b501000f,17,9,white,opening,Bxf6,-269,-412,143,mistake
243f7f7a-5bc2-11f1-8136-8229b501000f,19,10,white,opening,cxd6,-411,-413,2,ok
243f7f7a-5bc2-11f1-8136-8229b501000f,21,11,white,opening,O-O,-398,-434,36,ok
243f7f7a-5bc2-11f1-8136-8229b501000f,23,12,white,middlegame,Nd5,-424,-439,15,ok
243f7f7a-5bc2-11f1-8136-8229b501000f,25,13,white,middlegame,Qd3,-386,-498,112,mistake
243f7f7a-5bc2-11f1-8136-8229b501000f,27,14,white,middlegame,Ne7+,-478,-534,56,inaccuracy
243f7f7a-5bc2-11f1-8136-8229b501000f,29,15,white,middlegame,Qxe4,-532,-520,0,ok
243f7f7a-5bc2-11f1-8136-8229b501000f,31,16,white,middlegame,Qe3,-507,-546,39,ok
243f7f7a-5bc2-11f1-8136-8229b501000f,33,17,white,middlegame,Qxg5,529,548,0,ok
769f149f-59dc-11f1-b45e-6b336f01000f,1,1,white,opening,e4,31,32,0,ok
769f149f-59dc-11f1-b45e-6b336f01000f,3,2,white,opening,Nf3,30,26,4,ok
769f149f-59dc-11f1-b45e-6b336f01000f,5,3,white,opening,Nc3,26,5,21,ok
769f149f-59dc-11f1-b45e-6b336f01000f,7,4,white,opening,Nxe5,60,71,0,ok
769f149f-59dc-11f1-b45e-6b336f01000f,9,5,white,opening,d4,73,65,8,ok
769f149f-59dc-11f1-b45e-6b336f01000f,11,6,white,opening,dxc5,278,285,0,ok
769f149f-59dc-11f1-b45e-6b336f01000f,13,7,white,opening,Nd5,503,495,8,ok
769f149f-59dc-11f1-b45e-6b336f01000f,15,8,white,opening,Bf4,560,504,56,inaccuracy
769f149f-59dc-11f1-b45e-6b336f01000f,17,9,white,opening,Nxc7+,507,506,1,ok
769f149f-59dc-11f1-b45e-6b336f01000f,19,10,white,opening,Bd6+,649,671,0,ok
769f149f-59dc-11f1-b45e-6b336f01000f,21,11,white,opening,Qf3,765,724,41,ok
769f149f-59dc-11f1-b45e-6b336f01000f,23,12,white,middlegame,Bb5,753,772,0,ok
769f149f-59dc-11f1-b45e-6b336f01000f,25,13,white,middlegame,Bxe7+,785,734,51,inaccuracy
769f149f-59dc-11f1-b45e-6b336f01000f,27,14,white,middlegame,Qa3,774,0,774,blunder
769f149f-59dc-11f1-b45e-6b336f01000f,29,15,white,middlegame,Nxa8,636,493,143,mistake
769f149f-59dc-11f1-b45e-6b336f01000f,31,16,white,middlegame,Qa5+,719,732,0,ok
769f149f-59dc-11f1-b45e-6b336f01000f,33,17,white,middlegame,Nc7+,801,822,0,ok
769f149f-59dc-11f1-b45e-6b336f01000f,35,18,white,middlegame,O-O-O,870,798,72,inaccuracy
769f149f-59dc-11f1-b45e-6b336f01000f,37,19,white,middlegame,Rhe1,897,966,0,ok
769f149f-59dc-11f1-b45e-6b336f01000f,39,20,white,middlegame,Kb1,966,990,0,ok
769f149f-59dc-11f1-b45e-6b336f01000f,41,21,white,middlegame,Re8+,1001,814,187,mistake
769f149f-59dc-11f1-b45e-6b336f01000f,43,22,white,middlegame,Qc3+,865,868,0,ok
769f149f-59dc-11f1-b45e-6b336f01000f,45,23,white,middlegame,Re7+,877,813,64,inaccuracy
769f149f-59dc-11f1-b45e-6b336f01000f,47,24,white,middlegame,Bxd7,816,634,182,mistake
769f149f-59dc-11f1-b45e-6b336f01000f,49,25,white,middlegame,Qc4,604,585,19,ok
769f149f-59dc-11f1-b45e-6b336f01000f,51,26,white,middlegame,Qxf7+,99997,1346,98651,blunder
769f149f-59dc-11f1-b45e-6b336f01000f,53,27,white,middlegame,Rexd7,1410,955,455,blunder
769f149f-59dc-11f1-b45e-6b336f01000f,55,28,white,middlegame,R7d5,1010,837,173,mistake
769f149f-59dc-11f1-b45e-6b336f01000f,57,29,white,middlegame,Qxf6,1427,99991,0,ok
769f149f-59dc-11f1-b45e-6b336f01000f,59,30,white,middlegame,Qf4+,99996,99988,8,ok
769f149f-59dc-11f1-b45e-6b336f01000f,61,31,white,middlegame,Qf6+,99988,1086,98902,blunder
769f149f-59dc-11f1-b45e-6b336f01000f,63,32,white,middlegame,Qf8+,1413,1357,56,inaccuracy
769f149f-59dc-11f1-b45e-6b336f01000f,65,33,white,middlegame,Qh8,1194,832,362,blunder
769f149f-59dc-11f1-b45e-6b336f01000f,67,34,white,middlegame,R5d3,980,1001,0,ok
769f149f-59dc-11f1-b45e-6b336f01000f,69,35,white,middlegame,Qf8+,1285,99993,0,ok
769f149f-59dc-11f1-b45e-6b336f01000f,71,36,white,middlegame,Rd5+,99993,99994,0,ok
769f149f-59dc-11f1-b45e-6b336f01000f,73,37,white,middlegame,Qd8+,99997,99998,0,ok
769f149f-59dc-11f1-b45e-6b336f01000f,75,38,white,middlegame,Qxg5#,99999,100000,0,ok
915c1413-5588-11f1-b81f-172aec01000f,2,1,black,opening,e5,-33,-37,4,ok
915c1413-5588-11f1-b81f-172aec01000f,4,2,black,opening,Nc6,-44,-39,0,ok
915c1413-5588-11f1-b81f-172aec01000f,6,3,black,opening,Nf6,-35,-32,0,ok
915c1413-5588-11f1-b81f-172aec01000f,8,4,black,opening,d5,-41,-63,22,ok
915c1413-5588-11f1-b81f-172aec01000f,10,5,black,opening,Nxd5,107,86,21,ok
915c1413-5588-11f1-b81f-172aec01000f,12,6,black,opening,Qxd5,81,80,1,ok
915c1413-5588-11f1-b81f-172aec01000f,14,7,black,opening,Nd4,119,-15,134,mistake
915c1413-5588-11f1-b81f-172aec01000f,16,8,black,opening,exd4,-11,-9,0,ok
915c1413-5588-11f1-b81f-172aec01000f,18,9,black,opening,Be7,5,-42,47,ok
915c1413-5588-11f1-b81f-172aec01000f,20,10,black,opening,Be6,54,49,5,ok
915c1413-5588-11f1-b81f-172aec01000f,22,11,black,middlegame,Qg5,434,-589,1023,blunder
915c1413-5588-11f1-b81f-172aec01000f,24,12,black,middlegame,Qh4,9,-19,28,ok
915c1413-5588-11f1-b81f-172aec01000f,26,13,black,middlegame,O-O,37,-38,75,inaccuracy
915c1413-5588-11f1-b81f-172aec01000f,28,14,black,middlegame,Bg4,-22,-17,0,ok
915c1413-5588-11f1-b81f-172aec01000f,30,15,black,middlegame,Qh5,-15,-110,95,inaccuracy
915c1413-5588-11f1-b81f-172aec01000f,32,16,black,middlegame,Bf5,-110,-164,54,inaccuracy
915c1413-5588-11f1-b81f-172aec01000f,34,17,black,middlegame,g6,-147,-326,179,mistake
915c1413-5588-11f1-b81f-172aec01000f,36,18,black,middlegame,Bd6,-259,-403,144,mistake
915c1413-5588-11f1-b81f-172aec01000f,38,19,black,middlegame,Bxe4,-75,-83,8,ok
915c1413-5588-11f1-b81f-172aec01000f,40,20,black,middlegame,Rfe8,-98,-101,3,ok
915c1413-5588-11f1-b81f-172aec01000f,42,21,black,middlegame,Re6,-97,-153,56,inaccuracy
915c1413-5588-11f1-b81f-172aec01000f,44,22,black,middlegame,Rxe4,-133,-142,9,ok
915c1413-5588-11f1-b81f-172aec01000f,46,23,black,middlegame,Qd1+,-142,-136,0,ok
915c1413-5588-11f1-b81f-172aec01000f,48,24,black,middlegame,cxd6,-144,-149,5,ok
915c1413-5588-11f1-b81f-172aec01000f,50,25,black,middlegame,Qxc2,-143,-133,0,ok
915c1413-5588-11f1-b81f-172aec01000f,52,26,black,middlegame,b5,-142,-158,16,ok
915c1413-5588-11f1-b81f-172aec01000f,54,27,black,middlegame,a5,-163,-166,3,ok
915c1413-5588-11f1-b81f-172aec01000f,56,28,black,middlegame,Rf8,-129,-132,3,ok
915c1413-5588-11f1-b81f-172aec01000f,58,29,black,middlegame,Qxd3,-47,-42,0,ok
915c1413-5588-11f1-b81f-172aec01000f,60,30,black,middlegame,a4,-28,-30,2,ok
915c1413-5588-11f1-b81f-172aec01000f,62,31,black,middlegame,Rd8,0,-30,30,ok
915c1413-5588-11f1-b81f-172aec01000f,64,32,black,middlegame,Rd5,0,-1204,1204,blunder
915c1413-5588-11f1-b81f-172aec01000f,66,33,black,middlegame,Kg7,-8,0,0,ok
915c1413-5588-11f1-b81f-172aec01000f,68,34,black,middlegame,h5,281,-47,328,blunder
915c1413-5588-11f1-b81f-172aec01000f,70,35,black,middlegame,Qd2,-68,-99999,99931,blunder
0cb30256-5587-11f1-b3aa-73b0e701000f,1,1,white,opening,e4,44,41,3,ok
0cb30256-5587-11f1-b3aa-73b0e701000f,3,2,white,opening,Nf3,45,43,2,ok
0cb30256-5587-11f1-b3aa-73b0e701000f,5,3,white,opening,Nc3,65,46,19,ok
0cb30256-5587-11f1-b3aa-73b0e701000f,7,4,white,opening,Bc4,98,65,33,ok
0cb30256-5587-11f1-b3aa-73b0e701000f,9,5,white,opening,d4,69,47,22,ok
0cb30256-5587-11f1-b3aa-73b0e701000f,11,6,white,opening,gxf3,93,72,21,ok
0cb30256-5587-11f1-b3aa-73b0e701000f,13,7,white,opening,Qxd4,131,127,4,ok
0cb30256-5587-11f1-b3aa-73b0e701000f,15,8,white,opening,Qd3,121,110,11,ok
0cb30256-5587-11f1-b3aa-73b0e701000f,17,9,white,opening,Qd2,160,78,82,inaccuracy
0cb30256-5587-11f1-b3aa-73b0e701000f,19,10,white,opening,Nd5,151,-9,160,mistake
0cb30256-5587-11f1-b3aa-73b0e701000f,21,11,white,opening,exd5,-12,-41,29,ok
0cb30256-5587-11f1-b3aa-73b0e701000f,23,12,white,middlegame,Rg1,-56,-73,17,ok
0cb30256-5587-11f1-b3aa-73b0e701000f,25,13,white,middlegame,Qg5,-2,-47,45,ok
0cb30256-5587-11f1-b3aa-73b0e701000f,27,14,white,middlegame,h4,-51,-126,75,inaccuracy
0cb30256-5587-11f1-b3aa-73b0e701000f,29,15,white,middlegame,Be3,-38,-66,28,ok
0cb30256-5587-11f1-b3aa-73b0e701000f,31,16,white,middlegame,Qxd5,422,446,0,ok
0cb30256-5587-11f1-b3aa-73b0e701000f,33,17,white,middlegame,O-O-O,459,468,0,ok
0cb30256-5587-11f1-b3aa-73b0e701000f,35,18,white,middlegame,Bd4+,485,336,149,mistake
0cb30256-5587-11f1-b3aa-73b0e701000f,37,19,white,middlegame,Bxf6+,388,339,49,ok
0cb30256-5587-11f1-b3aa-73b0e701000f,39,20,white,middlegame,Qxf7,333,354,0,ok
0cb30256-5587-11f1-b3aa-73b0e701000f,41,21,white,middlegame,Bxf7,362,364,0,ok
0cb30256-5587-11f1-b3aa-73b0e701000f,43,22,white,endgame,Bb3,380,370,10,ok
0cb30256-5587-11f1-b3aa-73b0e701000f,45,23,white,endgame,Rxd6,446,433,13,ok
0cb30256-5587-11f1-b3aa-73b0e701000f,47,24,white,endgame,Rgd1,473,402,71,inaccuracy
0cb30256-5587-11f1-b3aa-73b0e701000f,49,25,white,endgame,Rd7+,520,506,14,ok
0cb30256-5587-11f1-b3aa-73b0e701000f,51,26,white,endgame,Rxb7,486,478,8,ok
0cb30256-5587-11f1-b3aa-73b0e701000f,53,27,white,endgame,Rh1+,485,474,11,ok
0cb30256-5587-11f1-b3aa-73b0e701000f,55,28,white,endgame,Rbxh7,472,459,13,ok
0cb30256-5587-11f1-b3aa-73b0e701000f,57,29,white,endgame,Rg1+,542,552,0,ok
0cb30256-5587-11f1-b3aa-73b0e701000f,59,30,white,endgame,Bc4,589,464,125,mistake
0cb30256-5587-11f1-b3aa-73b0e701000f,61,31,white,endgame,Rf1,709,392,317,blunder
0cb30256-5587-11f1-b3aa-73b0e701000f,63,32,white,endgame,Bxf1,400,386,14,ok
0cb30256-5587-11f1-b3aa-73b0e701000f,65,33,white,endgame,Rh6+,397,385,12,ok
0cb30256-5587-11f1-b3aa-73b0e701000f,67,34,white,endgame,Rxc6,405,383,22,ok
0cb30256-5587-11f1-b3aa-73b0e701000f,69,35,white,endgame,Rc5+,447,441,6,ok
0cb30256-5587-11f1-b3aa-73b0e701000f,71,36,white,endgame,Rc4+,472,490,0,ok
0cb30256-5587-11f1-b3aa-73b0e701000f,73,37,white,endgame,b4,501,396,105,mistake
0cb30256-5587-11f1-b3aa-73b0e701000f,75,38,white,endgame,Rc3+,423,255,168,mistake
0cb30256-5587-11f1-b3aa-73b0e701000f,77,39,white,endgame,b5,258,63,195,mistake
0cb30256-5587-11f1-b3aa-73b0e701000f,79,40,white,endgame,b6,382,366,16,ok
0cb30256-5587-11f1-b3aa-73b0e701000f,81,41,white,endgame,Rxf3+,917,1350,0,ok
0cb30256-5587-11f1-b3aa-73b0e701000f,83,42,white,endgame,b7,1427,99986,0,ok
0cb30256-5587-11f1-b3aa-73b0e701000f,85,43,white,endgame,b8=Q,923,99988,0,ok
0cb30256-5587-11f1-b3aa-73b0e701000f,87,44,white,endgame,Qxg3,99990,99994,0,ok
083a688d-5586-11f1-9f33-90b72101000f,2,1,black,opening,e5,-39,-37,0,ok
083a688d-5586-11f1-9f33-90b72101000f,4,2,black,opening,Nc6,-40,-38,0,ok
083a688d-5586-11f1-9f33-90b72101000f,6,3,black,opening,d5,-33,-154,121,mistake
083a688d-5586-11f1-9f33-90b72101000f,8,4,black,opening,Qxd5,-125,-141,16,ok
083a688d-5586-11f1-9f33-90b72101000f,10,5,black,opening,Qc5,-142,-179,37,ok
083a688d-5586-11f1-9f33-90b72101000f,12,6,black,opening,Bg4,-124,-152,28,ok
083a688d-5586-11f1-9f33-90b72101000f,14,7,black,opening,Bxf3,-122,-126,4,ok
083a688d-5586-11f1-9f33-90b72101000f,16,8,black,opening,O-O-O,-131,-142,11,ok
083a688d-5586-11f1-9f33-90b72101000f,18,9,black,opening,Nd4,-40,-61,21,ok
083a688d-5586-11f1-9f33-90b72101000f,20,10,black,opening,f5,256,297,0,ok
083a688d-5586-11f1-9f33-90b72101000f,22,11,black,middlegame,Nxb5,377,398,0,ok
083a688d-5586-11f1-9f33-90b72101000f,24,12,black,middlegame,Qxb5,380,364,16,ok
083a688d-5586-11f1-9f33-90b72101000f,26,13,black,middlegame,e4,389,385,4,ok
083a688d-5586-11f1-9f33-90b72101000f,28,14,black,middlegame,exd3,464,442,22,ok
083a688d-5586-11f1-9f33-90b72101000f,30,15,black,middlegame,Nf6,518,528,0,ok
083a688d-5586-11f1-9f33-90b72101000f,32,16,black,middlegame,d2,540,467,73,inaccuracy
083a688d-5586-11f1-9f33-90b72101000f,34,17,black,middlegame,fxg4,457,-445,902,blunder
083a688d-5586-11f1-9f33-90b72101000f,36,18,black,middlegame,Rxd2,-420,-459,39,ok
083a688d-5586-11f1-9f33-90b72101000f,38,19,black,middlegame,Rd7,-402,-411,9,ok
083a688d-5586-11f1-9f33-90b72101000f,40,20,black,middlegame,Ne8,-453,-99999,99546,blunder
100502c0-5534-11f1-9f33-90b72101000f,2,1,black,opening,e5,-35,-37,2,ok
100502c0-5534-11f1-9f33-90b72101000f,4,2,black,opening,Nc6,-37,-35,0,ok
100502c0-5534-11f1-9f33-90b72101000f,6,3,black,opening,exd4,-21,-14,0,ok
100502c0-5534-11f1-9f33-90b72101000f,8,4,black,opening,Qf6,-2,-92,90,inaccuracy
100502c0-5534-11f1-9f33-90b72101000f,10,5,black,opening,dxc3,-37,-77,40,ok
100502c0-5534-11f1-9f33-90b72101000f,12,6,black,opening,Bb4,-75,-73,0,ok
100502c0-5534-11f1-9f33-90b72101000f,14,7,black,opening,Nd4,-66,-219,153,mistake
100502c0-5534-11f1-9f33-90b72101000f,16,8,black,opening,Qxd4,-226,-241,15,ok
100502c0-5534-11f1-9f33-90b72101000f,18,9,black,opening,Qxc4,-32,-33,1,ok
100502c0-5534-11f1-9f33-90b72101000f,20,10,black,opening,Qd4,249,277,0,ok
100502c0-5534-11f1-9f33-90b72101000f,22,11,black,middlegame,Nf6,266,260,6,ok
100502c0-5534-11f1-9f33-90b72101000f,24,12,black,middlegame,Bxc3,337,207,130,mistake
100502c0-5534-11f1-9f33-90b72101000f,26,13,black,middlegame,Qxe4,226,-411,637,blunder
100502c0-5534-11f1-9f33-90b72101000f,28,14,black,middlegame,d5,-335,-372,37,ok
100502c0-5534-11f1-9f33-90b72101000f,30,15,black,middlegame,Nxe4,-360,-338,0,ok
100502c0-5534-11f1-9f33-90b72101000f,32,16,black,middlegame,O-O,-239,-247,8,ok
100502c0-5534-11f1-9f33-90b72101000f,34,17,black,middlegame,Bf5,-251,-302,51,inaccuracy
100502c0-5534-11f1-9f33-90b72101000f,36,18,black,middlegame,b5,-280,-478,198,mistake
100502c0-5534-11f1-9f33-90b72101000f,38,19,black,middlegame,Rfe8,-282,-372,90,inaccuracy
100502c0-5534-11f1-9f33-90b72101000f,40,20,black,middlegame,g6,-308,-458,150,mistake
100502c0-5534-11f1-9f33-90b72101000f,42,21,black,middlegame,Rad8,-392,-427,35,ok
100502c0-5534-11f1-9f33-90b72101000f,44,22,black,middlegame,Bxg4,-240,-290,50,inaccuracy
100502c0-5534-11f1-9f33-90b72101000f,46,23,black,middlegame,Nc3,-274,-99987,99713,blunder
100502c0-5534-11f1-9f33-90b72101000f,48,24,black,middlegame,Rxe8,-99988,-99988,0,ok
100502c0-5534-11f1-9f33-90b72101000f,50,25,black,middlegame,Kg7,-99989,-99992,3,ok
100502c0-5534-11f1-9f33-90b72101000f,52,26,black,middlegame,f6,-99993,-99996,3,ok
100502c0-5534-11f1-9f33-90b72101000f,54,27,black,middlegame,Kh6,-99997,-99997,0,ok
100502c0-5534-11f1-9f33-90b72101000f,56,28,black,middlegame,g5,-99998,-99998,0,ok
100502c0-5534-11f1-9f33-90b72101000f,58,29,black,middlegame,Kh5,-99999,-99999,0,ok
4bf48088-5444-11f1-98f3-b87c9a01000f,1,1,white,opening,e4,34,38,0,ok
4bf48088-5444-11f1-98f3-b87c9a01000f,3,2,white,opening,Nf3,48,44,4,ok
4bf48088-5444-11f1-98f3-b87c9a01000f,5,3,white,opening,d4,38,37,1,ok
4bf48088-5444-11f1-98f3-b87c9a01000f,7,4,white,opening,dxc5,124,119,5,ok
4bf48088-5444-11f1-98f3-b87c9a01000f,9,5,white,opening,Nc3,151,142,9,ok
4bf48088-5444-11f1-98f3-b87c9a01000f,11,6,white,opening,Be3,211,229,0,ok
4bf48088-5444-11f1-98f3-b87c9a01000f,13,7,white,opening,Qd5,240,67,173,mistake
4bf48088-5444-11f1-98f3-b87c9a01000f,15,8,white,opening,exd5,447,190,257,mistake
4bf48088-5444-11f1-98f3-b87c9a01000f,17,9,white,opening,O-O-O,232,221,11,ok
4bf48088-5444-11f1-98f3-b87c9a01000f,19,10,white,opening,Bc5,432,313,119,mistake
4bf48088-5444-11f1-98f3-b87c9a01000f,21,11,white,opening,Bb5,322,304,18,ok
4bf48088-5444-11f1-98f3-b87c9a01000f,23,12,white,endgame,Rhe1,377,365,12,ok
4bf48088-5444-11f1-98f3-b87c9a01000f,25,13,white,endgame,Bxa6,457,415,42,ok
4bf48088-5444-11f1-98f3-b87c9a01000f,27,14,white,endgame,d6,435,248,187,mistake
4bf48088-5444-11f1-98f3-b87c9a01000f,29,15,white,endgame,Ne5,240,244,0,ok
4bf48088-5444-11f1-98f3-b87c9a01000f,31,16,white,endgame,Bd4,240,263,0,ok
4bf48088-5444-11f1-98f3-b87c9a01000f,33,17,white,endgame,Nxd7,294,300,0,ok
4bf48088-5444-11f1-98f3-b87c9a01000f,35,18,white,endgame,Bxf6,432,455,0,ok
4bf48088-5444-11f1-98f3-b87c9a01000f,37,19,white,endgame,Rxd6,593,612,0,ok
4bf48088-5444-11f1-98f3-b87c9a01000f,39,20,white,endgame,Red1,615,586,29,ok
4bf48088-5444-11f1-98f3-b87c9a01000f,41,21,white,endgame,Rd8,906,978,0,ok
4bf48088-5444-11f1-98f3-b87c9a01000f,43,22,white,endgame,Rxf8+,99998,99999,0,ok
4bf48088-5444-11f1-98f3-b87c9a01000f,45,23,white,endgame,Rd8#,99999,100000,0,ok
b367fcdd-513c-11f1-9907-13a8bd01000f,2,1,black,opening,e5,-38,-35,0,ok
b367fcdd-513c-11f1-9907-13a8bd01000f,4,2,black,opening,Nc6,14,11,3,ok
b367fcdd-513c-11f1-9907-13a8bd01000f,6,3,black,opening,Nf6,18,14,4,ok
b367fcdd-513c-11f1-9907-13a8bd01000f,8,4,black,opening,d5,23,26,0,ok
b367fcdd-513c-11f1-9907-13a8bd01000f,10,5,black,opening,d4,119,-29,148,mistake
b367fcdd-513c-11f1-9907-13a8bd01000f,12,6,black,opening,Bg4,44,-58,102,mistake
b367fcdd-513c-11f1-9907-13a8bd01000f,14,7,black,opening,Be7,-24,-37,13,ok
b367fcdd-513c-11f1-9907-13a8bd01000f,16,8,black,opening,Nh5,25,-117,142,mistake
b367fcdd-513c-11f1-9907-13a8bd01000f,18,9,black,opening,Qxe7,-122,-123,1,ok
b367fcdd-513c-11f1-9907-13a8bd01000f,20,10,black,opening,Bxf3,-24,-31,7,ok
b367fcdd-513c-11f1-9907-13a8bd01000f,22,11,black,middlegame,Nf4,-21,-54,33,ok
b367fcdd-513c-11f1-9907-13a8bd01000f,24,12,black,middlegame,O-O-O,55,-213,268,mistake
b367fcdd-513c-11f1-9907-13a8bd01000f,26,13,black,middlegame,Nxa5,84,70,14,ok
b367fcdd-513c-11f1-9907-13a8bd01000f,28,14,black,middlegame,a6,62,58,4,ok
b367fcdd-513c-11f1-9907-13a8bd01000f,30,15,black,middlegame,Kb8,109,106,3,ok
b367fcdd-513c-11f1-9907-13a8bd01000f,32,16,black,middlegame,Ng6,100,22,78,inaccuracy
b367fcdd-513c-11f1-9907-13a8bd01000f,34,17,black,middlegame,h5,24,29,0,ok
b367fcdd-513c-11f1-9907-13a8bd01000f,36,18,black,middlegame,h4,97,87,10,ok
b367fcdd-513c-11f1-9907-13a8bd01000f,38,19,black,middlegame,Rd6,120,24,96,inaccuracy
b367fcdd-513c-11f1-9907-13a8bd01000f,40,20,black,middlegame,Qg5,127,-52,179,mistake
b367fcdd-513c-11f1-9907-13a8bd01000f,42,21,black,middlegame,b6,-51,-171,120,mistake
b367fcdd-513c-11f1-9907-13a8bd01000f,44,22,black,middlegame,Rxb6,-143,-147,4,ok
b367fcdd-513c-11f1-9907-13a8bd01000f,46,23,black,middlegame,hxg3,281,372,0,ok
b367fcdd-513c-11f1-9907-13a8bd01000f,48,24,black,middlegame,Qh6,1042,1131,0,ok
b367fcdd-513c-11f1-9907-13a8bd01000f,50,25,black,middlegame,cxb6,1191,1063,128,mistake
b367fcdd-513c-11f1-9907-13a8bd01000f,52,26,black,middlegame,Qh1#,99999,100000,0,ok
29878d64-4f85-11f1-adfa-f7014301000f,1,1,white,opening,e4,37,34,3,ok
29878d64-4f85-11f1-adfa-f7014301000f,3,2,white,opening,Nf3,42,40,2,ok
29878d64-4f85-11f1-adfa-f7014301000f,5,3,white,opening,Nc3,37,21,16,ok
29878d64-4f85-11f1-adfa-f7014301000f,7,4,white,opening,d4,70,72,0,ok
29878d64-4f85-11f1-adfa-f7014301000f,9,5,white,opening,Nxd4,83,89,0,ok
29878d64-4f85-11f1-adfa-f7014301000f,11,6,white,opening,Qxd4,120,130,0,ok
29878d64-4f85-11f1-adfa-f7014301000f,13,7,white,opening,Bf4,252,126,126,mistake
29878d64-4f85-11f1-adfa-f7014301000f,15,8,white,opening,Nd5,129,-1,130,mistake
29878d64-4f85-11f1-adfa-f7014301000f,17,9,white,opening,Nxe7+,33,17,16,ok
29878d64-4f85-11f1-adfa-f7014301000f,19,10,white,opening,Bg5,17,-65,82,inaccuracy
29878d64-4f85-11f1-adfa-f7014301000f,21,11,white,opening,Qxe4,-76,-70,0,ok
29878d64-4f85-11f1-adfa-f7014301000f,23,12,white,endgame,Be3,-71,-80,9,ok
29878d64-4f85-11f1-adfa-f7014301000f,25,13,white,endgame,O-O-O,-74,-82,8,ok
29878d64-4f85-11f1-adfa-f7014301000f,27,14,white,endgame,Bd3,49,-21,70,inaccuracy
29878d64-4f85-11f1-adfa-f7014301000f,29,15,white,endgame,Bxe4,-16,-102,86,inaccuracy
29878d64-4f85-11f1-adfa-f7014301000f,31,16,white,endgame,Bd4,-90,-189,99,inaccuracy
29878d64-4f85-11f1-adfa-f7014301000f,33,17,white,endgame,f3,-77,-73,0,ok
29878d64-4f85-11f1-adfa-f7014301000f,35,18,white,endgame,fxe4,80,74,6,ok
29878d64-4f85-11f1-adfa-f7014301000f,37,19,white,endgame,exd5,61,59,2,ok
29878d64-4f85-11f1-adfa-f7014301000f,39,20,white,endgame,Rhe1,72,67,5,ok
29878d64-4f85-11f1-adfa-f7014301000f,41,21,white,endgame,Rxe1,187,191,0,ok
29878d64-4f85-11f1-adfa-f7014301000f,43,22,white,endgame,Re5,224,38,186,mistake
29878d64-4f85-11f1-adfa-f7014301000f,45,23,white,endgame,Rf5,36,0,36,ok
29878d64-4f85-11f1-adfa-f7014301000f,47,24,white,endgame,g4,0,-105,105,mistake
29878d64-4f85-11f1-adfa-f7014301000f,49,25,white,endgame,Rf3,-110,-172,62,inaccuracy
29878d64-4f85-11f1-adfa-f7014301000f,51,26,white,endgame,h4,-168,-183,15,ok
29878d64-4f85-11f1-adfa-f7014301000f,53,27,white,endgame,Kd2,-129,-130,1,ok
29878d64-4f85-11f1-adfa-f7014301000f,55,28,white,endgame,Kd3,4,-37,41,ok
29878d64-4f85-11f1-adfa-f7014301000f,57,29,white,endgame,b3,5,-123,128,mistake
29878d64-4f85-11f1-adfa-f7014301000f,59,30,white,endgame,Kxd4,-29,-124,95,inaccuracy
29878d64-4f85-11f1-adfa-f7014301000f,61,31,white,endgame,Kd3,-117,-138,21,ok
29878d64-4f85-11f1-adfa-f7014301000f,63,32,white,endgame,Rf2,-61,-229,168,mistake
29878d64-4f85-11f1-adfa-f7014301000f,65,33,white,endgame,bxa4,-6,-75,69,inaccuracy
29878d64-4f85-11f1-adfa-f7014301000f,67,34,white,endgame,Kc4,-13,-122,109,mistake
29878d64-4f85-11f1-adfa-f7014301000f,69,35,white,endgame,Kxb3,-116,-106,0,ok
29878d64-4f85-11f1-adfa-f7014301000f,71,36,white,endgame,c4,-106,-167,61,inaccuracy
29878d64-4f85-11f1-adfa-f7014301000f,73,37,white,endgame,c5,-214,-227,13,ok
29878d64-4f85-11f1-adfa-f7014301000f,75,38,white,endgame,c6,-250,-244,0,ok
29878d64-4f85-11f1-adfa-f7014301000f,77,39,white,endgame,Kb4,-239,-230,0,ok
29878d64-4f85-11f1-adfa-f7014301000f,79,40,white,endgame,Kc5,-216,-238,22,ok
29878d64-4f85-11f1-adfa-f7014301000f,81,41,white,endgame,Rd2,-48,-252,204,mistake
29878d64-4f85-11f1-adfa-f7014301000f,83,42,white,endgame,Rd7+,-254,-338,84,inaccuracy
29878d64-4f85-11f1-adfa-f7014301000f,85,43,white,endgame,c7,-373,-446,73,inaccuracy
29878d64-4f85-11f1-adfa-f7014301000f,87,44,white,endgame,Kc6,-454,-504,50,inaccuracy
29878d64-4f85-11f1-adfa-f7014301000f,89,45,white,endgame,Rd8,-226,-229,3,ok
29878d64-4f85-11f1-adfa-f7014301000f,91,46,white,endgame,Kxc7,-258,-258,0,ok
29878d64-4f85-11f1-adfa-f7014301000f,93,47,white,endgame,Kd6,-37,-22,0,ok
29878d64-4f85-11f1-adfa-f7014301000f,95,48,white,endgame,Ke5,-8,-4,0,ok
29878d64-4f85-11f1-adfa-f7014301000f,97,49,white,endgame,Rd3,-2,-522,520,blunder
29878d64-4f85-11f1-adfa-f7014301000f,99,50,white,endgame,Ke4,-5,0,0,ok
29878d64-4f85-11f1-adfa-f7014301000f,101,51,white,endgame,Rf3,0,0,0,ok
29878d64-4f85-11f1-adfa-f7014301000f,103,52,white,endgame,Rxf2,0,0,0,ok
29878d64-4f85-11f1-adfa-f7014301000f,105,53,white,endgame,Rb2,0,0,0,ok
29878d64-4f85-11f1-adfa-f7014301000f,107,54,white,endgame,Rb3+,0,0,0,ok
29878d64-4f85-11f1-adfa-f7014301000f,109,55,white,endgame,Kf4,0,0,0,ok
29878d64-4f85-11f1-adfa-f7014301000f,111,56,white,endgame,Rb1,0,0,0,ok
29878d64-4f85-11f1-adfa-f7014301000f,113,57,white,endgame,Kf3,0,0,0,ok
29878d64-4f85-11f1-adfa-f7014301000f,115,58,white,endgame,Kf4,0,-1,1,ok
29878d64-4f85-11f1-adfa-f7014301000f,117,59,white,endgame,Rb3+,0,0,0,ok
29878d64-4f85-11f1-adfa-f7014301000f,119,60,white,endgame,Rb8,0,0,0,ok
29878d64-4f85-11f1-adfa-f7014301000f,121,61,white,endgame,Kf5,0,0,0,ok
29878d64-4f85-11f1-adfa-f7014301000f,123,62,white,endgame,Kf6,0,0,0,ok
29878d64-4f85-11f1-adfa-f7014301000f,125,63,white,endgame,Rb7+,0,0,0,ok
29878d64-4f85-11f1-adfa-f7014301000f,127,64,white,endgame,Rb3,0,-1317,1317,blunder
29878d64-4f85-11f1-adfa-f7014301000f,129,65,white,endgame,Kf5,-521,-1128,607,blunder
29878d64-4f85-11f1-adfa-f7014301000f,131,66,white,endgame,Kf4,-256,-1302,1046,blunder
29878d64-4f85-11f1-adfa-f7014301000f,133,67,white,middlegame,Rb8,-99989,-99994,5,ok
29878d64-4f85-11f1-adfa-f7014301000f,135,68,white,middlegame,Kf5,-99995,-99995,0,ok
29878d64-4f85-11f1-adfa-f7014301000f,137,69,white,middlegame,Ke4,-99989,-99995,6,ok
29878d64-4f85-11f1-adfa-f7014301000f,139,70,white,middlegame,Kd5,-99994,-99994,0,ok
29878d64-4f85-11f1-adfa-f7014301000f,141,71,white,middlegame,Kc6,-99990,-99995,5,ok
29878d64-4f85-11f1-adfa-f7014301000f,143,72,white,middlegame,Kb7,-99991,-99997,6,ok
29878d64-4f85-11f1-adfa-f7014301000f,145,73,white,middlegame,Kc8,-1302,-99991,98689,blunder
29878d64-4f85-11f1-adfa-f7014301000f,147,74,white,middlegame,Kd8,-99990,-99994,4,ok
29878d64-4f85-11f1-adfa-f7014301000f,149,75,white,middlegame,Rb1,-99989,-99988,0,ok
29878d64-4f85-11f1-adfa-f7014301000f,151,76,white,middlegame,Re1,-674,-1216,542,blunder
29878d64-4f85-11f1-adfa-f7014301000f,153,77,white,middlegame,Ke8,-1439,-1407,0,ok
29878d64-4f85-11f1-adfa-f7014301000f,155,78,white,middlegame,Kf8,-1369,-1260,0,ok
29878d64-4f85-11f1-adfa-f7014301000f,157,79,white,middlegame,Ke8,-1126,-1316,190,mistake
29878d64-4f85-11f1-adfa-f7014301000f,159,80,white,middlegame,Kf8,-984,-99979,98995,blunder
29878d64-4f85-11f1-adfa-f7014301000f,161,81,white,middlegame,Rg1+,-1326,-99997,98671,blunder
29878d64-4f85-11f1-adfa-f7014301000f,163,82,white,middlegame,Re1,-99984,-99984,0,ok
29878d64-4f85-11f1-adfa-f7014301000f,165,83,white,middlegame,Ke8,-1296,-1163,0,ok
29878d64-4f85-11f1-adfa-f7014301000f,167,84,white,middlegame,Rh1,-549,-99992,99443,blunder
29878d64-4f85-11f1-adfa-f7014301000f,169,85,white,middlegame,Kd8,-99994,-99995,1,ok
29878d64-4f85-11f1-adfa-f7014301000f,171,86,white,endgame,Ke8,-99996,-99996,0,ok
29878d64-4f85-11f1-adfa-f7014301000f,173,87,white,endgame,Kf8,-99997,-99997,0,ok
29878d64-4f85-11f1-adfa-f7014301000f,175,88,white,endgame,Kf7,-99998,-99998,0,ok
184f9437-4f37-11f1-844c-285e2401000f,1,1,white,opening,e4,38,36,2,ok
184f9437-4f37-11f1-844c-285e2401000f,3,2,white,opening,Nf3,42,46,0,ok
184f9437-4f37-11f1-844c-285e2401000f,5,3,white,opening,d4,46,49,0,ok
184f9437-4f37-11f1-844c-285e2401000f,7,4,white,opening,Nxd4,45,43,2,ok
184f9437-4f37-11f1-844c-285e2401000f,9,5,white,opening,Qxd4,103,102,1,ok
184f9437-4f37-11f1-844c-285e2401000f,11,6,white,opening,Nc3,106,100,6,ok
184f9437-4f37-11f1-844c-285e2401000f,13,7,white,opening,Bf4,164,152,12,ok
184f9437-4f37-11f1-844c-285e2401000f,15,8,white,opening,Bd6,362,-404,766,blunder
184f9437-4f37-11f1-844c-285e2401000f,17,9,white,opening,O-O-O,-420,-438,18,ok
184f9437-4f37-11f1-844c-285e2401000f,19,10,white,opening,Rxd4,-422,-430,8,ok
184f9437-4f37-11f1-844c-285e2401000f,21,11,white,opening,Rd5,-356,-362,6,ok
184f9437-4f37-11f1-844c-285e2401000f,23,12,white,endgame,Bb5+,-336,-334,0,ok
184f9437-4f37-11f1-844c-285e2401000f,25,13,white,endgame,Bxd7+,-362,-365,3,ok
184f9437-4f37-11f1-844c-285e2401000f,27,14,white,endgame,Rhd1,-374,-368,0,ok
184f9437-4f37-11f1-844c-285e2401000f,29,15,white,endgame,Rxe5,-321,-331,10,ok
184f9437-4f37-11f1-844c-285e2401000f,31,16,white,endgame,Nd5,-303,-443,140,mistake
184f9437-4f37-11f1-844c-285e2401000f,33,17,white,endgame,Rexd5,-383,-400,17,ok
184f9437-4f37-11f1-844c-285e2401000f,35,18,white,endgame,e5,-399,-415,16,ok
184f9437-4f37-11f1-844c-285e2401000f,37,19,white,endgame,b4,-407,-438,31,ok
184f9437-4f37-11f1-844c-285e2401000f,39,20,white,endgame,R1d2,-454,-463,9,ok
184f9437-4f37-11f1-844c-285e2401000f,41,21,white,endgame,e6+,-34,-23,0,ok
184f9437-4f37-11f1-844c-285e2401000f,43,22,white,endgame,Rxg5,-20,-17,0,ok
184f9437-4f37-11f1-844c-285e2401000f,45,23,white,endgame,h4,-18,-18,0,ok
184f9437-4f37-11f1-844c-285e2401000f,47,24,white,endgame,a3,-1,-211,210,mistake
184f9437-4f37-11f1-844c-285e2401000f,49,25,white,endgame,g3,-217,-231,14,ok
184f9437-4f37-11f1-844c-285e2401000f,51,26,white,endgame,Kb2,-230,-218,0,ok
184f9437-4f37-11f1-844c-285e2401000f,53,27,white,endgame,f4,-139,-158,19,ok
184f9437-4f37-11f1-844c-285e2401000f,55,28,white,endgame,Re5,-106,-110,4,ok
184f9437-4f37-11f1-844c-285e2401000f,57,29,white,endgame,Re3,-80,-61,0,ok
184f9437-4f37-11f1-844c-285e2401000f,59,30,white,endgame,Red3,-61,-91,30,ok
184f9437-4f37-11f1-844c-285e2401000f,61,31,white,endgame,c4,-28,-34,6,ok
184f9437-4f37-11f1-844c-285e2401000f,63,32,white,endgame,cxd5,-4,0,0,ok
184f9437-4f37-11f1-844c-285e2401000f,65,33,white,endgame,Rxd5,7,-95,102,mistake
184f9437-4f37-11f1-844c-285e2401000f,67,34,white,endgame,Rd7+,-91,-86,0,ok
184f9437-4f37-11f1-844c-285e2401000f,69,35,white,endgame,Rxa7,-95,-87,0,ok
184f9437-4f37-11f1-844c-285e2401000f,71,36,white,endgame,Rf7+,-82,-111,29,ok
184f9437-4f37-11f1-844c-285e2401000f,73,37,white,endgame,a4,-105,-145,40,ok
184f9437-4f37-11f1-844c-285e2401000f,75,38,white,endgame,a5,-160,-254,94,inaccuracy
184f9437-4f37-11f1-844c-285e2401000f,77,39,white,endgame,bxa5,-252,-355,103,mistake
184f9437-4f37-11f1-844c-285e2401000f,79,40,white,endgame,Rh7,-354,-501,147,mistake
184f9437-4f37-11f1-844c-285e2401000f,81,41,white,endgame,Rd7,-510,-516,6,ok
184f9437-4f37-11f1-844c-285e2401000f,83,42,white,endgame,Rd3+,-456,-453,0,ok
184f9437-4f37-11f1-844c-285e2401000f,85,43,white,endgame,a6,-466,-518,52,inaccuracy
184f9437-4f37-11f1-844c-285e2401000f,87,44,white,endgame,Rxd2,-460,-497,37,ok
184f9437-4f37-11f1-844c-285e2401000f,89,45,white,endgame,Rd3+,-463,-476,13,ok
184f9437-4f37-11f1-844c-285e2401000f,91,46,white,endgame,Rd2+,-300,-479,179,mistake
184f9437-4f37-11f1-844c-285e2401000f,93,47,white,endgame,Rd3+,-495,-486,0,ok
184f9437-4f37-11f1-844c-285e2401000f,95,48,white,endgame,a7,-496,-556,60,inaccuracy
184f9437-4f37-11f1-844c-285e2401000f,97,49,white,endgame,Rd1,-555,-556,1,ok
184f9437-4f37-11f1-844c-285e2401000f,99,50,white,endgame,Rd3+,-551,-559,8,ok
184f9437-4f37-11f1-844c-285e2401000f,101,51,white,endgame,Rd1,-467,-558,91,inaccuracy
184f9437-4f37-11f1-844c-285e2401000f,103,52,white,endgame,Rh1,-570,-578,8,ok
184f9437-4f37-11f1-844c-285e2401000f,105,53,white,endgame,Kc3,-561,-588,27,ok
184f9437-4f37-11f1-844c-285e2401000f,107,54,white,endgame,Rb1,-571,-631,60,inaccuracy
184f9437-4f37-11f1-844c-285e2401000f,109,55,white,middlegame,Rxh1,-685,-1047,362,blunder
184f9437-4f37-11f1-844c-285e2401000f,111,56,white,endgame,Kd4,-8115,-6386,0,ok
184f9437-4f37-11f1-844c-285e2401000f,113,57,white,endgame,Ke5,-6215,-5230,0,ok
184f9437-4f37-11f1-844c-285e2401000f,115,58,white,endgame,Ke6,-5082,-4071,0,ok
184f9437-4f37-11f1-844c-285e2401000f,117,59,white,endgame,Ke5,-4061,-3992,0,ok
184f9437-4f37-11f1-844c-285e2401000f,119,60,white,endgame,Ke4,-3998,-3883,0,ok
184f9437-4f37-11f1-844c-285e2401000f,121,61,white,endgame,Ke3,-3874,-3843,0,ok
184f9437-4f37-11f1-844c-285e2401000f,123,62,white,endgame,Ke2,-5425,-3009,0,ok
184f9437-4f37-11f1-844c-285e2401000f,125,63,white,endgame,Ke3,-3081,-4438,1357,blunder
184f9437-4f37-11f1-844c-285e2401000f,127,64,white,endgame,Ke2,-99990,-99995,5,ok
184f9437-4f37-11f1-844c-285e2401000f,129,65,white,middlegame,Kd3,-99996,-99996,0,ok
184f9437-4f37-11f1-844c-285e2401000f,131,66,white,middlegame,Kd2,-99992,-99995,3,ok
184f9437-4f37-11f1-844c-285e2401000f,133,67,white,middlegame,Kc2,-99997,-99997,0,ok
184f9437-4f37-11f1-844c-285e2401000f,135,68,white,middlegame,Kb1,-99998,-99998,0,ok
184f9437-4f37-11f1-844c-285e2401000f,137,69,white,middlegame,Ka2,-99999,-99999,0,ok
2a0f4cf8-4f36-11f1-844c-285e2401000f,2,1,black,opening,e5,-34,-37,3,ok
2a0f4cf8-4f36-11f1-844c-285e2401000f,4,2,black,opening,Nf6,36,14,22,ok
2a0f4cf8-4f36-11f1-844c-285e2401000f,6,3,black,opening,Be7,19,23,0,ok
2a0f4cf8-4f36-11f1-844c-285e2401000f,8,4,black,opening,Nc6,34,38,0,ok
2a0f4cf8-4f36-11f1-844c-285e2401000f,10,5,black,opening,Nh5,92,-106,198,mistake
2a0f4cf8-4f36-11f1-844c-285e2401000f,12,6,black,opening,Nd4,-105,-145,40,ok
2a0f4cf8-4f36-11f1-844c-285e2401000f,14,7,black,opening,O-O,-150,-339,189,mistake
2a0f4cf8-4f36-11f1-844c-285e2401000f,16,8,black,opening,Nc6,-318,-413,95,inaccuracy
2a0f4cf8-4f36-11f1-844c-285e2401000f,18,9,black,opening,d6,-355,-392,37,ok
2a0f4cf8-4f36-11f1-844c-285e2401000f,20,10,black,opening,Ne5,-313,-303,0,ok
2a0f4cf8-4f36-11f1-844c-285e2401000f,22,11,black,middlegame,Bh4,-245,-224,0,ok
2a0f4cf8-4f36-11f1-844c-285e2401000f,24,12,black,middlegame,Bxf2+,-18,-460,442,blunder
2a0f4cf8-4f36-11f1-844c-285e2401000f,26,13,black,middlegame,Bg4,-462,-496,34,ok
2a0f4cf8-4f36-11f1-844c-285e2401000f,28,14,black,middlegame,c5,-395,-524,129,mistake
2a0f4cf8-4f36-11f1-844c-285e2401000f,30,15,black,middlegame,Bxf3,-503,-523,20,ok
2a0f4cf8-4f36-11f1-844c-285e2401000f,32,16,black,middlegame,b5,-540,-627,87,inaccuracy
2a0f4cf8-4f36-11f1-844c-285e2401000f,34,17,black,middlegame,cxd4,-511,-552,41,ok
2a0f4cf8-4f36-11f1-844c-285e2401000f,36,18,black,middlegame,a5,-504,-586,82,inaccuracy
2a0f4cf8-4f36-11f1-844c-285e2401000f,38,19,black,middlegame,Qh4+,-566,-611,45,ok
2a0f4cf8-4f36-11f1-844c-285e2401000f,40,20,black,middlegame,Ng4,-578,-932,354,blunder
a59d3434-4f35-11f1-ba4e-07d22001000f,1,1,white,opening,e4,36,39,0,ok
a59d3434-4f35-11f1-ba4e-07d22001000f,3,2,white,opening,Nf3,73,62,11,ok
a59d3434-4f35-11f1-ba4e-07d22001000f,5,3,white,opening,d4,67,64,3,ok
a59d3434-4f35-11f1-ba4e-07d22001000f,7,4,white,opening,e5,66,-39,105,mistake
a59d3434-4f35-11f1-ba4e-07d22001000f,9,5,white,opening,exd6,58,12,46,ok
a59d3434-4f35-11f1-ba4e-07d22001000f,11,6,white,opening,Nc3,41,-29,70,inaccuracy
a59d3434-4f35-11f1-ba4e-07d22001000f,13,7,white,opening,Qxd4,472,469,3,ok
a59d3434-4f35-11f1-ba4e-07d22001000f,15,8,white,opening,Nxd4,491,468,23,ok
a59d3434-4f35-11f1-ba4e-07d22001000f,17,9,white,opening,Ndb5,497,486,11,ok
a59d3434-4f35-11f1-ba4e-07d22001000f,19,10,white,opening,Be3,537,511,26,ok
a59d3434-4f35-11f1-ba4e-07d22001000f,21,11,white,opening,Nxa7,549,373,176,mistake
a59d3434-4f35-11f1-ba4e-07d22001000f,23,12,white,endgame,f3,497,483,14,ok
a59d3434-4f35-11f1-ba4e-07d22001000f,25,13,white,endgame,O-O-O+,494,505,0,ok
a59d3434-4f35-11f1-ba4e-07d22001000f,27,14,white,endgame,Bc4+,673,672,1,ok
a59d3434-4f35-11f1-ba4e-07d22001000f,29,15,white,endgame,g4,662,645,17,ok
a59d3434-4f35-11f1-ba4e-07d22001000f,31,16,white,endgame,g5+,938,684,254,mistake
a59d3434-4f35-11f1-ba4e-07d22001000f,33,17,white,endgame,Rxd7,906,895,11,ok
a59d3434-4f35-11f1-ba4e-07d22001000f,35,18,white,endgame,Rxf7#,99999,100000,0,ok
49b03ba1-4f20-11f1-bcfe-0b7b8f01000f,2,1,black,opening,d5,-33,-34,1,ok
49b03ba1-4f20-11f1-bcfe-0b7b8f01000f,4,2,black,opening,dxc4,-38,-44,6,ok
49b03ba1-4f20-11f1-bcfe-0b7b8f01000f,6,3,black,opening,Nc6,-17,-99,82,inaccuracy
49b03ba1-4f20-11f1-bcfe-0b7b8f01000f,8,4,black,opening,Ne5,-107,-113,6,ok
49b03ba1-4f20-11f1-bcfe-0b7b8f01000f,10,5,black,opening,Qd6,-19,-137,118,mistake
49b03ba1-4f20-11f1-bcfe-0b7b8f01000f,12,6,black,opening,f6,349,-178,527,blunder
49b03ba1-4f20-11f1-bcfe-0b7b8f01000f,14,7,black,opening,g5,-178,-261,83,inaccuracy
49b03ba1-4f20-11f1-bcfe-0b7b8f01000f,16,8,black,opening,Nxf3+,-222,-228,6,ok
49b03ba1-4f20-11f1-bcfe-0b7b8f01000f,18,9,black,opening,Qb4,-227,-259,32,ok
49b03ba1-4f20-11f1-bcfe-0b7b8f01000f,20,10,black,opening,Bf5,-164,-193,29,ok
49b03ba1-4f20-11f1-bcfe-0b7b8f01000f,22,11,black,middlegame,Bxe4,-175,-410,235,mistake
49b03ba1-4f20-11f1-bcfe-0b7b8f01000f,24,12,black,middlegame,Qxb2,-25,-26,1,ok
49b03ba1-4f20-11f1-bcfe-0b7b8f01000f,26,13,black,middlegame,Qxc3+,239,241,0,ok
49b03ba1-4f20-11f1-bcfe-0b7b8f01000f,28,14,black,middlegame,O-O-O,284,140,144,mistake
49b03ba1-4f20-11f1-bcfe-0b7b8f01000f,30,15,black,middlegame,Bh6,149,-212,361,blunder
49b03ba1-4f20-11f1-bcfe-0b7b8f01000f,32,16,black,middlegame,f5,295,120,175,mistake
49b03ba1-4f20-11f1-bcfe-0b7b8f01000f,34,17,black,middlegame,Kb8,117,120,0,ok
49b03ba1-4f20-11f1-bcfe-0b7b8f01000f,36,18,black,middlegame,Bxg5,244,281,0,ok
49b03ba1-4f20-11f1-bcfe-0b7b8f01000f,38,19,black,middlegame,Qc1+,276,267,9,ok
49b03ba1-4f20-11f1-bcfe-0b7b8f01000f,40,20,black,middlegame,Qxc4+,347,379,0,ok
49b03ba1-4f20-11f1-bcfe-0b7b8f01000f,42,21,black,middlegame,Rf8+,395,450,0,ok
49b03ba1-4f20-11f1-bcfe-0b7b8f01000f,44,22,black,middlegame,Qc3+,477,274,203,mistake
49b03ba1-4f20-11f1-bcfe-0b7b8f01000f,46,23,black,middlegame,Nf6,283,204,79,inaccuracy
49b03ba1-4f20-11f1-bcfe-0b7b8f01000f,48,24,black,middlegame,Qc4+,464,439,25,ok
49b03ba1-4f20-11f1-bcfe-0b7b8f01000f,50,25,black,middlegame,Ne4,606,618,0,ok
49b03ba1-4f20-11f1-bcfe-0b7b8f01000f,52,26,black,middlegame,Qc1+,946,1241,0,ok
49b03ba1-4f20-11f1-bcfe-0b7b8f01000f,54,27,black,middlegame,Qxe3#,99999,100000,0,ok
ceb0e05d-4f1d-11f1-9881-5506c501000f,2,1,black,opening,d5,-37,-37,0,ok
ceb0e05d-4f1d-11f1-9881-5506c501000f,4,2,black,opening,dxc4,-34,-34,0,ok
ceb0e05d-4f1d-11f1-9881-5506c501000f,6,3,black,opening,e5,-13,-32,19,ok
ceb0e05d-4f1d-11f1-9881-5506c501000f,8,4,black,opening,Qxd1+,36,37,0,ok
ceb0e05d-4f1d-11f1-9881-5506c501000f,10,5,black,opening,Nc6,37,40,0,ok
ceb0e05d-4f1d-11f1-9881-5506c501000f,12,6,black,opening,Nxe5,184,127,57,inaccuracy
ceb0e05d-4f1d-11f1-9881-5506c501000f,14,7,black,opening,Bb4+,153,114,39,ok
ceb0e05d-4f1d-11f1-9881-5506c501000f,16,8,black,opening,Nxf3+,127,124,3,ok
ceb0e05d-4f1d-11f1-9881-5506c501000f,18,9,black,opening,Be6,126,129,0,ok
ceb0e05d-4f1d-11f1-9881-5506c501000f,20,10,black,opening,g6,135,129,6,ok
ceb0e05d-4f1d-11f1-9881-5506c501000f,22,11,black,endgame,Bxc3+,140,115,25,ok
ceb0e05d-4f1d-11f1-9881-5506c501000f,24,12,black,endgame,O-O-O,101,110,0,ok
ceb0e05d-4f1d-11f1-9881-5506c501000f,26,13,black,endgame,Nf6,184,186,0,ok
ceb0e05d-4f1d-11f1-9881-5506c501000f,28,14,black,endgame,Rd6,245,190,55,inaccuracy
ceb0e05d-4f1d-11f1-9881-5506c501000f,30,15,black,endgame,Bxc4,197,157,40,ok
ceb0e05d-4f1d-11f1-9881-5506c501000f,32,16,black,endgame,Rhd8,169,166,3,ok
ceb0e05d-4f1d-11f1-9881-5506c501000f,34,17,black,endgame,Nd5,181,184,0,ok
ceb0e05d-4f1d-11f1-9881-5506c501000f,36,18,black,endgame,f5,205,156,49,ok
ceb0e05d-4f1d-11f1-9881-5506c501000f,38,19,black,endgame,Re8,268,81,187,mistake
ceb0e05d-4f1d-11f1-9881-5506c501000f,40,20,black,endgame,c5,20,-401,421,blunder
ceb0e05d-4f1d-11f1-9881-5506c501000f,42,21,black,endgame,Rxd5,-428,-434,6,ok
ceb0e05d-4f1d-11f1-9881-5506c501000f,44,22,black,endgame,c4,-430,-495,65,inaccuracy
ceb0e05d-4f1d-11f1-9881-5506c501000f,46,23,black,endgame,b5,-511,-521,10,ok
ceb0e05d-4f1d-11f1-9881-5506c501000f,48,24,black,endgame,a6,-497,-532,35,ok
ceb0e05d-4f1d-11f1-9881-5506c501000f,50,25,black,endgame,axb5,-550,-546,0,ok
ceb0e05d-4f1d-11f1-9881-5506c501000f,52,26,black,endgame,f4,-480,-513,33,ok
ceb0e05d-4f1d-11f1-9881-5506c501000f,54,27,black,endgame,Kd7,-477,-522,45,ok
ceb0e05d-4f1d-11f1-9881-5506c501000f,56,28,black,endgame,Rc8,-527,-688,161,mistake
ceb0e05d-4f1d-11f1-9881-5506c501000f,58,29,black,endgame,g5,-557,-661,104,mistake
ceb0e05d-4f1d-11f1-9881-5506c501000f,60,30,black,endgame,h5,-625,-697,72,inaccuracy
ceb0e05d-4f1d-11f1-9881-5506c501000f,62,31,black,endgame,g4,-576,-613,37,ok
ceb0e05d-4f1d-11f1-9881-5506c501000f,64,32,black,endgame,hxg4,-542,-554,12,ok
ceb0e05d-4f1d-11f1-9881-5506c501000f,66,33,black,endgame,f3,-502,-577,75,inaccuracy
ceb0e05d-4f1d-11f1-9881-5506c501000f,68,34,black,endgame,Re8,-503,-655,152,mistake
ceb0e05d-4f1d-11f1-9881-5506c501000f,70,35,black,endgame,Rg8,-523,-604,81,inaccuracy
ceb0e05d-4f1d-11f1-9881-5506c501000f,72,36,black,endgame,Rc8,-544,-613,69,inaccuracy
ceb0e05d-4f1d-11f1-9881-5506c501000f,74,37,black,endgame,c3,-593,-1351,758,blunder
ceb0e05d-4f1d-11f1-9881-5506c501000f,76,38,black,endgame,c2,-495,-527,32,ok
ceb0e05d-4f1d-11f1-9881-5506c501000f,78,39,black,endgame,Rc4,-530,-530,0,ok
ceb0e05d-4f1d-11f1-9881-5506c501000f,80,40,black,endgame,Kd6,-487,-511,24,ok
ceb0e05d-4f1d-11f1-9881-5506c501000f,82,41,black,endgame,Kc5,-458,-524,66,inaccuracy
ceb0e05d-4f1d-11f1-9881-5506c501000f,84,42,black,endgame,b4,-416,-427,11,ok
ceb0e05d-4f1d-11f1-9881-5506c501000f,86,43,black,endgame,Kxb4,-490,-491,1,ok
ceb0e05d-4f1d-11f1-9881-5506c501000f,88,44,black,endgame,Kb3,-461,-522,61,inaccuracy
ceb0e05d-4f1d-11f1-9881-5506c501000f,90,45,black,endgame,Rc7,-481,-503,22,ok
ceb0e05d-4f1d-11f1-9881-5506c501000f,92,46,black,endgame,Kxc2,-493,-496,3,ok
ceb0e05d-4f1d-11f1-9881-5506c501000f,94,47,black,endgame,Kc3,-474,-500,26,ok
ceb0e05d-4f1d-11f1-9881-5506c501000f,96,48,black,endgame,Kd4,-44,-3,0,ok
ceb0e05d-4f1d-11f1-9881-5506c501000f,98,49,black,endgame,Ke3,-3,-477,474,blunder
ceb0e05d-4f1d-11f1-9881-5506c501000f,100,50,black,endgame,Kxf3,-283,-283,0,ok
ceb0e05d-4f1d-11f1-9881-5506c501000f,102,51,black,endgame,Rc8,-233,-233,0,ok
ceb0e05d-4f1d-11f1-9881-5506c501000f,104,52,black,endgame,Ke4,-5,-3,0,ok
ceb0e05d-4f1d-11f1-9881-5506c501000f,106,53,black,endgame,Kxd5,0,0,0,ok
ceb0e05d-4f1d-11f1-9881-5506c501000f,108,54,black,endgame,Rh8,0,-8,8,ok
ceb0e05d-4f1d-11f1-9881-5506c501000f,110,55,black,endgame,Kxe6,0,0,0,ok
ceb0e05d-4f1d-11f1-9881-5506c501000f,112,56,black,endgame,Kf7,0,0,0,ok
e269298d-4f1b-11f1-ba4e-07d22001000f,2,1,black,opening,d5,-35,-34,0,ok
e269298d-4f1b-11f1-ba4e-07d22001000f,4,2,black,opening,Nc6,-22,-48,26,ok
e269298d-4f1b-11f1-ba4e-07d22001000f,6,3,black,opening,e5,-55,-106,51,inaccuracy
e269298d-4f1b-11f1-ba4e-07d22001000f,8,4,black,opening,Bf5,-109,-160,51,inaccuracy
e269298d-4f1b-11f1-ba4e-07d22001000f,10,5,black,opening,Bc5,-161,-177,16,ok
e269298d-4f1b-11f1-ba4e-07d22001000f,12,6,black,opening,Bg4,-166,-215,49,ok
e269298d-4f1b-11f1-ba4e-07d22001000f,14,7,black,opening,d4,-207,-252,45,ok
e269298d-4f1b-11f1-ba4e-07d22001000f,16,8,black,opening,dxe3,-206,-219,13,ok
e269298d-4f1b-11f1-ba4e-07d22001000f,18,9,black,opening,Bxe3,-29,-35,6,ok
e269298d-4f1b-11f1-ba4e-07d22001000f,20,10,black,opening,Nxe5,-34,-33,0,ok
e269298d-4f1b-11f1-ba4e-07d22001000f,22,11,black,middlegame,Bh5,-36,-48,12,ok
e269298d-4f1b-11f1-ba4e-07d22001000f,24,12,black,middlegame,Nf6,37,37,0,ok
e269298d-4f1b-11f1-ba4e-07d22001000f,26,13,black,middlegame,Nxd3,87,72,15,ok
e269298d-4f1b-11f1-ba4e-07d22001000f,28,14,black,middlegame,Qxd3,70,81,0,ok
e269298d-4f1b-11f1-ba4e-07d22001000f,30,15,black,middlegame,O-O-O,81,45,36,ok
e269298d-4f1b-11f1-ba4e-07d22001000f,32,16,black,middlegame,Ne4,48,-403,451,blunder
e269298d-4f1b-11f1-ba4e-07d22001000f,34,17,black,middlegame,Qxe4,29,5,24,ok
e269298d-4f1b-11f1-ba4e-07d22001000f,36,18,black,middlegame,Rd7,0,26,0,ok
e269298d-4f1b-11f1-ba4e-07d22001000f,38,19,black,middlegame,Rhd8,60,-92,152,mistake
e269298d-4f1b-11f1-ba4e-07d22001000f,40,20,black,middlegame,c6,104,-87,191,mistake
e269298d-4f1b-11f1-ba4e-07d22001000f,42,21,black,middlegame,Kb8,0,0,0,ok
e269298d-4f1b-11f1-ba4e-07d22001000f,44,22,black,middlegame,Rd1+,408,416,0,ok
e269298d-4f1b-11f1-ba4e-07d22001000f,46,23,black,middlegame,Rxd1+,428,439,0,ok
e269298d-4f1b-11f1-ba4e-07d22001000f,48,24,black,middlegame,Qe5+,437,440,0,ok
e269298d-4f1b-11f1-ba4e-07d22001000f,50,25,black,middlegame,Qd5,689,345,344,blunder
07ee60f3-4f1b-11f1-85f6-a5c24901000f,1,1,white,opening,e4,36,33,3,ok
07ee60f3-4f1b-11f1-85f6-a5c24901000f,3,2,white,opening,exd5,66,69,0,ok
07ee60f3-4f1b-11f1-85f6-a5c24901000f,5,3,white,opening,Nc3,74,75,0,ok
07ee60f3-4f1b-11f1-85f6-a5c24901000f,7,4,white,opening,Nf3,78,71,7,ok
07ee60f3-4f1b-11f1-85f6-a5c24901000f,9,5,white,opening,d4,69,73,0,ok
07ee60f3-4f1b-11f1-85f6-a5c24901000f,11,6,white,opening,Bc4,129,120,9,ok
07ee60f3-4f1b-11f1-85f6-a5c24901000f,13,7,white,opening,O-O,207,98,109,mistake
07ee60f3-4f1b-11f1-85f6-a5c24901000f,15,8,white,opening,Bg5,140,69,71,inaccuracy
07ee60f3-4f1b-11f1-85f6-a5c24901000f,17,9,white,opening,Re1,65,72,0,ok
07ee60f3-4f1b-11f1-85f6-a5c24901000f,19,10,white,opening,Bxf6,70,-16,86,inaccuracy
07ee60f3-4f1b-11f1-85f6-a5c24901000f,21,11,white,opening,Ne5,-20,-74,54,inaccuracy
07ee60f3-4f1b-11f1-85f6-a5c24901000f,23,12,white,middlegame,d5,75,-201,276,mistake
07ee60f3-4f1b-11f1-85f6-a5c24901000f,25,13,white,middlegame,Nxd5,-206,-327,121,mistake
07ee60f3-4f1b-11f1-85f6-a5c24901000f,27,14,white,middlegame,Bxd5,-379,-410,31,ok
07ee60f3-4f1b-11f1-85f6-a5c24901000f,29,15,white,middlegame,Qxe1,-430,-425,0,ok
07ee60f3-4f1b-11f1-85f6-a5c24901000f,31,16,white,middlegame,Bf3,-296,-374,78,inaccuracy
07ee60f3-4f1b-11f1-85f6-a5c24901000f,33,17,white,middlegame,Rc1,-142,-132,0,ok
07ee60f3-4f1b-11f1-85f6-a5c24901000f,35,18,white,middlegame,Qd2,-129,-489,360,blunder
07ee60f3-4f1b-11f1-85f6-a5c24901000f,37,19,white,middlegame,Rxc2,-529,-797,268,mistake
07ee60f3-4f1b-11f1-85f6-a5c24901000f,39,20,white,middlegame,Qb4,-817,-99997,99180,blunder
d4137ed0-4f19-11f1-ba4e-07d22001000f,1,1,white,opening,e4,35,29,6,ok
d4137ed0-4f19-11f1-ba4e-07d22001000f,3,2,white,opening,Nf3,26,30,0,ok
d4137ed0-4f19-11f1-ba4e-07d22001000f,5,3,white,opening,Nc3,61,50,11,ok
d4137ed0-4f19-11f1-ba4e-07d22001000f,7,4,white,opening,Be2,90,44,46,ok
d4137ed0-4f19-11f1-ba4e-07d22001000f,9,5,white,opening,Bxf3,62,66,0,ok
d4137ed0-4f19-11f1-ba4e-07d22001000f,11,6,white,opening,d4,99,99,0,ok
d4137ed0-4f19-11f1-ba4e-07d22001000f,13,7,white,opening,Qxd4,104,98,6,ok
d4137ed0-4f19-11f1-ba4e-07d22001000f,15,8,white,opening,e5,147,98,49,ok
d4137ed0-4f19-11f1-ba4e-07d22001000f,17,9,white,opening,Bf4,161,119,42,ok
d4137ed0-4f19-11f1-ba4e-07d22001000f,19,10,white,opening,O-O-O,264,67,197,mistake
d4137ed0-4f19-11f1-ba4e-07d22001000f,21,11,white,opening,Bxe5,223,-128,351,blunder
d4137ed0-4f19-11f1-ba4e-07d22001000f,23,12,white,middlegame,Qd3,-110,-305,195,mistake
d4137ed0-4f19-11f1-ba4e-07d22001000f,25,13,white,middlegame,Qc4,-297,-312,15,ok
d4137ed0-4f19-11f1-ba4e-07d22001000f,27,14,white,middlegame,Rhe1,0,-224,224,mistake
d4137ed0-4f19-11f1-ba4e-07d22001000f,29,15,white,middlegame,Bg4,-224,-345,121,mistake
d4137ed0-4f19-11f1-ba4e-07d22001000f,31,16,white,middlegame,Nd5,-370,-440,70,inaccuracy
d4137ed0-4f19-11f1-ba4e-07d22001000f,33,17,white,middlegame,Rxd5,-438,-441,3,ok
d4137ed0-4f19-11f1-ba4e-07d22001000f,35,18,white,middlegame,Bxd7,-444,-696,252,mistake
813fbbec-4f0e-11f1-ba4e-07d22001000f,2,1,black,opening,e5,-31,-32,1,ok
813fbbec-4f0e-11f1-ba4e-07d22001000f,4,2,black,opening,Nc6,-34,-36,2,ok
813fbbec-4f0e-11f1-ba4e-07d22001000f,6,3,black,opening,exd4,-22,-23,1,ok
813fbbec-4f0e-11f1-ba4e-07d22001000f,8,4,black,opening,Qf6,-12,-35,23,ok
813fbbec-4f0e-11f1-ba4e-07d22001000f,10,5,black,opening,Qxc6,-23,-77,54,inaccuracy
813fbbec-4f0e-11f1-ba4e-07d22001000f,12,6,black,opening,Bb4,-72,-62,0,ok
813fbbec-4f0e-11f1-ba4e-07d22001000f,14,7,black,opening,Nf6,0,-59,59,inaccuracy
813fbbec-4f0e-11f1-ba4e-07d22001000f,16,8,black,opening,Ne4,50,50,0,ok
813fbbec-4f0e-11f1-ba4e-07d22001000f,18,9,black,opening,Bxc3,43,18,25,ok
813fbbec-4f0e-11f1-ba4e-07d22001000f,20,10,black,opening,Nxc3,12,15,0,ok
813fbbec-4f0e-11f1-ba4e-07d22001000f,22,11,black,middlegame,Qe4+,8,-48,56,inaccuracy
813fbbec-4f0e-11f1-ba4e-07d22001000f,24,12,black,middlegame,O-O,5,0,5,ok
813fbbec-4f0e-11f1-ba4e-07d22001000f,26,13,black,middlegame,Qf4+,0,-32,32,ok
813fbbec-4f0e-11f1-ba4e-07d22001000f,28,14,black,middlegame,Qb4+,-33,-45,12,ok
813fbbec-4f0e-11f1-ba4e-07d22001000f,30,15,black,middlegame,Qf4+,-20,-33,13,ok
813fbbec-4f0e-11f1-ba4e-07d22001000f,32,16,black,middlegame,Qb4+,-28,-52,24,ok
813fbbec-4f0e-11f1-ba4e-07d22001000f,34,17,black,middlegame,Qxc3+,0,-46,46,ok
813fbbec-4f0e-11f1-ba4e-07d22001000f,36,18,black,endgame,d5,-45,-62,17,ok
813fbbec-4f0e-11f1-ba4e-07d22001000f,38,19,black,endgame,cxd6,-56,-60,4,ok
813fbbec-4f0e-11f1-ba4e-07d22001000f,40,20,black,endgame,Rd8,-35,-58,23,ok
813fbbec-4f0e-11f1-ba4e-07d22001000f,42,21,black,endgame,Be6,-54,-44,0,ok
813fbbec-4f0e-11f1-ba4e-07d22001000f,44,22,black,endgame,Rac8,-42,-40,0,ok
813fbbec-4f0e-11f1-ba4e-07d22001000f,46,23,black,endgame,Bf5,-34,-44,10,ok
813fbbec-4f0e-11f1-ba4e-07d22001000f,48,24,black,endgame,Rc6,-42,-62,20,ok
813fbbec-4f0e-11f1-ba4e-07d22001000f,50,25,black,endgame,Rc7,-66,-58,0,ok
813fbbec-4f0e-11f1-ba4e-07d22001000f,52,26,black,endgame,b5,-37,-159,122,mistake
813fbbec-4f0e-11f1-ba4e-07d22001000f,54,27,black,endgame,Be6,-93,-95,2,ok
813fbbec-4f0e-11f1-ba4e-07d22001000f,56,28,black,endgame,d5,-65,-93,28,ok
813fbbec-4f0e-11f1-ba4e-07d22001000f,58,29,black,endgame,Rcd7,-91,-121,30,ok
813fbbec-4f0e-11f1-ba4e-07d22001000f,60,30,black,endgame,g6,-108,-101,0,ok
813fbbec-4f0e-11f1-ba4e-07d22001000f,62,31,black,endgame,d4,-75,-235,160,mistake
813fbbec-4f0e-11f1-ba4e-07d22001000f,64,32,black,endgame,Rd6,-220,-242,22,ok
813fbbec-4f0e-11f1-ba4e-07d22001000f,66,33,black,endgame,a5,-244,-260,16,ok
813fbbec-4f0e-11f1-ba4e-07d22001000f,68,34,black,endgame,Bd7,-189,-586,397,blunder
813fbbec-4f0e-11f1-ba4e-07d22001000f,70,35,black,endgame,Rxd4,-620,-631,11,ok
813fbbec-4f0e-11f1-ba4e-07d22001000f,72,36,black,endgame,Re8,-625,-621,0,ok
813fbbec-4f0e-11f1-ba4e-07d22001000f,74,37,black,endgame,Re3,-629,-638,9,ok
813fbbec-4f0e-11f1-ba4e-07d22001000f,76,38,black,endgame,Rh3,-605,-598,0,ok
813fbbec-4f0e-11f1-ba4e-07d22001000f,78,39,black,endgame,Rxh4,-576,-580,4,ok
813fbbec-4f0e-11f1-ba4e-07d22001000f,80,40,black,endgame,h5,-597,-597,0,ok
813fbbec-4f0e-11f1-ba4e-07d22001000f,82,41,black,endgame,gxh5,-599,-621,22,ok
813fbbec-4f0e-11f1-ba4e-07d22001000f,84,42,black,endgame,Rf4,-556,-602,46,ok
813fbbec-4f0e-11f1-ba4e-07d22001000f,86,43,black,endgame,h4,-566,-585,19,ok
813fbbec-4f0e-11f1-ba4e-07d22001000f,88,44,black,endgame,h3,-572,-626,54,inaccuracy
813fbbec-4f0e-11f1-ba4e-07d22001000f,90,45,black,endgame,Rh4,-616,-653,37,ok
813fbbec-4f0e-11f1-ba4e-07d22001000f,92,46,black,endgame,Rd4,-643,-661,18,ok
813fbbec-4f0e-11f1-ba4e-07d22001000f,94,47,black,endgame,Rh4,-649,-686,37,ok
813fbbec-4f0e-11f1-ba4e-07d22001000f,96,48,black,endgame,Kg7,-673,-676,3,ok
813fbbec-4f0e-11f1-ba4e-07d22001000f,98,49,black,endgame,Rf4,-679,-674,0,ok
813fbbec-4f0e-11f1-ba4e-07d22001000f,100,50,black,endgame,Kf6,-680,-684,4,ok
813fbbec-4f0e-11f1-ba4e-07d22001000f,102,51,black,endgame,Ke5,-669,-674,5,ok
813fbbec-4f0e-11f1-ba4e-07d22001000f,104,52,black,endgame,Kd6,-682,-700,18,ok
813fbbec-4f0e-11f1-ba4e-07d22001000f,106,53,black,endgame,Kc7,-715,-774,59,inaccuracy
813fbbec-4f0e-11f1-ba4e-07d22001000f,108,54,black,endgame,Kb7,-601,-651,50,inaccuracy
813fbbec-4f0e-11f1-ba4e-07d22001000f,110,55,black,endgame,Kxa7,-607,-643,36,ok
813fbbec-4f0e-11f1-ba4e-07d22001000f,112,56,black,endgame,Kb6,-640,-655,15,ok
813fbbec-4f0e-11f1-ba4e-07d22001000f,114,57,black,endgame,Ka5,-682,-99999,99317,blunder
813fbbec-4f0e-11f1-ba4e-07d22001000f,116,58,black,endgame,Ra4+,-1023,-99983,98960,blunder
813fbbec-4f0e-11f1-ba4e-07d22001000f,118,59,black,endgame,Ra3,-99984,-99991,7,ok
fb3a9e24-4d49-11f1-82b0-0bea7801000f,1,1,white,opening,e4,37,37,0,ok
fb3a9e24-4d49-11f1-82b0-0bea7801000f,3,2,white,opening,Nf3,72,55,17,ok
fb3a9e24-4d49-11f1-82b0-0bea7801000f,5,3,white,opening,d4,65,67,0,ok
fb3a9e24-4d49-11f1-82b0-0bea7801000f,7,4,white,opening,e5,117,121,0,ok
fb3a9e24-4d49-11f1-82b0-0bea7801000f,9,5,white,opening,Bd3,113,117,0,ok
fb3a9e24-4d49-11f1-82b0-0bea7801000f,11,6,white,opening,Kxf2,320,335,0,ok
fb3a9e24-4d49-11f1-82b0-0bea7801000f,13,7,white,opening,Re1,350,335,15,ok
fb3a9e24-4d49-11f1-82b0-0bea7801000f,15,8,white,opening,Bf4,349,352,0,ok
fb3a9e24-4d49-11f1-82b0-0bea7801000f,17,9,white,opening,h3,335,340,0,ok
fb3a9e24-4d49-11f1-82b0-0bea7801000f,19,10,white,opening,Qxf3,341,347,0,ok
fb3a9e24-4d49-11f1-82b0-0bea7801000f,21,11,white,opening,Nc3,375,346,29,ok
fb3a9e24-4d49-11f1-82b0-0bea7801000f,23,12,white,middlegame,Bxe5,349,344,5,ok
fb3a9e24-4d49-11f1-82b0-0bea7801000f,25,13,white,middlegame,Bxb8,390,317,73,inaccuracy
fb3a9e24-4d49-11f1-82b0-0bea7801000f,27,14,white,middlegame,Bc4+,326,313,13,ok
fb3a9e24-4d49-11f1-82b0-0bea7801000f,29,15,white,middlegame,Re4,314,-219,533,blunder
fb3a9e24-4d49-11f1-82b0-0bea7801000f,31,16,white,middlegame,Re3,-242,-306,64,inaccuracy
fb3a9e24-4d49-11f1-82b0-0bea7801000f,33,17,white,middlegame,Rd1,-57,-453,396,blunder
fb3a9e24-4d49-11f1-82b0-0bea7801000f,35,18,white,middlegame,Na4,-190,-399,209,mistake
fb3a9e24-4d49-11f1-82b0-0bea7801000f,37,19,white,middlegame,Qxe3,-410,-410,0,ok
fb3a9e24-4d49-11f1-82b0-0bea7801000f,39,20,white,middlegame,Kxe3,-416,-416,0,ok
fb3a9e24-4d49-11f1-82b0-0bea7801000f,41,21,white,endgame,Rd7,-422,-415,0,ok
fb3a9e24-4d49-11f1-82b0-0bea7801000f,43,22,white,endgame,Rxa7,-383,-412,29,ok
fb3a9e24-4d49-11f1-82b0-0bea7801000f,45,23,white,endgame,Rxa4,-414,-483,69,inaccuracy
fb3a9e24-4d49-11f1-82b0-0bea7801000f,47,24,white,endgame,Kd3,-497,-536,39,ok
fb3a9e24-4d49-11f1-82b0-0bea7801000f,49,25,white,endgame,Ra7,-541,-553,12,ok
fb3a9e24-4d49-11f1-82b0-0bea7801000f,51,26,white,endgame,Kd4,-503,-555,52,inaccuracy
fb3a9e24-4d49-11f1-82b0-0bea7801000f,53,27,white,endgame,a4,-519,-621,102,mistake
fb3a9e24-4d49-11f1-82b0-0bea7801000f,55,28,white,endgame,Kc5,-699,-754,55,inaccuracy
fb3a9e24-4d49-11f1-82b0-0bea7801000f,57,29,white,endgame,a5,-528,-548,20,ok
fb3a9e24-4d49-11f1-82b0-0bea7801000f,59,30,white,endgame,Rxe7+,-463,-473,10,ok
fb3a9e24-4d49-11f1-82b0-0bea7801000f,61,31,white,endgame,Kxc6,-493,-647,154,mistake
fb3a9e24-4d49-11f1-82b0-0bea7801000f,63,32,white,endgame,Kb5,-658,-693,35,ok
fb3a9e24-4d49-11f1-82b0-0bea7801000f,65,33,white,endgame,Ka6,-709,-745,36,ok
fb3a9e24-4d49-11f1-82b0-0bea7801000f,67,34,white,endgame,Ka7,-751,-778,27,ok
fb3a9e24-4d49-11f1-82b0-0bea7801000f,69,35,white,endgame,Kb8,-743,-783,40,ok
fb3a9e24-4d49-11f1-82b0-0bea7801000f,71,36,white,endgame,Ka7,-774,-789,15,ok
fb3a9e24-4d49-11f1-82b0-0bea7801000f,73,37,white,endgame,a6,-797,-798,1,ok
fb3a9e24-4d49-11f1-82b0-0bea7801000f,75,38,white,endgame,Re6,-806,-835,29,ok
fb3a9e24-4d49-11f1-82b0-0bea7801000f,77,39,white,endgame,Kb7,-759,-762,3,ok
fb3a9e24-4d49-11f1-82b0-0bea7801000f,79,40,white,endgame,Ka7,-773,-804,31,ok
fb3a9e24-4d49-11f1-82b0-0bea7801000f,81,41,white,endgame,Ka8,-710,-818,108,mistake
fb3a9e24-4d49-11f1-82b0-0bea7801000f,83,42,white,endgame,Rf6,-917,-99997,99080,blunder
fb3a9e24-4d49-11f1-82b0-0bea7801000f,85,43,white,endgame,Rxa6,-99996,-99996,0,ok
fb3a9e24-4d49-11f1-82b0-0bea7801000f,87,44,white,middlegame,Ra7,-99997,-99999,2,ok
fb3a9e24-4d49-11f1-82b0-0bea7801000f,89,45,white,middlegame,Rb7,-99999,-99999,0,ok
5003d071-4d47-11f1-a5db-e0a82c01000f,2,1,black,opening,d5,-35,-36,1,ok
5003d071-4d47-11f1-a5db-e0a82c01000f,4,2,black,opening,Nc6,-12,-48,36,ok
5003d071-4d47-11f1-a5db-e0a82c01000f,6,3,black,opening,Bg4,-52,-53,1,ok
5003d071-4d47-11f1-a5db-e0a82c01000f,8,4,black,opening,e5,-29,-36,7,ok
5003d071-4d47-11f1-a5db-e0a82c01000f,10,5,black,opening,exd4,75,83,0,ok
5003d071-4d47-11f1-a5db-e0a82c01000f,12,6,black,opening,dxc4,191,-26,217,mistake
5003d071-4d47-11f1-a5db-e0a82c01000f,14,7,black,opening,Nxd4,-9,-124,115,mistake
5003d071-4d47-11f1-a5db-e0a82c01000f,16,8,black,opening,Qf6,30,-212,242,mistake
5003d071-4d47-11f1-a5db-e0a82c01000f,18,9,black,opening,Qc6,-214,-631,417,blunder
5003d071-4d47-11f1-a5db-e0a82c01000f,20,10,black,opening,Nxc6,31,41,0,ok
5003d071-4d47-11f1-a5db-e0a82c01000f,22,11,black,endgame,Be7,38,13,25,ok
5003d071-4d47-11f1-a5db-e0a82c01000f,24,12,black,endgame,Nf6,87,-15,102,mistake
5003d071-4d47-11f1-a5db-e0a82c01000f,26,13,black,endgame,Bh5,127,0,127,mistake
5003d071-4d47-11f1-a5db-e0a82c01000f,28,14,black,endgame,O-O,120,104,16,ok
5003d071-4d47-11f1-a5db-e0a82c01000f,30,15,black,endgame,Rad8,133,-20,153,mistake
5003d071-4d47-11f1-a5db-e0a82c01000f,32,16,black,endgame,Bb4,236,233,3,ok
5003d071-4d47-11f1-a5db-e0a82c01000f,34,17,black,endgame,Nxb4,377,411,0,ok
5003d071-4d47-11f1-a5db-e0a82c01000f,36,18,black,endgame,Nc2,505,499,6,ok
5003d071-4d47-11f1-a5db-e0a82c01000f,38,19,black,endgame,Nxa1,538,560,0,ok
5003d071-4d47-11f1-a5db-e0a82c01000f,40,20,black,endgame,Bxf3,559,474,85,inaccuracy
5003d071-4d47-11f1-a5db-e0a82c01000f,42,21,black,endgame,c6,481,467,14,ok
5003d071-4d47-11f1-a5db-e0a82c01000f,44,22,black,endgame,Rd5,466,449,17,ok
5003d071-4d47-11f1-a5db-e0a82c01000f,46,23,black,endgame,Rfd8,491,502,0,ok
5003d071-4d47-11f1-a5db-e0a82c01000f,48,24,black,endgame,Rd1+,508,508,0,ok
5003d071-4d47-11f1-a5db-e0a82c01000f,50,25,black,endgame,Rxd1+,504,508,0,ok
5003d071-4d47-11f1-a5db-e0a82c01000f,52,26,black,endgame,Rb1,501,507,0,ok
5003d071-4d47-11f1-a5db-e0a82c01000f,54,27,black,endgame,c5,507,501,6,ok
5003d071-4d47-11f1-a5db-e0a82c01000f,56,28,black,endgame,Rxb3,509,507,2,ok
5003d071-4d47-11f1-a5db-e0a82c01000f,58,29,black,endgame,Rb1,513,506,7,ok
5003d071-4d47-11f1-a5db-e0a82c01000f,60,30,black,endgame,c4,562,560,2,ok
5003d071-4d47-11f1-a5db-e0a82c01000f,62,31,black,endgame,Ne4,581,426,155,mistake
5003d071-4d47-11f1-a5db-e0a82c01000f,64,32,black,endgame,Kf8,519,528,0,ok
5003d071-4d47-11f1-a5db-e0a82c01000f,66,33,black,endgame,c3,522,513,9,ok
5003d071-4d47-11f1-a5db-e0a82c01000f,68,34,black,endgame,Re1,510,526,0,ok
5003d071-4d47-11f1-a5db-e0a82c01000f,70,35,black,endgame,Nc5,581,587,0,ok
5003d071-4d47-11f1-a5db-e0a82c01000f,72,36,black,endgame,g6,591,512,79,inaccuracy
5003d071-4d47-11f1-a5db-e0a82c01000f,74,37,black,endgame,fxg6,508,502,6,ok
5003d071-4d47-11f1-a5db-e0a82c01000f,76,38,black,endgame,Rc1,494,498,0,ok
5003d071-4d47-11f1-a5db-e0a82c01000f,78,39,black,endgame,Nxe4,565,582,0,ok
5003d071-4d47-11f1-a5db-e0a82c01000f,80,40,black,endgame,Ra1,576,558,18,ok
5003d071-4d47-11f1-a5db-e0a82c01000f,82,41,black,endgame,Rxa4,546,546,0,ok
5003d071-4d47-11f1-a5db-e0a82c01000f,84,42,black,endgame,b5,595,602,0,ok
5003d071-4d47-11f1-a5db-e0a82c01000f,86,43,black,endgame,b4,631,659,0,ok
5003d071-4d47-11f1-a5db-e0a82c01000f,88,44,black,endgame,b3,674,609,65,inaccuracy
5003d071-4d47-11f1-a5db-e0a82c01000f,90,45,black,endgame,Rxe4,677,587,90,inaccuracy
5003d071-4d47-11f1-a5db-e0a82c01000f,92,46,black,endgame,Re3+,628,634,0,ok
5003d071-4d47-11f1-a5db-e0a82c01000f,94,47,black,endgame,Rxg3,660,649,11,ok
5003d071-4d47-11f1-a5db-e0a82c01000f,96,48,black,endgame,Rh3,825,997,0,ok
0a1b304f-4d37-11f1-a45e-89024201000f,1,1,white,opening,e4,35,38,0,ok
0a1b304f-4d37-11f1-a45e-89024201000f,3,2,white,opening,Nf3,43,26,17,ok
0a1b304f-4d37-11f1-a45e-89024201000f,5,3,white,opening,Nc3,93,66,27,ok
0a1b304f-4d37-11f1-a45e-89024201000f,7,4,white,opening,d4,58,57,1,ok
0a1b304f-4d37-11f1-a45e-89024201000f,9,5,white,opening,d5,148,158,0,ok
0a1b304f-4d37-11f1-a45e-89024201000f,11,6,white,opening,exd5,224,233,0,ok
0a1b304f-4d37-11f1-a45e-89024201000f,13,7,white,opening,Bg5,351,207,144,mistake
0a1b304f-4d37-11f1-a45e-89024201000f,15,8,white,opening,Ne5,459,54,405,blunder
0a1b304f-4d37-11f1-a45e-89024201000f,17,9,white,opening,f4,288,225,63,inaccuracy
0a1b304f-4d37-11f1-a45e-89024201000f,19,10,white,opening,Qe2,227,151,76,inaccuracy
0a1b304f-4d37-11f1-a45e-89024201000f,21,11,white,opening,Nc6+,403,410,0,ok
0a1b304f-4d37-11f1-a45e-89024201000f,23,12,white,middlegame,Nxd8,424,422,2,ok
0a1b304f-4d37-11f1-a45e-89024201000f,25,13,white,middlegame,fxg5,418,418,0,ok
0a1b304f-4d37-11f1-a45e-89024201000f,27,14,white,middlegame,O-O-O,428,426,2,ok
0a1b304f-4d37-11f1-a45e-89024201000f,29,15,white,middlegame,d6,511,426,85,inaccuracy
0a1b304f-4d37-11f1-a45e-89024201000f,31,16,white,middlegame,Kb1,447,447,0,ok
0a1b304f-4d37-11f1-a45e-89024201000f,33,17,white,middlegame,Qc4,493,482,11,ok
0a1b304f-4d37-11f1-a45e-89024201000f,35,18,white,middlegame,Qxf7,480,494,0,ok
0a1b304f-4d37-11f1-a45e-89024201000f,37,19,white,middlegame,Qf2,513,440,73,inaccuracy
0a1b304f-4d37-11f1-a45e-89024201000f,39,20,white,middlegame,Qf7,488,487,1,ok
0a1b304f-4d37-11f1-a45e-89024201000f,41,21,white,middlegame,Qh7,526,426,100,mistake
0a1b304f-4d37-11f1-a45e-89024201000f,43,22,white,middlegame,Qg7,418,251,167,mistake
0a1b304f-4d37-11f1-a45e-89024201000f,45,23,white,middlegame,Qe7+,687,684,3,ok
0a1b304f-4d37-11f1-a45e-89024201000f,47,24,white,middlegame,Qxe5,700,689,11,ok
0a1b304f-4d37-11f1-a45e-89024201000f,49,25,white,middlegame,Nd5,752,739,13,ok
0a1b304f-4d37-11f1-a45e-89024201000f,51,26,white,middlegame,Nxb6+,884,905,0,ok
31b0d73b-4c00-11f1-b713-35658f01000f,2,1,black,opening,e5,-34,-31,0,ok
31b0d73b-4c00-11f1-b713-35658f01000f,4,2,black,opening,Nc6,-32,-31,0,ok
31b0d73b-4c00-11f1-b713-35658f01000f,6,3,black,opening,Nf6,-14,-19,5,ok
31b0d73b-4c00-11f1-b713-35658f01000f,8,4,black,opening,d5,18,-12,30,ok
31b0d73b-4c00-11f1-b713-35658f01000f,10,5,black,opening,Nxd5,-10,-16,6,ok
31b0d73b-4c00-11f1-b713-35658f01000f,12,6,black,opening,Qxd5,171,153,18,ok
31b0d73b-4c00-11f1-b713-35658f01000f,14,7,black,opening,e4,158,157,1,ok
31b0d73b-4c00-11f1-b713-35658f01000f,16,8,black,opening,Be7,262,50,212,mistake
31b0d73b-4c00-11f1-b713-35658f01000f,18,9,black,opening,Bxh4,221,69,152,mistake
31b0d73b-4c00-11f1-b713-35658f01000f,20,10,black,opening,Bf5,64,69,0,ok
31b0d73b-4c00-11f1-b713-35658f01000f,22,11,black,middlegame,O-O-O,86,80,6,ok
31b0d73b-4c00-11f1-b713-35658f01000f,24,12,black,middlegame,exd3,91,-355,446,blunder
31b0d73b-4c00-11f1-b713-35658f01000f,26,13,black,middlegame,Rxd5,-361,-365,4,ok
31b0d73b-4c00-11f1-b713-35658f01000f,28,14,black,middlegame,Bxd3,-325,-427,102,mistake
31b0d73b-4c00-11f1-b713-35658f01000f,30,15,black,middlegame,Nb4,-384,-458,74,inaccuracy
31b0d73b-4c00-11f1-b713-35658f01000f,32,16,black,middlegame,Bf5,-499,-520,21,ok
31b0d73b-4c00-11f1-b713-35658f01000f,34,17,black,middlegame,Rd1+,-512,-659,147,mistake
31b0d73b-4c00-11f1-b713-35658f01000f,36,18,black,middlegame,Rhd8,-637,-681,44,ok
31b0d73b-4c00-11f1-b713-35658f01000f,38,19,black,middlegame,R1d4,-540,-529,0,ok
31b0d73b-4c00-11f1-b713-35658f01000f,40,20,black,middlegame,Rxf4,-532,-510,0,ok
31b0d73b-4c00-11f1-b713-35658f01000f,42,21,black,middlegame,Rg4+,-496,-590,94,inaccuracy
31b0d73b-4c00-11f1-b713-35658f01000f,44,22,black,middlegame,Rxh4,-446,-99999,99553,blunder
74634e06-4bfd-11f1-b713-35658f01000f,1,1,white,opening,e4,37,35,2,ok
74634e06-4bfd-11f1-b713-35658f01000f,3,2,white,opening,d4,40,56,0,ok
74634e06-4bfd-11f1-b713-35658f01000f,5,3,white,opening,exd5,57,33,24,ok
74634e06-4bfd-11f1-b713-35658f01000f,7,4,white,opening,Nc3,33,-2,35,ok
74634e06-4bfd-11f1-b713-35658f01000f,9,5,white,opening,Bg5,15,-25,40,ok
74634e06-4bfd-11f1-b713-35658f01000f,11,6,white,opening,Qf3,32,-29,61,inaccuracy
74634e06-4bfd-11f1-b713-35658f01000f,13,7,white,opening,Bd3,-26,-42,16,ok
74634e06-4bfd-11f1-b713-35658f01000f,15,8,white,opening,Nge2,-33,-32,0,ok
74634e06-4bfd-11f1-b713-35658f01000f,17,9,white,opening,Qh3,-21,-185,164,mistake
74634e06-4bfd-11f1-b713-35658f01000f,19,10,white,opening,Qh6,2,-22,24,ok
74634e06-4bfd-11f1-b713-35658f01000f,21,11,white,opening,Nb5,-21,-400,379,blunder
74634e06-4bfd-11f1-b713-35658f01000f,23,12,white,middlegame,O-O-O,-415,-429,14,ok
74634e06-4bfd-11f1-b713-35658f01000f,25,13,white,middlegame,Rxd3,-445,-416,0,ok
74634e06-4bfd-11f1-b713-35658f01000f,27,14,white,middlegame,Bxe7,-427,-426,0,ok
74634e06-4bfd-11f1-b713-35658f01000f,29,15,white,middlegame,Qd2,-427,-454,27,ok
74634e06-4bfd-11f1-b713-35658f01000f,31,16,white,middlegame,Re3,-443,-451,8,ok
74634e06-4bfd-11f1-b713-35658f01000f,33,17,white,middlegame,Qd3,-455,-500,45,ok
74634e06-4bfd-11f1-b713-35658f01000f,35,18,white,middlegame,Qb3,-463,-485,22,ok
74634e06-4bfd-11f1-b713-35658f01000f,37,19,white,middlegame,Nc7,-440,-496,56,inaccuracy
74634e06-4bfd-11f1-b713-35658f01000f,39,20,white,middlegame,Qxb4,-501,-505,4,ok
74634e06-4bfd-11f1-b713-35658f01000f,41,21,white,middlegame,Ng3,-495,-520,25,ok
74634e06-4bfd-11f1-b713-35658f01000f,43,22,white,middlegame,Nxe4,-516,-511,0,ok
74634e06-4bfd-11f1-b713-35658f01000f,45,23,white,middlegame,Rhe1,-469,-478,9,ok
74634e06-4bfd-11f1-b713-35658f01000f,47,24,white,middlegame,h4,-465,-453,0,ok
74634e06-4bfd-11f1-b713-35658f01000f,49,25,white,middlegame,Qc4+,-421,-497,76,inaccuracy
74634e06-4bfd-11f1-b713-35658f01000f,51,26,white,middlegame,Qb4,-518,-562,44,ok
74634e06-4bfd-11f1-b713-35658f01000f,53,27,white,middlegame,h5,-425,-465,40,ok
74634e06-4bfd-11f1-b713-35658f01000f,55,28,white,middlegame,Kd2,-445,-443,0,ok
74634e06-4bfd-11f1-b713-35658f01000f,57,29,white,middlegame,Qc5,-443,-551,108,mistake
74634e06-4bfd-11f1-b713-35658f01000f,59,30,white,middlegame,Ra3,-587,-582,0,ok
74634e06-4bfd-11f1-b713-35658f01000f,61,31,white,middlegame,Kc1,-596,-596,0,ok
74634e06-4bfd-11f1-b713-35658f01000f,63,32,white,middlegame,Qc3,-603,-605,2,ok
74634e06-4bfd-11f1-b713-35658f01000f,65,33,white,middlegame,Ra5,-621,-617,0,ok
74634e06-4bfd-11f1-b713-35658f01000f,67,34,white,middlegame,Qb3+,-655,-688,33,ok
74634e06-4bfd-11f1-b713-35658f01000f,69,35,white,middlegame,d5,-572,-586,14,ok
74634e06-4bfd-11f1-b713-35658f01000f,71,36,white,middlegame,d6,-613,-687,74,inaccuracy
74634e06-4bfd-11f1-b713-35658f01000f,73,37,white,middlegame,Rd1,-701,-710,9,ok
74634e06-4bfd-11f1-b713-35658f01000f,75,38,white,middlegame,Qc3+,-759,-762,3,ok
74634e06-4bfd-11f1-b713-35658f01000f,77,39,white,middlegame,Rd7+,-783,-928,145,mistake
74634e06-4bfd-11f1-b713-35658f01000f,79,40,white,middlegame,Qe1,-933,-974,41,ok
74634e06-4bfd-11f1-b713-35658f01000f,81,41,white,middlegame,gxf3,-1002,-1041,39,ok
74634e06-4bfd-11f1-b713-35658f01000f,83,42,white,middlegame,Ra3,-1194,-99991,98797,blunder
74634e06-4bfd-11f1-b713-35658f01000f,85,43,white,middlegame,bxa3,-99990,-99990,0,ok
74634e06-4bfd-11f1-b713-35658f01000f,87,44,white,middlegame,Kd2,-99991,-99991,0,ok
74634e06-4bfd-11f1-b713-35658f01000f,89,45,white,endgame,Kxe1,-99992,-99992,0,ok
74634e06-4bfd-11f1-b713-35658f01000f,91,46,white,endgame,c4,-99992,-99993,1,ok
74634e06-4bfd-11f1-b713-35658f01000f,93,47,white,endgame,a4,-99995,-99995,0,ok
74634e06-4bfd-11f1-b713-35658f01000f,95,48,white,endgame,a5,-99995,-99996,1,ok
74634e06-4bfd-11f1-b713-35658f01000f,97,49,white,endgame,Kf2,-99994,-99994,0,ok
74634e06-4bfd-11f1-b713-35658f01000f,99,50,white,endgame,Ke1,-99996,-99996,0,ok
74634e06-4bfd-11f1-b713-35658f01000f,101,51,white,endgame,Kf2,-99995,-99995,0,ok
74634e06-4bfd-11f1-b713-35658f01000f,103,52,white,endgame,Ke1,-99996,-99996,0,ok
74634e06-4bfd-11f1-b713-35658f01000f,105,53,white,endgame,Kf2,-99997,-99997,0,ok
74634e06-4bfd-11f1-b713-35658f01000f,107,54,white,middlegame,Kf3,-99994,-99998,4,ok
74634e06-4bfd-11f1-b713-35658f01000f,109,55,white,middlegame,Kf4,-99999,-99999,0,ok
74634e06-4bfd-11f1-b713-35658f01000f,111,56,white,middlegame,Kxg5,-99999,-99999,0,ok
dd29ec33-4bfc-11f1-bb36-611ace01000f,1,1,white,opening,e4,34,39,0,ok
dd29ec33-4bfc-11f1-bb36-611ace01000f,3,2,white,opening,d4,114,119,0,ok
dd29ec33-4bfc-11f1-bb36-611ace01000f,5,3,white,opening,Nf3,151,151,0,ok
dd29ec33-4bfc-11f1-bb36-611ace01000f,7,4,white,opening,Nc3,160,149,11,ok
dd29ec33-4bfc-11f1-bb36-611ace01000f,9,5,white,opening,d5,170,133,37,ok
dd29ec33-4bfc-11f1-bb36-611ace01000f,11,6,white,opening,Ng5,253,123,130,mistake
dd29ec33-4bfc-11f1-bb36-611ace01000f,13,7,white,opening,Qf3,133,137,0,ok
dd29ec33-4bfc-11f1-bb36-611ace01000f,15,8,white,opening,Ne6,287,280,7,ok
dd29ec33-4bfc-11f1-bb36-611ace01000f,17,9,white,opening,Qh5+,282,-485,767,blunder
dd29ec33-4bfc-11f1-bb36-611ace01000f,19,10,white,opening,Nxc7+,562,571,0,ok
dd29ec33-4bfc-11f1-bb36-611ace01000f,21,11,white,opening,Qxf7+,99997,99998,0,ok
87809a31-4bfc-11f1-8f45-ca452001000f,2,1,black,opening,e5,-36,-39,3,ok
87809a31-4bfc-11f1-8f45-ca452001000f,4,2,black,opening,Nc6,-41,-41,0,ok
87809a31-4bfc-11f1-8f45-ca452001000f,6,3,black,opening,Nf6,-13,-16,3,ok
87809a31-4bfc-11f1-8f45-ca452001000f,8,4,black,opening,Bb4,10,-32,42,ok
87809a31-4bfc-11f1-8f45-ca452001000f,10,5,black,opening,Bxc3,20,17,3,ok
87809a31-4bfc-11f1-8f45-ca452001000f,12,6,black,opening,Nxe4,-3,-8,5,ok
87809a31-4bfc-11f1-8f45-ca452001000f,14,7,black,opening,Nf6,157,160,0,ok
87809a31-4bfc-11f1-8f45-ca452001000f,16,8,black,opening,d6,480,170,310,blunder
87809a31-4bfc-11f1-8f45-ca452001000f,18,9,black,opening,Qxf6,207,196,11,ok
87809a31-4bfc-11f1-8f45-ca452001000f,20,10,black,opening,Be6,212,194,18,ok
87809a31-4bfc-11f1-8f45-ca452001000f,22,11,black,middlegame,O-O-O,227,224,3,ok
87809a31-4bfc-11f1-8f45-ca452001000f,24,12,black,middlegame,Qf4+,247,130,117,mistake
87809a31-4bfc-11f1-8f45-ca452001000f,26,13,black,middlegame,Qxa4,759,769,0,ok
73386500-4bb7-11f1-8f45-ca452001000f,2,1,black,opening,e5,-37,-33,0,ok
73386500-4bb7-11f1-8f45-ca452001000f,4,2,black,opening,Nc6,-35,-38,3,ok
73386500-4bb7-11f1-8f45-ca452001000f,6,3,black,opening,Nf6,-25,-33,8,ok
73386500-4bb7-11f1-8f45-ca452001000f,8,4,black,opening,d5,-31,-63,32,ok
73386500-4bb7-11f1-8f45-ca452001000f,10,5,black,opening,Nxd5,-55,-58,3,ok
73386500-4bb7-11f1-8f45-ca452001000f,12,6,black,opening,Bg4,-60,-61,1,ok
73386500-4bb7-11f1-8f45-ca452001000f,14,7,black,opening,Qxd5,111,130,0,ok
73386500-4bb7-11f1-8f45-ca452001000f,16,8,black,opening,Nd4,212,25,187,mistake
73386500-4bb7-11f1-8f45-ca452001000f,18,9,black,opening,Nxf3+,203,204,0,ok
73386500-4bb7-11f1-8f45-ca452001000f,20,10,black,opening,O-O-O,196,205,0,ok
73386500-4bb7-11f1-8f45-ca452001000f,22,11,black,middlegame,e4,336,395,0,ok
73386500-4bb7-11f1-8f45-ca452001000f,24,12,black,middlegame,exf3,390,221,169,mistake
73386500-4bb7-11f1-8f45-ca452001000f,26,13,black,middlegame,fxg2,223,225,0,ok
73386500-4bb7-11f1-8f45-ca452001000f,28,14,black,middlegame,Bd6,240,169,71,inaccuracy
73386500-4bb7-11f1-8f45-ca452001000f,30,15,black,middlegame,Bg3,338,240,98,inaccuracy
73386500-4bb7-11f1-8f45-ca452001000f,32,16,black,middlegame,Rhe8,346,29,317,blunder
73386500-4bb7-11f1-8f45-ca452001000f,34,17,black,middlegame,f5,58,-433,491,blunder
73386500-4bb7-11f1-8f45-ca452001000f,36,18,black,middlegame,fxg4,-444,-477,33,ok
73386500-4bb7-11f1-8f45-ca452001000f,38,19,black,middlegame,Kxd8,-492,-528,36,ok
73386500-4bb7-11f1-8f45-ca452001000f,40,20,black,middlegame,Bh4,-433,-486,53,inaccuracy
73386500-4bb7-11f1-8f45-ca452001000f,42,21,black,middlegame,g5,-485,-533,48,ok
73386500-4bb7-11f1-8f45-ca452001000f,44,22,black,middlegame,Bxg3,-554,-567,13,ok
73386500-4bb7-11f1-8f45-ca452001000f,46,23,black,middlegame,gxf3,-570,-562,0,ok
73386500-4bb7-11f1-8f45-ca452001000f,48,24,black,middlegame,h5,-576,-99994,99418,blunder
d8eacb21-4ab8-11f1-aa58-a277c101000f,1,1,white,opening,e4,34,38,0,ok
d8eacb21-4ab8-11f1-aa58-a277c101000f,3,2,white,opening,Nf3,42,37,5,ok
d8eacb21-4ab8-11f1-aa58-a277c101000f,5,3,white,opening,Nc3,37,17,20,ok
d8eacb21-4ab8-11f1-aa58-a277c101000f,7,4,white,opening,Nxe5,69,77,0,ok
d8eacb21-4ab8-11f1-aa58-a277c101000f,9,5,white,opening,d4,72,74,0,ok
d8eacb21-4ab8-11f1-aa58-a277c101000f,11,6,white,opening,dxe5,190,217,0,ok
d8eacb21-4ab8-11f1-aa58-a277c101000f,13,7,white,opening,Qf3,268,279,0,ok
d8eacb21-4ab8-11f1-aa58-a277c101000f,15,8,white,opening,Nxd5,296,278,18,ok
d8eacb21-4ab8-11f1-aa58-a277c101000f,17,9,white,opening,Qg3,355,363,0,ok
d8eacb21-4ab8-11f1-aa58-a277c101000f,19,10,white,opening,Be3,449,385,64,inaccuracy
d8eacb21-4ab8-11f1-aa58-a277c101000f,21,11,white,opening,Qxe3,392,304,88,inaccuracy
d8eacb21-4ab8-11f1-aa58-a277c101000f,23,12,white,middlegame,f3,426,284,142,mistake
d8eacb21-4ab8-11f1-aa58-a277c101000f,25,13,white,middlegame,Qxa7,321,364,0,ok
d8eacb21-4ab8-11f1-aa58-a277c101000f,27,14,white,middlegame,exd5,365,189,176,mistake
d8eacb21-4ab8-11f1-aa58-a277c101000f,29,15,white,middlegame,Be2,190,177,13,ok
d8eacb21-4ab8-11f1-aa58-a277c101000f,31,16,white,middlegame,Qa8+,145,165,0,ok
d8eacb21-4ab8-11f1-aa58-a277c101000f,33,17,white,middlegame,Qa4+,174,169,5,ok
d8eacb21-4ab8-11f1-aa58-a277c101000f,35,18,white,middlegame,Qc4,175,77,98,inaccuracy
d8eacb21-4ab8-11f1-aa58-a277c101000f,37,19,white,middlegame,O-O,177,182,0,ok
d8eacb21-4ab8-11f1-aa58-a277c101000f,39,20,white,middlegame,d6,218,100,118,mistake
d8eacb21-4ab8-11f1-aa58-a277c101000f,41,21,white,middlegame,Qxf7,601,125,476,blunder
d8eacb21-4ab8-11f1-aa58-a277c101000f,43,22,white,middlegame,Kh1,350,333,17,ok
d8eacb21-4ab8-11f1-aa58-a277c101000f,45,23,white,middlegame,Rab1,571,579,0,ok
d8eacb21-4ab8-11f1-aa58-a277c101000f,47,24,white,middlegame,Qc7#,99999,100000,0,ok
a52880a2-4a75-11f1-81ca-ca4be801000f,2,1,black,opening,d6,-36,-57,21,ok
a52880a2-4a75-11f1-81ca-ca4be801000f,4,2,black,opening,Nf6,-13,-24,11,ok
a52880a2-4a75-11f1-81ca-ca4be801000f,6,3,black,opening,e5,-4,-28,24,ok
a52880a2-4a75-11f1-81ca-ca4be801000f,8,4,black,opening,Na6,-32,-86,54,inaccuracy
a52880a2-4a75-11f1-81ca-ca4be801000f,10,5,black,opening,bxa6,-89,-86,0,ok
a52880a2-4a75-11f1-81ca-ca4be801000f,12,6,black,opening,Bg4,-62,-108,46,ok
a52880a2-4a75-11f1-81ca-ca4be801000f,14,7,black,opening,Rc8,-113,-148,35,ok
a52880a2-4a75-11f1-81ca-ca4be801000f,16,8,black,opening,c6,-111,-116,5,ok
a52880a2-4a75-11f1-81ca-ca4be801000f,18,9,black,opening,cxd5,-67,-71,4,ok
a52880a2-4a75-11f1-81ca-ca4be801000f,20,10,black,opening,Nxd5,-45,-52,7,ok
a52880a2-4a75-11f1-81ca-ca4be801000f,22,11,black,middlegame,Qa5,-51,-166,115,mistake
a52880a2-4a75-11f1-81ca-ca4be801000f,24,12,black,middlegame,Bd7,-55,-50,0,ok
a52880a2-4a75-11f1-81ca-ca4be801000f,26,13,black,middlegame,Qc7,5,12,0,ok
a52880a2-4a75-11f1-81ca-ca4be801000f,28,14,black,middlegame,Qxc2,64,47,17,ok
a52880a2-4a75-11f1-81ca-ca4be801000f,30,15,black,middlegame,Rxc2,98,87,11,ok
a52880a2-4a75-11f1-81ca-ca4be801000f,32,16,black,endgame,dxe5,115,125,0,ok
a52880a2-4a75-11f1-81ca-ca4be801000f,34,17,black,endgame,Bd6,271,248,23,ok
a52880a2-4a75-11f1-81ca-ca4be801000f,36,18,black,endgame,Rc4,264,253,11,ok
a52880a2-4a75-11f1-81ca-ca4be801000f,38,19,black,endgame,O-O,547,259,288,mistake
a52880a2-4a75-11f1-81ca-ca4be801000f,40,20,black,endgame,Bc5+,295,289,6,ok
a52880a2-4a75-11f1-81ca-ca4be801000f,42,21,black,endgame,Bg4,280,-307,587,blunder
a52880a2-4a75-11f1-81ca-ca4be801000f,44,22,black,endgame,Rd4,-320,-393,73,inaccuracy
a52880a2-4a75-11f1-81ca-ca4be801000f,46,23,black,endgame,Rc8,494,-421,915,blunder
a52880a2-4a75-11f1-81ca-ca4be801000f,48,24,black,endgame,h6,-417,-423,6,ok
a52880a2-4a75-11f1-81ca-ca4be801000f,50,25,black,endgame,Rxd5,-421,-417,0,ok
a52880a2-4a75-11f1-81ca-ca4be801000f,52,26,black,endgame,h5,-357,-425,68,inaccuracy
a52880a2-4a75-11f1-81ca-ca4be801000f,54,27,black,endgame,Be6,-396,-415,19,ok
a52880a2-4a75-11f1-81ca-ca4be801000f,56,28,black,endgame,Rc2,-424,-410,0,ok
a52880a2-4a75-11f1-81ca-ca4be801000f,58,29,black,endgame,Rxb2,-433,-422,0,ok
a52880a2-4a75-11f1-81ca-ca4be801000f,60,30,black,endgame,Bxd5,-430,-432,2,ok
a52880a2-4a75-11f1-81ca-ca4be801000f,62,31,black,endgame,g5,-436,-493,57,inaccuracy
a52880a2-4a75-11f1-81ca-ca4be801000f,64,32,black,endgame,Kg7,-501,-515,14,ok
a52880a2-4a75-11f1-81ca-ca4be801000f,66,33,black,endgame,Bb7,-495,-523,28,ok
a52880a2-4a75-11f1-81ca-ca4be801000f,68,34,black,endgame,Be4,-489,-523,34,ok
a52880a2-4a75-11f1-81ca-ca4be801000f,70,35,black,endgame,Kg6,-508,-505,0,ok
a52880a2-4a75-11f1-81ca-ca4be801000f,72,36,black,endgame,f5,-486,-525,39,ok
a52880a2-4a75-11f1-81ca-ca4be801000f,74,37,black,endgame,Kf7,-528,-544,16,ok
a52880a2-4a75-11f1-81ca-ca4be801000f,76,38,black,endgame,Rb3,-551,-556,5,ok
a52880a2-4a75-11f1-81ca-ca4be801000f,78,39,black,endgame,Rxh3+,-637,-915,278,mistake
a52880a2-4a75-11f1-81ca-ca4be801000f,80,40,black,endgame,Rg3,-99987,-99990,3,ok
a52880a2-4a75-11f1-81ca-ca4be801000f,82,41,black,endgame,Ke8,-99991,-99996,5,ok
a52880a2-4a75-11f1-81ca-ca4be801000f,84,42,black,endgame,Rxg2+,-500,-520,20,ok
a52880a2-4a75-11f1-81ca-ca4be801000f,86,43,black,endgame,Rg4,-537,-542,5,ok
a52880a2-4a75-11f1-81ca-ca4be801000f,88,44,black,endgame,Kd8,-486,-492,6,ok
a52880a2-4a75-11f1-81ca-ca4be801000f,90,45,black,endgame,fxe4,-233,-218,0,ok
a52880a2-4a75-11f1-81ca-ca4be801000f,92,46,black,endgame,h4,-145,-256,111,mistake
a52880a2-4a75-11f1-81ca-ca4be801000f,94,47,black,endgame,Kd7,-140,-146,6,ok
a52880a2-4a75-11f1-81ca-ca4be801000f,96,48,black,endgame,e3,-128,-165,37,ok
a52880a2-4a75-11f1-81ca-ca4be801000f,98,49,black,endgame,Rxa4,-8,-7,0,ok
a52880a2-4a75-11f1-81ca-ca4be801000f,100,50,black,endgame,Ke7,-1,-3,2,ok
a52880a2-4a75-11f1-81ca-ca4be801000f,102,51,black,endgame,Ke6,-2,-2,0,ok
a52880a2-4a75-11f1-81ca-ca4be801000f,104,52,black,endgame,Kf5,-1,-3,2,ok
a52880a2-4a75-11f1-81ca-ca4be801000f,106,53,black,endgame,Kf4,0,-3,3,ok
a52880a2-4a75-11f1-81ca-ca4be801000f,108,54,black,endgame,Ra1,-5,-9,4,ok
a52880a2-4a75-11f1-81ca-ca4be801000f,110,55,black,endgame,Ke3,-14,-19,5,ok
a52880a2-4a75-11f1-81ca-ca4be801000f,112,56,black,endgame,Rg1+,-20,-19,0,ok
a52880a2-4a75-11f1-81ca-ca4be801000f,114,57,black,endgame,Kd2,-17,-14,0,ok
a52880a2-4a75-11f1-81ca-ca4be801000f,116,58,black,endgame,Kc3,-13,-15,2,ok
a52880a2-4a75-11f1-81ca-ca4be801000f,118,59,black,endgame,Kb4,-12,-13,1,ok
a52880a2-4a75-11f1-81ca-ca4be801000f,120,60,black,endgame,Kc3,-11,-15,4,ok
a52880a2-4a75-11f1-81ca-ca4be801000f,122,61,black,endgame,Kd3,-9,-9,0,ok
a52880a2-4a75-11f1-81ca-ca4be801000f,124,62,black,endgame,Ke4,-11,-12,1,ok
a52880a2-4a75-11f1-81ca-ca4be801000f,126,63,black,endgame,Kf4,-10,-40,30,ok
a52880a2-4a75-11f1-81ca-ca4be801000f,128,64,black,endgame,Kf3,-11,-26,15,ok
a52880a2-4a75-11f1-81ca-ca4be801000f,130,65,black,endgame,Ke3,-7,-6,0,ok
a52880a2-4a75-11f1-81ca-ca4be801000f,132,66,black,endgame,Kd3,-11,-500,489,blunder
a52880a2-4a75-11f1-81ca-ca4be801000f,134,67,black,endgame,Ke2,-490,-565,75,inaccuracy
a52880a2-4a75-11f1-81ca-ca4be801000f,136,68,black,endgame,Kd2,-555,-583,28,ok
a52880a2-4a75-11f1-81ca-ca4be801000f,138,69,black,endgame,Kc3,-549,-544,0,ok
a52880a2-4a75-11f1-81ca-ca4be801000f,140,70,black,endgame,Kb4,-515,-547,32,ok
a52880a2-4a75-11f1-81ca-ca4be801000f,142,71,black,endgame,Ka3,-503,-526,23,ok
a52880a2-4a75-11f1-81ca-ca4be801000f,144,72,black,endgame,Ka4,-567,-99990,99423,blunder
a52880a2-4a75-11f1-81ca-ca4be801000f,146,73,black,endgame,Ka5,-99988,-99992,4,ok
a52880a2-4a75-11f1-81ca-ca4be801000f,148,74,black,endgame,Ka6,-99994,-99994,0,ok
a52880a2-4a75-11f1-81ca-ca4be801000f,150,75,black,endgame,Ka5,-99995,-99995,0,ok
a52880a2-4a75-11f1-81ca-ca4be801000f,152,76,black,endgame,Ka4,-99996,-99996,0,ok
a52880a2-4a75-11f1-81ca-ca4be801000f,154,77,black,endgame,Ka3,-99994,-99994,0,ok
a52880a2-4a75-11f1-81ca-ca4be801000f,156,78,black,endgame,Ka2,-99995,-99998,3,ok
a52880a2-4a75-11f1-81ca-ca4be801000f,158,79,black,endgame,Ka1,-99998,-99998,0,ok
a52880a2-4a75-11f1-81ca-ca4be801000f,160,80,black,endgame,Ka2,-99998,-99998,0,ok
a52880a2-4a75-11f1-81ca-ca4be801000f,162,81,black,endgame,Ka1,-99999,-99999,0,ok
8a4ccf15-4a73-11f1-af4c-7c85cf01000f,1,1,white,opening,e4,36,39,0,ok
8a4ccf15-4a73-11f1-af4c-7c85cf01000f,3,2,white,opening,Nf3,42,40,2,ok
8a4ccf15-4a73-11f1-af4c-7c85cf01000f,5,3,white,opening,Nc3,40,16,24,ok
8a4ccf15-4a73-11f1-af4c-7c85cf01000f,7,4,white,opening,d4,17,7,10,ok
8a4ccf15-4a73-11f1-af4c-7c85cf01000f,9,5,white,opening,Nxd4,9,18,0,ok
8a4ccf15-4a73-11f1-af4c-7c85cf01000f,11,6,white,opening,Nxc6,22,23,0,ok
8a4ccf15-4a73-11f1-af4c-7c85cf01000f,13,7,white,opening,Bg5,20,-32,52,inaccuracy
8a4ccf15-4a73-11f1-af4c-7c85cf01000f,15,8,white,opening,Be2,56,-11,67,inaccuracy
8a4ccf15-4a73-11f1-af4c-7c85cf01000f,17,9,white,opening,Qd3,-10,-37,27,ok
8a4ccf15-4a73-11f1-af4c-7c85cf01000f,19,10,white,opening,O-O,89,52,37,ok
8a4ccf15-4a73-11f1-af4c-7c85cf01000f,21,11,white,opening,Bh4,88,102,0,ok
8a4ccf15-4a73-11f1-af4c-7c85cf01000f,23,12,white,middlegame,Rad1,128,114,14,ok
8a4ccf15-4a73-11f1-af4c-7c85cf01000f,25,13,white,middlegame,e5,167,58,109,mistake
8a4ccf15-4a73-11f1-af4c-7c85cf01000f,27,14,white,middlegame,Bxf6,64,-15,79,inaccuracy
8a4ccf15-4a73-11f1-af4c-7c85cf01000f,29,15,white,middlegame,Qxd7,569,458,111,mistake
8a4ccf15-4a73-11f1-af4c-7c85cf01000f,31,16,white,endgame,Rxd7,453,466,0,ok
8a4ccf15-4a73-11f1-af4c-7c85cf01000f,33,17,white,endgame,Rd1,480,463,17,ok
8a4ccf15-4a73-11f1-af4c-7c85cf01000f,35,18,white,endgame,Nd5,521,515,6,ok
8a4ccf15-4a73-11f1-af4c-7c85cf01000f,37,19,white,endgame,Rd3,566,483,83,inaccuracy
8a4ccf15-4a73-11f1-af4c-7c85cf01000f,39,20,white,endgame,Rg3+,473,458,15,ok
8a4ccf15-4a73-11f1-af4c-7c85cf01000f,41,21,white,endgame,Ne7,495,342,153,mistake
8a4ccf15-4a73-11f1-af4c-7c85cf01000f,43,22,white,endgame,h3,385,157,228,mistake
8a4ccf15-4a73-11f1-af4c-7c85cf01000f,45,23,white,endgame,Kh2,308,323,0,ok
8a4ccf15-4a73-11f1-af4c-7c85cf01000f,47,24,white,endgame,Rg4,377,247,130,mistake
8a4ccf15-4a73-11f1-af4c-7c85cf01000f,49,25,white,endgame,Rd3,396,331,65,inaccuracy
8a4ccf15-4a73-11f1-af4c-7c85cf01000f,51,26,white,endgame,g3,347,356,0,ok
8a4ccf15-4a73-11f1-af4c-7c85cf01000f,53,27,white,endgame,h4,391,390,1,ok
8a4ccf15-4a73-11f1-af4c-7c85cf01000f,55,28,white,endgame,Re4,398,408,0,ok
8a4ccf15-4a73-11f1-af4c-7c85cf01000f,57,29,white,endgame,Bxh5,421,425,0,ok
30f00424-489c-11f1-bcc4-c4fb4501000f,1,1,white,opening,e4,36,38,0,ok
30f00424-489c-11f1-bcc4-c4fb4501000f,3,2,white,opening,Nf3,36,37,0,ok
30f00424-489c-11f1-bcc4-c4fb4501000f,5,3,white,opening,Nc3,41,16,25,ok
30f00424-489c-11f1-bcc4-c4fb4501000f,7,4,white,opening,Nxe5,69,68,1,ok
30f00424-489c-11f1-bcc4-c4fb4501000f,9,5,white,opening,d4,75,69,6,ok
30f00424-489c-11f1-bcc4-c4fb4501000f,11,6,white,opening,Qxd4,182,180,2,ok
30f00424-489c-11f1-bcc4-c4fb4501000f,13,7,white,opening,Nd5,306,-213,519,blunder
30f00424-489c-11f1-bcc4-c4fb4501000f,15,8,white,opening,gxf3,-212,-195,0,ok
30f00424-489c-11f1-bcc4-c4fb4501000f,17,9,white,opening,Nxc7+,-220,-242,22,ok
30f00424-489c-11f1-bcc4-c4fb4501000f,19,10,white,opening,Bg5+,-247,-500,253,mistake
30f00424-489c-11f1-bcc4-c4fb4501000f,21,11,white,opening,Bf4,-409,-381,0,ok
30f00424-489c-11f1-bcc4-c4fb4501000f,23,12,white,middlegame,Rd1,-386,-392,6,ok
30f00424-489c-11f1-bcc4-c4fb4501000f,25,13,white,middlegame,Ne6+,-306,-314,8,ok
30f00424-489c-11f1-bcc4-c4fb4501000f,27,14,white,middlegame,Bc4,-317,-602,285,mistake
30f00424-489c-11f1-bcc4-c4fb4501000f,29,15,white,middlegame,Kf1,-600,-695,95,inaccuracy
30f00424-489c-11f1-bcc4-c4fb4501000f,31,16,white,middlegame,Kg2,-700,-709,9,ok
b5e0302f-4883-11f1-a77f-65f30301000f,1,1,white,opening,e4,42,40,2,ok
b5e0302f-4883-11f1-a77f-65f30301000f,3,2,white,opening,exd5,69,69,0,ok
b5e0302f-4883-11f1-a77f-65f30301000f,5,3,white,opening,Nc3,75,31,44,ok
b5e0302f-4883-11f1-a77f-65f30301000f,7,4,white,opening,Nxd5,31,-14,45,ok
b5e0302f-4883-11f1-a77f-65f30301000f,9,5,white,opening,Nf3,-19,-17,0,ok
b5e0302f-4883-11f1-a77f-65f30301000f,11,6,white,opening,Be2,76,82,0,ok
b5e0302f-4883-11f1-a77f-65f30301000f,13,7,white,opening,d3,81,68,13,ok
b5e0302f-4883-11f1-a77f-65f30301000f,15,8,white,opening,c3,140,129,11,ok
b5e0302f-4883-11f1-a77f-65f30301000f,17,9,white,opening,O-O,142,118,24,ok
b5e0302f-4883-11f1-a77f-65f30301000f,19,10,white,opening,d4,127,115,12,ok
b5e0302f-4883-11f1-a77f-65f30301000f,21,11,white,opening,Re1,111,107,4,ok
b5e0302f-4883-11f1-a77f-65f30301000f,23,12,white,middlegame,Bb5,114,77,37,ok
b5e0302f-4883-11f1-a77f-65f30301000f,25,13,white,middlegame,Qa4,92,47,45,ok
b5e0302f-4883-11f1-a77f-65f30301000f,27,14,white,middlegame,Bxc6,45,30,15,ok
b5e0302f-4883-11f1-a77f-65f30301000f,29,15,white,middlegame,Qxc6,23,45,0,ok
b5e0302f-4883-11f1-a77f-65f30301000f,31,16,white,endgame,Ne5,44,37,7,ok
b5e0302f-4883-11f1-a77f-65f30301000f,33,17,white,endgame,Nxc6,143,147,0,ok
b5e0302f-4883-11f1-a77f-65f30301000f,35,18,white,endgame,Bf4,147,115,32,ok
b5e0302f-4883-11f1-a77f-65f30301000f,37,19,white,endgame,Bxd6,147,151,0,ok
b5e0302f-4883-11f1-a77f-65f30301000f,39,20,white,endgame,Re3,151,131,20,ok
b5e0302f-4883-11f1-a77f-65f30301000f,41,21,white,endgame,Rae1,189,113,76,inaccuracy
b5e0302f-4883-11f1-a77f-65f30301000f,43,22,white,endgame,Ne5,141,75,66,inaccuracy
b5e0302f-4883-11f1-a77f-65f30301000f,45,23,white,endgame,b4,67,37,30,ok
b5e0302f-4883-11f1-a77f-65f30301000f,47,24,white,endgame,bxa5,67,18,49,ok
b5e0302f-4883-11f1-a77f-65f30301000f,49,25,white,endgame,Ra1,39,-4,43,ok
b5e0302f-4883-11f1-a77f-65f30301000f,51,26,white,endgame,a4,13,-19,32,ok
b5e0302f-4883-11f1-a77f-65f30301000f,53,27,white,endgame,Nd7+,165,148,17,ok
b5e0302f-4883-11f1-a77f-65f30301000f,55,28,white,endgame,Nb6,153,-306,459,blunder
b5e0302f-4883-11f1-a77f-65f30301000f,57,29,white,endgame,Nxd5+,-136,-352,216,mistake
b5e0302f-4883-11f1-a77f-65f30301000f,59,30,white,endgame,a5,-366,-442,76,inaccuracy
b5e0302f-4883-11f1-a77f-65f30301000f,61,31,white,endgame,a6,-325,-424,99,inaccuracy
b5e0302f-4883-11f1-a77f-65f30301000f,63,32,white,endgame,Re2,-373,-416,43,ok
b5e0302f-4883-11f1-a77f-65f30301000f,65,33,white,endgame,Rea2,-409,-417,8,ok
b5e0302f-4883-11f1-a77f-65f30301000f,67,34,white,endgame,Ra3,-395,-408,13,ok
b5e0302f-4883-11f1-a77f-65f30301000f,69,35,white,endgame,d5,-431,-470,39,ok
b5e0302f-4883-11f1-a77f-65f30301000f,71,36,white,endgame,Re1+,-473,-478,5,ok
b5e0302f-4883-11f1-a77f-65f30301000f,73,37,white,endgame,c4,-473,-523,50,inaccuracy
b5e0302f-4883-11f1-a77f-65f30301000f,75,38,white,endgame,Rf3+,0,0,0,ok
b5e0302f-4883-11f1-a77f-65f30301000f,77,39,white,endgame,Re5+,0,-418,418,blunder
b5e0302f-4883-11f1-a77f-65f30301000f,79,40,white,endgame,h4,-439,-442,3,ok
b5e0302f-4883-11f1-a77f-65f30301000f,81,41,white,endgame,h5+,-431,-465,34,ok
b5e0302f-4883-11f1-a77f-65f30301000f,83,42,white,endgame,g4,-446,-450,4,ok
b5e0302f-4883-11f1-a77f-65f30301000f,85,43,white,endgame,hxg6+,-402,-424,22,ok
b5e0302f-4883-11f1-a77f-65f30301000f,87,44,white,endgame,g5,-424,-450,26,ok
b5e0302f-4883-11f1-a77f-65f30301000f,89,45,white,endgame,Rh3,-374,-378,4,ok
b5e0302f-4883-11f1-a77f-65f30301000f,91,46,white,endgame,Re8,-375,-384,9,ok
b5e0302f-4883-11f1-a77f-65f30301000f,93,47,white,endgame,Rhh8,-383,-403,20,ok
b5e0302f-4883-11f1-a77f-65f30301000f,95,48,white,endgame,Kf1,-405,-965,560,blunder
b5e0302f-4883-11f1-a77f-65f30301000f,97,49,white,endgame,Kg2,-1486,-1091,0,ok
b5e0302f-4883-11f1-a77f-65f30301000f,99,50,white,middlegame,f4,-99989,-99996,7,ok
b5e0302f-4883-11f1-a77f-65f30301000f,101,51,white,middlegame,Kh2,-99994,-99996,2,ok
b5e0302f-4883-11f1-a77f-65f30301000f,103,52,white,middlegame,Kh3,-99997,-99999,2,ok
b5e0302f-4883-11f1-a77f-65f30301000f,105,53,white,middlegame,Rh7+,-99994,-99994,0,ok
b5e0302f-4883-11f1-a77f-65f30301000f,107,54,white,middlegame,Re2,-99995,-99997,2,ok
b5e0302f-4883-11f1-a77f-65f30301000f,109,55,white,middlegame,Kh2,-99997,-99997,0,ok
b5e0302f-4883-11f1-a77f-65f30301000f,111,56,white,middlegame,Kh3,-99997,-99998,1,ok
b5e0302f-4883-11f1-a77f-65f30301000f,113,57,white,middlegame,Kh4,-99998,-99999,1,ok
b5e0302f-4883-11f1-a77f-65f30301000f,115,58,white,middlegame,Kg5,-99998,-99999,1,ok
b5e0302f-4883-11f1-a77f-65f30301000f,117,59,white,middlegame,Kf6,-99998,-99998,0,ok
b5e0302f-4883-11f1-a77f-65f30301000f,119,60,white,middlegame,Ke5,-99999,-99999,0,ok
b5e0302f-4883-11f1-a77f-65f30301000f,121,61,white,middlegame,Kd5,-99999,-99999,0,ok
4d46a614-4882-11f1-8935-a222e801000f,2,1,black,opening,e5,-39,-37,0,ok
4d46a614-4882-11f1-8935-a222e801000f,4,2,black,opening,Nc6,-38,-40,2,ok
4d46a614-4882-11f1-8935-a222e801000f,6,3,black,opening,Nf6,-29,-32,3,ok
4d46a614-4882-11f1-8935-a222e801000f,8,4,black,opening,d5,-20,-21,1,ok
4d46a614-4882-11f1-8935-a222e801000f,10,5,black,opening,Nxd5,-25,-111,86,inaccuracy
4d46a614-4882-11f1-8935-a222e801000f,12,6,black,opening,Be6,57,-76,133,mistake
4d46a614-4882-11f1-8935-a222e801000f,14,7,black,opening,Be7,220,-204,424,blunder
4d46a614-4882-11f1-8935-a222e801000f,16,8,black,opening,Bxd5,38,28,10,ok
4d46a614-4882-11f1-8935-a222e801000f,18,9,black,opening,Bxg5,64,64,0,ok
4d46a614-4882-11f1-8935-a222e801000f,20,10,black,opening,Nd4,78,89,0,ok
4d46a614-4882-11f1-8935-a222e801000f,22,11,black,middlegame,Bf6,88,-151,239,mistake
4d46a614-4882-11f1-8935-a222e801000f,24,12,black,middlegame,Qxf6,-38,-40,2,ok
4d46a614-4882-11f1-8935-a222e801000f,26,13,black,middlegame,Nc6,-42,-50,8,ok
4d46a614-4882-11f1-8935-a222e801000f,28,14,black,middlegame,O-O-O,-19,-57,38,ok
4d46a614-4882-11f1-8935-a222e801000f,30,15,black,middlegame,exd4,89,93,0,ok
4d46a614-4882-11f1-8935-a222e801000f,32,16,black,middlegame,Nxd4,91,102,0,ok
4d46a614-4882-11f1-8935-a222e801000f,34,17,black,middlegame,Ne2+,123,-92,215,mistake
4d46a614-4882-11f1-8935-a222e801000f,36,18,black,middlegame,Rhe8,-78,-436,358,blunder
4d46a614-4882-11f1-8935-a222e801000f,38,19,black,middlegame,Rd7,-413,-99997,99584,blunder
4d46a614-4882-11f1-8935-a222e801000f,40,20,black,middlegame,Red8,-448,-461,13,ok
4d46a614-4882-11f1-8935-a222e801000f,42,21,black,middlegame,b6,-158,-99999,99841,blunder
0de8fb9b-4872-11f1-8bd8-4ccb2b01000f,2,1,black,opening,e5,-40,-40,0,ok
0de8fb9b-4872-11f1-8bd8-4ccb2b01000f,4,2,black,opening,Nc6,-38,-35,0,ok
0de8fb9b-4872-11f1-8bd8-4ccb2b01000f,6,3,black,opening,Nf6,16,11,5,ok
0de8fb9b-4872-11f1-8bd8-4ccb2b01000f,8,4,black,opening,d5,28,28,0,ok
0de8fb9b-4872-11f1-8bd8-4ccb2b01000f,10,5,black,opening,Qxd5,62,53,9,ok
0de8fb9b-4872-11f1-8bd8-4ccb2b01000f,12,6,black,opening,e4,89,-124,213,mistake
0de8fb9b-4872-11f1-8bd8-4ccb2b01000f,14,7,black,opening,Nxe4,-81,-73,0,ok
0de8fb9b-4872-11f1-8bd8-4ccb2b01000f,16,8,black,opening,Qxd1+,-4,-102,98,inaccuracy
0de8fb9b-4872-11f1-8bd8-4ccb2b01000f,18,9,black,opening,Bg4,-106,-156,50,inaccuracy
0de8fb9b-4872-11f1-8bd8-4ccb2b01000f,20,10,black,opening,O-O-O+,-73,-80,7,ok
0de8fb9b-4872-11f1-8bd8-4ccb2b01000f,22,11,black,endgame,Bc5,-67,-58,0,ok
0de8fb9b-4872-11f1-8bd8-4ccb2b01000f,24,12,black,endgame,Bxe3,25,27,0,ok
0de8fb9b-4872-11f1-8bd8-4ccb2b01000f,26,13,black,endgame,Rhe8,13,11,2,ok
0de8fb9b-4872-11f1-8bd8-4ccb2b01000f,28,14,black,endgame,Bxf3,158,49,109,mistake
0de8fb9b-4872-11f1-8bd8-4ccb2b01000f,30,15,black,endgame,Rxe5,61,10,51,inaccuracy
0de8fb9b-4872-11f1-8bd8-4ccb2b01000f,32,16,black,endgame,bxc6,24,18,6,ok
0de8fb9b-4872-11f1-8bd8-4ccb2b01000f,34,17,black,endgame,Rde8,0,25,0,ok
0de8fb9b-4872-11f1-8bd8-4ccb2b01000f,36,18,black,endgame,f5,6,0,6,ok
0de8fb9b-4872-11f1-8bd8-4ccb2b01000f,38,19,black,endgame,Kb7,17,6,11,ok
0de8fb9b-4872-11f1-8bd8-4ccb2b01000f,40,20,black,endgame,Rd8+,14,-11,25,ok
0de8fb9b-4872-11f1-8bd8-4ccb2b01000f,42,21,black,endgame,Rxd1,0,-13,13,ok
0de8fb9b-4872-11f1-8bd8-4ccb2b01000f,44,22,black,endgame,g5,-9,-12,3,ok
0de8fb9b-4872-11f1-8bd8-4ccb2b01000f,46,23,black,endgame,h5,-1,-11,10,ok
0de8fb9b-4872-11f1-8bd8-4ccb2b01000f,48,24,black,endgame,Re4,9,-7,16,ok
0de8fb9b-4872-11f1-8bd8-4ccb2b01000f,50,25,black,endgame,c5,-9,-22,13,ok
0de8fb9b-4872-11f1-8bd8-4ccb2b01000f,52,26,black,endgame,Kc6,17,-21,38,ok
0de8fb9b-4872-11f1-8bd8-4ccb2b01000f,54,27,black,endgame,Kb6,42,-38,80,inaccuracy
0de8fb9b-4872-11f1-8bd8-4ccb2b01000f,56,28,black,endgame,Ka5,-27,-27,0,ok
0de8fb9b-4872-11f1-8bd8-4ccb2b01000f,58,29,black,endgame,h4,-17,-88,71,inaccuracy
0de8fb9b-4872-11f1-8bd8-4ccb2b01000f,60,30,black,endgame,Re5,-99,-85,0,ok
0de8fb9b-4872-11f1-8bd8-4ccb2b01000f,62,31,black,endgame,Rxf5,-80,-91,11,ok
0de8fb9b-4872-11f1-8bd8-4ccb2b01000f,64,32,black,endgame,Re5,-118,-113,0,ok
0de8fb9b-4872-11f1-8bd8-4ccb2b01000f,66,33,black,endgame,Kb6,-118,-123,5,ok
0de8fb9b-4872-11f1-8bd8-4ccb2b01000f,68,34,black,endgame,Re7,0,-215,215,mistake
0de8fb9b-4872-11f1-8bd8-4ccb2b01000f,70,35,black,endgame,a5,-224,-316,92,inaccuracy
0de8fb9b-4872-11f1-8bd8-4ccb2b01000f,72,36,black,endgame,Rf7,-242,-280,38,ok
0de8fb9b-4872-11f1-8bd8-4ccb2b01000f,74,37,black,endgame,Kc6,-346,-363,17,ok
0de8fb9b-4872-11f1-8bd8-4ccb2b01000f,76,38,black,endgame,Rh7,-373,-383,10,ok
0de8fb9b-4872-11f1-8bd8-4ccb2b01000f,78,39,black,endgame,Kd7,-384,-390,6,ok
0de8fb9b-4872-11f1-8bd8-4ccb2b01000f,80,40,black,endgame,Rh5,-394,-406,12,ok
0de8fb9b-4872-11f1-8bd8-4ccb2b01000f,82,41,black,endgame,c6+,-409,-381,0,ok
0de8fb9b-4872-11f1-8bd8-4ccb2b01000f,84,42,black,endgame,Rxe5+,-387,-405,18,ok
0de8fb9b-4872-11f1-8bd8-4ccb2b01000f,86,43,black,endgame,Re3,-453,-463,10,ok
0de8fb9b-4872-11f1-8bd8-4ccb2b01000f,88,44,black,endgame,Rxb3+,-393,-440,47,ok
0de8fb9b-4872-11f1-8bd8-4ccb2b01000f,90,45,black,endgame,Kc7,-357,-492,135,mistake
0de8fb9b-4872-11f1-8bd8-4ccb2b01000f,92,46,black,endgame,Kb8,-338,-511,173,mistake
0de8fb9b-4872-11f1-8bd8-4ccb2b01000f,94,47,black,endgame,Rh3,-515,-502,0,ok
0de8fb9b-4872-11f1-8bd8-4ccb2b01000f,96,48,black,endgame,c5,-491,-505,14,ok
0de8fb9b-4872-11f1-8bd8-4ccb2b01000f,98,49,black,endgame,Ra3,-493,-524,31,ok
0de8fb9b-4872-11f1-8bd8-4ccb2b01000f,100,50,black,endgame,Rh3,-574,-603,29,ok
0de8fb9b-4872-11f1-8bd8-4ccb2b01000f,102,51,black,endgame,Kc8,-606,-605,0,ok
0de8fb9b-4872-11f1-8bd8-4ccb2b01000f,104,52,black,endgame,Kb8,-600,-738,138,mistake
0de8fb9b-4872-11f1-8bd8-4ccb2b01000f,106,53,black,endgame,Ka8,-937,-1654,717,blunder
0de8fb9b-4872-11f1-8bd8-4ccb2b01000f,108,54,black,endgame,Rb3,-1082,-1579,497,blunder
0de8fb9b-4872-11f1-8bd8-4ccb2b01000f,110,55,black,endgame,Rb7,-1451,-99994,98543,blunder
02c4963d-464d-11f1-ba5a-99101f01000f,1,1,white,opening,e4,37,36,1,ok
02c4963d-464d-11f1-ba5a-99101f01000f,3,2,white,opening,Nf3,39,38,1,ok
02c4963d-464d-11f1-ba5a-99101f01000f,5,3,white,opening,Nc3,36,16,20,ok
02c4963d-464d-11f1-ba5a-99101f01000f,7,4,white,opening,Bb5,81,43,38,ok
02c4963d-464d-11f1-ba5a-99101f01000f,9,5,white,opening,Bxc6,55,36,19,ok
02c4963d-464d-11f1-ba5a-99101f01000f,11,6,white,opening,Nxe5,38,12,26,ok
02c4963d-464d-11f1-ba5a-99101f01000f,13,7,white,opening,Nf3,13,-51,64,inaccuracy
02c4963d-464d-11f1-ba5a-99101f01000f,15,8,white,opening,Rg1,-50,-51,1,ok
02c4963d-464d-11f1-ba5a-99101f01000f,17,9,white,opening,d4,-52,-46,0,ok
02c4963d-464d-11f1-ba5a-99101f01000f,19,10,white,opening,Rg3,-34,-46,12,ok
02c4963d-464d-11f1-ba5a-99101f01000f,21,11,white,opening,Ne5,-48,-91,43,ok
02c4963d-464d-11f1-ba5a-99101f01000f,23,12,white,middlegame,Qf3,-38,-36,0,ok
02c4963d-464d-11f1-ba5a-99101f01000f,25,13,white,middlegame,Bf4,-32,-156,124,mistake
02c4963d-464d-11f1-ba5a-99101f01000f,27,14,white,middlegame,Rg2,18,-287,305,blunder
02c4963d-464d-11f1-ba5a-99101f01000f,29,15,white,middlegame,Kd2,-334,-356,22,ok
02c4963d-464d-11f1-ba5a-99101f01000f,31,16,white,middlegame,Bh2,-363,-480,117,mistake
02c4963d-464d-11f1-ba5a-99101f01000f,33,17,white,middlegame,Nd3,-386,-412,26,ok
02c4963d-464d-11f1-ba5a-99101f01000f,35,18,white,middlegame,Rg1,-82,-83,1,ok
02c4963d-464d-11f1-ba5a-99101f01000f,37,19,white,middlegame,Rxb1,328,-208,536,blunder
02c4963d-464d-11f1-ba5a-99101f01000f,39,20,white,middlegame,Qf4,-210,-305,95,inaccuracy
02c4963d-464d-11f1-ba5a-99101f01000f,41,21,white,middlegame,e5,-291,-332,41,ok
02c4963d-464d-11f1-ba5a-99101f01000f,43,22,white,middlegame,Qxf7,-327,-333,6,ok
02c4963d-464d-11f1-ba5a-99101f01000f,45,23,white,middlegame,bxc3,-185,-195,10,ok
02c4963d-464d-11f1-ba5a-99101f01000f,47,24,white,middlegame,Qe8+,0,0,0,ok
02c4963d-464d-11f1-ba5a-99101f01000f,49,25,white,middlegame,Qe6+,0,0,0,ok
02c4963d-464d-11f1-ba5a-99101f01000f,51,26,white,middlegame,Nc5,188,-475,663,blunder
02c4963d-464d-11f1-ba5a-99101f01000f,53,27,white,middlegame,Ke3,-314,-742,428,blunder
02c4963d-464d-11f1-ba5a-99101f01000f,55,28,white,middlegame,Nd3,-752,-764,12,ok
02c4963d-464d-11f1-ba5a-99101f01000f,57,29,white,middlegame,Ke2,-355,-961,606,blunder
02c4963d-464d-11f1-ba5a-99101f01000f,59,30,white,middlegame,Ke3,-979,-99998,99019,blunder
02c4963d-464d-11f1-ba5a-99101f01000f,61,31,white,middlegame,Kf4,-99999,-99999,0,ok
02c4963d-464d-11f1-ba5a-99101f01000f,63,32,white,middlegame,f3,-958,-1069,111,mistake
02c4963d-464d-11f1-ba5a-99101f01000f,65,33,white,middlegame,Kg4,-99987,-99989,2,ok
02c4963d-464d-11f1-ba5a-99101f01000f,67,34,white,middlegame,Qf6,-1083,-99993,98910,blunder
02c4963d-464d-11f1-ba5a-99101f01000f,69,35,white,middlegame,Qg7,-1304,-99993,98689,blunder
02c4963d-464d-11f1-ba5a-99101f01000f,71,36,white,middlegame,Kh5,-1220,-1271,51,inaccuracy
02c4963d-464d-11f1-ba5a-99101f01000f,73,37,white,middlegame,Kg6,-99991,-99992,1,ok
02c4963d-464d-11f1-ba5a-99101f01000f,75,38,white,middlegame,e6,-99990,-99993,3,ok
02c4963d-464d-11f1-ba5a-99101f01000f,77,39,white,middlegame,Kxg7,-99994,-99994,0,ok
02c4963d-464d-11f1-ba5a-99101f01000f,79,40,white,middlegame,Bxc7+,-1191,-99994,98803,blunder
02c4963d-464d-11f1-ba5a-99101f01000f,81,41,white,middlegame,e7,-99995,-99995,0,ok
02c4963d-464d-11f1-ba5a-99101f01000f,83,42,white,middlegame,Kh8,-99996,-99997,1,ok
02c4963d-464d-11f1-ba5a-99101f01000f,85,43,white,middlegame,Kh7,-99996,-99997,1,ok
02c4963d-464d-11f1-ba5a-99101f01000f,87,44,white,middlegame,Kg8,-99998,-99999,1,ok
40f29fa0-4479-11f1-b1c3-7da68c01000f,2,1,black,opening,e5,-39,-39,0,ok
40f29fa0-4479-11f1-b1c3-7da68c01000f,4,2,black,opening,Nf6,-5,1,0,ok
40f29fa0-4479-11f1-b1c3-7da68c01000f,6,3,black,opening,Bc5,9,-27,36,ok
40f29fa0-4479-11f1-b1c3-7da68c01000f,8,4,black,opening,d5,-24,-102,78,inaccuracy
40f29fa0-4479-11f1-b1c3-7da68c01000f,10,5,black,opening,Nxd5,-97,-151,54,inaccuracy
40f29fa0-4479-11f1-b1c3-7da68c01000f,12,6,black,opening,Nc6,-38,-36,0,ok
40f29fa0-4479-11f1-b1c3-7da68c01000f,14,7,black,opening,Nf4,-38,-131,93,inaccuracy
40f29fa0-4479-11f1-b1c3-7da68c01000f,16,8,black,opening,exf4,-136,-143,7,ok
40f29fa0-4479-11f1-b1c3-7da68c01000f,18,9,black,opening,Qe7,-103,-104,1,ok
40f29fa0-4479-11f1-b1c3-7da68c01000f,20,10,black,opening,Nxe7,-55,-87,32,ok
40f29fa0-4479-11f1-b1c3-7da68c01000f,22,11,black,endgame,O-O,-66,-61,0,ok
40f29fa0-4479-11f1-b1c3-7da68c01000f,24,12,black,endgame,Bd6,-47,-39,0,ok
40f29fa0-4479-11f1-b1c3-7da68c01000f,26,13,black,endgame,Re8,-34,-258,224,mistake
40f29fa0-4479-11f1-b1c3-7da68c01000f,28,14,black,endgame,Rf8,-284,-328,44,ok
40f29fa0-4479-11f1-b1c3-7da68c01000f,30,15,black,endgame,Nf5,-237,-229,0,ok
40f29fa0-4479-11f1-b1c3-7da68c01000f,32,16,black,endgame,cxd6,-35,-364,329,blunder
40f29fa0-4479-11f1-b1c3-7da68c01000f,34,17,black,endgame,h6,-57,-54,0,ok
40f29fa0-4479-11f1-b1c3-7da68c01000f,36,18,black,endgame,Bxf5,12,3,9,ok
40f29fa0-4479-11f1-b1c3-7da68c01000f,38,19,black,endgame,Rfe8,53,14,39,ok
40f29fa0-4479-11f1-b1c3-7da68c01000f,40,20,black,endgame,Rxe8,53,46,7,ok
40f29fa0-4479-11f1-b1c3-7da68c01000f,42,21,black,endgame,Re2,148,136,12,ok
40f29fa0-4479-11f1-b1c3-7da68c01000f,44,22,black,endgame,b5,260,-13,273,mistake
40f29fa0-4479-11f1-b1c3-7da68c01000f,46,23,black,endgame,Rc2,0,-87,87,inaccuracy
40f29fa0-4479-11f1-b1c3-7da68c01000f,48,24,black,endgame,Rxc3,-73,-58,0,ok
40f29fa0-4479-11f1-b1c3-7da68c01000f,50,25,black,endgame,Bxh3,-64,-487,423,blunder
40f29fa0-4479-11f1-b1c3-7da68c01000f,52,26,black,endgame,Bc8,-316,-317,1,ok
40f29fa0-4479-11f1-b1c3-7da68c01000f,54,27,black,endgame,Kh7,-273,-276,3,ok
40f29fa0-4479-11f1-b1c3-7da68c01000f,56,28,black,endgame,Rc6,-304,-355,51,inaccuracy
40f29fa0-4479-11f1-b1c3-7da68c01000f,58,29,black,endgame,Bxb7,-347,-363,16,ok
40f29fa0-4479-11f1-b1c3-7da68c01000f,60,30,black,endgame,Rc1+,-372,-380,8,ok
40f29fa0-4479-11f1-b1c3-7da68c01000f,62,31,black,endgame,Rb1,-366,-468,102,mistake
40f29fa0-4479-11f1-b1c3-7da68c01000f,64,32,black,endgame,Kg6,-388,-408,20,ok
40f29fa0-4479-11f1-b1c3-7da68c01000f,66,33,black,endgame,Kf5,-359,-468,109,mistake
40f29fa0-4479-11f1-b1c3-7da68c01000f,68,34,black,endgame,Rb2,-467,-492,25,ok
40f29fa0-4479-11f1-b1c3-7da68c01000f,70,35,black,endgame,Rb4,-489,-490,1,ok
40f29fa0-4479-11f1-b1c3-7da68c01000f,72,36,black,endgame,Ke6,-500,-511,11,ok
40f29fa0-4479-11f1-b1c3-7da68c01000f,74,37,black,endgame,Kd5,-523,-537,14,ok
40f29fa0-4479-11f1-b1c3-7da68c01000f,76,38,black,endgame,Kc6,-524,-628,104,mistake
40f29fa0-4479-11f1-b1c3-7da68c01000f,78,39,black,endgame,Kxb6,-510,-490,0,ok
40f29fa0-4479-11f1-b1c3-7da68c01000f,80,40,black,endgame,Rxd4,-471,-468,0,ok
40f29fa0-4479-11f1-b1c3-7da68c01000f,82,41,black,endgame,Rd6,-462,-454,0,ok
40f29fa0-4479-11f1-b1c3-7da68c01000f,84,42,black,endgame,Kc5,-444,-457,13,ok
40f29fa0-4479-11f1-b1c3-7da68c01000f,86,43,black,endgame,Rf6,-445,-437,0,ok
40f29fa0-4479-11f1-b1c3-7da68c01000f,88,44,black,endgame,Kd4,-443,-454,11,ok
40f29fa0-4479-11f1-b1c3-7da68c01000f,90,45,black,endgame,Ke4,-403,-437,34,ok
40f29fa0-4479-11f1-b1c3-7da68c01000f,92,46,black,endgame,Ke3,-457,-458,1,ok
40f29fa0-4479-11f1-b1c3-7da68c01000f,94,47,black,endgame,h5,-417,-442,25,ok
40f29fa0-4479-11f1-b1c3-7da68c01000f,96,48,black,endgame,Kf2,-437,-454,17,ok
40f29fa0-4479-11f1-b1c3-7da68c01000f,98,49,black,endgame,h4,-452,-776,324,blunder
40f29fa0-4479-11f1-b1c3-7da68c01000f,100,50,black,endgame,Ke3,-487,-496,9,ok
40f29fa0-4479-11f1-b1c3-7da68c01000f,102,51,black,endgame,Kf2,-411,-496,85,inaccuracy
40f29fa0-4479-11f1-b1c3-7da68c01000f,104,52,black,endgame,Ke3,-502,-504,2,ok
bd72aa7c-4410-11f1-8ea4-8a3b0301000f,1,1,white,opening,e4,41,36,5,ok
bd72aa7c-4410-11f1-8ea4-8a3b0301000f,3,2,white,opening,Nf3,38,41,0,ok
bd72aa7c-4410-11f1-8ea4-8a3b0301000f,5,3,white,opening,Nc3,38,10,28,ok
bd72aa7c-4410-11f1-8ea4-8a3b0301000f,7,4,white,opening,exf5,156,125,31,ok
bd72aa7c-4410-11f1-8ea4-8a3b0301000f,9,5,white,opening,d4,142,127,15,ok
bd72aa7c-4410-11f1-8ea4-8a3b0301000f,11,6,white,opening,Nxd4,133,124,9,ok
bd72aa7c-4410-11f1-8ea4-8a3b0301000f,13,7,white,opening,Nxc6,149,131,18,ok
bd72aa7c-4410-11f1-8ea4-8a3b0301000f,15,8,white,opening,Bg5,136,82,54,inaccuracy
bd72aa7c-4410-11f1-8ea4-8a3b0301000f,17,9,white,opening,Qe2+,173,126,47,ok
bd72aa7c-4410-11f1-8ea4-8a3b0301000f,19,10,white,opening,Qc4+,265,254,11,ok
bd72aa7c-4410-11f1-8ea4-8a3b0301000f,21,11,white,opening,O-O-O,358,353,5,ok
bd72aa7c-4410-11f1-8ea4-8a3b0301000f,23,12,white,middlegame,Re1+,441,271,170,mistake
bd72aa7c-4410-11f1-8ea4-8a3b0301000f,25,13,white,middlegame,Ne4,590,185,405,blunder
bd72aa7c-4410-11f1-8ea4-8a3b0301000f,27,14,white,middlegame,Rxe4,208,183,25,ok
bd72aa7c-4410-11f1-8ea4-8a3b0301000f,29,15,white,middlegame,Qf7+,392,394,0,ok
bd72aa7c-4410-11f1-8ea4-8a3b0301000f,31,16,white,middlegame,Qc4,420,-320,740,blunder
bd72aa7c-4410-11f1-8ea4-8a3b0301000f,33,17,white,middlegame,Rxe7+,156,148,8,ok
bd72aa7c-4410-11f1-8ea4-8a3b0301000f,35,18,white,middlegame,Bd3,161,161,0,ok
bd72aa7c-4410-11f1-8ea4-8a3b0301000f,37,19,white,middlegame,Bf5+,270,295,0,ok
bd72aa7c-4410-11f1-8ea4-8a3b0301000f,39,20,white,middlegame,Bxf6,558,442,116,mistake
bd72aa7c-4410-11f1-8ea4-8a3b0301000f,41,21,white,middlegame,Qg8+,589,400,189,mistake
bd72aa7c-4410-11f1-8ea4-8a3b0301000f,43,22,white,middlegame,Bd7+,476,-291,767,blunder
bd72aa7c-4410-11f1-8ea4-8a3b0301000f,45,23,white,middlegame,Qxh7+,-306,-305,0,ok
bd72aa7c-4410-11f1-8ea4-8a3b0301000f,47,24,white,middlegame,Qh3+,0,-395,395,blunder
bd72aa7c-4410-11f1-8ea4-8a3b0301000f,49,25,white,middlegame,Qh7+,-410,-414,4,ok
bd72aa7c-4410-11f1-8ea4-8a3b0301000f,51,26,white,middlegame,Qh8+,-409,-544,135,mistake
bd72aa7c-4410-11f1-8ea4-8a3b0301000f,53,27,white,middlegame,Qh3,-544,-563,19,ok
bd72aa7c-4410-11f1-8ea4-8a3b0301000f,55,28,white,middlegame,Qb3+,-384,-435,51,inaccuracy
bd72aa7c-4410-11f1-8ea4-8a3b0301000f,57,29,white,middlegame,Qg8+,-373,-428,55,inaccuracy
bd72aa7c-4410-11f1-8ea4-8a3b0301000f,59,30,white,middlegame,Qb3+,-434,-446,12,ok
bd72aa7c-4410-11f1-8ea4-8a3b0301000f,61,31,white,middlegame,a4,-438,-459,21,ok
bd72aa7c-4410-11f1-8ea4-8a3b0301000f,63,32,white,middlegame,c4,-438,-474,36,ok
bd72aa7c-4410-11f1-8ea4-8a3b0301000f,65,33,white,middlegame,Rd1,-441,-495,54,inaccuracy
bd72aa7c-4410-11f1-8ea4-8a3b0301000f,67,34,white,middlegame,h3,-519,-490,0,ok
bd72aa7c-4410-11f1-8ea4-8a3b0301000f,69,35,white,middlegame,g4,-483,-504,21,ok
bd72aa7c-4410-11f1-8ea4-8a3b0301000f,71,36,white,middlegame,h4,-480,-630,150,mistake
bd72aa7c-4410-11f1-8ea4-8a3b0301000f,73,37,white,middlegame,h5,-504,-629,125,mistake
bd72aa7c-4410-11f1-8ea4-8a3b0301000f,75,38,white,middlegame,h6,-593,-916,323,blunder
bd72aa7c-4410-11f1-8ea4-8a3b0301000f,77,39,white,middlegame,Kd2,-99977,-99997,20,ok
bd72aa7c-4410-11f1-8ea4-8a3b0301000f,79,40,white,middlegame,Ke1,-99997,-99999,2,ok
f1f069a3-432d-11f1-8f8d-93d98c01000f,1,1,white,opening,e4,42,38,4,ok
f1f069a3-432d-11f1-8f8d-93d98c01000f,3,2,white,opening,exd5,78,79,0,ok
f1f069a3-432d-11f1-8f8d-93d98c01000f,5,3,white,opening,Nc3,74,36,38,ok
f1f069a3-432d-11f1-8f8d-93d98c01000f,7,4,white,opening,dxc6,89,85,4,ok
f1f069a3-432d-11f1-8f8d-93d98c01000f,9,5,white,opening,Bb5,78,83,0,ok
f1f069a3-432d-11f1-8f8d-93d98c01000f,11,6,white,opening,Qf3,93,79,14,ok
f1f069a3-432d-11f1-8f8d-93d98c01000f,13,7,white,opening,d3,75,75,0,ok
f1f069a3-432d-11f1-8f8d-93d98c01000f,15,8,white,opening,Bxd7+,74,84,0,ok
f1f069a3-432d-11f1-8f8d-93d98c01000f,17,9,white,opening,Qd1,83,84,0,ok
f1f069a3-432d-11f1-8f8d-93d98c01000f,19,10,white,opening,Be3,102,81,21,ok
f1f069a3-432d-11f1-8f8d-93d98c01000f,21,11,white,opening,Bxd4,137,-71,208,mistake
f1f069a3-432d-11f1-8f8d-93d98c01000f,23,12,white,middlegame,Na4,-71,-160,89,inaccuracy
f1f069a3-432d-11f1-8f8d-93d98c01000f,25,13,white,middlegame,Kf1,-49,-52,3,ok
f1f069a3-432d-11f1-8f8d-93d98c01000f,27,14,white,middlegame,c3,-37,-134,97,inaccuracy
f1f069a3-432d-11f1-8f8d-93d98c01000f,29,15,white,middlegame,Nf3,-133,-119,0,ok
f1f069a3-432d-11f1-8f8d-93d98c01000f,31,16,white,middlegame,Qe2,-106,-96,0,ok
f1f069a3-432d-11f1-8f8d-93d98c01000f,33,17,white,middlegame,Re1,-72,-278,206,mistake
f1f069a3-432d-11f1-8f8d-93d98c01000f,35,18,white,middlegame,Kf2,-104,-163,59,inaccuracy
f1f069a3-432d-11f1-8f8d-93d98c01000f,37,19,white,middlegame,g3,-90,-96,6,ok
f1f069a3-432d-11f1-8f8d-93d98c01000f,39,20,white,middlegame,Rhf1,-10,-131,121,mistake
f1f069a3-432d-11f1-8f8d-93d98c01000f,41,21,white,middlegame,Kg2,-137,-363,226,mistake
f1f069a3-432d-11f1-8f8d-93d98c01000f,43,22,white,middlegame,Nxg5,-362,-388,26,ok
f1f069a3-432d-11f1-8f8d-93d98c01000f,45,23,white,middlegame,Rxf7,-384,-591,207,mistake
f1f069a3-432d-11f1-8f8d-93d98c01000f,47,24,white,middlegame,Qxe6,-631,-637,6,ok
f1f069a3-432d-11f1-8f8d-93d98c01000f,49,25,white,middlegame,h4,-625,-666,41,ok
f1f069a3-432d-11f1-8f8d-93d98c01000f,51,26,white,middlegame,Re2,-670,-693,23,ok
f1f069a3-432d-11f1-8f8d-93d98c01000f,53,27,white,middlegame,h5,-686,-750,64,inaccuracy
f1f069a3-432d-11f1-8f8d-93d98c01000f,55,28,white,middlegame,h6,-694,-778,84,inaccuracy
f1f069a3-432d-11f1-8f8d-93d98c01000f,57,29,white,middlegame,Rf2,-650,-683,33,ok
f1f069a3-432d-11f1-8f8d-93d98c01000f,59,30,white,middlegame,Qe1,-855,-99994,99139,blunder
f1f069a3-432d-11f1-8f8d-93d98c01000f,61,31,white,middlegame,Kg1,-99990,-99993,3,ok
f1f069a3-432d-11f1-8f8d-93d98c01000f,63,32,white,middlegame,Qd1,-848,-99997,99149,blunder
f1f069a3-432d-11f1-8f8d-93d98c01000f,65,33,white,middlegame,Qxa4,-99998,-99999,1,ok
d9640a68-4268-11f1-a4ab-7d29d501000f,2,1,black,opening,e5,-37,-38,1,ok
d9640a68-4268-11f1-a4ab-7d29d501000f,4,2,black,opening,Nf6,4,-8,12,ok
d9640a68-4268-11f1-a4ab-7d29d501000f,6,3,black,opening,Bc5,9,-22,31,ok
d9640a68-4268-11f1-a4ab-7d29d501000f,8,4,black,opening,d5,-2,-38,36,ok
d9640a68-4268-11f1-a4ab-7d29d501000f,10,5,black,opening,Nxd5,-34,-37,3,ok
d9640a68-4268-11f1-a4ab-7d29d501000f,12,6,black,opening,Be6,-31,-31,0,ok
d9640a68-4268-11f1-a4ab-7d29d501000f,14,7,black,opening,Nxc3,-27,-62,35,ok
d9640a68-4268-11f1-a4ab-7d29d501000f,16,8,black,opening,Bxc4,154,154,0,ok
d9640a68-4268-11f1-a4ab-7d29d501000f,18,9,black,opening,O-O,146,137,9,ok
d9640a68-4268-11f1-a4ab-7d29d501000f,20,10,black,opening,Qf6,135,68,67,inaccuracy
d9640a68-4268-11f1-a4ab-7d29d501000f,22,11,black,middlegame,Nc6,70,94,0,ok
d9640a68-4268-11f1-a4ab-7d29d501000f,24,12,black,middlegame,Rfc8,93,-24,117,mistake
d9640a68-4268-11f1-a4ab-7d29d501000f,26,13,black,middlegame,Rab8,-24,-28,4,ok
d9640a68-4268-11f1-a4ab-7d29d501000f,28,14,black,middlegame,Rb6,-23,-615,592,blunder
d9640a68-4268-11f1-a4ab-7d29d501000f,30,15,black,middlegame,Bxe3,-31,-33,2,ok
d9640a68-4268-11f1-a4ab-7d29d501000f,32,16,black,middlegame,e4,-30,-251,221,mistake
d9640a68-4268-11f1-a4ab-7d29d501000f,34,17,black,middlegame,Qg5,-119,-366,247,mistake
d9640a68-4268-11f1-a4ab-7d29d501000f,36,18,black,middlegame,Qxe3+,-368,-381,13,ok
d9640a68-4268-11f1-a4ab-7d29d501000f,38,19,black,middlegame,Qxc3,-390,-633,243,mistake
d9640a68-4268-11f1-a4ab-7d29d501000f,40,20,black,middlegame,Kf8,-648,-737,89,inaccuracy
d9640a68-4268-11f1-a4ab-7d29d501000f,42,21,black,middlegame,Rb4,-688,-99989,99301,blunder
d9640a68-4268-11f1-a4ab-7d29d501000f,44,22,black,middlegame,g6,-99990,-99999,9,ok
1000dda9-4268-11f1-acd8-36ae8001000f,1,1,white,opening,e4,44,40,4,ok
1000dda9-4268-11f1-acd8-36ae8001000f,3,2,white,opening,Nf3,40,42,0,ok
1000dda9-4268-11f1-acd8-36ae8001000f,5,3,white,opening,Nc3,39,19,20,ok
1000dda9-4268-11f1-acd8-36ae8001000f,7,4,white,opening,Nxe5,75,69,6,ok
1000dda9-4268-11f1-acd8-36ae8001000f,9,5,white,opening,d4,68,67,1,ok
1000dda9-4268-11f1-acd8-36ae8001000f,11,6,white,opening,Qxd4,193,189,4,ok
1000dda9-4268-11f1-acd8-36ae8001000f,13,7,white,opening,Bf4,181,161,20,ok
1000dda9-4268-11f1-acd8-36ae8001000f,15,8,white,opening,Bxe5,212,98,114,mistake
1000dda9-4268-11f1-acd8-36ae8001000f,17,9,white,opening,Qd2,106,40,66,inaccuracy
1000dda9-4268-11f1-acd8-36ae8001000f,19,10,white,opening,O-O-O,149,49,100,mistake
1000dda9-4268-11f1-acd8-36ae8001000f,21,11,white,opening,Nd5,52,55,0,ok
1000dda9-4268-11f1-acd8-36ae8001000f,23,12,white,middlegame,exd5,58,52,6,ok
1000dda9-4268-11f1-acd8-36ae8001000f,25,13,white,middlegame,Be2,54,30,24,ok
1000dda9-4268-11f1-acd8-36ae8001000f,27,14,white,middlegame,Qb4,25,26,0,ok
1000dda9-4268-11f1-acd8-36ae8001000f,29,15,white,middlegame,Bxb5,535,533,2,ok
1000dda9-4268-11f1-acd8-36ae8001000f,31,16,white,middlegame,Qxb5+,616,642,0,ok
1000dda9-4268-11f1-acd8-36ae8001000f,33,17,white,middlegame,Qc5+,99996,99997,0,ok
1000dda9-4268-11f1-acd8-36ae8001000f,35,18,white,middlegame,Rd8#,99999,100000,0,ok
7720e96b-4248-11f1-a4ab-7d29d501000f,2,1,black,opening,e5,-42,-38,0,ok
7720e96b-4248-11f1-a4ab-7d29d501000f,4,2,black,opening,Nf6,-12,-12,0,ok
7720e96b-4248-11f1-a4ab-7d29d501000f,6,3,black,opening,Bb4,-17,-32,15,ok
7720e96b-4248-11f1-a4ab-7d29d501000f,8,4,black,opening,Bxc3+,13,-30,43,ok
7720e96b-4248-11f1-a4ab-7d29d501000f,10,5,black,opening,Nc6,-29,-51,22,ok
7720e96b-4248-11f1-a4ab-7d29d501000f,12,6,black,opening,O-O,-20,-30,10,ok
7720e96b-4248-11f1-a4ab-7d29d501000f,14,7,black,opening,d5,36,32,4,ok
7720e96b-4248-11f1-a4ab-7d29d501000f,16,8,black,opening,Nxd5,29,26,3,ok
7720e96b-4248-11f1-a4ab-7d29d501000f,18,9,black,opening,Bg4,26,27,0,ok
7720e96b-4248-11f1-a4ab-7d29d501000f,20,10,black,opening,Nf4,195,177,18,ok
7720e96b-4248-11f1-a4ab-7d29d501000f,22,11,black,middlegame,Nxg2+,509,488,21,ok
7720e96b-4248-11f1-a4ab-7d29d501000f,24,12,black,middlegame,Bxf3,491,496,0,ok
7720e96b-4248-11f1-a4ab-7d29d501000f,26,13,black,middlegame,e4,494,401,93,inaccuracy
7720e96b-4248-11f1-a4ab-7d29d501000f,28,14,black,middlegame,exd3,403,135,268,mistake
7720e96b-4248-11f1-a4ab-7d29d501000f,30,15,black,middlegame,Kxg7,409,435,0,ok
7720e96b-4248-11f1-a4ab-7d29d501000f,32,16,black,middlegame,Kg8,489,435,54,inaccuracy
7720e96b-4248-11f1-a4ab-7d29d501000f,34,17,black,middlegame,Nd4,731,344,387,blunder
7720e96b-4248-11f1-a4ab-7d29d501000f,36,18,black,middlegame,Nf5,488,499,0,ok
7720e96b-4248-11f1-a4ab-7d29d501000f,38,19,black,middlegame,Qxd3+,596,630,0,ok
7720e96b-4248-11f1-a4ab-7d29d501000f,40,20,black,middlegame,Rad8,630,598,32,ok
7720e96b-4248-11f1-a4ab-7d29d501000f,42,21,black,middlegame,Qxc2,746,783,0,ok
7720e96b-4248-11f1-a4ab-7d29d501000f,44,22,black,middlegame,Qxb2,788,799,0,ok
7720e96b-4248-11f1-a4ab-7d29d501000f,46,23,black,middlegame,Nh4,784,761,23,ok
7720e96b-4248-11f1-a4ab-7d29d501000f,48,24,black,middlegame,Qg7,750,742,8,ok
7720e96b-4248-11f1-a4ab-7d29d501000f,50,25,black,middlegame,Kxg7,847,865,0,ok
6063a4a0-4247-11f1-9dca-5b043901000f,2,1,black,opening,e5,-37,-39,2,ok
6063a4a0-4247-11f1-9dca-5b043901000f,4,2,black,opening,exf4,55,66,0,ok
6063a4a0-4247-11f1-9dca-5b043901000f,6,3,black,opening,d5,53,25,28,ok
6063a4a0-4247-11f1-9dca-5b043901000f,8,4,black,opening,d4,112,106,6,ok
6063a4a0-4247-11f1-9dca-5b043901000f,10,5,black,opening,a6,162,35,127,mistake
6063a4a0-4247-11f1-9dca-5b043901000f,12,6,black,opening,Bg4,31,-46,77,inaccuracy
6063a4a0-4247-11f1-9dca-5b043901000f,14,7,black,opening,Bxf3,-16,-194,178,mistake
6063a4a0-4247-11f1-9dca-5b043901000f,16,8,black,opening,Qxd4,217,204,13,ok
6063a4a0-4247-11f1-9dca-5b043901000f,18,9,black,opening,Kxf7,337,356,0,ok
6063a4a0-4247-11f1-9dca-5b043901000f,20,10,black,opening,Ke8,451,403,48,ok
6063a4a0-4247-11f1-9dca-5b043901000f,22,11,black,middlegame,Qf6,455,262,193,mistake
6063a4a0-4247-11f1-9dca-5b043901000f,24,12,black,middlegame,Qh4+,281,285,0,ok
6063a4a0-4247-11f1-9dca-5b043901000f,26,13,black,middlegame,Qxe4+,447,462,0,ok
6063a4a0-4247-11f1-9dca-5b043901000f,28,14,black,middlegame,Qg4+,495,491,4,ok
6063a4a0-4247-11f1-9dca-5b043901000f,30,15,black,middlegame,Qe4+,492,475,17,ok
6063a4a0-4247-11f1-9dca-5b043901000f,32,16,black,middlegame,Nf6,467,0,467,blunder
6063a4a0-4247-11f1-9dca-5b043901000f,34,17,black,middlegame,Ng4+,0,0,0,ok
6063a4a0-4247-11f1-9dca-5b043901000f,36,18,black,middlegame,Qxe1+,99987,99988,0,ok
6063a4a0-4247-11f1-9dca-5b043901000f,38,19,black,middlegame,Qf2+,99988,1405,98583,blunder
6063a4a0-4247-11f1-9dca-5b043901000f,40,20,black,middlegame,Qxh2+,1303,799,504,blunder
6063a4a0-4247-11f1-9dca-5b043901000f,42,21,black,middlegame,h5+,846,725,121,mistake
6063a4a0-4247-11f1-9dca-5b043901000f,44,22,black,middlegame,Be7+,1227,1016,211,mistake
6063a4a0-4247-11f1-9dca-5b043901000f,46,23,black,middlegame,h4,1463,0,1463,blunder
6063a4a0-4247-11f1-9dca-5b043901000f,48,24,black,middlegame,Bd8,0,0,0,ok
6063a4a0-4247-11f1-9dca-5b043901000f,50,25,black,middlegame,Be7,0,0,0,ok
6063a4a0-4247-11f1-9dca-5b043901000f,52,26,black,middlegame,Bd8,0,0,0,ok
6063a4a0-4247-11f1-9dca-5b043901000f,54,27,black,middlegame,Be7,0,0,0,ok
22bd2176-4246-11f1-8755-a6d30a01000f,1,1,white,opening,e4,31,32,0,ok
22bd2176-4246-11f1-8755-a6d30a01000f,3,2,white,opening,Nf3,30,33,0,ok
22bd2176-4246-11f1-8755-a6d30a01000f,5,3,white,opening,Nc3,28,9,19,ok
22bd2176-4246-11f1-8755-a6d30a01000f,7,4,white,opening,d4,64,69,0,ok
22bd2176-4246-11f1-8755-a6d30a01000f,9,5,white,opening,Nxd4,73,82,0,ok
22bd2176-4246-11f1-8755-a6d30a01000f,11,6,white,opening,Qxd4,113,109,4,ok
22bd2176-4246-11f1-8755-a6d30a01000f,13,7,white,opening,Bg5,116,90,26,ok
22bd2176-4246-11f1-8755-a6d30a01000f,15,8,white,opening,O-O-O,88,85,3,ok
22bd2176-4246-11f1-8755-a6d30a01000f,17,9,white,opening,Bc4,80,87,0,ok
22bd2176-4246-11f1-8755-a6d30a01000f,19,10,white,opening,Qe3,107,-80,187,mistake
22bd2176-4246-11f1-8755-a6d30a01000f,21,11,white,opening,Bxf6,178,74,104,mistake
22bd2176-4246-11f1-8755-a6d30a01000f,23,12,white,middlegame,Na4,80,-59,139,mistake
22bd2176-4246-11f1-8755-a6d30a01000f,25,13,white,middlegame,Qb3,-15,-18,3,ok
22bd2176-4246-11f1-8755-a6d30a01000f,27,14,white,middlegame,Rxd6,27,0,27,ok
22bd2176-4246-11f1-8755-a6d30a01000f,29,15,white,middlegame,Rhd1,292,-93,385,blunder
22bd2176-4246-11f1-8755-a6d30a01000f,31,16,white,middlegame,Bxf7+,-75,-91,16,ok
22bd2176-4246-11f1-8755-a6d30a01000f,33,17,white,middlegame,e5,-101,-344,243,mistake
22bd2176-4246-11f1-8755-a6d30a01000f,35,18,white,middlegame,f4,-411,-402,0,ok
22bd2176-4246-11f1-8755-a6d30a01000f,37,19,white,middlegame,Kb1,-410,-408,0,ok
22bd2176-4246-11f1-8755-a6d30a01000f,39,20,white,middlegame,e6,86,19,67,inaccuracy
22bd2176-4246-11f1-8755-a6d30a01000f,41,21,white,middlegame,Qxe6,21,10,11,ok
22bd2176-4246-11f1-8755-a6d30a01000f,43,22,white,middlegame,Rd7,426,446,0,ok
22bd2176-4246-11f1-8755-a6d30a01000f,45,23,white,middlegame,Re7,633,-689,1322,blunder
22bd2176-4246-11f1-8755-a6d30a01000f,47,24,white,middlegame,Rd7,-717,-766,49,ok
22bd2176-4246-11f1-8755-a6d30a01000f,49,25,white,middlegame,h4,-651,-729,78,inaccuracy
22bd2176-4246-11f1-8755-a6d30a01000f,51,26,white,middlegame,h5,-731,-99997,99266,blunder
d633413b-4231-11f1-b96b-314a9e01000f,2,1,black,opening,e5,-23,-19,0,ok
d633413b-4231-11f1-b96b-314a9e01000f,4,2,black,opening,Nc6,-19,-19,0,ok
d633413b-4231-11f1-b96b-314a9e01000f,6,3,black,opening,Qxg5,401,413,0,ok
d633413b-4231-11f1-b96b-314a9e01000f,8,4,black,opening,Qf6,435,373,62,inaccuracy
d633413b-4231-11f1-b96b-314a9e01000f,10,5,black,opening,Nd4,350,148,202,mistake
d633413b-4231-11f1-b96b-314a9e01000f,12,6,black,opening,Qg6,143,136,7,ok
d633413b-4231-11f1-b96b-314a9e01000f,14,7,black,opening,Qxe4+,174,181,0,ok
d633413b-4231-11f1-b96b-314a9e01000f,16,8,black,opening,Nf6,171,176,0,ok
d633413b-4231-11f1-b96b-314a9e01000f,18,9,black,opening,Nxd5,180,-585,765,blunder
6b89756e-4230-11f1-a3f9-c6287501000f,1,1,white,opening,e4,27,21,6,ok
6b89756e-4230-11f1-a3f9-c6287501000f,3,2,white,opening,Nf3,20,22,0,ok
6b89756e-4230-11f1-a3f9-c6287501000f,5,3,white,opening,Nxe5,42,44,0,ok
6b89756e-4230-11f1-a3f9-c6287501000f,7,4,white,opening,Qe2,57,66,0,ok
6b89756e-4230-11f1-a3f9-c6287501000f,9,5,white,opening,Qxe4,56,56,0,ok
6b89756e-4230-11f1-a3f9-c6287501000f,11,6,white,opening,Qa4+,48,-87,135,mistake
6b89756e-4230-11f1-a3f9-c6287501000f,13,7,white,opening,d4,-12,-21,9,ok
6b89756e-4230-11f1-a3f9-c6287501000f,15,8,white,opening,d5,-25,-55,30,ok
6b89756e-4230-11f1-a3f9-c6287501000f,17,9,white,opening,Nc3,-23,-142,119,mistake
6b89756e-4230-11f1-a3f9-c6287501000f,19,10,white,opening,Nxa4,-144,-134,0,ok
6b89756e-4230-11f1-a3f9-c6287501000f,21,11,white,opening,Bb5+,-137,-203,66,inaccuracy
6b89756e-4230-11f1-a3f9-c6287501000f,23,12,white,endgame,Bxd7+,-217,-220,3,ok
6b89756e-4230-11f1-a3f9-c6287501000f,25,13,white,endgame,O-O,-222,-299,77,inaccuracy
6b89756e-4230-11f1-a3f9-c6287501000f,27,14,white,endgame,Rd1,-160,-205,45,ok
6b89756e-4230-11f1-a3f9-c6287501000f,29,15,white,endgame,Bg5,-98,-138,40,ok
6b89756e-4230-11f1-a3f9-c6287501000f,31,16,white,endgame,c3,-127,-321,194,mistake
6b89756e-4230-11f1-a3f9-c6287501000f,33,17,white,endgame,cxd4,12,8,4,ok
6b89756e-4230-11f1-a3f9-c6287501000f,35,18,white,endgame,Rxd4,9,3,6,ok
6b89756e-4230-11f1-a3f9-c6287501000f,37,19,white,endgame,Rad1,7,0,7,ok
6b89756e-4230-11f1-a3f9-c6287501000f,39,20,white,endgame,Bxf6,16,-32,48,ok
6b89756e-4230-11f1-a3f9-c6287501000f,41,21,white,endgame,Rxd8,-33,-39,6,ok
6b89756e-4230-11f1-a3f9-c6287501000f,43,22,white,endgame,Rxd8+,-33,-40,7,ok
6b89756e-4230-11f1-a3f9-c6287501000f,45,23,white,endgame,Nc5,-39,-40,1,ok
6b89756e-4230-11f1-a3f9-c6287501000f,47,24,white,endgame,a4,-28,-284,256,mistake
6b89756e-4230-11f1-a3f9-c6287501000f,49,25,white,endgame,Nxa4,-31,-26,0,ok
6b89756e-4230-11f1-a3f9-c6287501000f,51,26,white,endgame,g4,-3,-99,96,inaccuracy
6b89756e-4230-11f1-a3f9-c6287501000f,53,27,white,endgame,f4,-11,-103,92,inaccuracy
6b89756e-4230-11f1-a3f9-c6287501000f,55,28,white,endgame,f5,3,-49,52,inaccuracy
6b89756e-4230-11f1-a3f9-c6287501000f,57,29,white,endgame,h3,-13,-23,10,ok
6b89756e-4230-11f1-a3f9-c6287501000f,59,30,white,endgame,Nb6,-21,-496,475,blunder
6b89756e-4230-11f1-a3f9-c6287501000f,61,31,white,endgame,Nd5+,-191,-207,16,ok
6b89756e-4230-11f1-a3f9-c6287501000f,63,32,white,endgame,Nxb4,-345,-343,0,ok
6b89756e-4230-11f1-a3f9-c6287501000f,65,33,white,endgame,Kf1,-380,-397,17,ok
6b89756e-4230-11f1-a3f9-c6287501000f,67,34,white,endgame,Ke1,-412,-472,60,inaccuracy
6b89756e-4230-11f1-a3f9-c6287501000f,69,35,white,endgame,Kd2,-495,-541,46,ok
6b89756e-4230-11f1-a3f9-c6287501000f,71,36,white,endgame,Kd3,-552,-589,37,ok
6b89756e-4230-11f1-a3f9-c6287501000f,73,37,white,endgame,Kc4,-619,-644,25,ok
6b89756e-4230-11f1-a3f9-c6287501000f,75,38,white,endgame,Kxb4,-631,-775,144,mistake
6b89756e-4230-11f1-a3f9-c6287501000f,77,39,white,endgame,Kc5,-870,-907,37,ok
6b89756e-4230-11f1-a3f9-c6287501000f,79,40,white,endgame,b4,-962,-1298,336,blunder
6b89756e-4230-11f1-a3f9-c6287501000f,81,41,white,endgame,b5,-1311,-7770,6459,blunder
6b89756e-4230-11f1-a3f9-c6287501000f,83,42,white,endgame,b6,-8115,-4763,0,ok
6b89756e-4230-11f1-a3f9-c6287501000f,85,43,white,endgame,b7,-5481,-1190,0,ok
6b89756e-4230-11f1-a3f9-c6287501000f,87,44,white,endgame,Kd6,-99988,-99992,4,ok
6b89756e-4230-11f1-a3f9-c6287501000f,89,45,white,endgame,Kc5,-99993,-99993,0,ok
6b89756e-4230-11f1-a3f9-c6287501000f,91,46,white,endgame,Kd4,-99994,-99994,0,ok
6b89756e-4230-11f1-a3f9-c6287501000f,93,47,white,endgame,Kc3,-99994,-99994,0,ok
6b89756e-4230-11f1-a3f9-c6287501000f,95,48,white,endgame,Kd2,-99995,-99995,0,ok
6b89756e-4230-11f1-a3f9-c6287501000f,97,49,white,endgame,Kc3,-99996,-99996,0,ok
6b89756e-4230-11f1-a3f9-c6287501000f,99,50,white,endgame,Kd2,-99997,-99997,0,ok
6b89756e-4230-11f1-a3f9-c6287501000f,101,51,white,middlegame,Kc3,-99998,-99998,0,ok
6b89756e-4230-11f1-a3f9-c6287501000f,103,52,white,middlegame,Kd2,-99998,-99999,1,ok
6b89756e-4230-11f1-a3f9-c6287501000f,105,53,white,middlegame,Kc3,-99998,-99998,0,ok
6b89756e-4230-11f1-a3f9-c6287501000f,107,54,white,middlegame,Kd2,-99998,-99999,1,ok
6b89756e-4230-11f1-a3f9-c6287501000f,109,55,white,middlegame,Kc3,-99998,-99998,0,ok
6b89756e-4230-11f1-a3f9-c6287501000f,111,56,white,middlegame,Kd2,-99998,-99999,1,ok
6b89756e-4230-11f1-a3f9-c6287501000f,113,57,white,middlegame,Kc3,-99998,-99998,0,ok
6b89756e-4230-11f1-a3f9-c6287501000f,115,58,white,middlegame,Kb3,-99998,-99998,0,ok
6b89756e-4230-11f1-a3f9-c6287501000f,117,59,white,middlegame,Kb2,-99999,-99999,0,ok
6b89756e-4230-11f1-a3f9-c6287501000f,119,60,white,middlegame,Kc1,-99999,-99999,0,ok
97088532-422f-11f1-a4ab-7d29d501000f,2,1,black,opening,e5,-30,-29,0,ok
97088532-422f-11f1-a4ab-7d29d501000f,4,2,black,opening,Nc6,-30,-24,0,ok
97088532-422f-11f1-a4ab-7d29d501000f,6,3,black,opening,Nf6,8,19,0,ok
97088532-422f-11f1-a4ab-7d29d501000f,8,4,black,opening,d5,22,-39,61,inaccuracy
97088532-422f-11f1-a4ab-7d29d501000f,10,5,black,opening,Nxd5,-37,-40,3,ok
97088532-422f-11f1-a4ab-7d29d501000f,12,6,black,opening,Nxc3,75,77,0,ok
97088532-422f-11f1-a4ab-7d29d501000f,14,7,black,opening,Qxd1+,72,68,4,ok
97088532-422f-11f1-a4ab-7d29d501000f,16,8,black,opening,Bg4,72,48,24,ok
97088532-422f-11f1-a4ab-7d29d501000f,18,9,black,opening,O-O-O,77,78,0,ok
97088532-422f-11f1-a4ab-7d29d501000f,20,10,black,opening,Bxd1,87,89,0,ok
97088532-422f-11f1-a4ab-7d29d501000f,22,11,black,endgame,Bc5,85,66,19,ok
97088532-422f-11f1-a4ab-7d29d501000f,24,12,black,endgame,f5,69,67,2,ok
97088532-422f-11f1-a4ab-7d29d501000f,26,13,black,endgame,e4,72,60,12,ok
97088532-422f-11f1-a4ab-7d29d501000f,28,14,black,endgame,Rhe8,73,53,20,ok
97088532-422f-11f1-a4ab-7d29d501000f,30,15,black,endgame,Bxe3,177,37,140,mistake
97088532-422f-11f1-a4ab-7d29d501000f,32,16,black,endgame,Ne5,29,15,14,ok
97088532-422f-11f1-a4ab-7d29d501000f,34,17,black,endgame,b6,324,318,6,ok
97088532-422f-11f1-a4ab-7d29d501000f,36,18,black,endgame,Ng4,425,338,87,inaccuracy
97088532-422f-11f1-a4ab-7d29d501000f,38,19,black,endgame,Nf6,365,372,0,ok
97088532-422f-11f1-a4ab-7d29d501000f,40,20,black,endgame,Kb7,381,380,1,ok
97088532-422f-11f1-a4ab-7d29d501000f,42,21,black,endgame,cxb6,380,387,0,ok
97088532-422f-11f1-a4ab-7d29d501000f,44,22,black,endgame,Ra8,391,362,29,ok
97088532-422f-11f1-a4ab-7d29d501000f,46,23,black,endgame,Rxa1,350,308,42,ok
97088532-422f-11f1-a4ab-7d29d501000f,48,24,black,endgame,Kxb6,317,293,24,ok
97088532-422f-11f1-a4ab-7d29d501000f,50,25,black,endgame,Nh5,370,405,0,ok
97088532-422f-11f1-a4ab-7d29d501000f,52,26,black,endgame,Nxf4+,413,449,0,ok
97088532-422f-11f1-a4ab-7d29d501000f,54,27,black,endgame,Nxg2+,732,747,0,ok
5668e607-422e-11f1-b96b-314a9e01000f,1,1,white,opening,e4,32,25,7,ok
5668e607-422e-11f1-b96b-314a9e01000f,3,2,white,opening,Nf3,29,29,0,ok
5668e607-422e-11f1-b96b-314a9e01000f,5,3,white,opening,Nc3,29,10,19,ok
5668e607-422e-11f1-b96b-314a9e01000f,7,4,white,opening,Bb5,106,85,21,ok
5668e607-422e-11f1-b96b-314a9e01000f,9,5,white,opening,d4,132,107,25,ok
5668e607-422e-11f1-b96b-314a9e01000f,11,6,white,opening,Nxd4,103,116,0,ok
5668e607-422e-11f1-b96b-314a9e01000f,13,7,white,opening,Qxd4,118,121,0,ok
5668e607-422e-11f1-b96b-314a9e01000f,15,8,white,opening,Bd3,164,114,50,inaccuracy
5668e607-422e-11f1-b96b-314a9e01000f,17,9,white,opening,Qd5,171,177,0,ok
5668e607-422e-11f1-b96b-314a9e01000f,19,10,white,opening,Qh5+,169,187,0,ok
5668e607-422e-11f1-b96b-314a9e01000f,21,11,white,opening,Qh4,174,176,0,ok
5668e607-422e-11f1-b96b-314a9e01000f,23,12,white,middlegame,Bf4,211,120,91,inaccuracy
5668e607-422e-11f1-b96b-314a9e01000f,25,13,white,middlegame,Qh5+,119,122,0,ok
5668e607-422e-11f1-b96b-314a9e01000f,27,14,white,middlegame,Be3,202,45,157,mistake
5668e607-422e-11f1-b96b-314a9e01000f,29,15,white,middlegame,fxe3,50,46,4,ok
5668e607-422e-11f1-b96b-314a9e01000f,31,16,white,middlegame,O-O-O,333,319,14,ok
5668e607-422e-11f1-b96b-314a9e01000f,33,17,white,middlegame,Bxe4+,559,541,18,ok
5668e607-422e-11f1-b96b-314a9e01000f,35,18,white,middlegame,Qf3,555,322,233,mistake
5668e607-422e-11f1-b96b-314a9e01000f,37,19,white,middlegame,Rd4,376,269,107,mistake
5668e607-422e-11f1-b96b-314a9e01000f,39,20,white,middlegame,Qf4+,338,332,6,ok
5668e607-422e-11f1-b96b-314a9e01000f,41,21,white,middlegame,Rhd1,460,459,1,ok
5668e607-422e-11f1-b96b-314a9e01000f,43,22,white,middlegame,Bxc6+,599,629,0,ok
5668e607-422e-11f1-b96b-314a9e01000f,45,23,white,middlegame,Rc4+,1027,1091,0,ok
5668e607-422e-11f1-b96b-314a9e01000f,47,24,white,middlegame,Qc7+,1110,99988,0,ok
5668e607-422e-11f1-b96b-314a9e01000f,49,25,white,middlegame,Qxb6,99988,1002,98986,blunder
6832383d-41ba-11f1-8755-a6d30a01000f,1,1,white,opening,e4,32,30,2,ok
6832383d-41ba-11f1-8755-a6d30a01000f,3,2,white,opening,Nf3,35,30,5,ok
6832383d-41ba-11f1-8755-a6d30a01000f,5,3,white,opening,Nc3,32,14,18,ok
6832383d-41ba-11f1-8755-a6d30a01000f,7,4,white,opening,Nd5,60,58,2,ok
6832383d-41ba-11f1-8755-a6d30a01000f,9,5,white,opening,Bb5,112,43,69,inaccuracy
6832383d-41ba-11f1-8755-a6d30a01000f,11,6,white,opening,Bxc6,77,-44,121,mistake
6832383d-41ba-11f1-8755-a6d30a01000f,13,7,white,opening,Nxf6+,-28,-26,0,ok
6832383d-41ba-11f1-8755-a6d30a01000f,15,8,white,opening,O-O,-26,-30,4,ok
6832383d-41ba-11f1-8755-a6d30a01000f,17,9,white,opening,d3,-19,-18,0,ok
6832383d-41ba-11f1-8755-a6d30a01000f,19,10,white,opening,Bg5,-13,-390,377,blunder
6832383d-41ba-11f1-8755-a6d30a01000f,21,11,white,opening,c4,-1,-99,98,inaccuracy
6832383d-41ba-11f1-8755-a6d30a01000f,23,12,white,middlegame,Bh4,-58,-163,105,mistake
6832383d-41ba-11f1-8755-a6d30a01000f,25,13,white,middlegame,Bg3,-164,-155,0,ok
6832383d-41ba-11f1-8755-a6d30a01000f,27,14,white,middlegame,b4,-158,-142,0,ok
6832383d-41ba-11f1-8755-a6d30a01000f,29,15,white,middlegame,a3,-132,-181,49,ok
6832383d-41ba-11f1-8755-a6d30a01000f,31,16,white,middlegame,Nxe5,149,-75,224,mistake
6832383d-41ba-11f1-8755-a6d30a01000f,33,17,white,middlegame,Nxd7,-71,-78,7,ok
6832383d-41ba-11f1-8755-a6d30a01000f,35,18,white,endgame,Rfxd1,-76,-117,41,ok
6832383d-41ba-11f1-8755-a6d30a01000f,37,19,white,endgame,b5,160,42,118,mistake
6832383d-41ba-11f1-8755-a6d30a01000f,39,20,white,endgame,h3,102,-14,116,mistake
6832383d-41ba-11f1-8755-a6d30a01000f,41,21,white,endgame,Bh2,-4,0,0,ok
6832383d-41ba-11f1-8755-a6d30a01000f,43,22,white,endgame,a4,5,-36,41,ok
6832383d-41ba-11f1-8755-a6d30a01000f,45,23,white,endgame,Ra3,158,11,147,mistake
6832383d-41ba-11f1-8755-a6d30a01000f,47,24,white,endgame,e5,84,49,35,ok
6832383d-41ba-11f1-8755-a6d30a01000f,49,25,white,endgame,Raa1,51,-55,106,mistake
6832383d-41ba-11f1-8755-a6d30a01000f,51,26,white,endgame,Bxe5,-15,-4,0,ok
6832383d-41ba-11f1-8755-a6d30a01000f,53,27,white,endgame,Rxd3,-7,-2,0,ok
6832383d-41ba-11f1-8755-a6d30a01000f,55,28,white,endgame,f4,-1,-32,31,ok
6832383d-41ba-11f1-8755-a6d30a01000f,57,29,white,endgame,Bxf4,-21,-55,34,ok
6832383d-41ba-11f1-8755-a6d30a01000f,59,30,white,endgame,cxb5,-33,-68,35,ok
6832383d-41ba-11f1-8755-a6d30a01000f,61,31,white,endgame,Rc1,-41,-41,0,ok
6832383d-41ba-11f1-8755-a6d30a01000f,63,32,white,endgame,Kh2,-38,-155,117,mistake
6832383d-41ba-11f1-8755-a6d30a01000f,65,33,white,endgame,Be5,-179,-585,406,blunder
6832383d-41ba-11f1-8755-a6d30a01000f,67,34,white,endgame,Kh1,-587,-670,83,inaccuracy
6832383d-41ba-11f1-8755-a6d30a01000f,69,35,white,endgame,Rc4,-579,-99995,99416,blunder
6832383d-41ba-11f1-8755-a6d30a01000f,71,36,white,endgame,g4,-623,-770,147,mistake
6832383d-41ba-11f1-8755-a6d30a01000f,73,37,white,endgame,g5,-648,-901,253,mistake
6832383d-41ba-11f1-8755-a6d30a01000f,75,38,white,endgame,Rc1,-708,-827,119,mistake
6832383d-41ba-11f1-8755-a6d30a01000f,77,39,white,endgame,Kg2,-917,-986,69,inaccuracy
6832383d-41ba-11f1-8755-a6d30a01000f,79,40,white,endgame,Kh1,-1024,-1034,10,ok
6832383d-41ba-11f1-8755-a6d30a01000f,81,41,white,endgame,a5,-787,-1149,362,blunder
6832383d-41ba-11f1-8755-a6d30a01000f,83,42,white,endgame,Rb1,-1141,-3239,2098,blunder
6832383d-41ba-11f1-8755-a6d30a01000f,85,43,white,endgame,b6,-1256,-1272,16,ok
6832383d-41ba-11f1-8755-a6d30a01000f,87,44,white,endgame,Rc1,-1275,-1366,91,inaccuracy
6832383d-41ba-11f1-8755-a6d30a01000f,89,45,white,endgame,Kh2,-8152,-8152,0,ok
6832383d-41ba-11f1-8755-a6d30a01000f,91,46,white,endgame,Kh3,-5691,-7497,1806,blunder
6832383d-41ba-11f1-8755-a6d30a01000f,93,47,white,endgame,Rf1,-1404,-1557,153,mistake
6832383d-41ba-11f1-8755-a6d30a01000f,95,48,white,endgame,Kg4,-773,-1029,256,mistake
6832383d-41ba-11f1-8755-a6d30a01000f,97,49,white,endgame,Kh5,-1176,-1236,60,inaccuracy
6832383d-41ba-11f1-8755-a6d30a01000f,99,50,white,endgame,Kg6,-1321,-1082,0,ok
6832383d-41ba-11f1-8755-a6d30a01000f,101,51,white,endgame,Kg7,-1146,-1432,286,mistake
6832383d-41ba-11f1-8755-a6d30a01000f,103,52,white,endgame,Kg6,-3399,-3399,0,ok
6832383d-41ba-11f1-8755-a6d30a01000f,105,53,white,middlegame,Rxc1,-1371,-1475,104,mistake
6832383d-41ba-11f1-8755-a6d30a01000f,107,54,white,endgame,Kg5,-1249,-99989,98740,blunder
6832383d-41ba-11f1-8755-a6d30a01000f,109,55,white,endgame,Kf4,-99991,-99991,0,ok
6832383d-41ba-11f1-8755-a6d30a01000f,111,56,white,endgame,Kg4,-936,-1294,358,blunder
6832383d-41ba-11f1-8755-a6d30a01000f,113,57,white,endgame,Kh3,-99985,-99989,4,ok
6832383d-41ba-11f1-8755-a6d30a01000f,115,58,white,endgame,Kh2,-1252,-99990,98738,blunder
6832383d-41ba-11f1-8755-a6d30a01000f,117,59,white,endgame,Kh1,-99991,-99991,0,ok
6832383d-41ba-11f1-8755-a6d30a01000f,119,60,white,endgame,Kh2,-99993,-99994,1,ok
6832383d-41ba-11f1-8755-a6d30a01000f,121,61,white,endgame,Kh3,-99994,-99995,1,ok
6832383d-41ba-11f1-8755-a6d30a01000f,123,62,white,middlegame,Kh2,-99995,-99998,3,ok
6832383d-41ba-11f1-8755-a6d30a01000f,125,63,white,middlegame,Kh1,-99996,-99997,1,ok
6832383d-41ba-11f1-8755-a6d30a01000f,127,64,white,middlegame,Kg2,-99998,-99998,0,ok
6832383d-41ba-11f1-8755-a6d30a01000f,129,65,white,middlegame,Kh3,-99996,-99998,2,ok
6832383d-41ba-11f1-8755-a6d30a01000f,131,66,white,middlegame,Kg2,-99997,-99997,0,ok
6832383d-41ba-11f1-8755-a6d30a01000f,133,67,white,middlegame,Kg1,-99998,-99998,0,ok
6832383d-41ba-11f1-8755-a6d30a01000f,135,68,white,middlegame,Kh1,-99999,-99999,0,ok
20225805-41ba-11f1-a3f9-c6287501000f,1,1,white,opening,e4,34,25,9,ok
20225805-41ba-11f1-a3f9-c6287501000f,3,2,white,opening,Nf3,18,25,0,ok
20225805-41ba-11f1-a3f9-c6287501000f,5,3,white,opening,Nc3,60,33,27,ok
20225805-41ba-11f1-a3f9-c6287501000f,7,4,white,opening,d4,76,69,7,ok
20225805-41ba-11f1-a3f9-c6287501000f,9,5,white,opening,Nxd4,73,66,7,ok
20225805-41ba-11f1-a3f9-c6287501000f,11,6,white,opening,Bg5,73,-92,165,mistake
20225805-41ba-11f1-a3f9-c6287501000f,13,7,white,opening,Qf3,14,-44,58,inaccuracy
20225805-41ba-11f1-a3f9-c6287501000f,15,8,white,opening,O-O-O,101,51,50,inaccuracy
20225805-41ba-11f1-a3f9-c6287501000f,17,9,white,opening,Qg3,39,50,0,ok
20225805-41ba-11f1-a3f9-c6287501000f,19,10,white,opening,Qe3,38,-684,722,blunder
20225805-41ba-11f1-a3f9-c6287501000f,21,11,white,opening,f4,-669,-719,50,inaccuracy
811b64b4-41b8-11f1-b96b-314a9e01000f,2,1,black,opening,e5,-22,-25,3,ok
811b64b4-41b8-11f1-b96b-314a9e01000f,4,2,black,opening,Nf6,5,4,1,ok
811b64b4-41b8-11f1-b96b-314a9e01000f,6,3,black,opening,Nc6,13,-24,37,ok
811b64b4-41b8-11f1-b96b-314a9e01000f,8,4,black,opening,exf4,49,52,0,ok
811b64b4-41b8-11f1-b96b-314a9e01000f,10,5,black,opening,d5,65,62,3,ok
811b64b4-41b8-11f1-b96b-314a9e01000f,12,6,black,opening,Nxd5,46,54,0,ok
811b64b4-41b8-11f1-b96b-314a9e01000f,14,7,black,opening,Bd6,292,30,262,mistake
811b64b4-41b8-11f1-b96b-314a9e01000f,16,8,black,opening,Qxd6,31,26,5,ok
811b64b4-41b8-11f1-b96b-314a9e01000f,18,9,black,opening,Nf4,134,24,110,mistake
811b64b4-41b8-11f1-b96b-314a9e01000f,20,10,black,opening,Qc5+,20,-43,63,inaccuracy
811b64b4-41b8-11f1-b96b-314a9e01000f,22,11,black,middlegame,Bg4,-20,-85,65,inaccuracy
811b64b4-41b8-11f1-b96b-314a9e01000f,24,12,black,middlegame,Nd4,-32,-311,279,mistake
811b64b4-41b8-11f1-b96b-314a9e01000f,26,13,black,middlegame,Nde2,-211,-373,162,mistake
811b64b4-41b8-11f1-b96b-314a9e01000f,28,14,black,middlegame,Ng3+,-356,-544,188,mistake
811b64b4-41b8-11f1-b96b-314a9e01000f,30,15,black,middlegame,Qh5+,-506,-505,0,ok
811b64b4-41b8-11f1-b96b-314a9e01000f,32,16,black,middlegame,Nxg2,-500,-635,135,mistake
811b64b4-41b8-11f1-b96b-314a9e01000f,34,17,black,middlegame,Qh3+,-417,-595,178,mistake
811b64b4-41b8-11f1-b96b-314a9e01000f,36,18,black,middlegame,O-O-O,-584,-615,31,ok
811b64b4-41b8-11f1-b96b-314a9e01000f,38,19,black,middlegame,Bxf3,-611,-625,14,ok
811b64b4-41b8-11f1-b96b-314a9e01000f,40,20,black,middlegame,Qf5,-531,-575,44,ok
811b64b4-41b8-11f1-b96b-314a9e01000f,42,21,black,middlegame,Qg4,-564,-570,6,ok
811b64b4-41b8-11f1-b96b-314a9e01000f,44,22,black,middlegame,Qe6,-560,-570,10,ok
811b64b4-41b8-11f1-b96b-314a9e01000f,46,23,black,middlegame,Rde8,-543,-680,137,mistake
811b64b4-41b8-11f1-b96b-314a9e01000f,48,24,black,middlegame,Qxf5,-631,-666,35,ok
811b64b4-41b8-11f1-b96b-314a9e01000f,50,25,black,middlegame,g6,-709,-796,87,inaccuracy
4e89f30c-41b7-11f1-8755-a6d30a01000f,2,1,black,opening,d5,-31,-31,0,ok
4e89f30c-41b7-11f1-8755-a6d30a01000f,4,2,black,opening,dxc4,-33,-27,0,ok
4e89f30c-41b7-11f1-8755-a6d30a01000f,6,3,black,opening,Nf6,-36,-42,6,ok
4e89f30c-41b7-11f1-8755-a6d30a01000f,8,4,black,opening,Be6,22,-142,164,mistake
4e89f30c-41b7-11f1-8755-a6d30a01000f,10,5,black,opening,Bg4,-79,-72,0,ok
4e89f30c-41b7-11f1-8755-a6d30a01000f,12,6,black,opening,Bxf3,-67,-165,98,inaccuracy
4e89f30c-41b7-11f1-8755-a6d30a01000f,14,7,black,opening,e6,-169,-212,43,ok
4e89f30c-41b7-11f1-8755-a6d30a01000f,16,8,black,opening,exd5,-134,-231,97,inaccuracy
4e89f30c-41b7-11f1-8755-a6d30a01000f,18,9,black,opening,Nxd5,-118,-117,0,ok
4e89f30c-41b7-11f1-8755-a6d30a01000f,20,10,black,opening,Bb4+,-126,-128,2,ok
4e89f30c-41b7-11f1-8755-a6d30a01000f,22,11,black,middlegame,O-O,-101,-271,170,mistake
4e89f30c-41b7-11f1-8755-a6d30a01000f,24,12,black,middlegame,Qd7,-45,-146,101,mistake
4e89f30c-41b7-11f1-8755-a6d30a01000f,26,13,black,middlegame,c6,-143,-143,0,ok
4e89f30c-41b7-11f1-8755-a6d30a01000f,28,14,black,middlegame,c5,-145,-260,115,mistake
4e89f30c-41b7-11f1-8755-a6d30a01000f,30,15,black,middlegame,Nc6,-223,-214,0,ok
4e89f30c-41b7-11f1-8755-a6d30a01000f,32,16,black,middlegame,Bd2,-221,-457,236,mistake
4e89f30c-41b7-11f1-8755-a6d30a01000f,34,17,black,middlegame,b6,-223,-463,240,mistake
4e89f30c-41b7-11f1-8755-a6d30a01000f,36,18,black,middlegame,Ne5,-183,-192,9,ok
4e89f30c-41b7-11f1-8755-a6d30a01000f,38,19,black,middlegame,Bxe3,-88,-200,112,mistake
4e89f30c-41b7-11f1-8755-a6d30a01000f,40,20,black,middlegame,Ng4,-192,-241,49,ok
4e89f30c-41b7-11f1-8755-a6d30a01000f,42,21,black,middlegame,Rad8,-201,-507,306,blunder
4e89f30c-41b7-11f1-8755-a6d30a01000f,44,22,black,middlegame,Qc8,-484,-535,51,inaccuracy
4e89f30c-41b7-11f1-8755-a6d30a01000f,46,23,black,middlegame,Rxd1,-289,-341,52,inaccuracy
4e89f30c-41b7-11f1-8755-a6d30a01000f,48,24,black,middlegame,a5,-355,-525,170,mistake
4e89f30c-41b7-11f1-8755-a6d30a01000f,50,25,black,middlegame,Qc6+,-350,-392,42,ok
4e89f30c-41b7-11f1-8755-a6d30a01000f,52,26,black,middlegame,Qg6,-395,-447,52,inaccuracy
4e89f30c-41b7-11f1-8755-a6d30a01000f,54,27,black,middlegame,fxe6,119,105,14,ok
4e89f30c-41b7-11f1-8755-a6d30a01000f,56,28,black,middlegame,Qxe6,488,488,0,ok
92f81fd8-418b-11f1-b90b-29acff01000f,1,1,white,opening,e4,27,23,4,ok
92f81fd8-418b-11f1-b90b-29acff01000f,3,2,white,opening,Nf3,20,21,0,ok
92f81fd8-418b-11f1-b90b-29acff01000f,5,3,white,opening,Nc3,22,5,17,ok
92f81fd8-418b-11f1-b90b-29acff01000f,7,4,white,opening,d4,10,2,8,ok
92f81fd8-418b-11f1-b90b-29acff01000f,9,5,white,opening,Nxd4,7,8,0,ok
92f81fd8-418b-11f1-b90b-29acff01000f,11,6,white,opening,Nxc6,46,34,12,ok
92f81fd8-418b-11f1-b90b-29acff01000f,13,7,white,opening,Bg5,34,12,22,ok
92f81fd8-418b-11f1-b90b-29acff01000f,15,8,white,opening,Bh4,12,8,4,ok
92f81fd8-418b-11f1-b90b-29acff01000f,17,9,white,opening,e5,17,-62,79,inaccuracy
92f81fd8-418b-11f1-b90b-29acff01000f,19,10,white,opening,Qe2,-70,-63,0,ok
92f81fd8-418b-11f1-b90b-29acff01000f,21,11,white,opening,Bxf6,-3,-12,9,ok
92f81fd8-418b-11f1-b90b-29acff01000f,23,12,white,middlegame,Qg4+,390,379,11,ok
92f81fd8-418b-11f1-b90b-29acff01000f,25,13,white,middlegame,Qxd4,484,403,81,inaccuracy
92f81fd8-418b-11f1-b90b-29acff01000f,27,14,white,middlegame,Be2,443,448,0,ok
92f81fd8-418b-11f1-b90b-29acff01000f,29,15,white,middlegame,Qd3+,488,487,1,ok
92f81fd8-418b-11f1-b90b-29acff01000f,31,16,white,middlegame,O-O,455,423,32,ok
92f81fd8-418b-11f1-b90b-29acff01000f,33,17,white,middlegame,Rad1,429,404,25,ok
92f81fd8-418b-11f1-b90b-29acff01000f,35,18,white,middlegame,Nb5,386,299,87,inaccuracy
92f81fd8-418b-11f1-b90b-29acff01000f,37,19,white,middlegame,Qc4,366,109,257,mistake
92f81fd8-418b-11f1-b90b-29acff01000f,39,20,white,middlegame,a4,103,53,50,inaccuracy
92f81fd8-418b-11f1-b90b-29acff01000f,41,21,white,middlegame,c3,58,51,7,ok
92f81fd8-418b-11f1-b90b-29acff01000f,43,22,white,middlegame,axb5,99,96,3,ok
92f81fd8-418b-11f1-b90b-29acff01000f,45,23,white,middlegame,cxd4,99,88,11,ok
92f81fd8-418b-11f1-b90b-29acff01000f,47,24,white,middlegame,Rxd4,76,74,2,ok
92f81fd8-418b-11f1-b90b-29acff01000f,49,25,white,middlegame,Qxf7+,852,1067,0,ok
92f81fd8-418b-11f1-b90b-29acff01000f,51,26,white,middlegame,Bxb5,1325,1451,0,ok
92f81fd8-418b-11f1-b90b-29acff01000f,53,27,white,middlegame,Qf6+,99997,99997,0,ok
92f81fd8-418b-11f1-b90b-29acff01000f,55,28,white,middlegame,Rd7+,99997,99998,0,ok
92f81fd8-418b-11f1-b90b-29acff01000f,57,29,white,middlegame,Rxe7+,99998,99999,0,ok
92f81fd8-418b-11f1-b90b-29acff01000f,59,30,white,middlegame,Qg7#,99999,100000,0,ok
ab3cb22b-418a-11f1-b9df-cd945801000f,2,1,black,opening,d5,-28,-27,0,ok
ab3cb22b-418a-11f1-b9df-cd945801000f,4,2,black,opening,dxc4,-26,-40,14,ok
ab3cb22b-418a-11f1-b9df-cd945801000f,6,3,black,opening,Nc6,-39,-55,16,ok
ab3cb22b-418a-11f1-b9df-cd945801000f,8,4,black,opening,Ne5,-35,-43,8,ok
ab3cb22b-418a-11f1-b9df-cd945801000f,10,5,black,opening,Qd6,22,-133,155,mistake
ab3cb22b-418a-11f1-b9df-cd945801000f,12,6,black,opening,Nf6,-142,-178,36,ok
ab3cb22b-418a-11f1-b9df-cd945801000f,14,7,black,opening,Nf3+,-40,-171,131,mistake
ab3cb22b-418a-11f1-b9df-cd945801000f,16,8,black,opening,Qxf4,-157,-169,12,ok
ab3cb22b-418a-11f1-b9df-cd945801000f,18,9,black,opening,e6,-169,-169,0,ok
ab3cb22b-418a-11f1-b9df-cd945801000f,20,10,black,opening,exd5,-138,-168,30,ok
ab3cb22b-418a-11f1-b9df-cd945801000f,22,11,black,middlegame,Nxe4,-151,-874,723,blunder
ab3cb22b-418a-11f1-b9df-cd945801000f,24,12,black,middlegame,Bf5,-733,-840,107,mistake
ab3cb22b-418a-11f1-b9df-cd945801000f,26,13,black,middlegame,Bc5,-891,-969,78,inaccuracy
ab3cb22b-418a-11f1-b9df-cd945801000f,28,14,black,middlegame,Be6,-890,-905,15,ok
2ece4c6c-418a-11f1-bdec-0f32dc01000f,2,1,black,opening,e5,-22,-31,9,ok
2ece4c6c-418a-11f1-bdec-0f32dc01000f,4,2,black,opening,Nf6,-5,-9,4,ok
2ece4c6c-418a-11f1-bdec-0f32dc01000f,6,3,black,opening,Nxe4,50,54,0,ok
2ece4c6c-418a-11f1-bdec-0f32dc01000f,8,4,black,opening,Nxf2,58,-687,745,blunder
2ece4c6c-418a-11f1-bdec-0f32dc01000f,10,5,black,opening,Qe7,-203,-336,133,mistake
2ece4c6c-418a-11f1-bdec-0f32dc01000f,12,6,black,opening,Kd8,-164,-206,42,ok
2ece4c6c-418a-11f1-bdec-0f32dc01000f,14,7,black,opening,Qxe5,-22,-14,0,ok
2ece4c6c-418a-11f1-bdec-0f32dc01000f,16,8,black,opening,Qc5+,-23,-319,296,mistake
2ece4c6c-418a-11f1-bdec-0f32dc01000f,18,9,black,opening,Qxd4+,-396,-396,0,ok
2ece4c6c-418a-11f1-bdec-0f32dc01000f,20,10,black,opening,Qxb2,-27,-99998,99971,blunder
2ece4c6c-418a-11f1-bdec-0f32dc01000f,22,11,black,middlegame,Qf6,-99999,-99999,0,ok
2ece4c6c-418a-11f1-bdec-0f32dc01000f,24,12,black,middlegame,gxf6,-99999,-99999,0,ok
2ece4c6c-418a-11f1-bdec-0f32dc01000f,26,13,black,middlegame,Be7,-99999,-99999,0,ok
7518a38b-40a0-11f1-9b2b-95efea01000f,1,1,white,opening,e4,31,34,0,ok
7518a38b-40a0-11f1-9b2b-95efea01000f,3,2,white,opening,Nf3,31,31,0,ok
7518a38b-40a0-11f1-9b2b-95efea01000f,5,3,white,opening,Nc3,30,15,15,ok
7518a38b-40a0-11f1-9b2b-95efea01000f,7,4,white,opening,d4,13,8,5,ok
7518a38b-40a0-11f1-9b2b-95efea01000f,9,5,white,opening,dxe5,87,58,29,ok
7518a38b-40a0-11f1-9b2b-95efea01000f,11,6,white,opening,Nxd5,54,-22,76,inaccuracy
7518a38b-40a0-11f1-9b2b-95efea01000f,13,7,white,opening,Bc4,-17,-247,230,mistake
7518a38b-40a0-11f1-9b2b-95efea01000f,15,8,white,opening,Bxd5,231,215,16,ok
7518a38b-40a0-11f1-9b2b-95efea01000f,17,9,white,opening,c3,304,152,152,mistake
7518a38b-40a0-11f1-9b2b-95efea01000f,19,10,white,opening,Bxf7+,517,211,306,blunder
7518a38b-40a0-11f1-9b2b-95efea01000f,21,11,white,opening,Qb3+,195,204,0,ok
7518a38b-40a0-11f1-9b2b-95efea01000f,23,12,white,middlegame,O-O,225,29,196,mistake
7518a38b-40a0-11f1-9b2b-95efea01000f,25,13,white,middlegame,Qxb7,210,223,0,ok
7518a38b-40a0-11f1-9b2b-95efea01000f,27,14,white,middlegame,Qxc6,585,565,20,ok
7518a38b-40a0-11f1-9b2b-95efea01000f,29,15,white,middlegame,bxc3,687,641,46,ok
7518a38b-40a0-11f1-9b2b-95efea01000f,31,16,white,middlegame,Qa8+,671,625,46,ok
7518a38b-40a0-11f1-9b2b-95efea01000f,33,17,white,middlegame,Qxb8+,873,912,0,ok
7518a38b-40a0-11f1-9b2b-95efea01000f,35,18,white,middlegame,Ng5+,943,1146,0,ok
7518a38b-40a0-11f1-9b2b-95efea01000f,37,19,white,middlegame,Qb1+,99989,99990,0,ok
7518a38b-40a0-11f1-9b2b-95efea01000f,39,20,white,middlegame,Qe4,99993,1014,98979,blunder
7518a38b-40a0-11f1-9b2b-95efea01000f,41,21,white,middlegame,g4+,99996,99997,0,ok
7518a38b-40a0-11f1-9b2b-95efea01000f,43,22,white,middlegame,Nf3+,99997,99997,0,ok
7518a38b-40a0-11f1-9b2b-95efea01000f,45,23,white,middlegame,Qf4,99997,99997,0,ok
7518a38b-40a0-11f1-9b2b-95efea01000f,47,24,white,middlegame,Rxf2,99997,99998,0,ok
7518a38b-40a0-11f1-9b2b-95efea01000f,49,25,white,middlegame,Qxe5,99998,99998,0,ok
7518a38b-40a0-11f1-9b2b-95efea01000f,51,26,white,middlegame,Qxg7+,99998,99996,2,ok
deb9a080-3fdf-11f1-a3f9-c6287501000f,1,1,white,opening,e4,34,36,0,ok
deb9a080-3fdf-11f1-a3f9-c6287501000f,3,2,white,opening,Nf3,38,43,0,ok
deb9a080-3fdf-11f1-a3f9-c6287501000f,5,3,white,opening,Nc3,34,15,19,ok
deb9a080-3fdf-11f1-a3f9-c6287501000f,7,4,white,opening,Nxe5,78,66,12,ok
deb9a080-3fdf-11f1-a3f9-c6287501000f,9,5,white,opening,d4,73,67,6,ok
deb9a080-3fdf-11f1-a3f9-c6287501000f,11,6,white,opening,dxc5,260,268,0,ok
deb9a080-3fdf-11f1-a3f9-c6287501000f,13,7,white,opening,Bg5,262,242,20,ok
deb9a080-3fdf-11f1-a3f9-c6287501000f,15,8,white,opening,e5,296,78,218,mistake
deb9a080-3fdf-11f1-a3f9-c6287501000f,17,9,white,opening,exf6,427,213,214,mistake
deb9a080-3fdf-11f1-a3f9-c6287501000f,19,10,white,opening,fxg7,220,221,0,ok
deb9a080-3fdf-11f1-a3f9-c6287501000f,21,11,white,opening,Bc4,267,185,82,inaccuracy
deb9a080-3fdf-11f1-a3f9-c6287501000f,23,12,white,middlegame,Qd3,238,46,192,mistake
deb9a080-3fdf-11f1-a3f9-c6287501000f,25,13,white,middlegame,Ne2,61,-155,216,mistake
deb9a080-3fdf-11f1-a3f9-c6287501000f,27,14,white,middlegame,O-O-O,39,-281,320,blunder
deb9a080-3fdf-11f1-a3f9-c6287501000f,29,15,white,middlegame,Kb1,-254,-272,18,ok
deb9a080-3fdf-11f1-a3f9-c6287501000f,31,16,white,middlegame,Rhe1,-202,-287,85,inaccuracy
deb9a080-3fdf-11f1-a3f9-c6287501000f,33,17,white,middlegame,Rxe2,22,12,10,ok
deb9a080-3fdf-11f1-a3f9-c6287501000f,35,18,white,middlegame,Qxe2,2,-1,3,ok
deb9a080-3fdf-11f1-a3f9-c6287501000f,37,19,white,middlegame,b3,22,20,2,ok
deb9a080-3fdf-11f1-a3f9-c6287501000f,39,20,white,middlegame,a4,73,30,43,ok
deb9a080-3fdf-11f1-a3f9-c6287501000f,41,21,white,middlegame,h4,52,0,52,inaccuracy
deb9a080-3fdf-11f1-a3f9-c6287501000f,43,22,white,middlegame,Bd3,0,-259,259,mistake
deb9a080-3fdf-11f1-a3f9-c6287501000f,45,23,white,middlegame,hxg5,-184,-185,1,ok
deb9a080-3fdf-11f1-a3f9-c6287501000f,47,24,white,middlegame,Qh5,-193,-520,327,blunder
deb9a080-3fdf-11f1-a3f9-c6287501000f,49,25,white,middlegame,Qh6+,-527,-557,30,ok
deb9a080-3fdf-11f1-a3f9-c6287501000f,51,26,white,middlegame,Rxd3,-568,-574,6,ok
deb9a080-3fdf-11f1-a3f9-c6287501000f,53,27,white,middlegame,Qxc6,-2,-181,179,mistake
deb9a080-3fdf-11f1-a3f9-c6287501000f,55,28,white,middlegame,Rd2,-176,-99998,99822,blunder
deb9a080-3fdf-11f1-a3f9-c6287501000f,57,29,white,middlegame,Qxd5,-48,-21,0,ok
deb9a080-3fdf-11f1-a3f9-c6287501000f,59,30,white,middlegame,g4,-19,-21,2,ok
deb9a080-3fdf-11f1-a3f9-c6287501000f,61,31,white,middlegame,Ka2,-11,-186,175,mistake
deb9a080-3fdf-11f1-a3f9-c6287501000f,63,32,white,middlegame,Qxa5,0,0,0,ok
deb9a080-3fdf-11f1-a3f9-c6287501000f,65,33,white,middlegame,Rxc2,55,53,2,ok
deb9a080-3fdf-11f1-a3f9-c6287501000f,67,34,white,middlegame,Qd8+,32,34,0,ok
deb9a080-3fdf-11f1-a3f9-c6287501000f,69,35,white,middlegame,a5,109,-36,145,mistake
deb9a080-3fdf-11f1-a3f9-c6287501000f,71,36,white,middlegame,f4,30,30,0,ok
deb9a080-3fdf-11f1-a3f9-c6287501000f,73,37,white,middlegame,Ka3,35,15,20,ok
deb9a080-3fdf-11f1-a3f9-c6287501000f,75,38,white,middlegame,Qc7,59,55,4,ok
deb9a080-3fdf-11f1-a3f9-c6287501000f,77,39,white,middlegame,Qc3+,300,61,239,mistake
deb9a080-3fdf-11f1-a3f9-c6287501000f,79,40,white,middlegame,Qh3+,93,3,90,inaccuracy
deb9a080-3fdf-11f1-a3f9-c6287501000f,81,41,white,middlegame,Qc3+,54,51,3,ok
deb9a080-3fdf-11f1-a3f9-c6287501000f,83,42,white,middlegame,Qh3+,118,2,116,mistake
deb9a080-3fdf-11f1-a3f9-c6287501000f,85,43,white,middlegame,Qh6+,41,38,3,ok
deb9a080-3fdf-11f1-a3f9-c6287501000f,87,44,white,middlegame,a6,30,-20,50,inaccuracy
deb9a080-3fdf-11f1-a3f9-c6287501000f,89,45,white,middlegame,Ka4,0,-18,18,ok
deb9a080-3fdf-11f1-a3f9-c6287501000f,91,46,white,middlegame,Qb6,2,0,2,ok
deb9a080-3fdf-11f1-a3f9-c6287501000f,93,47,white,middlegame,Kb4,0,-7,7,ok
deb9a080-3fdf-11f1-a3f9-c6287501000f,95,48,white,middlegame,Ka4,-6,-12,6,ok
deb9a080-3fdf-11f1-a3f9-c6287501000f,97,49,white,middlegame,Kb4,0,0,0,ok
deb9a080-3fdf-11f1-a3f9-c6287501000f,99,50,white,middlegame,Ka4,0,-3,3,ok
deb9a080-3fdf-11f1-a3f9-c6287501000f,101,51,white,middlegame,Kb4,0,0,0,ok
788cbdfa-3f02-11f1-b81d-846f9301000f,2,1,black,opening,e5,-40,-37,0,ok
788cbdfa-3f02-11f1-b81d-846f9301000f,4,2,black,opening,Nc6,-41,-38,0,ok
788cbdfa-3f02-11f1-b81d-846f9301000f,6,3,black,opening,Qf6,-37,-97,60,inaccuracy
788cbdfa-3f02-11f1-b81d-846f9301000f,8,4,black,opening,Qxc6,26,-48,74,inaccuracy
788cbdfa-3f02-11f1-b81d-846f9301000f,10,5,black,opening,Bb4,-54,-109,55,inaccuracy
788cbdfa-3f02-11f1-b81d-846f9301000f,12,6,black,opening,Bxc3+,93,77,16,ok
788cbdfa-3f02-11f1-b81d-846f9301000f,14,7,black,opening,Qxc3+,78,75,3,ok
788cbdfa-3f02-11f1-b81d-846f9301000f,16,8,black,opening,Qxa1,331,338,0,ok
788cbdfa-3f02-11f1-b81d-846f9301000f,18,9,black,opening,Qxa2,351,340,11,ok
788cbdfa-3f02-11f1-b81d-846f9301000f,20,10,black,opening,d6,363,373,0,ok
788cbdfa-3f02-11f1-b81d-846f9301000f,22,11,black,middlegame,Bxg4,484,458,26,ok
788cbdfa-3f02-11f1-b81d-846f9301000f,24,12,black,middlegame,Be6,630,619,11,ok
788cbdfa-3f02-11f1-b81d-846f9301000f,26,13,black,middlegame,Qa1,648,571,77,inaccuracy
788cbdfa-3f02-11f1-b81d-846f9301000f,28,14,black,middlegame,Qf6,606,558,48,ok
788cbdfa-3f02-11f1-b81d-846f9301000f,30,15,black,middlegame,c6,556,525,31,ok
788cbdfa-3f02-11f1-b81d-846f9301000f,32,16,black,middlegame,Rd8,535,452,83,inaccuracy
788cbdfa-3f02-11f1-b81d-846f9301000f,34,17,black,middlegame,Bd7,535,393,142,mistake
788cbdfa-3f02-11f1-b81d-846f9301000f,36,18,black,middlegame,Qg5,420,393,27,ok
788cbdfa-3f02-11f1-b81d-846f9301000f,38,19,black,middlegame,Bh3,549,301,248,mistake
788cbdfa-3f02-11f1-b81d-846f9301000f,40,20,black,middlegame,Rd7,332,319,13,ok
788cbdfa-3f02-11f1-b81d-846f9301000f,42,21,black,middlegame,Rd8,343,340,3,ok
788cbdfa-3f02-11f1-b81d-846f9301000f,44,22,black,middlegame,Nxf6,365,372,0,ok
788cbdfa-3f02-11f1-b81d-846f9301000f,46,23,black,middlegame,Qg4,383,400,0,ok
788cbdfa-3f02-11f1-b81d-846f9301000f,48,24,black,middlegame,Qd1+,410,409,1,ok
788cbdfa-3f02-11f1-b81d-846f9301000f,50,25,black,middlegame,Qxc2,411,404,7,ok
788cbdfa-3f02-11f1-b81d-846f9301000f,52,26,black,middlegame,O-O,415,420,0,ok
788cbdfa-3f02-11f1-b81d-846f9301000f,54,27,black,middlegame,Nh5,471,484,0,ok
788cbdfa-3f02-11f1-b81d-846f9301000f,56,28,black,middlegame,Nxg7,723,747,0,ok
1c14de46-3e88-11f1-945f-0a63fc01000f,2,1,black,opening,d5,-30,-32,2,ok
1c14de46-3e88-11f1-945f-0a63fc01000f,4,2,black,opening,dxc4,-30,-39,9,ok
1c14de46-3e88-11f1-945f-0a63fc01000f,6,3,black,opening,Qxd4,-12,-566,554,blunder
1c14de46-3e88-11f1-945f-0a63fc01000f,8,4,black,opening,Qc5,157,-25,182,mistake
1c14de46-3e88-11f1-945f-0a63fc01000f,10,5,black,opening,e5,112,95,17,ok
1c14de46-3e88-11f1-945f-0a63fc01000f,12,6,black,opening,Bg4,125,59,66,inaccuracy
1c14de46-3e88-11f1-945f-0a63fc01000f,14,7,black,opening,Bxf3,49,46,3,ok
1c14de46-3e88-11f1-945f-0a63fc01000f,16,8,black,opening,Nc6,40,26,14,ok
1c14de46-3e88-11f1-945f-0a63fc01000f,18,9,black,opening,Qb4+,91,-14,105,mistake
1c14de46-3e88-11f1-945f-0a63fc01000f,20,10,black,opening,Qxb2,-6,-174,168,mistake
1c14de46-3e88-11f1-945f-0a63fc01000f,22,11,black,middlegame,Qxa2,-185,-200,15,ok
1c14de46-3e88-11f1-945f-0a63fc01000f,24,12,black,middlegame,Qa6,-250,-236,0,ok
1c14de46-3e88-11f1-945f-0a63fc01000f,26,13,black,middlegame,O-O-O,158,143,15,ok
1c14de46-3e88-11f1-945f-0a63fc01000f,28,14,black,middlegame,Bb4,236,19,217,mistake
1c14de46-3e88-11f1-945f-0a63fc01000f,30,15,black,middlegame,Qxc6,25,13,12,ok
1c14de46-3e88-11f1-945f-0a63fc01000f,32,16,black,middlegame,Qxg2,22,-22,44,ok
1c14de46-3e88-11f1-945f-0a63fc01000f,34,17,black,middlegame,Nf6,130,166,0,ok
1c14de46-3e88-11f1-945f-0a63fc01000f,36,18,black,middlegame,Rd6,195,103,92,inaccuracy
1c14de46-3e88-11f1-945f-0a63fc01000f,38,19,black,middlegame,c3,119,-285,404,blunder
1c14de46-3e88-11f1-945f-0a63fc01000f,40,20,black,middlegame,cxd6,-278,-269,0,ok
1c14de46-3e88-11f1-945f-0a63fc01000f,42,21,black,middlegame,Kb8,-224,-220,0,ok
1c14de46-3e88-11f1-945f-0a63fc01000f,44,22,black,middlegame,Ne4,-228,-480,252,mistake
1c14de46-3e88-11f1-945f-0a63fc01000f,46,23,black,middlegame,Qg6,-383,-513,130,mistake
1c14de46-3e88-11f1-945f-0a63fc01000f,48,24,black,middlegame,Qg2,-523,-554,31,ok
1c14de46-3e88-11f1-945f-0a63fc01000f,50,25,black,middlegame,Qxb7,-286,-264,0,ok
1c14de46-3e88-11f1-945f-0a63fc01000f,52,26,black,middlegame,Kxb7,-145,-151,6,ok
1c14de46-3e88-11f1-945f-0a63fc01000f,54,27,black,endgame,a5,-152,-143,0,ok
1c14de46-3e88-11f1-945f-0a63fc01000f,56,28,black,endgame,Ra8,-136,-152,16,ok
1c14de46-3e88-11f1-945f-0a63fc01000f,58,29,black,endgame,Ra2,-133,-219,86,inaccuracy
1c14de46-3e88-11f1-945f-0a63fc01000f,60,30,black,endgame,g6,-218,-210,0,ok
1c14de46-3e88-11f1-945f-0a63fc01000f,62,31,black,endgame,h5,-144,-242,98,inaccuracy
1c14de46-3e88-11f1-945f-0a63fc01000f,64,32,black,endgame,Kc7,-228,-322,94,inaccuracy
1c14de46-3e88-11f1-945f-0a63fc01000f,66,33,black,endgame,f5,-329,-363,34,ok
1c14de46-3e88-11f1-945f-0a63fc01000f,68,34,black,endgame,Ra4,-367,-360,0,ok
1c14de46-3e88-11f1-945f-0a63fc01000f,70,35,black,endgame,exf4,-383,-394,11,ok
1c14de46-3e88-11f1-945f-0a63fc01000f,72,36,black,endgame,Re4+,-391,-399,8,ok
1c14de46-3e88-11f1-945f-0a63fc01000f,74,37,black,endgame,Rd4,-322,-410,88,inaccuracy
1c14de46-3e88-11f1-945f-0a63fc01000f,76,38,black,endgame,Rd3,-386,-411,25,ok
1c14de46-3e88-11f1-945f-0a63fc01000f,78,39,black,endgame,d5,-411,-417,6,ok
1c14de46-3e88-11f1-945f-0a63fc01000f,80,40,black,endgame,Rb3,-421,-420,0,ok
1c14de46-3e88-11f1-945f-0a63fc01000f,82,41,black,endgame,Rb2+,-418,-421,3,ok
1c14de46-3e88-11f1-945f-0a63fc01000f,84,42,black,endgame,Rb3+,-433,-441,8,ok
1c14de46-3e88-11f1-945f-0a63fc01000f,86,43,black,endgame,Rb2+,-428,-432,4,ok
1c14de46-3e88-11f1-945f-0a63fc01000f,88,44,black,endgame,Rb3,-408,-408,0,ok
1c14de46-3e88-11f1-945f-0a63fc01000f,90,45,black,endgame,d4,-4,-9,5,ok
1c14de46-3e88-11f1-945f-0a63fc01000f,92,46,black,endgame,Rxe3+,-9,-8,0,ok
1c14de46-3e88-11f1-945f-0a63fc01000f,94,47,black,endgame,Kd6,-6,-8,2,ok
1c14de46-3e88-11f1-945f-0a63fc01000f,96,48,black,endgame,Ke6,-11,-8,0,ok
1c14de46-3e88-11f1-945f-0a63fc01000f,98,49,black,endgame,Rh3,-7,-13,6,ok
1c14de46-3e88-11f1-945f-0a63fc01000f,100,50,black,endgame,d3+,-7,-5,0,ok
1c14de46-3e88-11f1-945f-0a63fc01000f,102,51,black,endgame,Kf6,-7,-5,0,ok
1c14de46-3e88-11f1-945f-0a63fc01000f,104,52,black,endgame,Kg6,-5,-7,2,ok
1c14de46-3e88-11f1-945f-0a63fc01000f,106,53,black,endgame,Kxh6,-3,-1,0,ok
1c14de46-3e88-11f1-945f-0a63fc01000f,108,54,black,endgame,Rxd3+,-1,0,0,ok
1c14de46-3e88-11f1-945f-0a63fc01000f,110,55,black,endgame,Kg6,0,0,0,ok
1c14de46-3e88-11f1-945f-0a63fc01000f,112,56,black,endgame,Kf6,0,0,0,ok
1c14de46-3e88-11f1-945f-0a63fc01000f,114,57,black,endgame,Ke7,0,0,0,ok
1c14de46-3e88-11f1-945f-0a63fc01000f,116,58,black,endgame,Kf7,0,0,0,ok
1c14de46-3e88-11f1-945f-0a63fc01000f,118,59,black,endgame,Kf8,0,0,0,ok
1c14de46-3e88-11f1-945f-0a63fc01000f,120,60,black,endgame,Kg8,0,-502,502,blunder
1c14de46-3e88-11f1-945f-0a63fc01000f,122,61,black,endgame,Kh7,-99989,-99989,0,ok
1c14de46-3e88-11f1-945f-0a63fc01000f,124,62,black,endgame,Kh8,-99990,-99997,7,ok
1c14de46-3e88-11f1-945f-0a63fc01000f,126,63,black,endgame,Kh7,-99996,-99996,0,ok
1c14de46-3e88-11f1-945f-0a63fc01000f,128,64,black,endgame,Kg7,-99995,-99996,1,ok
1c14de46-3e88-11f1-945f-0a63fc01000f,130,65,black,endgame,Kh8,-99998,-99998,0,ok
1c14de46-3e88-11f1-945f-0a63fc01000f,132,66,black,endgame,Kh7,-99999,-99999,0,ok
5f850e3e-3de0-11f1-8849-28ad8d01000f,2,1,black,opening,d5,-36,-38,2,ok
5f850e3e-3de0-11f1-8849-28ad8d01000f,4,2,black,opening,Nc6,-18,-49,31,ok
5f850e3e-3de0-11f1-8849-28ad8d01000f,6,3,black,opening,Nf6,-49,-54,5,ok
5f850e3e-3de0-11f1-8849-28ad8d01000f,8,4,black,opening,Bg4,-50,-42,0,ok
5f850e3e-3de0-11f1-8849-28ad8d01000f,10,5,black,opening,Qd7,-42,-55,13,ok
5f850e3e-3de0-11f1-8849-28ad8d01000f,12,6,black,opening,Bf5,-54,-201,147,mistake
5f850e3e-3de0-11f1-8849-28ad8d01000f,14,7,black,opening,Qd6,-165,-456,291,mistake
5f850e3e-3de0-11f1-8849-28ad8d01000f,16,8,black,opening,Qb4+,178,228,0,ok
5f850e3e-3de0-11f1-8849-28ad8d01000f,18,9,black,opening,Kxf7,254,257,0,ok
5f850e3e-3de0-11f1-8849-28ad8d01000f,20,10,black,opening,Ne4,296,-441,737,blunder
5f850e3e-3de0-11f1-8849-28ad8d01000f,22,11,black,middlegame,e6,241,-253,494,blunder
5f850e3e-3de0-11f1-8849-28ad8d01000f,24,12,black,middlegame,Bxe4,-80,-81,1,ok
5f850e3e-3de0-11f1-8849-28ad8d01000f,26,13,black,middlegame,Bf5,-64,-196,132,mistake
5f850e3e-3de0-11f1-8849-28ad8d01000f,28,14,black,middlegame,Bg6,-50,-44,0,ok
5f850e3e-3de0-11f1-8849-28ad8d01000f,30,15,black,middlegame,Qxb2,-47,-48,1,ok
5f850e3e-3de0-11f1-8849-28ad8d01000f,32,16,black,middlegame,Qxc3,-55,-343,288,mistake
5f850e3e-3de0-11f1-8849-28ad8d01000f,34,17,black,middlegame,Qa5,-372,-387,15,ok
5f850e3e-3de0-11f1-8849-28ad8d01000f,36,18,black,middlegame,Ba3,-38,-305,267,mistake
5f850e3e-3de0-11f1-8849-28ad8d01000f,38,19,black,middlegame,Be7,-339,-370,31,ok
5f850e3e-3de0-11f1-8849-28ad8d01000f,40,20,black,middlegame,Rhb8,-165,-535,370,blunder
5f850e3e-3de0-11f1-8849-28ad8d01000f,42,21,black,middlegame,Qc3,-389,-680,291,mistake
5f850e3e-3de0-11f1-8849-28ad8d01000f,44,22,black,middlegame,Qxe3+,-351,-339,0,ok
5f850e3e-3de0-11f1-8849-28ad8d01000f,46,23,black,middlegame,Rxb8,-375,-386,11,ok
5f850e3e-3de0-11f1-8849-28ad8d01000f,48,24,black,middlegame,h5,-255,-408,153,mistake
5f850e3e-3de0-11f1-8849-28ad8d01000f,50,25,black,middlegame,Qf4,-350,-416,66,inaccuracy
5f850e3e-3de0-11f1-8849-28ad8d01000f,52,26,black,middlegame,h4,-333,-442,109,mistake
5f850e3e-3de0-11f1-8849-28ad8d01000f,54,27,black,middlegame,Kf6,0,-268,268,mistake
5f850e3e-3de0-11f1-8849-28ad8d01000f,56,28,black,middlegame,Rb2+,99991,467,99524,blunder
5f850e3e-3de0-11f1-8849-28ad8d01000f,58,29,black,middlegame,Qc4+,504,541,0,ok
5f850e3e-3de0-11f1-8849-28ad8d01000f,60,30,black,middlegame,Bd3,973,1101,0,ok
5f850e3e-3de0-11f1-8849-28ad8d01000f,62,31,black,middlegame,Kxg5,965,99986,0,ok
5f850e3e-3de0-11f1-8849-28ad8d01000f,64,32,black,middlegame,Qxf4+,99995,99996,0,ok
5f850e3e-3de0-11f1-8849-28ad8d01000f,66,33,black,middlegame,Bb4+,99998,99999,0,ok
5f850e3e-3de0-11f1-8849-28ad8d01000f,68,34,black,middlegame,Qf1#,99999,100000,0,ok
08d2306e-3ddf-11f1-a0f1-86ad2101000f,1,1,white,opening,e4,37,34,3,ok
08d2306e-3ddf-11f1-a0f1-86ad2101000f,3,2,white,opening,d4,34,32,2,ok
08d2306e-3ddf-11f1-a0f1-86ad2101000f,5,3,white,opening,Nd2,33,40,0,ok
08d2306e-3ddf-11f1-a0f1-86ad2101000f,7,4,white,opening,Nxe4,35,28,7,ok
08d2306e-3ddf-11f1-a0f1-86ad2101000f,9,5,white,opening,Nf3,59,68,0,ok
08d2306e-3ddf-11f1-a0f1-86ad2101000f,11,6,white,opening,Bd2,160,162,0,ok
08d2306e-3ddf-11f1-a0f1-86ad2101000f,13,7,white,opening,Bc4,185,191,0,ok
08d2306e-3ddf-11f1-a0f1-86ad2101000f,15,8,white,opening,Bxf7+,513,519,0,ok
08d2306e-3ddf-11f1-a0f1-86ad2101000f,17,9,white,opening,Ne5+,661,652,9,ok
08d2306e-3ddf-11f1-a0f1-86ad2101000f,19,10,white,opening,Qxg4,660,657,3,ok
08d2306e-3ddf-11f1-a0f1-86ad2101000f,21,11,white,opening,Qc8+,646,615,31,ok
08d2306e-3ddf-11f1-a0f1-86ad2101000f,23,12,white,middlegame,Nxf6+,605,612,0,ok
08d2306e-3ddf-11f1-a0f1-86ad2101000f,25,13,white,middlegame,Qe6+,630,618,12,ok
08d2306e-3ddf-11f1-a0f1-86ad2101000f,27,14,white,middlegame,Qc8+,624,622,2,ok
08d2306e-3ddf-11f1-a0f1-86ad2101000f,29,15,white,middlegame,Qxd8+,620,639,0,ok
08d2306e-3ddf-11f1-a0f1-86ad2101000f,31,16,white,endgame,Nf7+,627,627,0,ok
08d2306e-3ddf-11f1-a0f1-86ad2101000f,33,17,white,endgame,Nxh8,628,643,0,ok
08d2306e-3ddf-11f1-a0f1-86ad2101000f,35,18,white,endgame,Ng6+,662,613,49,ok
08d2306e-3ddf-11f1-a0f1-86ad2101000f,37,19,white,endgame,Nxf8,615,603,12,ok
08d2306e-3ddf-11f1-a0f1-86ad2101000f,39,20,white,endgame,Be3,608,627,0,ok
08d2306e-3ddf-11f1-a0f1-86ad2101000f,41,21,white,endgame,O-O-O,623,627,0,ok
08d2306e-3ddf-11f1-a0f1-86ad2101000f,43,22,white,endgame,Rhe1,660,634,26,ok
08d2306e-3ddf-11f1-a0f1-86ad2101000f,45,23,white,endgame,dxc5,740,720,20,ok
08d2306e-3ddf-11f1-a0f1-86ad2101000f,47,24,white,endgame,cxb6,775,767,8,ok
08d2306e-3ddf-11f1-a0f1-86ad2101000f,49,25,white,endgame,Bxb6,778,781,0,ok
08d2306e-3ddf-11f1-a0f1-86ad2101000f,51,26,white,endgame,Rd7+,939,948,0,ok
08d2306e-3ddf-11f1-a0f1-86ad2101000f,53,27,white,endgame,Bc5+,1007,1056,0,ok
a4cbb8ba-3ddc-11f1-936c-2e0a7901000f,1,1,white,opening,e4,32,33,0,ok
a4cbb8ba-3ddc-11f1-936c-2e0a7901000f,3,2,white,opening,Nf3,31,30,1,ok
a4cbb8ba-3ddc-11f1-936c-2e0a7901000f,5,3,white,opening,Nc3,28,20,8,ok
a4cbb8ba-3ddc-11f1-936c-2e0a7901000f,7,4,white,opening,Nxe5,71,66,5,ok
a4cbb8ba-3ddc-11f1-936c-2e0a7901000f,9,5,white,opening,d4,65,63,2,ok
a4cbb8ba-3ddc-11f1-936c-2e0a7901000f,11,6,white,opening,dxe5,62,66,0,ok
a4cbb8ba-3ddc-11f1-936c-2e0a7901000f,13,7,white,opening,Bc4,65,12,53,inaccuracy
a4cbb8ba-3ddc-11f1-936c-2e0a7901000f,15,8,white,opening,bxc3,67,62,5,ok
a4cbb8ba-3ddc-11f1-936c-2e0a7901000f,17,9,white,opening,O-O,77,73,4,ok
a4cbb8ba-3ddc-11f1-936c-2e0a7901000f,19,10,white,opening,Bxe6,208,207,1,ok
a4cbb8ba-3ddc-11f1-936c-2e0a7901000f,21,11,white,opening,Qh5+,213,213,0,ok
a4cbb8ba-3ddc-11f1-936c-2e0a7901000f,23,12,white,middlegame,Qg4,207,78,129,mistake
a4cbb8ba-3ddc-11f1-936c-2e0a7901000f,25,13,white,middlegame,Bg5,136,127,9,ok
a4cbb8ba-3ddc-11f1-936c-2e0a7901000f,27,14,white,middlegame,c4,121,-37,158,mistake
a4cbb8ba-3ddc-11f1-936c-2e0a7901000f,29,15,white,middlegame,Qh4,-46,-51,5,ok
a4cbb8ba-3ddc-11f1-936c-2e0a7901000f,31,16,white,middlegame,Rab1,104,110,0,ok
a4cbb8ba-3ddc-11f1-936c-2e0a7901000f,33,17,white,middlegame,a4,113,-48,161,mistake
a4cbb8ba-3ddc-11f1-936c-2e0a7901000f,35,18,white,middlegame,Rb5,-47,-33,0,ok
a4cbb8ba-3ddc-11f1-936c-2e0a7901000f,37,19,white,middlegame,Rfb1,95,-14,109,mistake
a4cbb8ba-3ddc-11f1-936c-2e0a7901000f,39,20,white,middlegame,cxd5,55,5,50,inaccuracy
a4cbb8ba-3ddc-11f1-936c-2e0a7901000f,41,21,white,middlegame,exd5,16,-7,23,ok
a4cbb8ba-3ddc-11f1-936c-2e0a7901000f,43,22,white,middlegame,a5,15,17,0,ok
a4cbb8ba-3ddc-11f1-936c-2e0a7901000f,45,23,white,middlegame,c4,97,35,62,inaccuracy
a4cbb8ba-3ddc-11f1-936c-2e0a7901000f,47,24,white,middlegame,Be3,25,26,0,ok
a4cbb8ba-3ddc-11f1-936c-2e0a7901000f,49,25,white,middlegame,Rd1,47,-7,54,inaccuracy
a4cbb8ba-3ddc-11f1-936c-2e0a7901000f,51,26,white,middlegame,Rbb1,14,15,0,ok
a4cbb8ba-3ddc-11f1-936c-2e0a7901000f,53,27,white,middlegame,Rxd6,415,28,387,blunder
a4cbb8ba-3ddc-11f1-936c-2e0a7901000f,55,28,white,middlegame,h3,26,29,0,ok
a4cbb8ba-3ddc-11f1-936c-2e0a7901000f,57,29,white,middlegame,axb6,66,-481,547,blunder
a4cbb8ba-3ddc-11f1-936c-2e0a7901000f,59,30,white,middlegame,Kh2,-478,-482,4,ok
a4cbb8ba-3ddc-11f1-936c-2e0a7901000f,61,31,white,middlegame,Bxc5,-478,-517,39,ok
a4cbb8ba-3ddc-11f1-936c-2e0a7901000f,63,32,white,middlegame,g3,-593,-593,0,ok
a4cbb8ba-3ddc-11f1-936c-2e0a7901000f,65,33,white,middlegame,Bxa7,-407,-457,50,inaccuracy
a4cbb8ba-3ddc-11f1-936c-2e0a7901000f,67,34,white,middlegame,Be3,-429,-440,11,ok
a4cbb8ba-3ddc-11f1-936c-2e0a7901000f,69,35,white,middlegame,Qg4,-374,-387,13,ok
a4cbb8ba-3ddc-11f1-936c-2e0a7901000f,71,36,white,middlegame,Qd7,-390,-397,7,ok
a4cbb8ba-3ddc-11f1-936c-2e0a7901000f,73,37,white,middlegame,Qe7,-379,-395,16,ok
a4cbb8ba-3ddc-11f1-936c-2e0a7901000f,75,38,white,middlegame,Qe5,-400,-410,10,ok
a4cbb8ba-3ddc-11f1-936c-2e0a7901000f,77,39,white,middlegame,Bh6,-246,-99995,99749,blunder
a4cbb8ba-3ddc-11f1-936c-2e0a7901000f,79,40,white,middlegame,Kg2,-399,-460,61,inaccuracy
a4cbb8ba-3ddc-11f1-936c-2e0a7901000f,81,41,white,middlegame,Bg5,-429,-462,33,ok
a4cbb8ba-3ddc-11f1-936c-2e0a7901000f,83,42,white,middlegame,Qb8+,0,0,0,ok
a4cbb8ba-3ddc-11f1-936c-2e0a7901000f,85,43,white,middlegame,Qe5+,0,0,0,ok
a4cbb8ba-3ddc-11f1-936c-2e0a7901000f,87,44,white,middlegame,Qb8+,0,0,0,ok
a4cbb8ba-3ddc-11f1-936c-2e0a7901000f,89,45,white,middlegame,Qe5+,0,0,0,ok
a4cbb8ba-3ddc-11f1-936c-2e0a7901000f,91,46,white,middlegame,Qh8+,0,0,0,ok
a4cbb8ba-3ddc-11f1-936c-2e0a7901000f,93,47,white,middlegame,Qf6+,0,0,0,ok
a4cbb8ba-3ddc-11f1-936c-2e0a7901000f,95,48,white,middlegame,Qh8+,0,0,0,ok
60c26d18-3ddc-11f1-a0f1-86ad2101000f,2,1,black,opening,e5,-28,-30,2,ok
60c26d18-3ddc-11f1-a0f1-86ad2101000f,4,2,black,opening,Nf6,-4,1,0,ok
60c26d18-3ddc-11f1-a0f1-86ad2101000f,6,3,black,opening,Nc6,56,-26,82,inaccuracy
60c26d18-3ddc-11f1-a0f1-86ad2101000f,8,4,black,opening,Nxe4,100,86,14,ok
60c26d18-3ddc-11f1-a0f1-86ad2101000f,10,5,black,opening,Ke7,355,-186,541,blunder
60c26d18-3ddc-11f1-a0f1-86ad2101000f,12,6,black,opening,Kxf7,276,273,3,ok
60c26d18-3ddc-11f1-a0f1-86ad2101000f,14,7,black,opening,Nxe5,315,-255,570,blunder
60c26d18-3ddc-11f1-a0f1-86ad2101000f,16,8,black,opening,Kf6,-193,-492,299,mistake
60c26d18-3ddc-11f1-a0f1-86ad2101000f,18,9,black,opening,Kf7,-477,-478,1,ok
60c26d18-3ddc-11f1-a0f1-86ad2101000f,20,10,black,opening,Ba3,-476,-748,272,mistake
60c26d18-3ddc-11f1-a0f1-86ad2101000f,22,11,black,middlegame,Kf6,-737,-1305,568,blunder
7eb0e446-3ddb-11f1-8849-28ad8d01000f,1,1,white,opening,e4,35,26,9,ok
7eb0e446-3ddb-11f1-8849-28ad8d01000f,3,2,white,opening,Nf3,54,29,25,ok
7eb0e446-3ddb-11f1-8849-28ad8d01000f,5,3,white,opening,e5,27,33,0,ok
7eb0e446-3ddb-11f1-8849-28ad8d01000f,7,4,white,opening,d4,27,-14,41,ok
7eb0e446-3ddb-11f1-8849-28ad8d01000f,9,5,white,opening,dxc5,27,-48,75,inaccuracy
7eb0e446-3ddb-11f1-8849-28ad8d01000f,11,6,white,opening,Nc3,-46,-58,12,ok
7eb0e446-3ddb-11f1-8849-28ad8d01000f,13,7,white,opening,Bb5,23,-157,180,mistake
7eb0e446-3ddb-11f1-8849-28ad8d01000f,15,8,white,opening,Kf1,-156,-156,0,ok
7eb0e446-3ddb-11f1-8849-28ad8d01000f,17,9,white,opening,Bg5,-166,-211,45,ok
7eb0e446-3ddb-11f1-8849-28ad8d01000f,19,10,white,opening,Bd2,-155,-241,86,inaccuracy
7eb0e446-3ddb-11f1-8849-28ad8d01000f,21,11,white,opening,Bxc3,-224,-452,228,mistake
7eb0e446-3ddb-11f1-8849-28ad8d01000f,23,12,white,middlegame,Ke1,-444,-460,16,ok
7eb0e446-3ddb-11f1-8849-28ad8d01000f,25,13,white,middlegame,Ng5,-451,-511,60,inaccuracy
7eb0e446-3ddb-11f1-8849-28ad8d01000f,27,14,white,middlegame,Qh5,-437,-523,86,inaccuracy
7eb0e446-3ddb-11f1-8849-28ad8d01000f,29,15,white,middlegame,Nf3,-450,-478,28,ok
7eb0e446-3ddb-11f1-8849-28ad8d01000f,31,16,white,middlegame,Kd2,-450,-435,0,ok
7eb0e446-3ddb-11f1-8849-28ad8d01000f,33,17,white,middlegame,g4,-425,-491,66,inaccuracy
7eb0e446-3ddb-11f1-8849-28ad8d01000f,35,18,white,middlegame,g5,-439,-517,78,inaccuracy
7eb0e446-3ddb-11f1-8849-28ad8d01000f,37,19,white,middlegame,Qxh6,-462,-542,80,inaccuracy
7eb0e446-3ddb-11f1-8849-28ad8d01000f,39,20,white,middlegame,Qh3,-525,-575,50,inaccuracy
7eb0e446-3ddb-11f1-8849-28ad8d01000f,41,21,white,middlegame,Qg2,-526,-746,220,mistake
7eb0e446-3ddb-11f1-8849-28ad8d01000f,43,22,white,middlegame,Kd1,-821,-840,19,ok
d506b482-3dd9-11f1-a0f1-86ad2101000f,2,1,black,opening,e5,-28,-21,0,ok
d506b482-3dd9-11f1-a0f1-86ad2101000f,4,2,black,opening,Nf6,35,25,10,ok
d506b482-3dd9-11f1-a0f1-86ad2101000f,6,3,black,opening,Bb4,52,22,30,ok
d506b482-3dd9-11f1-a0f1-86ad2101000f,8,4,black,opening,O-O,18,17,1,ok
d506b482-3dd9-11f1-a0f1-86ad2101000f,10,5,black,opening,Bxc3,18,2,16,ok
d506b482-3dd9-11f1-a0f1-86ad2101000f,12,6,black,opening,c6,-5,-16,11,ok
d506b482-3dd9-11f1-a0f1-86ad2101000f,14,7,black,opening,b5,14,-12,26,ok
d506b482-3dd9-11f1-a0f1-86ad2101000f,16,8,black,opening,d5,-9,-12,3,ok
d506b482-3dd9-11f1-a0f1-86ad2101000f,18,9,black,opening,cxd5,8,11,0,ok
d506b482-3dd9-11f1-a0f1-86ad2101000f,20,10,black,opening,Nc6,9,10,0,ok
d506b482-3dd9-11f1-a0f1-86ad2101000f,22,11,black,middlegame,Ba6,85,-23,108,mistake
d506b482-3dd9-11f1-a0f1-86ad2101000f,24,12,black,middlegame,Nd4,-18,-16,0,ok
d506b482-3dd9-11f1-a0f1-86ad2101000f,26,13,black,middlegame,Nxb5,0,-4,4,ok
d506b482-3dd9-11f1-a0f1-86ad2101000f,28,14,black,middlegame,Bxb5,1,0,1,ok
d506b482-3dd9-11f1-a0f1-86ad2101000f,30,15,black,middlegame,e4,1,-68,69,inaccuracy
d506b482-3dd9-11f1-a0f1-86ad2101000f,32,16,black,middlegame,exd3,-25,-24,0,ok
d506b482-3dd9-11f1-a0f1-86ad2101000f,34,17,black,middlegame,Re8,-23,-41,18,ok
d506b482-3dd9-11f1-a0f1-86ad2101000f,36,18,black,middlegame,Rxe1+,3,-1,4,ok
d506b482-3dd9-11f1-a0f1-86ad2101000f,38,19,black,middlegame,Bxd3,10,3,7,ok
d506b482-3dd9-11f1-a0f1-86ad2101000f,40,20,black,middlegame,Be4,3,0,3,ok
d506b482-3dd9-11f1-a0f1-86ad2101000f,42,21,black,middlegame,Qb6+,5,7,0,ok
d506b482-3dd9-11f1-a0f1-86ad2101000f,44,22,black,middlegame,Qxb2,15,13,2,ok
d506b482-3dd9-11f1-a0f1-86ad2101000f,46,23,black,middlegame,Bf5,138,122,16,ok
d506b482-3dd9-11f1-a0f1-86ad2101000f,48,24,black,middlegame,h6,448,174,274,mistake
d506b482-3dd9-11f1-a0f1-86ad2101000f,50,25,black,middlegame,Re8,193,82,111,mistake
d506b482-3dd9-11f1-a0f1-86ad2101000f,52,26,black,middlegame,Bc2,95,-340,435,blunder
d506b482-3dd9-11f1-a0f1-86ad2101000f,54,27,black,middlegame,Nh5,99,-551,650,blunder
d506b482-3dd9-11f1-a0f1-86ad2101000f,56,28,black,middlegame,Nf4,-552,-597,45,ok
d506b482-3dd9-11f1-a0f1-86ad2101000f,58,29,black,middlegame,Re2,-616,-779,163,mistake
d506b482-3dd9-11f1-a0f1-86ad2101000f,60,30,black,middlegame,h5,-621,-816,195,mistake
d506b482-3dd9-11f1-a0f1-86ad2101000f,62,31,black,middlegame,Nd3,-665,-691,26,ok
d506b482-3dd9-11f1-a0f1-86ad2101000f,64,32,black,middlegame,g5,-687,-839,152,mistake
d506b482-3dd9-11f1-a0f1-86ad2101000f,66,33,black,middlegame,gxh4,-703,-815,112,mistake
d506b482-3dd9-11f1-a0f1-86ad2101000f,68,34,black,middlegame,Nf4,-769,-838,69,inaccuracy
d506b482-3dd9-11f1-a0f1-86ad2101000f,70,35,black,middlegame,Kg7,-929,-1036,107,mistake
d506b482-3dd9-11f1-a0f1-86ad2101000f,72,36,black,middlegame,Bg6,-1073,-1032,0,ok
d506b482-3dd9-11f1-a0f1-86ad2101000f,74,37,black,middlegame,f5,-1103,-99994,98891,blunder
d506b482-3dd9-11f1-a0f1-86ad2101000f,76,38,black,middlegame,Kh6,-99995,-99995,0,ok
d506b482-3dd9-11f1-a0f1-86ad2101000f,78,39,black,middlegame,Rxe7,-699,-699,0,ok
d506b482-3dd9-11f1-a0f1-86ad2101000f,80,40,black,endgame,h4,-694,-693,0,ok
d506b482-3dd9-11f1-a0f1-86ad2101000f,82,41,black,endgame,Kh5,-678,-718,40,ok
d506b482-3dd9-11f1-a0f1-86ad2101000f,84,42,black,endgame,Be8,-750,-99987,99237,blunder
d506b482-3dd9-11f1-a0f1-86ad2101000f,86,43,black,endgame,Bg6,-659,-99995,99336,blunder
d506b482-3dd9-11f1-a0f1-86ad2101000f,88,44,black,endgame,hxg3,-99996,-99996,0,ok
d506b482-3dd9-11f1-a0f1-86ad2101000f,90,45,black,endgame,Kh4,-99997,-99998,1,ok
d506b482-3dd9-11f1-a0f1-86ad2101000f,92,46,black,endgame,Bh5,-99999,-99999,0,ok
46b9551f-3d8d-11f1-8849-28ad8d01000f,1,1,white,opening,e4,36,20,16,ok
46b9551f-3d8d-11f1-8849-28ad8d01000f,3,2,white,opening,Nf3,23,34,0,ok
46b9551f-3d8d-11f1-8849-28ad8d01000f,5,3,white,opening,Nc3,129,129,0,ok
46b9551f-3d8d-11f1-8849-28ad8d01000f,7,4,white,opening,d4,200,223,0,ok
46b9551f-3d8d-11f1-8849-28ad8d01000f,9,5,white,opening,Bg5,222,225,0,ok
46b9551f-3d8d-11f1-8849-28ad8d01000f,11,6,white,opening,Nxd4,256,261,0,ok
46b9551f-3d8d-11f1-8849-28ad8d01000f,13,7,white,opening,Qd2,271,263,8,ok
46b9551f-3d8d-11f1-8849-28ad8d01000f,15,8,white,opening,Be3,299,238,61,inaccuracy
46b9551f-3d8d-11f1-8849-28ad8d01000f,17,9,white,opening,O-O-O,309,233,76,inaccuracy
46b9551f-3d8d-11f1-8849-28ad8d01000f,19,10,white,opening,Nf3,224,165,59,inaccuracy
46b9551f-3d8d-11f1-8849-28ad8d01000f,21,11,white,opening,Bxc5,223,215,8,ok
46b9551f-3d8d-11f1-8849-28ad8d01000f,23,12,white,middlegame,e5,228,215,13,ok
46b9551f-3d8d-11f1-8849-28ad8d01000f,25,13,white,middlegame,Nxd5,217,219,0,ok
46b9551f-3d8d-11f1-8849-28ad8d01000f,27,14,white,middlegame,Qxd5,222,228,0,ok
46b9551f-3d8d-11f1-8849-28ad8d01000f,29,15,white,middlegame,Bc4,240,186,54,inaccuracy
46b9551f-3d8d-11f1-8849-28ad8d01000f,31,16,white,middlegame,Rhe1,212,172,40,ok
46b9551f-3d8d-11f1-8849-28ad8d01000f,33,17,white,middlegame,Qe4,155,174,0,ok
46b9551f-3d8d-11f1-8849-28ad8d01000f,35,18,white,middlegame,Bxe6,257,187,70,inaccuracy
46b9551f-3d8d-11f1-8849-28ad8d01000f,37,19,white,middlegame,Kb1,176,151,25,ok
46b9551f-3d8d-11f1-8849-28ad8d01000f,39,20,white,middlegame,b3,227,231,0,ok
46b9551f-3d8d-11f1-8849-28ad8d01000f,41,21,white,middlegame,Rd6,371,320,51,inaccuracy
46b9551f-3d8d-11f1-8849-28ad8d01000f,43,22,white,middlegame,Red1,359,320,39,ok
46b9551f-3d8d-11f1-8849-28ad8d01000f,45,23,white,middlegame,Rd7,363,357,6,ok
46b9551f-3d8d-11f1-8849-28ad8d01000f,47,24,white,middlegame,R1d6,423,426,0,ok
46b9551f-3d8d-11f1-8849-28ad8d01000f,49,25,white,middlegame,Qxf5,441,453,0,ok
46b9551f-3d8d-11f1-8849-28ad8d01000f,51,26,white,endgame,Ng5,459,291,168,mistake
46b9551f-3d8d-11f1-8849-28ad8d01000f,53,27,white,endgame,e6,396,304,92,inaccuracy
46b9551f-3d8d-11f1-8849-28ad8d01000f,55,28,white,endgame,Rxe6,334,350,0,ok
46b9551f-3d8d-11f1-8849-28ad8d01000f,57,29,white,endgame,Nxh7,390,240,150,mistake
46b9551f-3d8d-11f1-8849-28ad8d01000f,59,30,white,endgame,axb3,252,268,0,ok
46b9551f-3d8d-11f1-8849-28ad8d01000f,61,31,white,endgame,Nf6+,269,265,4,ok
46b9551f-3d8d-11f1-8849-28ad8d01000f,63,32,white,endgame,Red6,287,1,286,mistake
46b9551f-3d8d-11f1-8849-28ad8d01000f,65,33,white,endgame,Rd8+,535,561,0,ok
46b9551f-3d8d-11f1-8849-28ad8d01000f,67,34,white,endgame,Rg8+,561,560,1,ok
46b9551f-3d8d-11f1-8849-28ad8d01000f,69,35,white,endgame,Ng4+,563,0,563,blunder
46b9551f-3d8d-11f1-8849-28ad8d01000f,71,36,white,endgame,Rdd8,0,-302,302,blunder
46b9551f-3d8d-11f1-8849-28ad8d01000f,73,37,white,endgame,Rh8+,0,0,0,ok
46b9551f-3d8d-11f1-8849-28ad8d01000f,75,38,white,endgame,Rd6+,0,-328,328,blunder
46b9551f-3d8d-11f1-8849-28ad8d01000f,77,39,white,endgame,Rhh6,-304,-411,107,mistake
46b9551f-3d8d-11f1-8849-28ad8d01000f,79,40,white,endgame,Rhg6+,-385,-429,44,ok
46b9551f-3d8d-11f1-8849-28ad8d01000f,81,41,white,endgame,Rd8+,-445,-454,9,ok
46b9551f-3d8d-11f1-8849-28ad8d01000f,83,42,white,endgame,Rdd6,-464,-785,321,blunder
46b9551f-3d8d-11f1-8849-28ad8d01000f,85,43,white,endgame,Rge6+,-433,-457,24,ok
46b9551f-3d8d-11f1-8849-28ad8d01000f,87,44,white,endgame,Rd8+,-454,-442,0,ok
46b9551f-3d8d-11f1-8849-28ad8d01000f,89,45,white,endgame,h4,-442,-675,233,mistake
46b9551f-3d8d-11f1-8849-28ad8d01000f,91,46,white,endgame,Kb2,-762,-740,0,ok
46b9551f-3d8d-11f1-8849-28ad8d01000f,93,47,white,endgame,Kc3,-774,-796,22,ok
46b9551f-3d8d-11f1-8849-28ad8d01000f,95,48,white,endgame,Kd4,-629,-652,23,ok
46b9551f-3d8d-11f1-8849-28ad8d01000f,97,49,white,endgame,Kc5,-665,-648,0,ok
46b9551f-3d8d-11f1-8849-28ad8d01000f,99,50,white,endgame,Kxb5,-639,-680,41,ok
46b9551f-3d8d-11f1-8849-28ad8d01000f,101,51,white,endgame,Kc6,-617,-649,32,ok
46b9551f-3d8d-11f1-8849-28ad8d01000f,103,52,white,endgame,Rxf6,-634,-642,8,ok
46b9551f-3d8d-11f1-8849-28ad8d01000f,105,53,white,endgame,Kc7,-665,-724,59,inaccuracy
46b9551f-3d8d-11f1-8849-28ad8d01000f,107,54,white,endgame,b4,-681,-1024,343,blunder
46b9551f-3d8d-11f1-8849-28ad8d01000f,109,55,white,endgame,Kb6,-99988,-1183,0,ok
46b9551f-3d8d-11f1-8849-28ad8d01000f,111,56,white,endgame,Kb5,-1072,-1023,0,ok
46b9551f-3d8d-11f1-8849-28ad8d01000f,113,57,white,endgame,Kc4,-734,-927,193,mistake
46b9551f-3d8d-11f1-8849-28ad8d01000f,115,58,white,endgame,Kb5,-877,-99991,99114,blunder
46b9551f-3d8d-11f1-8849-28ad8d01000f,117,59,white,endgame,Kc5,-99994,-99994,0,ok
46b9551f-3d8d-11f1-8849-28ad8d01000f,119,60,white,endgame,Kd6,-99996,-99996,0,ok
46b9551f-3d8d-11f1-8849-28ad8d01000f,121,61,white,middlegame,h5,-99997,-99997,0,ok
46b9551f-3d8d-11f1-8849-28ad8d01000f,123,62,white,middlegame,Kd7,-99997,-99998,1,ok
46b9551f-3d8d-11f1-8849-28ad8d01000f,125,63,white,middlegame,Kc6,-99996,-99997,1,ok
46b9551f-3d8d-11f1-8849-28ad8d01000f,127,64,white,middlegame,Kb7,-99997,-99997,0,ok
d4398dc0-3cfd-11f1-8849-28ad8d01000f,2,1,black,opening,e5,-33,-30,0,ok
d4398dc0-3cfd-11f1-8849-28ad8d01000f,4,2,black,opening,exf4,60,61,0,ok
d4398dc0-3cfd-11f1-8849-28ad8d01000f,6,3,black,opening,d5,75,38,37,ok
d4398dc0-3cfd-11f1-8849-28ad8d01000f,8,4,black,opening,Bg4,180,42,138,mistake
d4398dc0-3cfd-11f1-8849-28ad8d01000f,10,5,black,opening,Nc6,43,20,23,ok
d4398dc0-3cfd-11f1-8849-28ad8d01000f,12,6,black,opening,Bxf3,60,67,0,ok
d4398dc0-3cfd-11f1-8849-28ad8d01000f,14,7,black,opening,Qh4+,80,70,10,ok
d4398dc0-3cfd-11f1-8849-28ad8d01000f,16,8,black,opening,Qxd4,72,75,0,ok
d4398dc0-3cfd-11f1-8849-28ad8d01000f,18,9,black,opening,Qe3+,85,34,51,inaccuracy
d4398dc0-3cfd-11f1-8849-28ad8d01000f,20,10,black,opening,d4,158,-301,459,blunder
d4398dc0-3cfd-11f1-8849-28ad8d01000f,22,11,black,middlegame,Qxe5,270,287,0,ok
d4398dc0-3cfd-11f1-8849-28ad8d01000f,24,12,black,middlegame,Bb4+,290,300,0,ok
d4398dc0-3cfd-11f1-8849-28ad8d01000f,26,13,black,middlegame,O-O-O,312,304,8,ok
d4398dc0-3cfd-11f1-8849-28ad8d01000f,28,14,black,middlegame,Be7,316,290,26,ok
d4398dc0-3cfd-11f1-8849-28ad8d01000f,30,15,black,middlegame,Nf6,314,293,21,ok
d4398dc0-3cfd-11f1-8849-28ad8d01000f,32,16,black,middlegame,Qh5,270,277,0,ok
d4398dc0-3cfd-11f1-8849-28ad8d01000f,34,17,black,middlegame,Bxf6,273,300,0,ok
d4398dc0-3cfd-11f1-8849-28ad8d01000f,36,18,black,middlegame,Qh3+,295,295,0,ok
d4398dc0-3cfd-11f1-8849-28ad8d01000f,38,19,black,middlegame,Rhe8,300,296,4,ok
d4398dc0-3cfd-11f1-8849-28ad8d01000f,40,20,black,middlegame,Bh4,311,361,0,ok
d4398dc0-3cfd-11f1-8849-28ad8d01000f,42,21,black,middlegame,Bxg3+,604,300,304,blunder
d4398dc0-3cfd-11f1-8849-28ad8d01000f,44,22,black,middlegame,Qh6,296,304,0,ok
d4398dc0-3cfd-11f1-8849-28ad8d01000f,46,23,black,middlegame,Re3,285,271,14,ok
d4398dc0-3cfd-11f1-8849-28ad8d01000f,48,24,black,middlegame,Kb8,361,366,0,ok
d4398dc0-3cfd-11f1-8849-28ad8d01000f,50,25,black,middlegame,Qxh2+,412,407,5,ok
d4398dc0-3cfd-11f1-8849-28ad8d01000f,52,26,black,middlegame,Qh6,417,438,0,ok
d4398dc0-3cfd-11f1-8849-28ad8d01000f,54,27,black,middlegame,Rde8,429,406,23,ok
d4398dc0-3cfd-11f1-8849-28ad8d01000f,56,28,black,middlegame,Re2+,441,-325,766,blunder
d4398dc0-3cfd-11f1-8849-28ad8d01000f,58,29,black,middlegame,Na5,-345,-390,45,ok
d4398dc0-3cfd-11f1-8849-28ad8d01000f,60,30,black,middlegame,f5,-386,-415,29,ok
d4398dc0-3cfd-11f1-8849-28ad8d01000f,62,31,black,middlegame,Qh3,-369,-472,103,mistake
d4398dc0-3cfd-11f1-8849-28ad8d01000f,64,32,black,middlegame,Qh6,-454,-430,0,ok
d4398dc0-3cfd-11f1-8849-28ad8d01000f,66,33,black,middlegame,Re3,-400,-531,131,mistake
d4398dc0-3cfd-11f1-8849-28ad8d01000f,68,34,black,middlegame,Rxe1,-421,-435,14,ok
d4398dc0-3cfd-11f1-8849-28ad8d01000f,70,35,black,middlegame,Qe6+,-441,-502,61,inaccuracy
d4398dc0-3cfd-11f1-8849-28ad8d01000f,72,36,black,middlegame,Qd7,-511,-778,267,mistake
d4398dc0-3cfd-11f1-8849-28ad8d01000f,74,37,black,middlegame,Qd8,-773,-810,37,ok
d4398dc0-3cfd-11f1-8849-28ad8d01000f,76,38,black,middlegame,Qxe7,-587,-581,0,ok
d4398dc0-3cfd-11f1-8849-28ad8d01000f,78,39,black,endgame,a6,-576,-584,8,ok
d4398dc0-3cfd-11f1-8849-28ad8d01000f,80,40,black,endgame,axb5,-548,-604,56,inaccuracy
d4398dc0-3cfd-11f1-8849-28ad8d01000f,82,41,black,endgame,Nc4,-542,-566,24,ok
d4398dc0-3cfd-11f1-8849-28ad8d01000f,84,42,black,endgame,Ne3,-609,-763,154,mistake
d4398dc0-3cfd-11f1-8849-28ad8d01000f,86,43,black,endgame,dxe3,-791,-861,70,inaccuracy
d4398dc0-3cfd-11f1-8849-28ad8d01000f,88,44,black,endgame,Kc8,-932,-1182,250,mistake
d4398dc0-3cfd-11f1-8849-28ad8d01000f,90,45,black,endgame,Kd8,-99983,-99985,2,ok
d4398dc0-3cfd-11f1-8849-28ad8d01000f,92,46,black,endgame,Kd7,-99986,-99986,0,ok
d4398dc0-3cfd-11f1-8849-28ad8d01000f,94,47,black,endgame,e2,-830,-99995,99165,blunder
d4398dc0-3cfd-11f1-8849-28ad8d01000f,96,48,black,endgame,c6,-999,-99984,98985,blunder
d4398dc0-3cfd-11f1-8849-28ad8d01000f,98,49,black,endgame,Kc7,-99984,-99990,6,ok
d4398dc0-3cfd-11f1-8849-28ad8d01000f,100,50,black,endgame,Kb8,-99993,-99993,0,ok
d4398dc0-3cfd-11f1-8849-28ad8d01000f,102,51,black,endgame,Ka7,-99992,-99992,0,ok
d4398dc0-3cfd-11f1-8849-28ad8d01000f,104,52,black,endgame,b4,-99992,-99994,2,ok
d4398dc0-3cfd-11f1-8849-28ad8d01000f,106,53,black,endgame,c5,-99996,-99998,2,ok
d4398dc0-3cfd-11f1-8849-28ad8d01000f,108,54,black,endgame,b6,-99999,-99999,0,ok
d4398dc0-3cfd-11f1-8849-28ad8d01000f,110,55,black,endgame,Ka6,-99999,-99999,0,ok
d4398dc0-3cfd-11f1-8849-28ad8d01000f,112,56,black,endgame,Ka5,-99995,-99995,0,ok
d4398dc0-3cfd-11f1-8849-28ad8d01000f,114,57,black,endgame,Kb5,-99995,-99995,0,ok
d4398dc0-3cfd-11f1-8849-28ad8d01000f,116,58,black,endgame,Kc5,-99993,-99995,2,ok
d4398dc0-3cfd-11f1-8849-28ad8d01000f,118,59,black,endgame,b5,-99996,-99996,0,ok
d4398dc0-3cfd-11f1-8849-28ad8d01000f,120,60,black,middlegame,Kb4,-99997,-99997,0,ok
d4398dc0-3cfd-11f1-8849-28ad8d01000f,122,61,black,middlegame,Kc3,-99998,-99998,0,ok
d4398dc0-3cfd-11f1-8849-28ad8d01000f,124,62,black,middlegame,Kb2,-99997,-99997,0,ok
d4398dc0-3cfd-11f1-8849-28ad8d01000f,126,63,black,middlegame,Kc1,-99996,-99999,3,ok
d4398dc0-3cfd-11f1-8849-28ad8d01000f,128,64,black,middlegame,bxc4,-99999,-99999,0,ok
965cd50c-3cfb-11f1-a5ab-addcb201000f,1,1,white,opening,e4,31,35,0,ok
965cd50c-3cfb-11f1-a5ab-addcb201000f,3,2,white,opening,Nf3,36,34,2,ok
965cd50c-3cfb-11f1-a5ab-addcb201000f,5,3,white,opening,Nc3,67,36,31,ok
965cd50c-3cfb-11f1-a5ab-addcb201000f,7,4,white,opening,Bc4,52,38,14,ok
965cd50c-3cfb-11f1-a5ab-addcb201000f,9,5,white,opening,d4,62,60,2,ok
965cd50c-3cfb-11f1-a5ab-addcb201000f,11,6,white,opening,Nxd4,70,69,1,ok
965cd50c-3cfb-11f1-a5ab-addcb201000f,13,7,white,opening,Qf3,64,42,22,ok
965cd50c-3cfb-11f1-a5ab-addcb201000f,15,8,white,opening,Qf4,133,70,63,inaccuracy
965cd50c-3cfb-11f1-a5ab-addcb201000f,17,9,white,opening,Be3,74,39,35,ok
965cd50c-3cfb-11f1-a5ab-addcb201000f,19,10,white,opening,Bd5,165,-33,198,mistake
965cd50c-3cfb-11f1-a5ab-addcb201000f,21,11,white,opening,Bc4,34,-120,154,mistake
965cd50c-3cfb-11f1-a5ab-addcb201000f,23,12,white,middlegame,Nf5,158,-50,208,mistake
965cd50c-3cfb-11f1-a5ab-addcb201000f,25,13,white,middlegame,Qxf5,-62,-59,0,ok
965cd50c-3cfb-11f1-a5ab-addcb201000f,27,14,white,middlegame,Bd3,-55,-60,5,ok
965cd50c-3cfb-11f1-a5ab-addcb201000f,29,15,white,middlegame,Ne2,-59,-58,0,ok
965cd50c-3cfb-11f1-a5ab-addcb201000f,31,16,white,middlegame,Bf4,-23,-336,313,blunder
965cd50c-3cfb-11f1-a5ab-addcb201000f,33,17,white,middlegame,e5,-350,-458,108,mistake
965cd50c-3cfb-11f1-a5ab-addcb201000f,35,18,white,middlegame,Bxe5,-336,-326,0,ok
965cd50c-3cfb-11f1-a5ab-addcb201000f,37,19,white,middlegame,Be4,-332,-352,20,ok
965cd50c-3cfb-11f1-a5ab-addcb201000f,39,20,white,middlegame,Qxe4,-352,-348,0,ok
965cd50c-3cfb-11f1-a5ab-addcb201000f,41,21,white,middlegame,O-O,-271,-338,67,inaccuracy
965cd50c-3cfb-11f1-a5ab-addcb201000f,43,22,white,middlegame,Ng3,-263,-280,17,ok
965cd50c-3cfb-11f1-a5ab-addcb201000f,45,23,white,middlegame,Nf5,-275,-281,6,ok
965cd50c-3cfb-11f1-a5ab-addcb201000f,47,24,white,middlegame,a3,-217,-275,58,inaccuracy
965cd50c-3cfb-11f1-a5ab-addcb201000f,49,25,white,middlegame,bxa3,-89,-196,107,mistake
965cd50c-3cfb-11f1-a5ab-addcb201000f,51,26,white,middlegame,Qxc4,-75,-71,0,ok
965cd50c-3cfb-11f1-a5ab-addcb201000f,53,27,white,middlegame,Qxc8+,515,521,0,ok
965cd50c-3cfb-11f1-a5ab-addcb201000f,55,28,white,middlegame,Rab1,544,560,0,ok
965cd50c-3cfb-11f1-a5ab-addcb201000f,57,29,white,middlegame,Qf8,569,481,88,inaccuracy
965cd50c-3cfb-11f1-a5ab-addcb201000f,59,30,white,middlegame,Ne7+,561,514,47,ok
965cd50c-3cfb-11f1-a5ab-addcb201000f,61,31,white,middlegame,Qxe7,521,512,9,ok
965cd50c-3cfb-11f1-a5ab-addcb201000f,63,32,white,middlegame,h4,715,530,185,mistake
965cd50c-3cfb-11f1-a5ab-addcb201000f,65,33,white,middlegame,Qxa7,615,513,102,mistake
965cd50c-3cfb-11f1-a5ab-addcb201000f,67,34,white,middlegame,a4,752,530,222,mistake
965cd50c-3cfb-11f1-a5ab-addcb201000f,69,35,white,middlegame,a5,530,515,15,ok
965cd50c-3cfb-11f1-a5ab-addcb201000f,71,36,white,middlegame,Qb6+,797,526,271,mistake
965cd50c-3cfb-11f1-a5ab-addcb201000f,73,37,white,middlegame,a6,588,557,31,ok
965cd50c-3cfb-11f1-a5ab-addcb201000f,75,38,white,middlegame,a7,616,521,95,inaccuracy
965cd50c-3cfb-11f1-a5ab-addcb201000f,77,39,white,middlegame,Ra1,655,667,0,ok
965cd50c-3cfb-11f1-a5ab-addcb201000f,79,40,white,middlegame,Rxa1,747,760,0,ok
965cd50c-3cfb-11f1-a5ab-addcb201000f,81,41,white,middlegame,Qb8,772,780,0,ok
965cd50c-3cfb-11f1-a5ab-addcb201000f,83,42,white,middlegame,Kxg2,99993,99994,0,ok
215ac33d-3cfb-11f1-a0f1-86ad2101000f,2,1,black,opening,d5,-34,-36,2,ok
215ac33d-3cfb-11f1-a0f1-86ad2101000f,4,2,black,opening,Nc6,-37,-65,28,ok
215ac33d-3cfb-11f1-a0f1-86ad2101000f,6,3,black,opening,Nf6,-48,-52,4,ok
215ac33d-3cfb-11f1-a0f1-86ad2101000f,8,4,black,opening,Bg4,-49,-46,0,ok
215ac33d-3cfb-11f1-a0f1-86ad2101000f,10,5,black,opening,e6,-41,-40,0,ok
215ac33d-3cfb-11f1-a0f1-86ad2101000f,12,6,black,opening,Bf5,-32,-31,0,ok
215ac33d-3cfb-11f1-a0f1-86ad2101000f,14,7,black,opening,Bd6,-5,-4,0,ok
215ac33d-3cfb-11f1-a0f1-86ad2101000f,16,8,black,opening,Bxe5,33,19,14,ok
215ac33d-3cfb-11f1-a0f1-86ad2101000f,18,9,black,opening,Ne4,13,-44,57,inaccuracy
215ac33d-3cfb-11f1-a0f1-86ad2101000f,20,10,black,opening,Bxe4,-43,-41,0,ok
215ac33d-3cfb-11f1-a0f1-86ad2101000f,22,11,black,middlegame,Qh4,-36,-56,20,ok
215ac33d-3cfb-11f1-a0f1-86ad2101000f,24,12,black,middlegame,Qg5,-57,-60,3,ok
215ac33d-3cfb-11f1-a0f1-86ad2101000f,26,13,black,middlegame,Bxd3,3,-65,68,inaccuracy
215ac33d-3cfb-11f1-a0f1-86ad2101000f,28,14,black,middlegame,Nxe5,-59,-80,21,ok
215ac33d-3cfb-11f1-a0f1-86ad2101000f,30,15,black,middlegame,O-O-O,-80,-256,176,mistake
215ac33d-3cfb-11f1-a0f1-86ad2101000f,32,16,black,middlegame,Ng6,-43,-99999,99956,blunder
198c26c1-3cd2-11f1-911e-d1608c01000f,1,1,white,opening,e4,38,30,8,ok
198c26c1-3cd2-11f1-911e-d1608c01000f,3,2,white,opening,exd5,71,72,0,ok
198c26c1-3cd2-11f1-911e-d1608c01000f,5,3,white,opening,Nc3,73,78,0,ok
198c26c1-3cd2-11f1-911e-d1608c01000f,7,4,white,opening,d4,74,79,0,ok
198c26c1-3cd2-11f1-911e-d1608c01000f,9,5,white,opening,Bd2,75,72,3,ok
198c26c1-3cd2-11f1-911e-d1608c01000f,11,6,white,opening,Nf3,94,84,10,ok
198c26c1-3cd2-11f1-911e-d1608c01000f,13,7,white,opening,Be2,122,59,63,inaccuracy
198c26c1-3cd2-11f1-911e-d1608c01000f,15,8,white,opening,Bxf3,85,91,0,ok
198c26c1-3cd2-11f1-911e-d1608c01000f,17,9,white,opening,Be3,109,-42,151,mistake
198c26c1-3cd2-11f1-911e-d1608c01000f,19,10,white,opening,Rb1,43,-15,58,inaccuracy
198c26c1-3cd2-11f1-911e-d1608c01000f,21,11,white,opening,Bg5,-12,-69,57,inaccuracy
198c26c1-3cd2-11f1-911e-d1608c01000f,23,12,white,middlegame,Bg4,-67,-469,402,blunder
198c26c1-3cd2-11f1-911e-d1608c01000f,25,13,white,middlegame,Bxf6,-146,-178,32,ok
198c26c1-3cd2-11f1-911e-d1608c01000f,27,14,white,middlegame,h3,-185,-239,54,inaccuracy
198c26c1-3cd2-11f1-911e-d1608c01000f,29,15,white,middlegame,O-O,-189,-245,56,inaccuracy
198c26c1-3cd2-11f1-911e-d1608c01000f,31,16,white,middlegame,hxg4,-244,-245,1,ok
198c26c1-3cd2-11f1-911e-d1608c01000f,33,17,white,middlegame,Qf3,-249,-244,0,ok
198c26c1-3cd2-11f1-911e-d1608c01000f,35,18,white,middlegame,gxh5,-239,-242,3,ok
198c26c1-3cd2-11f1-911e-d1608c01000f,37,19,white,middlegame,g4,-239,-427,188,mistake
198c26c1-3cd2-11f1-911e-d1608c01000f,39,20,white,middlegame,Rbd1,-28,-153,125,mistake
198c26c1-3cd2-11f1-911e-d1608c01000f,41,21,white,middlegame,Rxd8+,-9,-3,0,ok
198c26c1-3cd2-11f1-911e-d1608c01000f,43,22,white,middlegame,Ne4,-7,0,0,ok
198c26c1-3cd2-11f1-911e-d1608c01000f,45,23,white,middlegame,Nd6+,-2,-7,5,ok
198c26c1-3cd2-11f1-911e-d1608c01000f,47,24,white,middlegame,Nxf7,0,-252,252,mistake
198c26c1-3cd2-11f1-911e-d1608c01000f,49,25,white,middlegame,Nxd8,0,0,0,ok
198c26c1-3cd2-11f1-911e-d1608c01000f,51,26,white,middlegame,Qh3,0,-299,299,mistake
198c26c1-3cd2-11f1-911e-d1608c01000f,53,27,white,middlegame,Kh2,-284,-436,152,mistake
198c26c1-3cd2-11f1-911e-d1608c01000f,55,28,white,middlegame,f4,153,145,8,ok
198c26c1-3cd2-11f1-911e-d1608c01000f,57,29,white,middlegame,Rxf4,658,-135,793,blunder
198c26c1-3cd2-11f1-911e-d1608c01000f,59,30,white,middlegame,Qg3,-148,-268,120,mistake
198c26c1-3cd2-11f1-911e-d1608c01000f,61,31,white,middlegame,Qg2,-290,-312,22,ok
198c26c1-3cd2-11f1-911e-d1608c01000f,63,32,white,middlegame,a4,-317,-427,110,mistake
198c26c1-3cd2-11f1-911e-d1608c01000f,65,33,white,middlegame,Qh3,-424,-469,45,ok
198c26c1-3cd2-11f1-911e-d1608c01000f,67,34,white,middlegame,Qxe6+,-294,-299,5,ok
198c26c1-3cd2-11f1-911e-d1608c01000f,69,35,white,middlegame,Qe8+,0,0,0,ok
198c26c1-3cd2-11f1-911e-d1608c01000f,71,36,white,middlegame,Qh5+,0,0,0,ok
198c26c1-3cd2-11f1-911e-d1608c01000f,73,37,white,middlegame,Qe8+,0,0,0,ok
198c26c1-3cd2-11f1-911e-d1608c01000f,75,38,white,middlegame,Qh5+,0,0,0,ok
198c26c1-3cd2-11f1-911e-d1608c01000f,77,39,white,middlegame,Qe8+,0,0,0,ok
c3a1c9c0-3cd0-11f1-936c-2e0a7901000f,1,1,white,opening,e4,37,27,10,ok
c3a1c9c0-3cd0-11f1-936c-2e0a7901000f,3,2,white,opening,d4,33,38,0,ok
c3a1c9c0-3cd0-11f1-936c-2e0a7901000f,5,3,white,opening,Nc3,39,26,13,ok
c3a1c9c0-3cd0-11f1-936c-2e0a7901000f,7,4,white,opening,Nxe4,24,21,3,ok
c3a1c9c0-3cd0-11f1-936c-2e0a7901000f,9,5,white,opening,Ng5,32,-27,59,inaccuracy
c3a1c9c0-3cd0-11f1-936c-2e0a7901000f,11,6,white,opening,Be2,-15,-52,37,ok
c3a1c9c0-3cd0-11f1-936c-2e0a7901000f,13,7,white,opening,Bf4,-57,-158,101,mistake
c3a1c9c0-3cd0-11f1-936c-2e0a7901000f,15,8,white,opening,Bf3,-115,-213,98,inaccuracy
c3a1c9c0-3cd0-11f1-936c-2e0a7901000f,17,9,white,opening,Qd2,-125,-210,85,inaccuracy
c3a1c9c0-3cd0-11f1-936c-2e0a7901000f,19,10,white,opening,Qxb4,275,279,0,ok
c3a1c9c0-3cd0-11f1-936c-2e0a7901000f,21,11,white,opening,Qxb7,318,262,56,inaccuracy
c3a1c9c0-3cd0-11f1-936c-2e0a7901000f,23,12,white,middlegame,Rc1,341,301,40,ok
c3a1c9c0-3cd0-11f1-936c-2e0a7901000f,25,13,white,middlegame,Ne2,546,367,179,mistake
c3a1c9c0-3cd0-11f1-936c-2e0a7901000f,27,14,white,middlegame,Nxf3,405,413,0,ok
c3a1c9c0-3cd0-11f1-936c-2e0a7901000f,29,15,white,middlegame,Nc3,439,438,1,ok
c3a1c9c0-3cd0-11f1-936c-2e0a7901000f,31,16,white,middlegame,Qxc6,461,412,49,ok
c3a1c9c0-3cd0-11f1-936c-2e0a7901000f,33,17,white,middlegame,Qd6,414,140,274,mistake
c3a1c9c0-3cd0-11f1-936c-2e0a7901000f,35,18,white,middlegame,Qe5,422,411,11,ok
c3a1c9c0-3cd0-11f1-936c-2e0a7901000f,37,19,white,middlegame,Qe2,474,479,0,ok
c3a1c9c0-3cd0-11f1-936c-2e0a7901000f,39,20,white,middlegame,O-O,625,456,169,mistake
c3a1c9c0-3cd0-11f1-936c-2e0a7901000f,41,21,white,middlegame,bxc3,451,468,0,ok
c3a1c9c0-3cd0-11f1-936c-2e0a7901000f,43,22,white,middlegame,Ng5,473,351,122,mistake
c3a1c9c0-3cd0-11f1-936c-2e0a7901000f,45,23,white,middlegame,Nxe6,484,493,0,ok
c3a1c9c0-3cd0-11f1-936c-2e0a7901000f,47,24,white,middlegame,Qxe6+,658,680,0,ok
7ad5ba83-3ccf-11f1-8849-28ad8d01000f,2,1,black,opening,e5,-34,-34,0,ok
7ad5ba83-3ccf-11f1-8849-28ad8d01000f,4,2,black,opening,Nf6,7,-5,12,ok
7ad5ba83-3ccf-11f1-8849-28ad8d01000f,6,3,black,opening,Nc6,10,-19,29,ok
7ad5ba83-3ccf-11f1-8849-28ad8d01000f,8,4,black,opening,Bc5,-15,-20,5,ok
7ad5ba83-3ccf-11f1-8849-28ad8d01000f,10,5,black,opening,O-O,59,56,3,ok
7ad5ba83-3ccf-11f1-8849-28ad8d01000f,12,6,black,opening,Rxf7,210,211,0,ok
7ad5ba83-3ccf-11f1-8849-28ad8d01000f,14,7,black,opening,Kxf7,209,206,3,ok
7ad5ba83-3ccf-11f1-8849-28ad8d01000f,16,8,black,opening,d5,251,246,5,ok
7ad5ba83-3ccf-11f1-8849-28ad8d01000f,18,9,black,opening,Qxd5,252,185,67,inaccuracy
7ad5ba83-3ccf-11f1-8849-28ad8d01000f,20,10,black,opening,Qd4,290,229,61,inaccuracy
7ad5ba83-3ccf-11f1-8849-28ad8d01000f,22,11,black,middlegame,Bg4,223,224,0,ok
7ad5ba83-3ccf-11f1-8849-28ad8d01000f,24,12,black,middlegame,Bb4,364,284,80,inaccuracy
7ad5ba83-3ccf-11f1-8849-28ad8d01000f,26,13,black,middlegame,Qxd3,347,343,4,ok
7ad5ba83-3ccf-11f1-8849-28ad8d01000f,28,14,black,middlegame,Qxc4,422,398,24,ok
7ad5ba83-3ccf-11f1-8849-28ad8d01000f,30,15,black,middlegame,Ne4,440,68,372,blunder
7ad5ba83-3ccf-11f1-8849-28ad8d01000f,32,16,black,middlegame,Qxd5,69,104,0,ok
7ad5ba83-3ccf-11f1-8849-28ad8d01000f,34,17,black,endgame,Bd6,101,52,49,ok
7ad5ba83-3ccf-11f1-8849-28ad8d01000f,36,18,black,endgame,Bh5,458,414,44,ok
7ad5ba83-3ccf-11f1-8849-28ad8d01000f,38,19,black,endgame,Bg6,409,416,0,ok
7ad5ba83-3ccf-11f1-8849-28ad8d01000f,40,20,black,endgame,exf4,412,248,164,mistake
7ad5ba83-3ccf-11f1-8849-28ad8d01000f,42,21,black,endgame,Bc5+,257,208,49,ok
7ad5ba83-3ccf-11f1-8849-28ad8d01000f,44,22,black,endgame,Nd4,240,36,204,mistake
a9ccfee7-3cbf-11f1-8a27-80708d01000f,1,1,white,opening,e4,36,37,0,ok
a9ccfee7-3cbf-11f1-8a27-80708d01000f,3,2,white,opening,Nf3,36,35,1,ok
a9ccfee7-3cbf-11f1-8a27-80708d01000f,5,3,white,opening,Nc3,62,42,20,ok
a9ccfee7-3cbf-11f1-8a27-80708d01000f,7,4,white,opening,Be2,93,32,61,inaccuracy
a9ccfee7-3cbf-11f1-8a27-80708d01000f,9,5,white,opening,d4,80,73,7,ok
a9ccfee7-3cbf-11f1-8a27-80708d01000f,11,6,white,opening,Nxd4,132,138,0,ok
a9ccfee7-3cbf-11f1-8a27-80708d01000f,13,7,white,opening,Qxe2,132,140,0,ok
a9ccfee7-3cbf-11f1-8a27-80708d01000f,15,8,white,opening,Nxc6,147,128,19,ok
a9ccfee7-3cbf-11f1-8a27-80708d01000f,17,9,white,opening,Bg5,137,66,71,inaccuracy
a9ccfee7-3cbf-11f1-8a27-80708d01000f,19,10,white,opening,O-O-O,73,76,0,ok
a9ccfee7-3cbf-11f1-8a27-80708d01000f,21,11,white,opening,e5,77,15,62,inaccuracy
a9ccfee7-3cbf-11f1-8a27-80708d01000f,23,12,white,middlegame,exf6,388,404,0,ok
a9ccfee7-3cbf-11f1-8a27-80708d01000f,25,13,white,middlegame,Bxf6,420,439,0,ok
a9ccfee7-3cbf-11f1-8a27-80708d01000f,27,14,white,middlegame,Rhe1,414,404,10,ok
a9ccfee7-3cbf-11f1-8a27-80708d01000f,29,15,white,middlegame,Kb1,410,366,44,ok
a9ccfee7-3cbf-11f1-8a27-80708d01000f,31,16,white,middlegame,h4,357,362,0,ok
a9ccfee7-3cbf-11f1-8a27-80708d01000f,33,17,white,middlegame,Rh1,371,353,18,ok
a9ccfee7-3cbf-11f1-8a27-80708d01000f,35,18,white,middlegame,h5,374,382,0,ok
a9ccfee7-3cbf-11f1-8a27-80708d01000f,37,19,white,middlegame,h6,460,451,9,ok
a9ccfee7-3cbf-11f1-8a27-80708d01000f,39,20,white,middlegame,Qe5,548,476,72,inaccuracy
a9ccfee7-3cbf-11f1-8a27-80708d01000f,41,21,white,middlegame,Qe6+,479,478,1,ok
a9ccfee7-3cbf-11f1-8a27-80708d01000f,43,22,white,middlegame,f4,494,446,48,ok
a9ccfee7-3cbf-11f1-8a27-80708d01000f,45,23,white,middlegame,b3,454,457,0,ok
a9ccfee7-3cbf-11f1-8a27-80708d01000f,47,24,white,middlegame,Na4,472,454,18,ok
a9ccfee7-3cbf-11f1-8a27-80708d01000f,49,25,white,middlegame,Rd4,444,476,0,ok
a9ccfee7-3cbf-11f1-8a27-80708d01000f,51,26,white,middlegame,Nc5,477,394,83,inaccuracy
a9ccfee7-3cbf-11f1-8a27-80708d01000f,53,27,white,middlegame,Qxc6,560,562,0,ok
a9ccfee7-3cbf-11f1-8a27-80708d01000f,55,28,white,middlegame,Re1,646,651,0,ok
a9ccfee7-3cbf-11f1-8a27-80708d01000f,57,29,white,middlegame,Re8+,1034,1044,0,ok
a9ccfee7-3cbf-11f1-8a27-80708d01000f,59,30,white,middlegame,Qxe8+,1074,99976,0,ok
a9ccfee7-3cbf-11f1-8a27-80708d01000f,61,31,white,middlegame,Qe6+,99978,99979,0,ok
a9ccfee7-3cbf-11f1-8a27-80708d01000f,63,32,white,middlegame,Nd7,99979,719,99260,blunder
a9ccfee7-3cbf-11f1-8a27-80708d01000f,65,33,white,middlegame,Nxf6+,757,749,8,ok
a9ccfee7-3cbf-11f1-8a27-80708d01000f,67,34,white,middlegame,Nxe4,764,770,0,ok
a9ccfee7-3cbf-11f1-8a27-80708d01000f,69,35,white,middlegame,Qxe4,773,721,52,inaccuracy
a9ccfee7-3cbf-11f1-8a27-80708d01000f,71,36,white,middlegame,Qa8+,748,757,0,ok
a9ccfee7-3cbf-11f1-8a27-80708d01000f,73,37,white,middlegame,Qd5+,760,766,0,ok
a9ccfee7-3cbf-11f1-8a27-80708d01000f,75,38,white,middlegame,Qg5+,772,743,29,ok
a9ccfee7-3cbf-11f1-8a27-80708d01000f,77,39,white,middlegame,Qxa5,775,768,7,ok
a9ccfee7-3cbf-11f1-8a27-80708d01000f,79,40,white,middlegame,Kb2,998,796,202,mistake
a9ccfee7-3cbf-11f1-8a27-80708d01000f,81,41,white,middlegame,Qxc7+,849,919,0,ok
a9ccfee7-3cbf-11f1-8a27-80708d01000f,83,42,white,middlegame,Qc3+,992,1008,0,ok
a9ccfee7-3cbf-11f1-8a27-80708d01000f,85,43,white,middlegame,Qd3+,1020,6604,0,ok
a9ccfee7-3cbf-11f1-8a27-80708d01000f,87,44,white,middlegame,Qxf1,6402,1274,5128,blunder
a9ccfee7-3cbf-11f1-8a27-80708d01000f,89,45,white,endgame,a4,99990,1208,98782,blunder
a9ccfee7-3cbf-11f1-8a27-80708d01000f,91,46,white,endgame,a5,99989,1018,98971,blunder
a9ccfee7-3cbf-11f1-8a27-80708d01000f,93,47,white,endgame,a6,1269,99988,0,ok
a9ccfee7-3cbf-11f1-8a27-80708d01000f,95,48,white,endgame,a7,99988,99994,0,ok
a9ccfee7-3cbf-11f1-8a27-80708d01000f,97,49,white,endgame,a8=Q,99995,99997,0,ok
a9ccfee7-3cbf-11f1-8a27-80708d01000f,99,50,white,middlegame,b4,99998,99996,2,ok
a9ccfee7-3cbf-11f1-8a27-80708d01000f,101,51,white,middlegame,b5,99996,99996,0,ok
a9ccfee7-3cbf-11f1-8a27-80708d01000f,103,52,white,middlegame,b6,99996,99996,0,ok
a9ccfee7-3cbf-11f1-8a27-80708d01000f,105,53,white,middlegame,b7,99998,99996,2,ok
a9ccfee7-3cbf-11f1-8a27-80708d01000f,107,54,white,middlegame,b8=Q,99998,99999,0,ok
a9ccfee7-3cbf-11f1-8a27-80708d01000f,109,55,white,middlegame,Qbxf4#,99999,100000,0,ok
5597080b-3cbe-11f1-911e-d1608c01000f,2,1,black,opening,e5,17,7,10,ok
5597080b-3cbe-11f1-911e-d1608c01000f,4,2,black,opening,Nf6,19,12,7,ok
5597080b-3cbe-11f1-911e-d1608c01000f,6,3,black,opening,Nc6,15,6,9,ok
5597080b-3cbe-11f1-911e-d1608c01000f,8,4,black,opening,d5,30,43,0,ok
5597080b-3cbe-11f1-911e-d1608c01000f,10,5,black,opening,dxe4,35,1,34,ok
5597080b-3cbe-11f1-911e-d1608c01000f,12,6,black,opening,Bg4,5,-46,51,inaccuracy
5597080b-3cbe-11f1-911e-d1608c01000f,14,7,black,opening,Bxf3,8,-25,33,ok
5597080b-3cbe-11f1-911e-d1608c01000f,16,8,black,opening,Nd4,-20,-21,1,ok
5597080b-3cbe-11f1-911e-d1608c01000f,18,9,black,opening,Be7,-15,-15,0,ok
5597080b-3cbe-11f1-911e-d1608c01000f,20,10,black,opening,Qd6,-22,-62,40,ok
5597080b-3cbe-11f1-911e-d1608c01000f,22,11,black,middlegame,O-O-O,-25,-38,13,ok
5597080b-3cbe-11f1-911e-d1608c01000f,24,12,black,middlegame,Nxb5,424,425,0,ok
5597080b-3cbe-11f1-911e-d1608c01000f,26,13,black,middlegame,Rxd6,418,-27,445,blunder
5597080b-3cbe-11f1-911e-d1608c01000f,28,14,black,endgame,Rxd1+,-27,-32,5,ok
5597080b-3cbe-11f1-911e-d1608c01000f,30,15,black,endgame,h6,-30,-42,12,ok
5597080b-3cbe-11f1-911e-d1608c01000f,32,16,black,endgame,Bxf6,3,0,3,ok
5597080b-3cbe-11f1-911e-d1608c01000f,34,17,black,endgame,c6,353,128,225,mistake
5597080b-3cbe-11f1-911e-d1608c01000f,36,18,black,endgame,bxc6,109,103,6,ok
5597080b-3cbe-11f1-911e-d1608c01000f,38,19,black,endgame,a5,194,166,28,ok
5597080b-3cbe-11f1-911e-d1608c01000f,40,20,black,endgame,Bg5+,173,209,0,ok
5597080b-3cbe-11f1-911e-d1608c01000f,42,21,black,endgame,Rd8,217,228,0,ok
5597080b-3cbe-11f1-911e-d1608c01000f,44,22,black,endgame,Rd1+,272,272,0,ok
5597080b-3cbe-11f1-911e-d1608c01000f,46,23,black,endgame,Rd2+,282,268,14,ok
5597080b-3cbe-11f1-911e-d1608c01000f,48,24,black,endgame,Rxg2,283,268,15,ok
5597080b-3cbe-11f1-911e-d1608c01000f,50,25,black,endgame,Rg3,300,180,120,mistake
5597080b-3cbe-11f1-911e-d1608c01000f,52,26,black,endgame,Kb7,223,144,79,inaccuracy
5597080b-3cbe-11f1-911e-d1608c01000f,54,27,black,endgame,Bf4,305,311,0,ok
5597080b-3cbe-11f1-911e-d1608c01000f,56,28,black,endgame,Kb6,368,380,0,ok
5597080b-3cbe-11f1-911e-d1608c01000f,58,29,black,endgame,Rxh3,387,355,32,ok
5597080b-3cbe-11f1-911e-d1608c01000f,60,30,black,endgame,Rxf3,397,406,0,ok
5597080b-3cbe-11f1-911e-d1608c01000f,62,31,black,endgame,Kc7,433,410,23,ok
5597080b-3cbe-11f1-911e-d1608c01000f,64,32,black,endgame,h5,423,420,3,ok
5597080b-3cbe-11f1-911e-d1608c01000f,66,33,black,endgame,h4,519,488,31,ok
5597080b-3cbe-11f1-911e-d1608c01000f,68,34,black,endgame,h3,525,529,0,ok
5597080b-3cbe-11f1-911e-d1608c01000f,70,35,black,endgame,h2,571,579,0,ok
5597080b-3cbe-11f1-911e-d1608c01000f,72,36,black,endgame,Rf1,591,604,0,ok
5597080b-3cbe-11f1-911e-d1608c01000f,74,37,black,endgame,h1=Q,639,681,0,ok
5597080b-3cbe-11f1-911e-d1608c01000f,76,38,black,endgame,Rxh1,665,676,0,ok
5597080b-3cbe-11f1-911e-d1608c01000f,78,39,black,endgame,Ra1+,684,687,0,ok
01a2c389-3b37-11f1-b35e-ec76d501000f,1,1,white,opening,e4,36,36,0,ok
01a2c389-3b37-11f1-b35e-ec76d501000f,3,2,white,opening,exd5,69,70,0,ok
01a2c389-3b37-11f1-b35e-ec76d501000f,5,3,white,opening,Nc3,68,72,0,ok
01a2c389-3b37-11f1-b35e-ec76d501000f,7,4,white,opening,Nf3,66,74,0,ok
01a2c389-3b37-11f1-b35e-ec76d501000f,9,5,white,opening,d4,153,116,37,ok
01a2c389-3b37-11f1-b35e-ec76d501000f,11,6,white,opening,Bd2,110,109,1,ok
01a2c389-3b37-11f1-b35e-ec76d501000f,13,7,white,opening,dxe5,299,303,0,ok
01a2c389-3b37-11f1-b35e-ec76d501000f,15,8,white,opening,Qe2,360,144,216,mistake
01a2c389-3b37-11f1-b35e-ec76d501000f,17,9,white,opening,a3,144,119,25,ok
01a2c389-3b37-11f1-b35e-ec76d501000f,19,10,white,opening,Qe4,213,-33,246,mistake
01a2c389-3b37-11f1-b35e-ec76d501000f,21,11,white,opening,Qxf3,114,116,0,ok
01a2c389-3b37-11f1-b35e-ec76d501000f,23,12,white,middlegame,Bc4,176,87,89,inaccuracy
01a2c389-3b37-11f1-b35e-ec76d501000f,25,13,white,middlegame,Be6+,76,-150,226,mistake
01a2c389-3b37-11f1-b35e-ec76d501000f,27,14,white,middlegame,Bd5,-162,-496,334,blunder
01a2c389-3b37-11f1-b35e-ec76d501000f,29,15,white,middlegame,Qd3,-461,-486,25,ok
01a2c389-3b37-11f1-b35e-ec76d501000f,31,16,white,middlegame,Nxd5,-481,-693,212,mistake
01a2c389-3b37-11f1-b35e-ec76d501000f,33,17,white,middlegame,Qxd2,-714,-779,65,inaccuracy
01a2c389-3b37-11f1-b35e-ec76d501000f,35,18,white,middlegame,Kxd2,-493,-485,0,ok
01a2c389-3b37-11f1-b35e-ec76d501000f,37,19,white,endgame,Kc3,-487,-572,85,inaccuracy
01a2c389-3b37-11f1-b35e-ec76d501000f,39,20,white,endgame,Rad1,-514,-518,4,ok
01a2c389-3b37-11f1-b35e-ec76d501000f,41,21,white,endgame,f3,-534,-561,27,ok
01a2c389-3b37-11f1-b35e-ec76d501000f,43,22,white,endgame,Kc4,-486,-506,20,ok
01a2c389-3b37-11f1-b35e-ec76d501000f,45,23,white,endgame,Rxd1,-471,-476,5,ok
01a2c389-3b37-11f1-b35e-ec76d501000f,47,24,white,endgame,b4,-463,-501,38,ok
01a2c389-3b37-11f1-b35e-ec76d501000f,49,25,white,endgame,g3,-491,-510,19,ok
01a2c389-3b37-11f1-b35e-ec76d501000f,51,26,white,endgame,Re1,-502,-606,104,mistake
01a2c389-3b37-11f1-b35e-ec76d501000f,53,27,white,endgame,f4,-484,-462,0,ok
01a2c389-3b37-11f1-b35e-ec76d501000f,55,28,white,endgame,Kc5,-480,-586,106,mistake
01a2c389-3b37-11f1-b35e-ec76d501000f,57,29,white,endgame,Kc4,-489,-486,0,ok
01a2c389-3b37-11f1-b35e-ec76d501000f,59,30,white,endgame,Kb3,-476,-508,32,ok
01a2c389-3b37-11f1-b35e-ec76d501000f,61,31,white,endgame,c4,-490,-478,0,ok
01a2c389-3b37-11f1-b35e-ec76d501000f,63,32,white,endgame,cxb5,-486,-519,33,ok
01a2c389-3b37-11f1-b35e-ec76d501000f,65,33,white,endgame,a4,-523,-541,18,ok
01a2c389-3b37-11f1-b35e-ec76d501000f,67,34,white,endgame,a5+,-497,-526,29,ok
01a2c389-3b37-11f1-b35e-ec76d501000f,69,35,white,endgame,Kc3,-512,-535,23,ok
01a2c389-3b37-11f1-b35e-ec76d501000f,71,36,white,endgame,Kd4,-549,-561,12,ok
01a2c389-3b37-11f1-b35e-ec76d501000f,73,37,white,endgame,Kc5,-458,-493,35,ok
01a2c389-3b37-11f1-b35e-ec76d501000f,75,38,white,endgame,Ra1,-491,-99996,99505,blunder
01a2c389-3b37-11f1-b35e-ec76d501000f,77,39,white,endgame,a6+,-450,-489,39,ok
01a2c389-3b37-11f1-b35e-ec76d501000f,79,40,white,endgame,f5,-505,-529,24,ok
01a2c389-3b37-11f1-b35e-ec76d501000f,81,41,white,endgame,Kd4,-519,-511,0,ok
01a2c389-3b37-11f1-b35e-ec76d501000f,83,42,white,endgame,Ke3,-487,-524,37,ok
01a2c389-3b37-11f1-b35e-ec76d501000f,85,43,white,endgame,Kxe4,-398,-394,0,ok
01a2c389-3b37-11f1-b35e-ec76d501000f,87,44,white,endgame,Kf4,-370,-444,74,inaccuracy
01a2c389-3b37-11f1-b35e-ec76d501000f,89,45,white,endgame,g4,-398,-448,50,inaccuracy
01a2c389-3b37-11f1-b35e-ec76d501000f,91,46,white,endgame,Kf3,-445,-434,0,ok
01a2c389-3b37-11f1-b35e-ec76d501000f,93,47,white,endgame,h4,-424,-475,51,inaccuracy
01a2c389-3b37-11f1-b35e-ec76d501000f,95,48,white,endgame,g5,-470,-569,99,inaccuracy
01a2c389-3b37-11f1-b35e-ec76d501000f,97,49,white,endgame,gxh6,-554,-578,24,ok
01a2c389-3b37-11f1-b35e-ec76d501000f,99,50,white,endgame,h5,-569,-589,20,ok
01a2c389-3b37-11f1-b35e-ec76d501000f,101,51,white,endgame,Rd1,-501,-602,101,mistake
01a2c389-3b37-11f1-b35e-ec76d501000f,103,52,white,endgame,Ra1+,-584,-594,10,ok
01a2c389-3b37-11f1-b35e-ec76d501000f,105,53,white,endgame,Kf4,-581,-610,29,ok
01a2c389-3b37-11f1-b35e-ec76d501000f,107,54,white,endgame,Ke5,-681,-753,72,inaccuracy
01a2c389-3b37-11f1-b35e-ec76d501000f,109,55,white,endgame,Kf6,-835,-862,27,ok
01a2c389-3b37-11f1-b35e-ec76d501000f,111,56,white,endgame,Kg7,-728,-819,91,inaccuracy
01a2c389-3b37-11f1-b35e-ec76d501000f,113,57,white,endgame,Kxh6,-843,-979,136,mistake
01a2c389-3b37-11f1-b35e-ec76d501000f,115,58,white,endgame,Rc1,-962,-1126,164,mistake
01a2c389-3b37-11f1-b35e-ec76d501000f,117,59,white,endgame,Kg6,-704,-819,115,mistake
01a2c389-3b37-11f1-b35e-ec76d501000f,119,60,white,endgame,Kxh5,-871,-1158,287,mistake
01a2c389-3b37-11f1-b35e-ec76d501000f,121,61,white,endgame,Kg5,-1208,-1312,104,mistake
01a2c389-3b37-11f1-b35e-ec76d501000f,123,62,white,endgame,Kf5,-1388,-99992,98604,blunder
01a2c389-3b37-11f1-b35e-ec76d501000f,125,63,white,endgame,Re1,-99993,-99993,0,ok
01a2c389-3b37-11f1-b35e-ec76d501000f,127,64,white,middlegame,Re6+,-99994,-99994,0,ok
01a2c389-3b37-11f1-b35e-ec76d501000f,129,65,white,middlegame,Kf6,-99995,-99995,0,ok
01a2c389-3b37-11f1-b35e-ec76d501000f,131,66,white,middlegame,Rxc6+,-99996,-99997,1,ok
01a2c389-3b37-11f1-b35e-ec76d501000f,133,67,white,middlegame,Kg7,-99998,-99998,0,ok
01a2c389-3b37-11f1-b35e-ec76d501000f,135,68,white,middlegame,Kf7,-99998,-99998,0,ok
01a2c389-3b37-11f1-b35e-ec76d501000f,137,69,white,middlegame,Ke7,-99999,-99999,0,ok
01a2c389-3b37-11f1-b35e-ec76d501000f,139,70,white,middlegame,Kf8,-99999,-99999,0,ok
01a2c389-3b37-11f1-b35e-ec76d501000f,141,71,white,middlegame,Kg8,-99999,-99999,0,ok
151fb5e1-3ab4-11f1-936c-2e0a7901000f,1,1,white,opening,e4,39,31,8,ok
151fb5e1-3ab4-11f1-936c-2e0a7901000f,3,2,white,opening,Nf3,35,36,0,ok
151fb5e1-3ab4-11f1-936c-2e0a7901000f,5,3,white,opening,Nc3,69,38,31,ok
151fb5e1-3ab4-11f1-936c-2e0a7901000f,7,4,white,opening,Bc4,53,42,11,ok
151fb5e1-3ab4-11f1-936c-2e0a7901000f,9,5,white,opening,Bxe6,46,59,0,ok
151fb5e1-3ab4-11f1-936c-2e0a7901000f,11,6,white,opening,O-O,52,-6,58,inaccuracy
151fb5e1-3ab4-11f1-936c-2e0a7901000f,13,7,white,opening,d4,35,35,0,ok
151fb5e1-3ab4-11f1-936c-2e0a7901000f,15,8,white,opening,d5,173,189,0,ok
151fb5e1-3ab4-11f1-936c-2e0a7901000f,17,9,white,opening,exd5,165,176,0,ok
151fb5e1-3ab4-11f1-936c-2e0a7901000f,19,10,white,opening,Qe2,171,5,166,mistake
151fb5e1-3ab4-11f1-936c-2e0a7901000f,21,11,white,opening,Nxd5,7,14,0,ok
151fb5e1-3ab4-11f1-936c-2e0a7901000f,23,12,white,middlegame,Qb5+,10,2,8,ok
151fb5e1-3ab4-11f1-936c-2e0a7901000f,25,13,white,middlegame,Qxb7,3,-4,7,ok
151fb5e1-3ab4-11f1-936c-2e0a7901000f,27,14,white,middlegame,Qxc6,94,93,1,ok
151fb5e1-3ab4-11f1-936c-2e0a7901000f,29,15,white,middlegame,Bxf4,190,207,0,ok
151fb5e1-3ab4-11f1-936c-2e0a7901000f,31,16,white,middlegame,Qd5+,286,277,9,ok
151fb5e1-3ab4-11f1-936c-2e0a7901000f,33,17,white,middlegame,Rfe1,271,265,6,ok
151fb5e1-3ab4-11f1-936c-2e0a7901000f,35,18,white,middlegame,Re4,340,271,69,inaccuracy
151fb5e1-3ab4-11f1-936c-2e0a7901000f,37,19,white,middlegame,c4,400,282,118,mistake
151fb5e1-3ab4-11f1-936c-2e0a7901000f,39,20,white,middlegame,Rb1,308,203,105,mistake
151fb5e1-3ab4-11f1-936c-2e0a7901000f,41,21,white,middlegame,Qxe4,199,205,0,ok
151fb5e1-3ab4-11f1-936c-2e0a7901000f,43,22,white,middlegame,b3,300,313,0,ok
151fb5e1-3ab4-11f1-936c-2e0a7901000f,45,23,white,middlegame,Nxe5,387,331,56,inaccuracy
151fb5e1-3ab4-11f1-936c-2e0a7901000f,47,24,white,middlegame,Qxe5,353,397,0,ok
151fb5e1-3ab4-11f1-936c-2e0a7901000f,49,25,white,middlegame,Re1,436,476,0,ok
151fb5e1-3ab4-11f1-936c-2e0a7901000f,51,26,white,middlegame,Qxf4,463,392,71,inaccuracy
151fb5e1-3ab4-11f1-936c-2e0a7901000f,53,27,white,middlegame,h3,425,421,4,ok
151fb5e1-3ab4-11f1-936c-2e0a7901000f,55,28,white,middlegame,Qc7,431,432,0,ok
151fb5e1-3ab4-11f1-936c-2e0a7901000f,57,29,white,middlegame,Qxa5,527,539,0,ok
151fb5e1-3ab4-11f1-936c-2e0a7901000f,59,30,white,middlegame,Rf1,576,482,94,inaccuracy
151fb5e1-3ab4-11f1-936c-2e0a7901000f,61,31,white,middlegame,Rxd1,566,568,0,ok
151fb5e1-3ab4-11f1-936c-2e0a7901000f,63,32,white,middlegame,Kh2,575,580,0,ok
151fb5e1-3ab4-11f1-936c-2e0a7901000f,65,33,white,middlegame,g3,598,601,0,ok
151fb5e1-3ab4-11f1-936c-2e0a7901000f,67,34,white,middlegame,Qd2,638,572,66,inaccuracy
151fb5e1-3ab4-11f1-936c-2e0a7901000f,69,35,white,middlegame,c5,617,593,24,ok
151fb5e1-3ab4-11f1-936c-2e0a7901000f,71,36,white,middlegame,c6,612,527,85,inaccuracy
151fb5e1-3ab4-11f1-936c-2e0a7901000f,73,37,white,middlegame,Qf4+,520,513,7,ok
151fb5e1-3ab4-11f1-936c-2e0a7901000f,75,38,white,middlegame,a4,519,507,12,ok
151fb5e1-3ab4-11f1-936c-2e0a7901000f,77,39,white,middlegame,Qe3+,514,518,0,ok
151fb5e1-3ab4-11f1-936c-2e0a7901000f,79,40,white,middlegame,a5,514,522,0,ok
151fb5e1-3ab4-11f1-936c-2e0a7901000f,81,41,white,middlegame,b4,618,543,75,inaccuracy
151fb5e1-3ab4-11f1-936c-2e0a7901000f,83,42,white,middlegame,Qb6,601,543,58,inaccuracy
151fb5e1-3ab4-11f1-936c-2e0a7901000f,85,43,white,middlegame,a6,637,638,0,ok
151fb5e1-3ab4-11f1-936c-2e0a7901000f,87,44,white,middlegame,Qb7+,809,1003,0,ok
151fb5e1-3ab4-11f1-936c-2e0a7901000f,89,45,white,middlegame,Qb6+,1080,686,394,blunder
151fb5e1-3ab4-11f1-936c-2e0a7901000f,91,46,white,middlegame,a7,1192,1311,0,ok
151fb5e1-3ab4-11f1-936c-2e0a7901000f,93,47,white,middlegame,Qc6+,1213,1296,0,ok
151fb5e1-3ab4-11f1-936c-2e0a7901000f,95,48,white,middlegame,a8=Q+,1265,1312,0,ok
151fb5e1-3ab4-11f1-936c-2e0a7901000f,97,49,white,middlegame,Qab7+,99999,99999,0,ok
151fb5e1-3ab4-11f1-936c-2e0a7901000f,99,50,white,middlegame,Qcc8#,99999,100000,0,ok
27eae9f3-3a99-11f1-8a79-430c5f01000f,2,1,black,opening,e5,-33,-42,9,ok
27eae9f3-3a99-11f1-8a79-430c5f01000f,4,2,black,opening,Nc6,-36,-34,0,ok
27eae9f3-3a99-11f1-8a79-430c5f01000f,6,3,black,opening,Nf6,-30,-30,0,ok
27eae9f3-3a99-11f1-8a79-430c5f01000f,8,4,black,opening,d5,-27,-50,23,ok
27eae9f3-3a99-11f1-8a79-430c5f01000f,10,5,black,opening,Nxd5,-56,-62,6,ok
27eae9f3-3a99-11f1-8a79-430c5f01000f,12,6,black,opening,f6,28,32,0,ok
27eae9f3-3a99-11f1-8a79-430c5f01000f,14,7,black,opening,Bg4,88,79,9,ok
27eae9f3-3a99-11f1-8a79-430c5f01000f,16,8,black,opening,Bh5,76,73,3,ok
27eae9f3-3a99-11f1-8a79-430c5f01000f,18,9,black,opening,Bg6,162,115,47,ok
27eae9f3-3a99-11f1-8a79-430c5f01000f,20,10,black,opening,h5,117,108,9,ok
27eae9f3-3a99-11f1-8a79-430c5f01000f,22,11,black,middlegame,Bf7,108,103,5,ok
27eae9f3-3a99-11f1-8a79-430c5f01000f,24,12,black,middlegame,Be6,212,177,35,ok
27eae9f3-3a99-11f1-8a79-430c5f01000f,26,13,black,middlegame,Bxf5,239,-70,309,blunder
27eae9f3-3a99-11f1-8a79-430c5f01000f,28,14,black,middlegame,Nd4,0,-157,157,mistake
27eae9f3-3a99-11f1-8a79-430c5f01000f,30,15,black,middlegame,Kd7,-179,-202,23,ok
27eae9f3-3a99-11f1-8a79-430c5f01000f,32,16,black,middlegame,Nf3+,43,24,19,ok
27eae9f3-3a99-11f1-8a79-430c5f01000f,34,17,black,middlegame,Nxd2,11,-257,268,mistake
27eae9f3-3a99-11f1-8a79-430c5f01000f,36,18,black,middlegame,c6,80,37,43,ok
27eae9f3-3a99-11f1-8a79-430c5f01000f,38,19,black,middlegame,Qa5+,225,234,0,ok
27eae9f3-3a99-11f1-8a79-430c5f01000f,40,20,black,middlegame,Nxc3,305,95,210,mistake
27eae9f3-3a99-11f1-8a79-430c5f01000f,42,21,black,middlegame,Kc7,139,136,3,ok
27eae9f3-3a99-11f1-8a79-430c5f01000f,44,22,black,middlegame,Qxa3,123,136,0,ok
27eae9f3-3a99-11f1-8a79-430c5f01000f,46,23,black,middlegame,Rd8,147,139,8,ok
27eae9f3-3a99-11f1-8a79-430c5f01000f,48,24,black,middlegame,Rd6,261,-719,980,blunder
27eae9f3-3a99-11f1-8a79-430c5f01000f,50,25,black,middlegame,Rd7,-821,-959,138,mistake
27eae9f3-3a99-11f1-8a79-430c5f01000f,52,26,black,middlegame,Kxb7,-1025,-99987,98962,blunder
27eae9f3-3a99-11f1-8a79-430c5f01000f,54,27,black,middlegame,Kb6,-99988,-99988,0,ok
27eae9f3-3a99-11f1-8a79-430c5f01000f,56,28,black,middlegame,Ka5,-99989,-99999,10,ok
27eae9f3-3a99-11f1-8a79-430c5f01000f,58,29,black,middlegame,Ka4,-99999,-99999,0,ok
f9bd2b0b-3a98-11f1-a0f1-86ad2101000f,2,1,black,opening,d5,-35,-39,4,ok
f9bd2b0b-3a98-11f1-a0f1-86ad2101000f,4,2,black,opening,Nf6,-24,-27,3,ok
f9bd2b0b-3a98-11f1-a0f1-86ad2101000f,6,3,black,opening,Nc6,-29,-43,14,ok
f9bd2b0b-3a98-11f1-a0f1-86ad2101000f,8,4,black,opening,e5,0,0,0,ok
f9bd2b0b-3a98-11f1-a0f1-86ad2101000f,10,5,black,opening,e4,13,-90,103,mistake
f9bd2b0b-3a98-11f1-a0f1-86ad2101000f,12,6,black,opening,dxe4,-83,-136,53,inaccuracy
f9bd2b0b-3a98-11f1-a0f1-86ad2101000f,14,7,black,opening,Nxd8,-141,-142,1,ok
f9bd2b0b-3a98-11f1-a0f1-86ad2101000f,16,8,black,opening,Bf5,-143,-149,6,ok
f9bd2b0b-3a98-11f1-a0f1-86ad2101000f,18,9,black,opening,h6,-149,-163,14,ok
f9bd2b0b-3a98-11f1-a0f1-86ad2101000f,20,10,black,opening,Nxe4,-170,-170,0,ok
f9bd2b0b-3a98-11f1-a0f1-86ad2101000f,22,11,black,endgame,Nc6,-162,-164,2,ok
f9bd2b0b-3a98-11f1-a0f1-86ad2101000f,24,12,black,endgame,Bd6,-95,-317,222,mistake
f9bd2b0b-3a98-11f1-a0f1-86ad2101000f,26,13,black,endgame,cxd6,-282,-618,336,blunder
f9bd2b0b-3a98-11f1-a0f1-86ad2101000f,28,14,black,endgame,Ke7,-612,-611,0,ok
eb59329d-3a97-11f1-8849-28ad8d01000f,1,1,white,opening,e4,37,31,6,ok
eb59329d-3a97-11f1-8849-28ad8d01000f,3,2,white,opening,Nf3,56,32,24,ok
eb59329d-3a97-11f1-8849-28ad8d01000f,5,3,white,opening,Nc3,86,82,4,ok
eb59329d-3a97-11f1-8849-28ad8d01000f,7,4,white,opening,d4,119,121,0,ok
eb59329d-3a97-11f1-8849-28ad8d01000f,9,5,white,opening,d5,124,96,28,ok
eb59329d-3a97-11f1-8849-28ad8d01000f,11,6,white,opening,exd5,185,174,11,ok
eb59329d-3a97-11f1-8849-28ad8d01000f,13,7,white,opening,Bg5,196,165,31,ok
eb59329d-3a97-11f1-8849-28ad8d01000f,15,8,white,opening,Qe2,145,103,42,ok
eb59329d-3a97-11f1-8849-28ad8d01000f,17,9,white,opening,Nd4,111,84,27,ok
eb59329d-3a97-11f1-8849-28ad8d01000f,19,10,white,opening,Bxe7,77,45,32,ok
eb59329d-3a97-11f1-8849-28ad8d01000f,21,11,white,opening,Nc6,33,-125,158,mistake
eb59329d-3a97-11f1-8849-28ad8d01000f,23,12,white,middlegame,dxc6,-128,-128,0,ok
eb59329d-3a97-11f1-8849-28ad8d01000f,25,13,white,middlegame,O-O-O,-131,-132,1,ok
eb59329d-3a97-11f1-8849-28ad8d01000f,27,14,white,middlegame,Qe4,-128,-154,26,ok
eb59329d-3a97-11f1-8849-28ad8d01000f,29,15,white,middlegame,Bd3,-155,-168,13,ok
eb59329d-3a97-11f1-8849-28ad8d01000f,31,16,white,middlegame,h4,-72,-74,2,ok
eb59329d-3a97-11f1-8849-28ad8d01000f,33,17,white,middlegame,h5,-65,-103,38,ok
eb59329d-3a97-11f1-8849-28ad8d01000f,35,18,white,middlegame,Nd5,-116,-194,78,inaccuracy
eb59329d-3a97-11f1-8849-28ad8d01000f,37,19,white,middlegame,Rxd3,-88,-74,0,ok
eb59329d-3a97-11f1-8849-28ad8d01000f,39,20,white,middlegame,f4,-35,-27,0,ok
eb59329d-3a97-11f1-8849-28ad8d01000f,41,21,white,middlegame,Ne7+,507,557,0,ok
eb59329d-3a97-11f1-8849-28ad8d01000f,43,22,white,middlegame,Nxf5+,709,735,0,ok
eb59329d-3a97-11f1-8849-28ad8d01000f,45,23,white,middlegame,Qxf5,754,744,10,ok
eb59329d-3a97-11f1-8849-28ad8d01000f,47,24,white,middlegame,Qg4+,99997,781,99216,blunder
eb59329d-3a97-11f1-8849-28ad8d01000f,49,25,white,middlegame,Qxg2,99991,852,99139,blunder
eb59329d-3a97-11f1-8849-28ad8d01000f,51,26,white,middlegame,Qe2,805,774,31,ok
eb59329d-3a97-11f1-8849-28ad8d01000f,53,27,white,middlegame,Re3,861,857,4,ok
eb59329d-3a97-11f1-8849-28ad8d01000f,55,28,white,middlegame,Qd3+,885,1009,0,ok
eb59329d-3a97-11f1-8849-28ad8d01000f,57,29,white,middlegame,Qd4+,1160,1368,0,ok
eb59329d-3a97-11f1-8849-28ad8d01000f,59,30,white,middlegame,Rg3,99995,99996,0,ok
eb59329d-3a97-11f1-8849-28ad8d01000f,61,31,white,middlegame,Rhg1,99996,99997,0,ok
eb59329d-3a97-11f1-8849-28ad8d01000f,63,32,white,middlegame,Rxg7+,99997,99998,0,ok
eb59329d-3a97-11f1-8849-28ad8d01000f,65,33,white,middlegame,Qxg7#,99999,100000,0,ok
940de589-3a96-11f1-b479-55d19e01000f,1,1,white,opening,e4,35,37,0,ok
940de589-3a96-11f1-b479-55d19e01000f,3,2,white,opening,d4,39,37,2,ok
940de589-3a96-11f1-b479-55d19e01000f,5,3,white,opening,exd5,34,28,6,ok
940de589-3a96-11f1-b479-55d19e01000f,7,4,white,opening,Nc3,34,-6,40,ok
940de589-3a96-11f1-b479-55d19e01000f,9,5,white,opening,Bf4,10,-15,25,ok
940de589-3a96-11f1-b479-55d19e01000f,11,6,white,opening,Bb5+,127,-44,171,mistake
940de589-3a96-11f1-b479-55d19e01000f,13,7,white,opening,Qf3,-32,-112,80,inaccuracy
940de589-3a96-11f1-b479-55d19e01000f,15,8,white,opening,Bxc6+,-77,-82,5,ok
940de589-3a96-11f1-b479-55d19e01000f,17,9,white,opening,O-O-O,-78,-82,4,ok
940de589-3a96-11f1-b479-55d19e01000f,19,10,white,opening,Bg5,-83,-127,44,ok
940de589-3a96-11f1-b479-55d19e01000f,21,11,white,opening,g4,-138,-355,217,mistake
940de589-3a96-11f1-b479-55d19e01000f,23,12,white,middlegame,Nxe4,-107,-97,0,ok
940de589-3a96-11f1-b479-55d19e01000f,25,13,white,middlegame,Bxe7,-97,-90,0,ok
940de589-3a96-11f1-b479-55d19e01000f,27,14,white,middlegame,Ne2,-96,-113,17,ok
940de589-3a96-11f1-b479-55d19e01000f,29,15,white,middlegame,Kb1,-31,-225,194,mistake
940de589-3a96-11f1-b479-55d19e01000f,31,16,white,middlegame,Rxd2,-235,-196,0,ok
940de589-3a96-11f1-b479-55d19e01000f,33,17,white,middlegame,Rc1,-198,-292,94,inaccuracy
940de589-3a96-11f1-b479-55d19e01000f,35,18,white,middlegame,Nf4,-297,-354,57,inaccuracy
940de589-3a96-11f1-b479-55d19e01000f,37,19,white,middlegame,Nh5,-378,-399,21,ok
940de589-3a96-11f1-b479-55d19e01000f,39,20,white,middlegame,b3,-408,-418,10,ok
940de589-3a96-11f1-b479-55d19e01000f,41,21,white,middlegame,g5,-395,-436,41,ok
940de589-3a96-11f1-b479-55d19e01000f,43,22,white,middlegame,Nf6+,-101,-107,6,ok
940de589-3a96-11f1-b479-55d19e01000f,45,23,white,middlegame,Qh3,-30,-214,184,mistake
940de589-3a96-11f1-b479-55d19e01000f,47,24,white,middlegame,gxh6,-217,-529,312,blunder
940de589-3a96-11f1-b479-55d19e01000f,49,25,white,middlegame,h7,-531,-595,64,inaccuracy
940de589-3a96-11f1-b479-55d19e01000f,51,26,white,middlegame,Qh6,-572,-674,102,mistake
940de589-3a96-11f1-b479-55d19e01000f,53,27,white,middlegame,Qxf8+,-284,-290,6,ok
940de589-3a96-11f1-b479-55d19e01000f,55,28,white,middlegame,Rg1,-311,-371,60,inaccuracy
940de589-3a96-11f1-b479-55d19e01000f,57,29,white,middlegame,Qxa3,-120,-127,7,ok
940de589-3a96-11f1-b479-55d19e01000f,59,30,white,middlegame,Rc1,-110,-123,13,ok
940de589-3a96-11f1-b479-55d19e01000f,61,31,white,middlegame,Qf8,28,38,0,ok
940de589-3a96-11f1-b479-55d19e01000f,63,32,white,middlegame,Rh1+,99998,99999,0,ok
8d6b8d65-3a95-11f1-a3db-5b0df601000f,2,1,black,opening,e5,-38,-31,0,ok
8d6b8d65-3a95-11f1-a3db-5b0df601000f,4,2,black,opening,Nc6,-35,-32,0,ok
8d6b8d65-3a95-11f1-a3db-5b0df601000f,6,3,black,opening,Nf6,-14,-11,0,ok
8d6b8d65-3a95-11f1-a3db-5b0df601000f,8,4,black,opening,d5,39,38,1,ok
8d6b8d65-3a95-11f1-a3db-5b0df601000f,10,5,black,opening,Nxd5,50,40,10,ok
8d6b8d65-3a95-11f1-a3db-5b0df601000f,12,6,black,opening,f6,95,92,3,ok
8d6b8d65-3a95-11f1-a3db-5b0df601000f,14,7,black,opening,Nxc3,88,62,26,ok
8d6b8d65-3a95-11f1-a3db-5b0df601000f,16,8,black,opening,Bg4,54,-8,62,inaccuracy
8d6b8d65-3a95-11f1-a3db-5b0df601000f,18,9,black,opening,Qd5,24,-31,55,inaccuracy
8d6b8d65-3a95-11f1-a3db-5b0df601000f,20,10,black,opening,Bxf3,-4,-134,130,mistake
8d6b8d65-3a95-11f1-a3db-5b0df601000f,22,11,black,middlegame,Qa5,-141,-181,40,ok
8d6b8d65-3a95-11f1-a3db-5b0df601000f,24,12,black,middlegame,Qxc3,-170,-244,74,inaccuracy
8d6b8d65-3a95-11f1-a3db-5b0df601000f,26,13,black,middlegame,Qc5,-172,-174,2,ok
8d6b8d65-3a95-11f1-a3db-5b0df601000f,28,14,black,middlegame,Nd4,-159,-153,0,ok
8d6b8d65-3a95-11f1-a3db-5b0df601000f,30,15,black,middlegame,Bd6,136,37,99,inaccuracy
8d6b8d65-3a95-11f1-a3db-5b0df601000f,32,16,black,middlegame,O-O,73,78,0,ok
8d6b8d65-3a95-11f1-a3db-5b0df601000f,34,17,black,middlegame,a5,97,32,65,inaccuracy
8d6b8d65-3a95-11f1-a3db-5b0df601000f,36,18,black,middlegame,Kh8,29,19,10,ok
8d6b8d65-3a95-11f1-a3db-5b0df601000f,38,19,black,middlegame,a4,33,-327,360,blunder
8d6b8d65-3a95-11f1-a3db-5b0df601000f,40,20,black,middlegame,Qxd4,-50,-316,266,mistake
8d6b8d65-3a95-11f1-a3db-5b0df601000f,42,21,black,middlegame,g6,-361,-538,177,mistake
8d6b8d65-3a95-11f1-a3db-5b0df601000f,44,22,black,middlegame,h6,-544,-99998,99454,blunder
8d6b8d65-3a95-11f1-a3db-5b0df601000f,46,23,black,middlegame,Kg8,-99999,-99999,0,ok
a905a9db-3a93-11f1-b479-55d19e01000f,2,1,black,opening,e5,-36,-37,1,ok
a905a9db-3a93-11f1-b479-55d19e01000f,4,2,black,opening,Nc6,-38,-36,0,ok
a905a9db-3a93-11f1-b479-55d19e01000f,6,3,black,opening,Nf6,-28,-33,5,ok
a905a9db-3a93-11f1-b479-55d19e01000f,8,4,black,opening,d6,6,-122,128,mistake
a905a9db-3a93-11f1-b479-55d19e01000f,10,5,black,opening,exd4,-37,-46,9,ok
a905a9db-3a93-11f1-b479-55d19e01000f,12,6,black,opening,Nxd4,-51,-90,39,ok
a905a9db-3a93-11f1-b479-55d19e01000f,14,7,black,opening,Qe7,-84,-182,98,inaccuracy
a905a9db-3a93-11f1-b479-55d19e01000f,16,8,black,opening,Qe5,-105,-133,28,ok
a905a9db-3a93-11f1-b479-55d19e01000f,18,9,black,opening,Ng4,-121,-143,22,ok
a905a9db-3a93-11f1-b479-55d19e01000f,20,10,black,opening,Kxf7,195,191,4,ok
a905a9db-3a93-11f1-b479-55d19e01000f,22,11,black,middlegame,Nf6,279,252,27,ok
a905a9db-3a93-11f1-b479-55d19e01000f,24,12,black,middlegame,Kg8,381,-146,527,blunder
a905a9db-3a93-11f1-b479-55d19e01000f,26,13,black,middlegame,Be6,274,251,23,ok
a905a9db-3a93-11f1-b479-55d19e01000f,28,14,black,middlegame,Bxd5,252,257,0,ok
a905a9db-3a93-11f1-b479-55d19e01000f,30,15,black,middlegame,Qxd5,257,230,27,ok
a905a9db-3a93-11f1-b479-55d19e01000f,32,16,black,middlegame,Re8,227,105,122,mistake
a905a9db-3a93-11f1-b479-55d19e01000f,34,17,black,middlegame,Ng4,228,120,108,mistake
a905a9db-3a93-11f1-b479-55d19e01000f,36,18,black,middlegame,Qe5,195,208,0,ok
a905a9db-3a93-11f1-b479-55d19e01000f,38,19,black,middlegame,Qh5,493,353,140,mistake
a905a9db-3a93-11f1-b479-55d19e01000f,40,20,black,middlegame,Qxh2+,452,451,1,ok
a905a9db-3a93-11f1-b479-55d19e01000f,42,21,black,middlegame,Qh1+,460,445,15,ok
a905a9db-3a93-11f1-b479-55d19e01000f,44,22,black,middlegame,Nh2+,437,445,0,ok
a905a9db-3a93-11f1-b479-55d19e01000f,46,23,black,middlegame,Nxf3,450,450,0,ok
a905a9db-3a93-11f1-b479-55d19e01000f,48,24,black,middlegame,Re2+,484,149,335,blunder
a905a9db-3a93-11f1-b479-55d19e01000f,50,25,black,middlegame,Qxg2+,168,86,82,inaccuracy
a905a9db-3a93-11f1-b479-55d19e01000f,52,26,black,middlegame,Nd4+,641,699,0,ok
a905a9db-3a93-11f1-b479-55d19e01000f,54,27,black,middlegame,Qxb7,684,705,0,ok
ce4a5485-3a92-11f1-936c-2e0a7901000f,2,1,black,opening,e5,-32,-31,0,ok
ce4a5485-3a92-11f1-936c-2e0a7901000f,4,2,black,opening,Nc6,-27,-34,7,ok
ce4a5485-3a92-11f1-936c-2e0a7901000f,6,3,black,opening,Nf6,7,14,0,ok
ce4a5485-3a92-11f1-936c-2e0a7901000f,8,4,black,opening,d5,14,10,4,ok
ce4a5485-3a92-11f1-936c-2e0a7901000f,10,5,black,opening,Nxd5,17,14,3,ok
ce4a5485-3a92-11f1-936c-2e0a7901000f,12,6,black,opening,Qxd5,89,96,0,ok
ce4a5485-3a92-11f1-936c-2e0a7901000f,14,7,black,opening,Bg4,95,65,30,ok
ce4a5485-3a92-11f1-936c-2e0a7901000f,16,8,black,opening,O-O-O,55,60,0,ok
ce4a5485-3a92-11f1-936c-2e0a7901000f,18,9,black,opening,Bxf3,61,-44,105,mistake
ce4a5485-3a92-11f1-936c-2e0a7901000f,20,10,black,opening,Qe6,-43,-55,12,ok
ce4a5485-3a92-11f1-936c-2e0a7901000f,22,11,black,middlegame,Nd4,-10,-80,70,inaccuracy
ce4a5485-3a92-11f1-936c-2e0a7901000f,24,12,black,middlegame,f5,14,11,3,ok
ce4a5485-3a92-11f1-936c-2e0a7901000f,26,13,black,middlegame,Bc5,11,-47,58,inaccuracy
ce4a5485-3a92-11f1-936c-2e0a7901000f,28,14,black,middlegame,Nb3,-23,2,0,ok
ce4a5485-3a92-11f1-936c-2e0a7901000f,30,15,black,middlegame,Nxc5,97,104,0,ok
ce4a5485-3a92-11f1-936c-2e0a7901000f,32,16,black,middlegame,Nxd3,346,344,2,ok
ce4a5485-3a92-11f1-936c-2e0a7901000f,34,17,black,middlegame,Nxe1,381,392,0,ok
ce4a5485-3a92-11f1-936c-2e0a7901000f,36,18,black,middlegame,Nxc2,507,497,10,ok
ce4a5485-3a92-11f1-936c-2e0a7901000f,38,19,black,endgame,Kb8,505,503,2,ok
5a51eabe-3a92-11f1-8849-28ad8d01000f,1,1,white,opening,e4,34,38,0,ok
5a51eabe-3a92-11f1-8849-28ad8d01000f,3,2,white,opening,Nf3,35,35,0,ok
5a51eabe-3a92-11f1-8849-28ad8d01000f,5,3,white,opening,Nc3,60,35,25,ok
5a51eabe-3a92-11f1-8849-28ad8d01000f,7,4,white,opening,d4,73,73,0,ok
5a51eabe-3a92-11f1-8849-28ad8d01000f,9,5,white,opening,Nxd4,89,75,14,ok
5a51eabe-3a92-11f1-8849-28ad8d01000f,11,6,white,opening,Qxd4,124,121,3,ok
5a51eabe-3a92-11f1-8849-28ad8d01000f,13,7,white,opening,Bf4,129,127,2,ok
5a51eabe-3a92-11f1-8849-28ad8d01000f,15,8,white,opening,Bb5+,262,270,0,ok
5a51eabe-3a92-11f1-8849-28ad8d01000f,17,9,white,opening,Bxd7+,270,265,5,ok
5a51eabe-3a92-11f1-8849-28ad8d01000f,19,10,white,opening,Qa4,269,96,173,mistake
5a51eabe-3a92-11f1-8849-28ad8d01000f,21,11,white,opening,Nxa4,97,107,0,ok
5a51eabe-3a92-11f1-8849-28ad8d01000f,23,12,white,endgame,O-O-O,120,116,4,ok
5a51eabe-3a92-11f1-8849-28ad8d01000f,25,13,white,endgame,e5,318,195,123,mistake
5a51eabe-3a92-11f1-8849-28ad8d01000f,27,14,white,endgame,exd6,451,459,0,ok
5a51eabe-3a92-11f1-8849-28ad8d01000f,29,15,white,endgame,Rhe1+,553,558,0,ok
0c04446a-3a65-11f1-afaa-f6431301000f,1,1,white,opening,e4,39,33,6,ok
0c04446a-3a65-11f1-afaa-f6431301000f,3,2,white,opening,Nf3,75,-89,164,mistake
0c04446a-3a65-11f1-afaa-f6431301000f,5,3,white,opening,Ng5,-87,-81,0,ok
0c04446a-3a65-11f1-afaa-f6431301000f,7,4,white,opening,Nc3,-81,-81,0,ok
0c04446a-3a65-11f1-afaa-f6431301000f,9,5,white,opening,Qe2,-81,-184,103,mistake
0c04446a-3a65-11f1-afaa-f6431301000f,11,6,white,opening,Qb5+,33,-39,72,inaccuracy
0c04446a-3a65-11f1-afaa-f6431301000f,13,7,white,opening,Qxb7,-41,-44,3,ok
0c04446a-3a65-11f1-afaa-f6431301000f,15,8,white,opening,Bb5,-47,-92,45,ok
0c04446a-3a65-11f1-afaa-f6431301000f,17,9,white,opening,Qa6,-73,-104,31,ok
0c04446a-3a65-11f1-afaa-f6431301000f,19,10,white,opening,Bxd7+,-68,-69,1,ok
0c04446a-3a65-11f1-afaa-f6431301000f,21,11,white,opening,Qa4,-74,-235,161,mistake
0c04446a-3a65-11f1-afaa-f6431301000f,23,12,white,middlegame,Ngxe4,-271,-291,20,ok
0c04446a-3a65-11f1-afaa-f6431301000f,25,13,white,middlegame,O-O,-10,-152,142,mistake
0c04446a-3a65-11f1-afaa-f6431301000f,27,14,white,middlegame,Qxa7,-114,-333,219,mistake
0c04446a-3a65-11f1-afaa-f6431301000f,29,15,white,middlegame,Rb1,-171,-158,0,ok
0c04446a-3a65-11f1-afaa-f6431301000f,31,16,white,middlegame,Ng3,-159,-266,107,mistake
0c04446a-3a65-11f1-afaa-f6431301000f,33,17,white,middlegame,Nh5,-143,-407,264,mistake
0c04446a-3a65-11f1-afaa-f6431301000f,35,18,white,middlegame,Qa4,-276,-290,14,ok
0c04446a-3a65-11f1-afaa-f6431301000f,37,19,white,middlegame,Qc4+,-294,-340,46,ok
0c04446a-3a65-11f1-afaa-f6431301000f,39,20,white,middlegame,Ne4,-349,-473,124,mistake
0c04446a-3a65-11f1-afaa-f6431301000f,41,21,white,middlegame,Nxc5,-331,-438,107,mistake
0c04446a-3a65-11f1-afaa-f6431301000f,43,22,white,middlegame,Nxd7,-534,-99994,99460,blunder
0c04446a-3a65-11f1-afaa-f6431301000f,45,23,white,middlegame,b3,-484,-99995,99511,blunder
0c04446a-3a65-11f1-afaa-f6431301000f,47,24,white,middlegame,Bb2,-592,-99996,99404,blunder
0c04446a-3a65-11f1-afaa-f6431301000f,49,25,white,middlegame,Qd5,-99997,-99997,0,ok
0c04446a-3a65-11f1-afaa-f6431301000f,51,26,white,middlegame,g3,-99998,-99999,1,ok
00170df0-3a63-11f1-9257-ab560d01000f,1,1,white,opening,e4,30,28,2,ok
00170df0-3a63-11f1-9257-ab560d01000f,3,2,white,opening,Nf3,29,27,2,ok
00170df0-3a63-11f1-9257-ab560d01000f,5,3,white,opening,Nxe5,42,43,0,ok
00170df0-3a63-11f1-9257-ab560d01000f,7,4,white,opening,d4,87,89,0,ok
00170df0-3a63-11f1-9257-ab560d01000f,9,5,white,opening,Nf3,91,83,8,ok
00170df0-3a63-11f1-9257-ab560d01000f,11,6,white,opening,Be2,100,100,0,ok
00170df0-3a63-11f1-9257-ab560d01000f,13,7,white,opening,O-O,183,191,0,ok
00170df0-3a63-11f1-9257-ab560d01000f,15,8,white,opening,d5,344,343,1,ok
00170df0-3a63-11f1-9257-ab560d01000f,17,9,white,opening,Bd2,374,54,320,blunder
00170df0-3a63-11f1-9257-ab560d01000f,19,10,white,opening,Nc3,45,-84,129,mistake
00170df0-3a63-11f1-9257-ab560d01000f,21,11,white,opening,bxc3,-76,-163,87,inaccuracy
00170df0-3a63-11f1-9257-ab560d01000f,23,12,white,middlegame,Nd4,-158,-176,18,ok
00170df0-3a63-11f1-9257-ab560d01000f,25,13,white,middlegame,f3,397,-175,572,blunder
00170df0-3a63-11f1-9257-ab560d01000f,27,14,white,middlegame,Qxd2,-165,-182,17,ok
00170df0-3a63-11f1-9257-ab560d01000f,29,15,white,middlegame,a4,-76,-137,61,inaccuracy
00170df0-3a63-11f1-9257-ab560d01000f,31,16,white,middlegame,g3,-38,-134,96,inaccuracy
00170df0-3a63-11f1-9257-ab560d01000f,33,17,white,middlegame,a5,-13,-73,60,inaccuracy
00170df0-3a63-11f1-9257-ab560d01000f,35,18,white,middlegame,f4,2,-1,3,ok
00170df0-3a63-11f1-9257-ab560d01000f,37,19,white,middlegame,Qd1,216,70,146,mistake
00170df0-3a63-11f1-9257-ab560d01000f,39,20,white,middlegame,Nxe6,342,111,231,mistake
00170df0-3a63-11f1-9257-ab560d01000f,41,21,white,middlegame,Bg4,493,559,0,ok
00170df0-3a63-11f1-9257-ab560d01000f,43,22,white,middlegame,Qxf1,646,527,119,mistake
00170df0-3a63-11f1-9257-ab560d01000f,45,23,white,middlegame,Bxe6+,638,640,0,ok
00170df0-3a63-11f1-9257-ab560d01000f,47,24,white,middlegame,Qb5,665,591,74,inaccuracy
00170df0-3a63-11f1-9257-ab560d01000f,49,25,white,middlegame,a6,829,751,78,inaccuracy
00170df0-3a63-11f1-9257-ab560d01000f,51,26,white,middlegame,Qxa6+,843,1050,0,ok
00170df0-3a63-11f1-9257-ab560d01000f,53,27,white,middlegame,Rb1+,99997,99998,0,ok
00170df0-3a63-11f1-9257-ab560d01000f,55,28,white,middlegame,Qb7+,99998,99991,7,ok
00170df0-3a63-11f1-9257-ab560d01000f,57,29,white,middlegame,Qb8+,99992,1000,98992,blunder
00170df0-3a63-11f1-9257-ab560d01000f,59,30,white,middlegame,Rb7+,1138,1068,70,inaccuracy
00170df0-3a63-11f1-9257-ab560d01000f,61,31,white,middlegame,Qd8+,1126,965,161,mistake
00170df0-3a63-11f1-9257-ab560d01000f,63,32,white,middlegame,Rxf7+,1026,997,29,ok
00170df0-3a63-11f1-9257-ab560d01000f,65,33,white,middlegame,Qa8+,1159,953,206,mistake
dd52efd7-3a5f-11f1-afaa-f6431301000f,2,1,black,opening,e5,-31,-31,0,ok
dd52efd7-3a5f-11f1-afaa-f6431301000f,4,2,black,opening,Nc6,-36,-33,0,ok
dd52efd7-3a5f-11f1-afaa-f6431301000f,6,3,black,opening,Nf6,-32,-34,2,ok
dd52efd7-3a5f-11f1-afaa-f6431301000f,8,4,black,opening,d5,-33,-60,27,ok
dd52efd7-3a5f-11f1-afaa-f6431301000f,10,5,black,opening,dxe4,36,23,13,ok
dd52efd7-3a5f-11f1-afaa-f6431301000f,12,6,black,opening,Qxd1+,212,214,0,ok
dd52efd7-3a5f-11f1-afaa-f6431301000f,14,7,black,opening,Nxe4,224,215,9,ok
dd52efd7-3a5f-11f1-afaa-f6431301000f,16,8,black,opening,Nxf2+,240,227,13,ok
dd52efd7-3a5f-11f1-afaa-f6431301000f,18,9,black,opening,Bf5,266,247,19,ok
dd52efd7-3a5f-11f1-afaa-f6431301000f,20,10,black,opening,O-O-O+,382,323,59,inaccuracy
dd52efd7-3a5f-11f1-afaa-f6431301000f,22,11,black,endgame,Bc5+,445,478,0,ok
dd52efd7-3a5f-11f1-afaa-f6431301000f,24,12,black,endgame,Nxe5,468,395,73,inaccuracy
dd52efd7-3a5f-11f1-afaa-f6431301000f,26,13,black,endgame,g6,412,-189,601,blunder
dd52efd7-3a5f-11f1-afaa-f6431301000f,28,14,black,endgame,Rd4+,-221,-313,92,inaccuracy
dd52efd7-3a5f-11f1-afaa-f6431301000f,30,15,black,endgame,Re4+,-406,-595,189,mistake
dd52efd7-3a5f-11f1-afaa-f6431301000f,32,16,black,endgame,Rhe8,-594,-591,0,ok
dd52efd7-3a5f-11f1-afaa-f6431301000f,34,17,black,endgame,Rf4+,-584,-862,278,mistake
dd52efd7-3a5f-11f1-afaa-f6431301000f,36,18,black,endgame,Rg4+,-545,-600,55,inaccuracy
dd52efd7-3a5f-11f1-afaa-f6431301000f,38,19,black,endgame,h5,-586,-632,46,ok
dd52efd7-3a5f-11f1-afaa-f6431301000f,40,20,black,endgame,Be4+,-637,-760,123,mistake
dd52efd7-3a5f-11f1-afaa-f6431301000f,42,21,black,endgame,Rgxe4,-762,-743,0,ok
dd52efd7-3a5f-11f1-afaa-f6431301000f,44,22,black,endgame,R8e7,-768,-774,6,ok
dd52efd7-3a5f-11f1-afaa-f6431301000f,46,23,black,endgame,Re1,-775,-784,9,ok
dd52efd7-3a5f-11f1-afaa-f6431301000f,48,24,black,endgame,Rf7+,-629,-789,160,mistake
dd52efd7-3a5f-11f1-afaa-f6431301000f,50,25,black,endgame,Rf1+,-795,-847,52,inaccuracy
dd52efd7-3a5f-11f1-afaa-f6431301000f,52,26,black,endgame,Rxf5+,-822,-836,14,ok
dd52efd7-3a5f-11f1-afaa-f6431301000f,54,27,black,endgame,Re5+,-716,-767,51,inaccuracy
dd52efd7-3a5f-11f1-afaa-f6431301000f,56,28,black,endgame,a5,-771,-816,45,ok
dd52efd7-3a5f-11f1-afaa-f6431301000f,58,29,black,endgame,b5,-780,-801,21,ok
dd52efd7-3a5f-11f1-afaa-f6431301000f,60,30,black,endgame,c5,-781,-777,0,ok
dd52efd7-3a5f-11f1-afaa-f6431301000f,62,31,black,endgame,c4,-779,-797,18,ok
dd52efd7-3a5f-11f1-afaa-f6431301000f,64,32,black,endgame,hxg4,-758,-764,6,ok
dd52efd7-3a5f-11f1-afaa-f6431301000f,66,33,black,endgame,b4,-758,-788,30,ok
dd52efd7-3a5f-11f1-afaa-f6431301000f,68,34,black,endgame,Re8,-748,-752,4,ok
dd52efd7-3a5f-11f1-afaa-f6431301000f,70,35,black,endgame,Rh8,-747,-908,161,mistake
acb72013-39a7-11f1-85c3-06d8cc01000f,2,1,black,opening,d5,-41,-42,1,ok
acb72013-39a7-11f1-85c3-06d8cc01000f,4,2,black,opening,dxc4,-37,-44,7,ok
acb72013-39a7-11f1-85c3-06d8cc01000f,6,3,black,opening,Nf6,-11,-20,9,ok
acb72013-39a7-11f1-85c3-06d8cc01000f,8,4,black,opening,Bg4,-10,-101,91,inaccuracy
acb72013-39a7-11f1-85c3-06d8cc01000f,10,5,black,opening,Nc6,-45,-136,91,inaccuracy
acb72013-39a7-11f1-85c3-06d8cc01000f,12,6,black,opening,Nd5,-72,-147,75,inaccuracy
acb72013-39a7-11f1-85c3-06d8cc01000f,14,7,black,opening,Nxc3,-144,-205,61,inaccuracy
acb72013-39a7-11f1-85c3-06d8cc01000f,16,8,black,opening,Na5,-134,-334,200,mistake
acb72013-39a7-11f1-85c3-06d8cc01000f,18,9,black,opening,Nxb3,-62,-53,0,ok
acb72013-39a7-11f1-85c3-06d8cc01000f,20,10,black,opening,Qd5,-29,-27,0,ok
acb72013-39a7-11f1-85c3-06d8cc01000f,22,11,black,middlegame,Bxf3,-34,-76,42,ok
acb72013-39a7-11f1-85c3-06d8cc01000f,24,12,black,middlegame,Qxb3,-44,-222,178,mistake
acb72013-39a7-11f1-85c3-06d8cc01000f,26,13,black,middlegame,Qxc3,-233,-651,418,blunder
acb72013-39a7-11f1-85c3-06d8cc01000f,28,14,black,middlegame,Qa5,-294,-546,252,mistake
acb72013-39a7-11f1-85c3-06d8cc01000f,30,15,black,middlegame,Rd8,-605,-646,41,ok
acb72013-39a7-11f1-85c3-06d8cc01000f,32,16,black,middlegame,e6,-379,-881,502,blunder
af1ff444-39a5-11f1-b3c2-6b70b201000f,1,1,white,opening,e4,38,39,0,ok
af1ff444-39a5-11f1-b3c2-6b70b201000f,3,2,white,opening,Nf3,36,42,0,ok
af1ff444-39a5-11f1-b3c2-6b70b201000f,5,3,white,opening,Nc3,36,21,15,ok
af1ff444-39a5-11f1-b3c2-6b70b201000f,7,4,white,opening,d4,62,6,56,inaccuracy
af1ff444-39a5-11f1-b3c2-6b70b201000f,9,5,white,opening,bxc3,69,77,0,ok
af1ff444-39a5-11f1-b3c2-6b70b201000f,11,6,white,opening,d5,82,-8,90,inaccuracy
af1ff444-39a5-11f1-b3c2-6b70b201000f,13,7,white,opening,Bb5+,-5,-11,6,ok
af1ff444-39a5-11f1-b3c2-6b70b201000f,15,8,white,opening,c4,-1,-167,166,mistake
af1ff444-39a5-11f1-b3c2-6b70b201000f,17,9,white,opening,cxb5,-37,-33,0,ok
af1ff444-39a5-11f1-b3c2-6b70b201000f,19,10,white,opening,c4,-25,-58,33,ok
af1ff444-39a5-11f1-b3c2-6b70b201000f,21,11,white,opening,Qd3,25,-147,172,mistake
af1ff444-39a5-11f1-b3c2-6b70b201000f,23,12,white,middlegame,Bg5,-2,-17,15,ok
af1ff444-39a5-11f1-b3c2-6b70b201000f,25,13,white,middlegame,Bxf6,26,35,0,ok
af1ff444-39a5-11f1-b3c2-6b70b201000f,27,14,white,middlegame,O-O,34,-11,45,ok
af1ff444-39a5-11f1-b3c2-6b70b201000f,29,15,white,middlegame,h4,65,-358,423,blunder
af1ff444-39a5-11f1-b3c2-6b70b201000f,31,16,white,middlegame,Qe3,-403,-407,4,ok
af1ff444-39a5-11f1-b3c2-6b70b201000f,33,17,white,middlegame,g3,-407,-770,363,blunder
af1ff444-39a5-11f1-b3c2-6b70b201000f,35,18,white,middlegame,Qxf4,-891,-948,57,inaccuracy
45d34b79-399d-11f1-aa31-a1273801000f,2,1,black,opening,e5,-37,-32,0,ok
45d34b79-399d-11f1-aa31-a1273801000f,4,2,black,opening,Nc6,-32,-30,0,ok
45d34b79-399d-11f1-aa31-a1273801000f,6,3,black,opening,Nf6,-13,-118,105,mistake
45d34b79-399d-11f1-aa31-a1273801000f,8,4,black,opening,Nxe4,-93,-105,12,ok
45d34b79-399d-11f1-aa31-a1273801000f,10,5,black,opening,Nc5,-34,-27,0,ok
45d34b79-399d-11f1-aa31-a1273801000f,12,6,black,opening,Qe7,4,-224,228,mistake
45d34b79-399d-11f1-aa31-a1273801000f,14,7,black,opening,d6,-126,-190,64,inaccuracy
45d34b79-399d-11f1-aa31-a1273801000f,16,8,black,opening,dxe5,-113,-174,61,inaccuracy
45d34b79-399d-11f1-aa31-a1273801000f,18,9,black,opening,Nxe5,-175,-168,0,ok
45d34b79-399d-11f1-aa31-a1273801000f,20,10,black,opening,Be6,-185,-177,0,ok
45d34b79-399d-11f1-aa31-a1273801000f,22,11,black,middlegame,O-O-O,84,69,15,ok
45d34b79-399d-11f1-aa31-a1273801000f,24,12,black,middlegame,Qg5,117,84,33,ok
45d34b79-399d-11f1-aa31-a1273801000f,26,13,black,middlegame,Qxc5,140,74,66,inaccuracy
45d34b79-399d-11f1-aa31-a1273801000f,28,14,black,middlegame,Bd6,109,46,63,inaccuracy
45d34b79-399d-11f1-aa31-a1273801000f,30,15,black,middlegame,Qb6,55,40,15,ok
45d34b79-399d-11f1-aa31-a1273801000f,32,16,black,middlegame,Bc5,34,-55,89,inaccuracy
45d34b79-399d-11f1-aa31-a1273801000f,34,17,black,middlegame,Bd5,30,-67,97,inaccuracy
45d34b79-399d-11f1-aa31-a1273801000f,36,18,black,middlegame,Be6,12,6,6,ok
45d34b79-399d-11f1-aa31-a1273801000f,38,19,black,middlegame,Rhe8,8,-169,177,mistake
45d34b79-399d-11f1-aa31-a1273801000f,40,20,black,middlegame,Qxc5,-178,-180,2,ok
45d34b79-399d-11f1-aa31-a1273801000f,42,21,black,middlegame,Bxa2,-177,-184,7,ok
45d34b79-399d-11f1-aa31-a1273801000f,44,22,black,middlegame,Bc4,-96,-367,271,mistake
45d34b79-399d-11f1-aa31-a1273801000f,46,23,black,middlegame,Bxd3,-110,-123,13,ok
45d34b79-399d-11f1-aa31-a1273801000f,48,24,black,middlegame,Qb4,-136,-131,0,ok
45d34b79-399d-11f1-aa31-a1273801000f,50,25,black,middlegame,Rxe8,-126,-130,4,ok
45d34b79-399d-11f1-aa31-a1273801000f,52,26,black,middlegame,Re1,-137,-313,176,mistake
45d34b79-399d-11f1-aa31-a1273801000f,54,27,black,middlegame,Kd7,-159,-155,0,ok
45d34b79-399d-11f1-aa31-a1273801000f,56,28,black,middlegame,Qxc3,-70,-85,15,ok
45d34b79-399d-11f1-aa31-a1273801000f,58,29,black,endgame,Rxf1+,-72,-166,94,inaccuracy
45d34b79-399d-11f1-aa31-a1273801000f,60,30,black,endgame,a5,-162,-172,10,ok
45d34b79-399d-11f1-aa31-a1273801000f,62,31,black,endgame,a4,-184,-203,19,ok
45d34b79-399d-11f1-aa31-a1273801000f,64,32,black,endgame,Kc6,-220,-295,75,inaccuracy
45d34b79-399d-11f1-aa31-a1273801000f,66,33,black,endgame,Kc5,-230,-420,190,mistake
45d34b79-399d-11f1-aa31-a1273801000f,68,34,black,endgame,b5,-444,-487,43,ok
45d34b79-399d-11f1-aa31-a1273801000f,70,35,black,endgame,Kd5,-496,-510,14,ok
45d34b79-399d-11f1-aa31-a1273801000f,72,36,black,endgame,bxc4,-515,-520,5,ok
45d34b79-399d-11f1-aa31-a1273801000f,74,37,black,endgame,Kxc4,-534,-550,16,ok
45d34b79-399d-11f1-aa31-a1273801000f,76,38,black,endgame,c5,-15,-18,3,ok
45d34b79-399d-11f1-aa31-a1273801000f,78,39,black,endgame,Kd3,0,0,0,ok
45d34b79-399d-11f1-aa31-a1273801000f,80,40,black,endgame,Kd2,0,0,0,ok
45d34b79-399d-11f1-aa31-a1273801000f,82,41,black,endgame,c4,618,673,0,ok
45d34b79-399d-11f1-aa31-a1273801000f,84,42,black,endgame,c3+,863,4160,0,ok
45d34b79-399d-11f1-aa31-a1273801000f,86,43,black,endgame,c2,1365,4453,0,ok
45d34b79-399d-11f1-aa31-a1273801000f,88,44,black,endgame,c1=Q,5377,5478,0,ok
45d34b79-399d-11f1-aa31-a1273801000f,90,45,black,endgame,Qc8,5274,1946,3328,blunder
45d34b79-399d-11f1-aa31-a1273801000f,92,46,black,endgame,Qh8,5745,5941,0,ok
45d34b79-399d-11f1-aa31-a1273801000f,94,47,black,endgame,Qxh7,6637,6299,338,blunder
45d34b79-399d-11f1-aa31-a1273801000f,96,48,black,endgame,Qh2,6581,6635,0,ok
45d34b79-399d-11f1-aa31-a1273801000f,98,49,black,endgame,Qxg2,6748,5867,881,blunder
45d34b79-399d-11f1-aa31-a1273801000f,100,50,black,endgame,Qg6+,6498,6121,377,blunder
45d34b79-399d-11f1-aa31-a1273801000f,102,51,black,endgame,Qf6+,6473,6075,398,blunder
45d34b79-399d-11f1-aa31-a1273801000f,104,52,black,endgame,Ke3,99996,99997,0,ok
45d34b79-399d-11f1-aa31-a1273801000f,106,53,black,endgame,Qxf3+,99997,99993,4,ok
45d34b79-399d-11f1-aa31-a1273801000f,108,54,black,endgame,Qf4+,99997,99998,0,ok
45d34b79-399d-11f1-aa31-a1273801000f,110,55,black,endgame,Ke4,99998,0,99998,blunder
876a7ca0-3991-11f1-b3c2-6b70b201000f,2,1,black,opening,e5,-37,-35,0,ok
876a7ca0-3991-11f1-b3c2-6b70b201000f,4,2,black,opening,Nc6,-36,-34,0,ok
876a7ca0-3991-11f1-b3c2-6b70b201000f,6,3,black,opening,Nf6,-26,-34,8,ok
876a7ca0-3991-11f1-b3c2-6b70b201000f,8,4,black,opening,d5,-32,-56,24,ok
876a7ca0-3991-11f1-b3c2-6b70b201000f,10,5,black,opening,Nxd5,-56,-58,2,ok
876a7ca0-3991-11f1-b3c2-6b70b201000f,12,6,black,opening,Bf5,-5,-5,0,ok
876a7ca0-3991-11f1-b3c2-6b70b201000f,14,7,black,opening,Qxd5,114,125,0,ok
876a7ca0-3991-11f1-b3c2-6b70b201000f,16,8,black,opening,Bb4,129,97,32,ok
876a7ca0-3991-11f1-b3c2-6b70b201000f,18,9,black,opening,Bxc3,100,103,0,ok
876a7ca0-3991-11f1-b3c2-6b70b201000f,20,10,black,opening,O-O-O,96,99,0,ok
876a7ca0-3991-11f1-b3c2-6b70b201000f,22,11,black,middlegame,Qe6,119,87,32,ok
876a7ca0-3991-11f1-b3c2-6b70b201000f,24,12,black,middlegame,Qg6,199,204,0,ok
876a7ca0-3991-11f1-b3c2-6b70b201000f,26,13,black,middlegame,Nd4,303,277,26,ok
876a7ca0-3991-11f1-b3c2-6b70b201000f,28,14,black,middlegame,Ne2+,531,533,0,ok
d47da805-398e-11f1-a550-663b5e01000f,1,1,white,opening,e4,33,33,0,ok
d47da805-398e-11f1-a550-663b5e01000f,3,2,white,opening,Nf3,33,31,2,ok
d47da805-398e-11f1-a550-663b5e01000f,5,3,white,opening,Nc3,65,40,25,ok
d47da805-398e-11f1-a550-663b5e01000f,7,4,white,opening,d4,59,56,3,ok
d47da805-398e-11f1-a550-663b5e01000f,9,5,white,opening,Nxd4,101,99,2,ok
d47da805-398e-11f1-a550-663b5e01000f,11,6,white,opening,Bf4,102,106,0,ok
d47da805-398e-11f1-a550-663b5e01000f,13,7,white,opening,Bc4,124,72,52,inaccuracy
d47da805-398e-11f1-a550-663b5e01000f,15,8,white,opening,Qg4,123,-336,459,blunder
d47da805-398e-11f1-a550-663b5e01000f,17,9,white,opening,Qe2,48,50,0,ok
d47da805-398e-11f1-a550-663b5e01000f,19,10,white,opening,Qxc4,142,149,0,ok
d47da805-398e-11f1-a550-663b5e01000f,21,11,white,opening,O-O-O,181,56,125,mistake
d47da805-398e-11f1-a550-663b5e01000f,23,12,white,middlegame,Nf5,72,-319,391,blunder
d47da805-398e-11f1-a550-663b5e01000f,25,13,white,middlegame,Qb4,-217,-356,139,mistake
d47da805-398e-11f1-a550-663b5e01000f,27,14,white,middlegame,Qxb7,-321,-377,56,inaccuracy
d47da805-398e-11f1-a550-663b5e01000f,29,15,white,middlegame,Bg3,-156,-189,33,ok
d47da805-398e-11f1-a550-663b5e01000f,31,16,white,middlegame,bxc3,-207,-203,0,ok
d47da805-398e-11f1-a550-663b5e01000f,33,17,white,middlegame,Qb2,-166,-145,0,ok
d47da805-398e-11f1-a550-663b5e01000f,35,18,white,middlegame,c4,-143,-273,130,mistake
d47da805-398e-11f1-a550-663b5e01000f,37,19,white,middlegame,exf5,-295,-288,0,ok
d47da805-398e-11f1-a550-663b5e01000f,39,20,white,middlegame,f4,-289,-430,141,mistake
d47da805-398e-11f1-a550-663b5e01000f,41,21,white,middlegame,Rd5,-295,-304,9,ok
d47da805-398e-11f1-a550-663b5e01000f,43,22,white,middlegame,Rg1,-243,-651,408,blunder
d47da805-398e-11f1-a550-663b5e01000f,45,23,white,middlegame,Rb5,-222,-679,457,blunder
d47da805-398e-11f1-a550-663b5e01000f,47,24,white,middlegame,Qxb5,-649,-673,24,ok
d47da805-398e-11f1-a550-663b5e01000f,49,25,white,middlegame,Re1,-392,-404,12,ok
d47da805-398e-11f1-a550-663b5e01000f,51,26,white,middlegame,Kb2,-495,-630,135,mistake
d47da805-398e-11f1-a550-663b5e01000f,53,27,white,middlegame,Kb3,-629,-746,117,mistake
d47da805-398e-11f1-a550-663b5e01000f,55,28,white,middlegame,Ka4,-816,-893,77,inaccuracy
d47da805-398e-11f1-a550-663b5e01000f,57,29,white,middlegame,Re8,-683,-792,109,mistake
d47da805-398e-11f1-a550-663b5e01000f,59,30,white,middlegame,Rxf8+,-556,-592,36,ok
d47da805-398e-11f1-a550-663b5e01000f,61,31,white,middlegame,Qb8+,-622,-630,8,ok
d47da805-398e-11f1-a550-663b5e01000f,63,32,white,middlegame,Qxc7+,-613,-638,25,ok
d47da805-398e-11f1-a550-663b5e01000f,65,33,white,middlegame,Qxd6+,-358,-347,0,ok
d47da805-398e-11f1-a550-663b5e01000f,67,34,white,middlegame,h4+,-360,-456,96,inaccuracy
d47da805-398e-11f1-a550-663b5e01000f,69,35,white,middlegame,Qf4+,-286,-284,0,ok
d47da805-398e-11f1-a550-663b5e01000f,71,36,white,middlegame,g4+,-274,-333,59,inaccuracy
d47da805-398e-11f1-a550-663b5e01000f,73,37,white,middlegame,g5+,-345,-348,3,ok
d47da805-398e-11f1-a550-663b5e01000f,75,38,white,middlegame,Qxf7+,-353,-372,19,ok
d47da805-398e-11f1-a550-663b5e01000f,77,39,white,middlegame,Qd5+,-382,-396,14,ok
d47da805-398e-11f1-a550-663b5e01000f,79,40,white,middlegame,Qxa5,-393,-627,234,mistake
d47da805-398e-11f1-a550-663b5e01000f,81,41,white,endgame,Kxa5,-686,-703,17,ok
d47da805-398e-11f1-a550-663b5e01000f,83,42,white,endgame,c5,-748,-735,0,ok
d47da805-398e-11f1-a550-663b5e01000f,85,43,white,endgame,c6,-823,-972,149,mistake
d47da805-398e-11f1-a550-663b5e01000f,87,44,white,endgame,Kb5,-554,-618,64,inaccuracy
d47da805-398e-11f1-a550-663b5e01000f,89,45,white,endgame,c4,-549,-697,148,mistake
d47da805-398e-11f1-a550-663b5e01000f,91,46,white,endgame,Kb6,-704,-1158,454,blunder
d47da805-398e-11f1-a550-663b5e01000f,93,47,white,endgame,Kb7,-1233,-8115,6882,blunder
d47da805-398e-11f1-a550-663b5e01000f,95,48,white,endgame,c5+,451,504,0,ok
d47da805-398e-11f1-a550-663b5e01000f,97,49,white,endgame,Kxc7,507,508,0,ok
d47da805-398e-11f1-a550-663b5e01000f,99,50,white,endgame,Kd7,508,511,0,ok
d47da805-398e-11f1-a550-663b5e01000f,101,51,white,endgame,c7,525,515,10,ok
d47da805-398e-11f1-a550-663b5e01000f,103,52,white,endgame,c8=Q+,528,531,0,ok
d47da805-398e-11f1-a550-663b5e01000f,105,53,white,endgame,Qh8,543,525,18,ok
8eb85426-398e-11f1-8be1-cde4dd01000f,1,1,white,opening,e4,28,27,1,ok
8eb85426-398e-11f1-8be1-cde4dd01000f,3,2,white,opening,Nf3,28,26,2,ok
8eb85426-398e-11f1-8be1-cde4dd01000f,5,3,white,opening,Nc3,115,121,0,ok
8eb85426-398e-11f1-8be1-cde4dd01000f,7,4,white,opening,d4,205,201,4,ok
8eb85426-398e-11f1-8be1-cde4dd01000f,9,5,white,opening,Nxd4,209,104,105,mistake
8eb85426-398e-11f1-8be1-cde4dd01000f,11,6,white,opening,Bc4,198,169,29,ok
8eb85426-398e-11f1-8be1-cde4dd01000f,13,7,white,opening,Qh5,184,-182,366,blunder
c5326cc0-397c-11f1-85c3-06d8cc01000f,2,1,black,opening,d5,-32,-33,1,ok
c5326cc0-397c-11f1-85c3-06d8cc01000f,4,2,black,opening,dxe4,92,96,0,ok
c5326cc0-397c-11f1-85c3-06d8cc01000f,6,3,black,opening,Nf6,93,47,46,ok
c5326cc0-397c-11f1-85c3-06d8cc01000f,8,4,black,opening,Bg4,160,153,7,ok
c5326cc0-397c-11f1-85c3-06d8cc01000f,10,5,black,opening,exf3,185,213,0,ok
c5326cc0-397c-11f1-85c3-06d8cc01000f,12,6,black,opening,Bh5,227,220,7,ok
c5326cc0-397c-11f1-85c3-06d8cc01000f,14,7,black,opening,Qd4,226,201,25,ok
c5326cc0-397c-11f1-85c3-06d8cc01000f,16,8,black,opening,Qh4+,194,174,20,ok
c5326cc0-397c-11f1-85c3-06d8cc01000f,18,9,black,opening,Nc6,270,255,15,ok
c5326cc0-397c-11f1-85c3-06d8cc01000f,20,10,black,opening,O-O-O,317,246,71,inaccuracy
c5326cc0-397c-11f1-85c3-06d8cc01000f,22,11,black,middlegame,h6,333,274,59,inaccuracy
c5326cc0-397c-11f1-85c3-06d8cc01000f,24,12,black,middlegame,e5,370,309,61,inaccuracy
c5326cc0-397c-11f1-85c3-06d8cc01000f,26,13,black,middlegame,Bb4,361,-224,585,blunder
c5326cc0-397c-11f1-85c3-06d8cc01000f,28,14,black,middlegame,Bxf3,-246,-255,9,ok
c5326cc0-397c-11f1-85c3-06d8cc01000f,30,15,black,middlegame,Qh5,-232,-259,27,ok
c5326cc0-397c-11f1-85c3-06d8cc01000f,32,16,black,middlegame,Nxh5,-263,-270,7,ok
c5326cc0-397c-11f1-85c3-06d8cc01000f,34,17,black,endgame,Nd4,-121,-362,241,mistake
c5326cc0-397c-11f1-85c3-06d8cc01000f,36,18,black,endgame,Nf3,-288,-450,162,mistake
c5326cc0-397c-11f1-85c3-06d8cc01000f,38,19,black,endgame,Nxg1,-435,-448,13,ok
c5326cc0-397c-11f1-85c3-06d8cc01000f,40,20,black,endgame,Nf4,-448,-455,7,ok
c5326cc0-397c-11f1-85c3-06d8cc01000f,42,21,black,endgame,Kb8,-451,-458,7,ok
c5326cc0-397c-11f1-85c3-06d8cc01000f,44,22,black,endgame,Kxa7,-91,-89,0,ok
c5326cc0-397c-11f1-85c3-06d8cc01000f,46,23,black,endgame,b6,-102,-112,10,ok
c5326cc0-397c-11f1-85c3-06d8cc01000f,48,24,black,endgame,g5,24,-332,356,blunder
c5326cc0-397c-11f1-85c3-06d8cc01000f,50,25,black,endgame,f5,-332,-332,0,ok
c5326cc0-397c-11f1-85c3-06d8cc01000f,52,26,black,endgame,f4,-261,-304,43,ok
c5326cc0-397c-11f1-85c3-06d8cc01000f,54,27,black,endgame,Rd7,-197,-229,32,ok
c5326cc0-397c-11f1-85c3-06d8cc01000f,56,28,black,endgame,Re8,8,0,8,ok
c5326cc0-397c-11f1-85c3-06d8cc01000f,58,29,black,endgame,Rxc7,90,99,0,ok
c5326cc0-397c-11f1-85c3-06d8cc01000f,60,30,black,endgame,e4,194,109,85,inaccuracy
c5326cc0-397c-11f1-85c3-06d8cc01000f,62,31,black,endgame,Rxe4,150,170,0,ok
c5326cc0-397c-11f1-85c3-06d8cc01000f,64,32,black,endgame,Re3,499,154,345,blunder
c5326cc0-397c-11f1-85c3-06d8cc01000f,66,33,black,endgame,f3,608,-171,779,blunder
c5326cc0-397c-11f1-85c3-06d8cc01000f,68,34,black,endgame,f2,-168,-191,23,ok
c5326cc0-397c-11f1-85c3-06d8cc01000f,70,35,black,endgame,Rxh3,-194,-375,181,mistake
c5326cc0-397c-11f1-85c3-06d8cc01000f,72,36,black,endgame,Re3,315,312,3,ok
c5326cc0-397c-11f1-85c3-06d8cc01000f,74,37,black,endgame,Re1+,587,609,0,ok
c5326cc0-397c-11f1-85c3-06d8cc01000f,76,38,black,endgame,Rxf1,594,608,0,ok
c5326cc0-397c-11f1-85c3-06d8cc01000f,78,39,black,endgame,Rc1,628,643,0,ok
c5326cc0-397c-11f1-85c3-06d8cc01000f,80,40,black,endgame,Rxc2+,605,646,0,ok
c5326cc0-397c-11f1-85c3-06d8cc01000f,82,41,black,endgame,Rxc7,632,639,0,ok
d4a2d7b9-3973-11f1-a550-663b5e01000f,2,1,black,opening,e5,-29,-30,1,ok
d4a2d7b9-3973-11f1-a550-663b5e01000f,4,2,black,opening,Bb4,-7,-44,37,ok
d4a2d7b9-3973-11f1-a550-663b5e01000f,6,3,black,opening,Bxc3,-36,-35,0,ok
d4a2d7b9-3973-11f1-a550-663b5e01000f,8,4,black,opening,Nc6,-37,-46,9,ok
d4a2d7b9-3973-11f1-a550-663b5e01000f,10,5,black,opening,Nf6,-29,-29,0,ok
d4a2d7b9-3973-11f1-a550-663b5e01000f,12,6,black,opening,O-O,-25,-78,53,inaccuracy
d4a2d7b9-3973-11f1-a550-663b5e01000f,14,7,black,opening,d6,-55,-59,4,ok
d4a2d7b9-3973-11f1-a550-663b5e01000f,16,8,black,opening,Bg4,-1,-30,29,ok
d4a2d7b9-3973-11f1-a550-663b5e01000f,18,9,black,opening,h6,-13,-16,3,ok
d4a2d7b9-3973-11f1-a550-663b5e01000f,20,10,black,opening,Bxf3,-8,-117,109,mistake
d4a2d7b9-3973-11f1-a550-663b5e01000f,22,11,black,middlegame,a6,-129,-261,132,mistake
d4a2d7b9-3973-11f1-a550-663b5e01000f,24,12,black,middlegame,b5,-170,-403,233,mistake
d4a2d7b9-3973-11f1-a550-663b5e01000f,26,13,black,middlegame,a5,-408,-491,83,inaccuracy
d4a2d7b9-3973-11f1-a550-663b5e01000f,28,14,black,middlegame,Ra6,-492,-538,46,ok
d4a2d7b9-3973-11f1-a550-663b5e01000f,30,15,black,middlegame,Rb6,-524,-531,7,ok
d4a2d7b9-3973-11f1-a550-663b5e01000f,32,16,black,middlegame,c6,-482,-587,105,mistake
d4a2d7b9-3973-11f1-a550-663b5e01000f,34,17,black,middlegame,gxf6,-591,-596,5,ok
d4a2d7b9-3973-11f1-a550-663b5e01000f,36,18,black,middlegame,a4,-540,-99995,99455,blunder
d4a2d7b9-3973-11f1-a550-663b5e01000f,38,19,black,middlegame,Kh8,-99996,-99996,0,ok
d4a2d7b9-3973-11f1-a550-663b5e01000f,40,20,black,middlegame,Kg8,-99997,-99997,0,ok
d4a2d7b9-3973-11f1-a550-663b5e01000f,42,21,black,middlegame,Rxb2,-99998,-99999,1,ok
6f8cf9e6-3921-11f1-977c-5b704c01000f,1,1,white,opening,e4,30,31,0,ok
6f8cf9e6-3921-11f1-977c-5b704c01000f,3,2,white,opening,Nc3,39,37,2,ok
6f8cf9e6-3921-11f1-977c-5b704c01000f,5,3,white,opening,Bb5,42,6,36,ok
6f8cf9e6-3921-11f1-977c-5b704c01000f,7,4,white,opening,Bxc6,29,29,0,ok
6f8cf9e6-3921-11f1-977c-5b704c01000f,9,5,white,opening,Nf3,35,21,14,ok
6f8cf9e6-3921-11f1-977c-5b704c01000f,11,6,white,opening,d4,21,-17,38,ok
6f8cf9e6-3921-11f1-977c-5b704c01000f,13,7,white,opening,dxc5,241,239,2,ok
6f8cf9e6-3921-11f1-977c-5b704c01000f,15,8,white,opening,e5,237,250,0,ok
6f8cf9e6-3921-11f1-977c-5b704c01000f,17,9,white,opening,Bg5,262,203,59,inaccuracy
6f8cf9e6-3921-11f1-977c-5b704c01000f,19,10,white,opening,Qd6,261,270,0,ok
6f8cf9e6-3921-11f1-977c-5b704c01000f,21,11,white,opening,exf6,301,307,0,ok
6f8cf9e6-3921-11f1-977c-5b704c01000f,23,12,white,middlegame,Bh6,287,1,286,mistake
6f8cf9e6-3921-11f1-977c-5b704c01000f,25,13,white,middlegame,O-O-O,82,-63,145,mistake
6f8cf9e6-3921-11f1-977c-5b704c01000f,27,14,white,middlegame,Qd2,-52,-122,70,inaccuracy
6f8cf9e6-3921-11f1-977c-5b704c01000f,29,15,white,middlegame,Qxh6,-30,-8,0,ok
6f8cf9e6-3921-11f1-977c-5b704c01000f,31,16,white,middlegame,Rd3,31,-499,530,blunder
6f8cf9e6-3921-11f1-977c-5b704c01000f,33,17,white,middlegame,cxd3,-484,-616,132,mistake
6f8cf9e6-3921-11f1-977c-5b704c01000f,35,18,white,middlegame,bxc3,-606,-672,66,inaccuracy
6f8cf9e6-3921-11f1-977c-5b704c01000f,37,19,white,middlegame,Ng5,-671,-99997,99326,blunder
6f8cf9e6-3921-11f1-977c-5b704c01000f,39,20,white,middlegame,Kd1,-99998,-99998,0,ok
6f8cf9e6-3921-11f1-977c-5b704c01000f,41,21,white,middlegame,Ke1,-99999,-99999,0,ok
631fefe0-3920-11f1-96b0-d5a12501000f,1,1,white,opening,e4,34,28,6,ok
631fefe0-3920-11f1-96b0-d5a12501000f,3,2,white,opening,Nf3,30,30,0,ok
631fefe0-3920-11f1-96b0-d5a12501000f,5,3,white,opening,Nc3,27,9,18,ok
631fefe0-3920-11f1-96b0-d5a12501000f,7,4,white,opening,Nxe5,73,68,5,ok
631fefe0-3920-11f1-96b0-d5a12501000f,9,5,white,opening,d4,68,72,0,ok
631fefe0-3920-11f1-96b0-d5a12501000f,11,6,white,opening,dxe5,182,182,0,ok
631fefe0-3920-11f1-96b0-d5a12501000f,13,7,white,opening,Qh5,190,105,85,inaccuracy
631fefe0-3920-11f1-96b0-d5a12501000f,15,8,white,opening,exd6,207,76,131,mistake
631fefe0-3920-11f1-96b0-d5a12501000f,17,9,white,opening,Qe2,68,62,6,ok
631fefe0-3920-11f1-96b0-d5a12501000f,19,10,white,opening,bxc3,135,144,0,ok
631fefe0-3920-11f1-96b0-d5a12501000f,21,11,white,opening,Bxe2,141,146,0,ok
631fefe0-3920-11f1-96b0-d5a12501000f,23,12,white,endgame,dxc7,276,291,0,ok
631fefe0-3920-11f1-96b0-d5a12501000f,25,13,white,endgame,O-O,300,305,0,ok
631fefe0-3920-11f1-96b0-d5a12501000f,27,14,white,endgame,c4,432,343,89,inaccuracy
631fefe0-3920-11f1-96b0-d5a12501000f,29,15,white,endgame,Bf4,384,282,102,mistake
631fefe0-3920-11f1-96b0-d5a12501000f,31,16,white,endgame,Bd6,314,-309,623,blunder
631fefe0-3920-11f1-96b0-d5a12501000f,33,17,white,endgame,Rad1,397,19,378,blunder
631fefe0-3920-11f1-96b0-d5a12501000f,35,18,white,endgame,c5,377,402,0,ok
631fefe0-3920-11f1-96b0-d5a12501000f,37,19,white,endgame,Bf3,481,440,41,ok
631fefe0-3920-11f1-96b0-d5a12501000f,39,20,white,endgame,Rd4,509,571,0,ok
631fefe0-3920-11f1-96b0-d5a12501000f,41,21,white,endgame,Kxf1,598,604,0,ok
631fefe0-3920-11f1-96b0-d5a12501000f,43,22,white,endgame,cxd6,676,752,0,ok
631fefe0-3920-11f1-96b0-d5a12501000f,45,23,white,endgame,Bxb7,943,854,89,inaccuracy
631fefe0-3920-11f1-96b0-d5a12501000f,47,24,white,endgame,c8=Q,1010,-99999,101009,blunder
c2f7b953-391f-11f1-96b0-d5a12501000f,2,1,black,opening,e5,-29,-30,1,ok
c2f7b953-391f-11f1-96b0-d5a12501000f,4,2,black,opening,Nc6,-30,-31,1,ok
c2f7b953-391f-11f1-96b0-d5a12501000f,6,3,black,opening,Nf6,-30,-26,0,ok
c2f7b953-391f-11f1-96b0-d5a12501000f,8,4,black,opening,Nxe4,-31,-33,2,ok
c2f7b953-391f-11f1-96b0-d5a12501000f,10,5,black,opening,Nf6,-31,-58,27,ok
c2f7b953-391f-11f1-96b0-d5a12501000f,12,6,black,opening,dxc6,7,8,0,ok
c2f7b953-391f-11f1-96b0-d5a12501000f,14,7,black,opening,Be7,10,6,4,ok
c2f7b953-391f-11f1-96b0-d5a12501000f,16,8,black,opening,O-O,9,-2,11,ok
c2f7b953-391f-11f1-96b0-d5a12501000f,18,9,black,opening,Bd6,117,2,115,mistake
c2f7b953-391f-11f1-96b0-d5a12501000f,20,10,black,opening,Bg4,14,-99,113,mistake
c2f7b953-391f-11f1-96b0-d5a12501000f,22,11,black,middlegame,Bxf3,-59,-97,38,ok
c2f7b953-391f-11f1-96b0-d5a12501000f,24,12,black,middlegame,Re8,-103,-206,103,mistake
c2f7b953-391f-11f1-96b0-d5a12501000f,26,13,black,middlegame,Qd7,-135,-386,251,mistake
c2f7b953-391f-11f1-96b0-d5a12501000f,28,14,black,middlegame,gxf6,-412,-799,387,blunder
97463e7f-3917-11f1-96b0-d5a12501000f,1,1,white,opening,e4,35,30,5,ok
97463e7f-3917-11f1-96b0-d5a12501000f,3,2,white,opening,Nf3,33,30,3,ok
97463e7f-3917-11f1-96b0-d5a12501000f,5,3,white,opening,Nc3,32,14,18,ok
97463e7f-3917-11f1-96b0-d5a12501000f,7,4,white,opening,d4,12,7,5,ok
97463e7f-3917-11f1-96b0-d5a12501000f,9,5,white,opening,Nxd4,8,13,0,ok
97463e7f-3917-11f1-96b0-d5a12501000f,11,6,white,opening,Nxc6,152,11,141,mistake
97463e7f-3917-11f1-96b0-d5a12501000f,13,7,white,opening,Bg5,12,-13,25,ok
97463e7f-3917-11f1-96b0-d5a12501000f,15,8,white,opening,Bxf6,-10,-77,67,inaccuracy
97463e7f-3917-11f1-96b0-d5a12501000f,17,9,white,opening,exd5,-82,-92,10,ok
97463e7f-3917-11f1-96b0-d5a12501000f,19,10,white,opening,Nxd5,-8,-39,31,ok
97463e7f-3917-11f1-96b0-d5a12501000f,21,11,white,opening,Nxf6+,166,161,5,ok
97463e7f-3917-11f1-96b0-d5a12501000f,23,12,white,middlegame,Qe2+,154,164,0,ok
97463e7f-3917-11f1-96b0-d5a12501000f,25,13,white,middlegame,O-O-O,170,166,4,ok
97463e7f-3917-11f1-96b0-d5a12501000f,27,14,white,middlegame,Qc4,245,242,3,ok
97463e7f-3917-11f1-96b0-d5a12501000f,29,15,white,middlegame,f4,287,265,22,ok
97463e7f-3917-11f1-96b0-d5a12501000f,31,16,white,middlegame,Bd3,529,309,220,mistake
97463e7f-3917-11f1-96b0-d5a12501000f,33,17,white,middlegame,Bxe4,527,314,213,mistake
97463e7f-3917-11f1-96b0-d5a12501000f,35,18,white,middlegame,Kb1,362,370,0,ok
97463e7f-3917-11f1-96b0-d5a12501000f,37,19,white,middlegame,Qxc7,383,366,17,ok
97463e7f-3917-11f1-96b0-d5a12501000f,39,20,white,middlegame,Rd8+,99982,605,99377,blunder
97463e7f-3917-11f1-96b0-d5a12501000f,41,21,white,middlegame,Qxd8+,630,650,0,ok
97463e7f-3917-11f1-96b0-d5a12501000f,43,22,white,middlegame,Rd1,649,660,0,ok
97463e7f-3917-11f1-96b0-d5a12501000f,45,23,white,middlegame,Qd6+,692,371,321,blunder
97463e7f-3917-11f1-96b0-d5a12501000f,47,24,white,middlegame,Qd4+,431,431,0,ok
97463e7f-3917-11f1-96b0-d5a12501000f,49,25,white,middlegame,Qh4+,441,436,5,ok
97463e7f-3917-11f1-96b0-d5a12501000f,51,26,white,middlegame,Qd4+,431,435,0,ok
97463e7f-3917-11f1-96b0-d5a12501000f,53,27,white,middlegame,g4,424,323,101,mistake
97463e7f-3917-11f1-96b0-d5a12501000f,55,28,white,middlegame,h4,326,239,87,inaccuracy
97463e7f-3917-11f1-96b0-d5a12501000f,57,29,white,middlegame,a3,320,292,28,ok
97463e7f-3917-11f1-96b0-d5a12501000f,59,30,white,middlegame,g5+,346,282,64,inaccuracy
97463e7f-3917-11f1-96b0-d5a12501000f,61,31,white,middlegame,a4,298,4,294,mistake
97463e7f-3917-11f1-96b0-d5a12501000f,63,32,white,middlegame,Qxa7,335,329,6,ok
97463e7f-3917-11f1-96b0-d5a12501000f,65,33,white,middlegame,Qd4,345,210,135,mistake
97463e7f-3917-11f1-96b0-d5a12501000f,67,34,white,middlegame,b3,391,410,0,ok
97463e7f-3917-11f1-96b0-d5a12501000f,69,35,white,middlegame,Qg7,439,-567,1006,blunder
97463e7f-3917-11f1-96b0-d5a12501000f,71,36,white,middlegame,Kb2,-612,-639,27,ok
97463e7f-3917-11f1-96b0-d5a12501000f,73,37,white,middlegame,Qxh7+,-362,-379,17,ok
97463e7f-3917-11f1-96b0-d5a12501000f,75,38,white,middlegame,Qxf7,-342,-349,7,ok
97463e7f-3917-11f1-96b0-d5a12501000f,77,39,white,middlegame,Ka2,-345,-357,12,ok
97463e7f-3917-11f1-96b0-d5a12501000f,79,40,white,middlegame,Qc4+,-168,-338,170,mistake
97463e7f-3917-11f1-96b0-d5a12501000f,81,41,white,middlegame,a5,-337,-557,220,mistake
97463e7f-3917-11f1-96b0-d5a12501000f,83,42,white,middlegame,Kb2,-617,-663,46,ok
97463e7f-3917-11f1-96b0-d5a12501000f,85,43,white,middlegame,c3,-656,-720,64,inaccuracy
97463e7f-3917-11f1-96b0-d5a12501000f,87,44,white,middlegame,Ka3,-521,-812,291,mistake
97463e7f-3917-11f1-96b0-d5a12501000f,89,45,white,middlegame,Kb2,-1324,-1290,0,ok
97463e7f-3917-11f1-96b0-d5a12501000f,91,46,white,middlegame,Kb1,-1146,-1304,158,mistake
97463e7f-3917-11f1-96b0-d5a12501000f,93,47,white,middlegame,Kb2,-1303,-1305,2,ok
97463e7f-3917-11f1-96b0-d5a12501000f,95,48,white,middlegame,Kb1,-1188,-1305,117,mistake
97463e7f-3917-11f1-96b0-d5a12501000f,97,49,white,middlegame,Kb2,-1059,-99991,98932,blunder
97463e7f-3917-11f1-96b0-d5a12501000f,99,50,white,middlegame,Kc2,-7544,-1161,0,ok
97463e7f-3917-11f1-96b0-d5a12501000f,101,51,white,middlegame,Kd3,-1384,-1373,0,ok
97463e7f-3917-11f1-96b0-d5a12501000f,103,52,white,middlegame,Ke3,-1284,-1096,0,ok
97463e7f-3917-11f1-96b0-d5a12501000f,105,53,white,middlegame,Kd4,-498,-1234,736,blunder
97463e7f-3917-11f1-96b0-d5a12501000f,107,54,white,middlegame,Kc5,-1844,-754,0,ok
97463e7f-3917-11f1-96b0-d5a12501000f,109,55,white,middlegame,Kb4,-540,-652,112,mistake
97463e7f-3917-11f1-96b0-d5a12501000f,111,56,white,middlegame,Qc6,-502,-4905,4403,blunder
97463e7f-3917-11f1-96b0-d5a12501000f,113,57,white,middlegame,Kc4,-451,-454,3,ok
97463e7f-3917-11f1-96b0-d5a12501000f,115,58,white,middlegame,Qh1+,-486,-529,43,ok
97463e7f-3917-11f1-96b0-d5a12501000f,117,59,white,middlegame,Qg1+,-575,-598,23,ok
97463e7f-3917-11f1-96b0-d5a12501000f,119,60,white,middlegame,Qd4+,-628,-627,0,ok
97463e7f-3917-11f1-96b0-d5a12501000f,121,61,white,middlegame,Qd7+,-624,-636,12,ok
97463e7f-3917-11f1-96b0-d5a12501000f,123,62,white,middlegame,Qe6+,-449,-553,104,mistake
97463e7f-3917-11f1-96b0-d5a12501000f,125,63,white,middlegame,Qe7+,-504,-614,110,mistake
97463e7f-3917-11f1-96b0-d5a12501000f,127,64,white,middlegame,Qh4+,-642,-703,61,inaccuracy
97463e7f-3917-11f1-96b0-d5a12501000f,129,65,white,middlegame,Qf6,-975,-798,0,ok
97463e7f-3917-11f1-96b0-d5a12501000f,131,66,white,middlegame,Kb4,-673,-99998,99325,blunder
97463e7f-3917-11f1-96b0-d5a12501000f,133,67,white,middlegame,Ka3,-99994,-99994,0,ok
97463e7f-3917-11f1-96b0-d5a12501000f,135,68,white,middlegame,Kb2,-2774,-2774,0,ok
97463e7f-3917-11f1-96b0-d5a12501000f,137,69,white,middlegame,Kb1,-2072,-3820,1748,blunder
97463e7f-3917-11f1-96b0-d5a12501000f,139,70,white,middlegame,Kc1,-920,-795,0,ok
97463e7f-3917-11f1-96b0-d5a12501000f,141,71,white,middlegame,Kd2,-2216,-6005,3789,blunder
97463e7f-3917-11f1-96b0-d5a12501000f,143,72,white,middlegame,Ke3,-6526,-7408,882,blunder
97463e7f-3917-11f1-96b0-d5a12501000f,145,73,white,middlegame,Ke4,-2923,-1063,0,ok
97463e7f-3917-11f1-96b0-d5a12501000f,147,74,white,middlegame,Qh4+,-839,-1964,1125,blunder
97463e7f-3917-11f1-96b0-d5a12501000f,149,75,white,middlegame,Qe7+,-2171,-722,0,ok
97463e7f-3917-11f1-96b0-d5a12501000f,151,76,white,middlegame,Qe5+,-564,-600,36,ok
97463e7f-3917-11f1-96b0-d5a12501000f,153,77,white,middlegame,Qh8+,-592,-658,66,inaccuracy
97463e7f-3917-11f1-96b0-d5a12501000f,155,78,white,middlegame,Qf8+,-542,-548,6,ok
97463e7f-3917-11f1-96b0-d5a12501000f,157,79,white,middlegame,Qf3+,-443,-467,24,ok
97463e7f-3917-11f1-96b0-d5a12501000f,159,80,white,middlegame,Qg3+,0,0,0,ok
97463e7f-3917-11f1-96b0-d5a12501000f,161,81,white,middlegame,Qe5+,0,0,0,ok
97463e7f-3917-11f1-96b0-d5a12501000f,163,82,white,middlegame,Qc7+,0,0,0,ok
97463e7f-3917-11f1-96b0-d5a12501000f,165,83,white,middlegame,Qd8+,0,0,0,ok
97463e7f-3917-11f1-96b0-d5a12501000f,167,84,white,middlegame,Qe7+,0,0,0,ok
97463e7f-3917-11f1-96b0-d5a12501000f,169,85,white,middlegame,Qh4+,0,0,0,ok
97463e7f-3917-11f1-96b0-d5a12501000f,171,86,white,middlegame,Qe7+,0,0,0,ok
97463e7f-3917-11f1-96b0-d5a12501000f,173,87,white,middlegame,Qe8+,0,0,0,ok
97463e7f-3917-11f1-96b0-d5a12501000f,175,88,white,middlegame,Qe7+,0,0,0,ok
e0578f59-38d5-11f1-aa68-e459e801000f,1,1,white,opening,e4,34,35,0,ok
e0578f59-38d5-11f1-aa68-e459e801000f,3,2,white,opening,Nf3,35,35,0,ok
e0578f59-38d5-11f1-aa68-e459e801000f,5,3,white,opening,Nc3,31,9,22,ok
e0578f59-38d5-11f1-aa68-e459e801000f,7,4,white,opening,Nxe5,71,69,2,ok
e0578f59-38d5-11f1-aa68-e459e801000f,9,5,white,opening,Kxf2,97,104,0,ok
e0578f59-38d5-11f1-aa68-e459e801000f,11,6,white,opening,d4,97,95,2,ok
e0578f59-38d5-11f1-aa68-e459e801000f,13,7,white,opening,Ke1,191,160,31,ok
e0578f59-38d5-11f1-aa68-e459e801000f,15,8,white,opening,e5,143,-8,151,mistake
e0578f59-38d5-11f1-aa68-e459e801000f,17,9,white,opening,g3,-9,0,0,ok
e0578f59-38d5-11f1-aa68-e459e801000f,19,10,white,opening,Qxd4,-8,-18,10,ok
e0578f59-38d5-11f1-aa68-e459e801000f,21,11,white,opening,Bd3,-20,-232,212,mistake
e0578f59-38d5-11f1-aa68-e459e801000f,23,12,white,endgame,Kf2,-238,-243,5,ok
e0578f59-38d5-11f1-aa68-e459e801000f,25,13,white,endgame,Re1,-238,-249,11,ok
e0578f59-38d5-11f1-aa68-e459e801000f,27,14,white,endgame,Bf4,-239,-248,9,ok
e0578f59-38d5-11f1-aa68-e459e801000f,29,15,white,endgame,Nd5,-244,-249,5,ok
e0578f59-38d5-11f1-aa68-e459e801000f,31,16,white,endgame,Bf5+,-242,-263,21,ok
e0578f59-38d5-11f1-aa68-e459e801000f,33,17,white,endgame,Rad1,-258,-523,265,mistake
e0578f59-38d5-11f1-aa68-e459e801000f,35,18,white,endgame,Bxe5,-490,-583,93,inaccuracy
e0578f59-38d5-11f1-aa68-e459e801000f,37,19,white,endgame,c4,-575,-587,12,ok
e0578f59-38d5-11f1-aa68-e459e801000f,39,20,white,endgame,Nb4,-606,-626,20,ok
e0578f59-38d5-11f1-aa68-e459e801000f,41,21,white,endgame,Rxe5,-619,-824,205,mistake
e0578f59-38d5-11f1-aa68-e459e801000f,43,22,white,endgame,Kf3,-840,-950,110,mistake
e0578f59-38d5-11f1-aa68-e459e801000f,45,23,white,endgame,Kf4,-940,-971,31,ok
436ec13a-38d4-11f1-9fe0-03b62601000f,2,1,black,opening,e5,-35,-31,0,ok
436ec13a-38d4-11f1-9fe0-03b62601000f,4,2,black,opening,Nc6,-29,-29,0,ok
436ec13a-38d4-11f1-9fe0-03b62601000f,6,3,black,opening,Nf6,-6,-15,9,ok
436ec13a-38d4-11f1-9fe0-03b62601000f,8,4,black,opening,Nxe4,16,10,6,ok
436ec13a-38d4-11f1-9fe0-03b62601000f,10,5,black,opening,d5,23,15,8,ok
436ec13a-38d4-11f1-9fe0-03b62601000f,12,6,black,opening,Qxd5,139,143,0,ok
436ec13a-38d4-11f1-9fe0-03b62601000f,14,7,black,opening,Bg4,142,132,10,ok
436ec13a-38d4-11f1-9fe0-03b62601000f,16,8,black,opening,O-O-O,207,205,2,ok
436ec13a-38d4-11f1-9fe0-03b62601000f,18,9,black,opening,Nd4,274,239,35,ok
436ec13a-38d4-11f1-9fe0-03b62601000f,20,10,black,opening,Bxf3,262,283,0,ok
436ec13a-38d4-11f1-9fe0-03b62601000f,22,11,black,middlegame,Bxd1,315,333,0,ok
436ec13a-38d4-11f1-9fe0-03b62601000f,24,12,black,endgame,Rxd5,335,342,0,ok
436ec13a-38d4-11f1-9fe0-03b62601000f,26,13,black,endgame,Rd7,345,344,1,ok
436ec13a-38d4-11f1-9fe0-03b62601000f,28,14,black,endgame,Bd6,511,366,145,mistake
436ec13a-38d4-11f1-9fe0-03b62601000f,30,15,black,endgame,Nc6,449,352,97,inaccuracy
436ec13a-38d4-11f1-9fe0-03b62601000f,32,16,black,endgame,Re7,371,138,233,mistake
436ec13a-38d4-11f1-9fe0-03b62601000f,34,17,black,endgame,exd4,203,190,13,ok
436ec13a-38d4-11f1-9fe0-03b62601000f,36,18,black,endgame,Rxe1+,238,265,0,ok
436ec13a-38d4-11f1-9fe0-03b62601000f,38,19,black,endgame,Nxd4,263,250,13,ok
436ec13a-38d4-11f1-9fe0-03b62601000f,40,20,black,endgame,cxd6,505,500,5,ok
436ec13a-38d4-11f1-9fe0-03b62601000f,42,21,black,endgame,Rf8,526,520,6,ok
436ec13a-38d4-11f1-9fe0-03b62601000f,44,22,black,endgame,g5,525,512,13,ok
436ec13a-38d4-11f1-9fe0-03b62601000f,46,23,black,endgame,Nb3,519,487,32,ok
436ec13a-38d4-11f1-9fe0-03b62601000f,48,24,black,endgame,Nc1,842,251,591,blunder
436ec13a-38d4-11f1-9fe0-03b62601000f,50,25,black,endgame,Nb3,503,482,21,ok
436ec13a-38d4-11f1-9fe0-03b62601000f,52,26,black,endgame,Nc5,487,290,197,mistake
436ec13a-38d4-11f1-9fe0-03b62601000f,54,27,black,endgame,Kd7,393,332,61,inaccuracy
436ec13a-38d4-11f1-9fe0-03b62601000f,56,28,black,endgame,dxc5,355,89,266,mistake
436ec13a-38d4-11f1-9fe0-03b62601000f,58,29,black,endgame,Re8,86,0,86,inaccuracy
436ec13a-38d4-11f1-9fe0-03b62601000f,60,30,black,endgame,Re1+,5,6,0,ok
436ec13a-38d4-11f1-9fe0-03b62601000f,62,31,black,endgame,Ra1,0,0,0,ok
436ec13a-38d4-11f1-9fe0-03b62601000f,64,32,black,endgame,Ke6,6,6,0,ok
436ec13a-38d4-11f1-9fe0-03b62601000f,66,33,black,endgame,Rxa4,7,8,0,ok
436ec13a-38d4-11f1-9fe0-03b62601000f,68,34,black,endgame,b5,14,3,11,ok
436ec13a-38d4-11f1-9fe0-03b62601000f,70,35,black,endgame,b4,0,0,0,ok
436ec13a-38d4-11f1-9fe0-03b62601000f,72,36,black,endgame,Ra2+,0,0,0,ok
436ec13a-38d4-11f1-9fe0-03b62601000f,74,37,black,endgame,a5,0,0,0,ok
436ec13a-38d4-11f1-9fe0-03b62601000f,76,38,black,endgame,Kf6,148,143,5,ok
436ec13a-38d4-11f1-9fe0-03b62601000f,78,39,black,endgame,b3,361,464,0,ok
436ec13a-38d4-11f1-9fe0-03b62601000f,80,40,black,endgame,b2,628,666,0,ok
436ec13a-38d4-11f1-9fe0-03b62601000f,82,41,black,endgame,a4,688,694,0,ok
436ec13a-38d4-11f1-9fe0-03b62601000f,84,42,black,endgame,a3,99993,732,99261,blunder
436ec13a-38d4-11f1-9fe0-03b62601000f,86,43,black,endgame,Ra1+,784,988,0,ok
436ec13a-38d4-11f1-9fe0-03b62601000f,88,44,black,endgame,Rc1+,1128,1012,116,mistake
436ec13a-38d4-11f1-9fe0-03b62601000f,90,45,black,endgame,b1=Q+,99995,99996,0,ok
436ec13a-38d4-11f1-9fe0-03b62601000f,92,46,black,middlegame,Qxb8,99996,99997,0,ok
436ec13a-38d4-11f1-9fe0-03b62601000f,94,47,black,middlegame,a2,99998,99999,0,ok
436ec13a-38d4-11f1-9fe0-03b62601000f,96,48,black,middlegame,a1=N,99999,99997,2,ok
436ec13a-38d4-11f1-9fe0-03b62601000f,98,49,black,middlegame,Qb3#,99999,100000,0,ok
f1365a87-38d0-11f1-aa68-e459e801000f,2,1,black,opening,e5,-24,-27,3,ok
f1365a87-38d0-11f1-aa68-e459e801000f,4,2,black,opening,Nc6,-24,-25,1,ok
f1365a87-38d0-11f1-aa68-e459e801000f,6,3,black,opening,Nf6,-18,-29,11,ok
f1365a87-38d0-11f1-aa68-e459e801000f,8,4,black,opening,d5,-36,-52,16,ok
f1365a87-38d0-11f1-aa68-e459e801000f,10,5,black,opening,Nxd5,-57,-57,0,ok
f1365a87-38d0-11f1-aa68-e459e801000f,12,6,black,opening,Bg4,-60,-63,3,ok
f1365a87-38d0-11f1-aa68-e459e801000f,14,7,black,opening,Bxf3,-51,-130,79,inaccuracy
f1365a87-38d0-11f1-aa68-e459e801000f,16,8,black,opening,Qf6,-130,-445,315,blunder
f1365a87-38d0-11f1-aa68-e459e801000f,18,9,black,opening,Rd8,-431,-462,31,ok
f1365a87-38d0-11f1-aa68-e459e801000f,20,10,black,opening,Rb8,-406,-511,105,mistake
f1365a87-38d0-11f1-aa68-e459e801000f,22,11,black,middlegame,Bd6,-452,-436,0,ok
f1365a87-38d0-11f1-aa68-e459e801000f,24,12,black,middlegame,O-O,-408,-447,39,ok
f1365a87-38d0-11f1-aa68-e459e801000f,26,13,black,middlegame,Qf5,-334,-371,37,ok
f1365a87-38d0-11f1-aa68-e459e801000f,28,14,black,middlegame,Qh5,-365,-398,33,ok
f1365a87-38d0-11f1-aa68-e459e801000f,30,15,black,middlegame,Nd4,-290,-321,31,ok
f1365a87-38d0-11f1-aa68-e459e801000f,32,16,black,middlegame,Ne2+,-182,-409,227,mistake
f1365a87-38d0-11f1-aa68-e459e801000f,34,17,black,middlegame,Nc3,-367,-453,86,inaccuracy
f1365a87-38d0-11f1-aa68-e459e801000f,36,18,black,middlegame,Qh4,-447,-528,81,inaccuracy
f1365a87-38d0-11f1-aa68-e459e801000f,38,19,black,middlegame,Qf6,-541,-627,86,inaccuracy
f1365a87-38d0-11f1-aa68-e459e801000f,40,20,black,middlegame,b5,-497,-544,47,ok
f1365a87-38d0-11f1-aa68-e459e801000f,42,21,black,middlegame,Qxd6,-520,-541,21,ok
f1365a87-38d0-11f1-aa68-e459e801000f,44,22,black,middlegame,bxc4,-548,-558,10,ok
f1365a87-38d0-11f1-aa68-e459e801000f,46,23,black,middlegame,f6,-524,-522,0,ok
f1365a87-38d0-11f1-aa68-e459e801000f,48,24,black,middlegame,Qxd5,-488,-494,6,ok
f1365a87-38d0-11f1-aa68-e459e801000f,50,25,black,endgame,Rbd8,-487,-574,87,inaccuracy
f1365a87-38d0-11f1-aa68-e459e801000f,52,26,black,endgame,Rd7,-545,-571,26,ok
f1365a87-38d0-11f1-aa68-e459e801000f,54,27,black,endgame,Rfd8,-505,-497,0,ok
f1365a87-38d0-11f1-aa68-e459e801000f,56,28,black,endgame,c5,-481,-558,77,inaccuracy
f1365a87-38d0-11f1-aa68-e459e801000f,58,29,black,endgame,Rc8,-558,-562,4,ok
f1365a87-38d0-11f1-aa68-e459e801000f,60,30,black,endgame,f5,-554,-700,146,mistake
f1365a87-38d0-11f1-aa68-e459e801000f,62,31,black,endgame,f4,-691,-698,7,ok
f1365a87-38d0-11f1-aa68-e459e801000f,64,32,black,endgame,Re8,-680,-693,13,ok
f1365a87-38d0-11f1-aa68-e459e801000f,66,33,black,endgame,Rde7,-706,-745,39,ok
f1365a87-38d0-11f1-aa68-e459e801000f,68,34,black,endgame,Re2+,-721,-733,12,ok
f1365a87-38d0-11f1-aa68-e459e801000f,70,35,black,endgame,Rxa2,-735,-742,7,ok
f1365a87-38d0-11f1-aa68-e459e801000f,72,36,black,endgame,g5,-677,-762,85,inaccuracy
f1365a87-38d0-11f1-aa68-e459e801000f,74,37,black,endgame,h6,-663,-812,149,mistake
f1365a87-38d0-11f1-aa68-e459e801000f,76,38,black,endgame,Rc8,-833,-846,13,ok
f1365a87-38d0-11f1-aa68-e459e801000f,78,39,black,endgame,Kf7,-861,-871,10,ok
f1365a87-38d0-11f1-aa68-e459e801000f,80,40,black,endgame,Rb2,-735,-908,173,mistake
f1365a87-38d0-11f1-aa68-e459e801000f,82,41,black,endgame,Kf6,-897,-1156,259,mistake
f1365a87-38d0-11f1-aa68-e459e801000f,84,42,black,endgame,Kf7,-1102,-1208,106,mistake
f1365a87-38d0-11f1-aa68-e459e801000f,86,43,black,endgame,Rd2,-992,-99996,99004,blunder
f1365a87-38d0-11f1-aa68-e459e801000f,88,44,black,middlegame,h5,-99997,-99998,1,ok
f1365a87-38d0-11f1-aa68-e459e801000f,90,45,black,middlegame,Kg7,-99998,-99998,0,ok
f1365a87-38d0-11f1-aa68-e459e801000f,92,46,black,middlegame,Kf8,-99999,-99999,0,ok
83a4d741-38cf-11f1-977c-5b704c01000f,2,1,black,opening,e5,-33,-36,3,ok
83a4d741-38cf-11f1-977c-5b704c01000f,4,2,black,opening,Nf6,-4,-2,0,ok
83a4d741-38cf-11f1-977c-5b704c01000f,6,3,black,opening,Nc6,6,-33,39,ok
83a4d741-38cf-11f1-977c-5b704c01000f,8,4,black,opening,d5,21,17,4,ok
83a4d741-38cf-11f1-977c-5b704c01000f,10,5,black,opening,dxe4,198,202,0,ok
83a4d741-38cf-11f1-977c-5b704c01000f,12,6,black,opening,Nxe4,198,145,53,inaccuracy
83a4d741-38cf-11f1-977c-5b704c01000f,14,7,black,opening,Nxd8,160,174,0,ok
83a4d741-38cf-11f1-977c-5b704c01000f,16,8,black,opening,Bg4,188,1,187,mistake
83a4d741-38cf-11f1-977c-5b704c01000f,18,9,black,opening,Bh5,7,-41,48,ok
83a4d741-38cf-11f1-977c-5b704c01000f,20,10,black,opening,Nc5,27,28,0,ok
83a4d741-38cf-11f1-977c-5b704c01000f,22,11,black,endgame,Bg6,50,39,11,ok
83a4d741-38cf-11f1-977c-5b704c01000f,24,12,black,endgame,fxg6,58,-18,76,inaccuracy
83a4d741-38cf-11f1-977c-5b704c01000f,26,13,black,endgame,Nc6,48,42,6,ok
83a4d741-38cf-11f1-977c-5b704c01000f,28,14,black,endgame,bxc6,44,50,0,ok
83a4d741-38cf-11f1-977c-5b704c01000f,30,15,black,endgame,Nd3+,66,48,18,ok
83a4d741-38cf-11f1-977c-5b704c01000f,32,16,black,endgame,O-O-O,459,116,343,blunder
83a4d741-38cf-11f1-977c-5b704c01000f,34,17,black,endgame,Nb2,247,147,100,mistake
83a4d741-38cf-11f1-977c-5b704c01000f,36,18,black,endgame,Be7,181,176,5,ok
83a4d741-38cf-11f1-977c-5b704c01000f,38,19,black,endgame,c5,619,180,439,blunder
83a4d741-38cf-11f1-977c-5b704c01000f,40,20,black,endgame,Nd3,211,155,56,inaccuracy
83a4d741-38cf-11f1-977c-5b704c01000f,42,21,black,endgame,Bd6,150,62,88,inaccuracy
83a4d741-38cf-11f1-977c-5b704c01000f,44,22,black,endgame,Rxd6,58,55,3,ok
83a4d741-38cf-11f1-977c-5b704c01000f,46,23,black,endgame,Nxc5,53,37,16,ok
83a4d741-38cf-11f1-977c-5b704c01000f,48,24,black,endgame,a6,31,-365,396,blunder
83a4d741-38cf-11f1-977c-5b704c01000f,50,25,black,endgame,cxd6,-360,-371,11,ok
83a4d741-38cf-11f1-977c-5b704c01000f,52,26,black,endgame,Rd8,-360,-380,20,ok
83a4d741-38cf-11f1-977c-5b704c01000f,54,27,black,endgame,Ne6,-355,-374,19,ok
83a4d741-38cf-11f1-977c-5b704c01000f,56,28,black,endgame,Kc7,-381,-384,3,ok
83a4d741-38cf-11f1-977c-5b704c01000f,58,29,black,endgame,Kc6,-350,-328,0,ok
83a4d741-38cf-11f1-977c-5b704c01000f,60,30,black,endgame,d5,-319,-355,36,ok
83a4d741-38cf-11f1-977c-5b704c01000f,62,31,black,endgame,Kc5,-312,-351,39,ok
83a4d741-38cf-11f1-977c-5b704c01000f,64,32,black,endgame,Kc4,-333,-370,37,ok
83a4d741-38cf-11f1-977c-5b704c01000f,66,33,black,endgame,d4,-266,-385,119,mistake
83a4d741-38cf-11f1-977c-5b704c01000f,68,34,black,endgame,Nxd4,-401,-398,0,ok
83a4d741-38cf-11f1-977c-5b704c01000f,70,35,black,endgame,Nf5+,-5,0,0,ok
83a4d741-38cf-11f1-977c-5b704c01000f,72,36,black,endgame,Rxd1,0,0,0,ok
83a4d741-38cf-11f1-977c-5b704c01000f,74,37,black,endgame,Rg1+,0,0,0,ok
83a4d741-38cf-11f1-977c-5b704c01000f,76,38,black,endgame,Rxg6,0,0,0,ok
83a4d741-38cf-11f1-977c-5b704c01000f,78,39,black,endgame,Kb5,0,-3,3,ok
83a4d741-38cf-11f1-977c-5b704c01000f,80,40,black,endgame,Ka4,0,0,0,ok
83a4d741-38cf-11f1-977c-5b704c01000f,82,41,black,endgame,Rg4,3,7,0,ok
83a4d741-38cf-11f1-977c-5b704c01000f,84,42,black,endgame,Rxf4+,152,259,0,ok
83a4d741-38cf-11f1-977c-5b704c01000f,86,43,black,endgame,Rf6,250,273,0,ok
83a4d741-38cf-11f1-977c-5b704c01000f,88,44,black,endgame,gxf6,508,568,0,ok
83a4d741-38cf-11f1-977c-5b704c01000f,90,45,black,endgame,Kxa5,571,540,31,ok
83a4d741-38cf-11f1-977c-5b704c01000f,92,46,black,endgame,Kb4,632,618,14,ok
83a4d741-38cf-11f1-977c-5b704c01000f,94,47,black,endgame,a5,713,725,0,ok
83a4d741-38cf-11f1-977c-5b704c01000f,96,48,black,endgame,h5,723,723,0,ok
83a4d741-38cf-11f1-977c-5b704c01000f,98,49,black,endgame,a4,1056,2973,0,ok
83a4d741-38cf-11f1-977c-5b704c01000f,100,50,black,endgame,a3,4244,3874,370,blunder
83a4d741-38cf-11f1-977c-5b704c01000f,102,51,black,endgame,a2,2885,3909,0,ok
83a4d741-38cf-11f1-977c-5b704c01000f,104,52,black,endgame,a1=Q,3153,1757,1396,blunder
83a4d741-38cf-11f1-977c-5b704c01000f,106,53,black,endgame,Qg1+,4769,5354,0,ok
83a4d741-38cf-11f1-977c-5b704c01000f,108,54,black,endgame,Qg8,3995,99988,0,ok
83a4d741-38cf-11f1-977c-5b704c01000f,110,55,black,endgame,Qxh7+,2579,6427,0,ok
83a4d741-38cf-11f1-977c-5b704c01000f,112,56,black,endgame,Kc4,99992,6177,93815,blunder
83a4d741-38cf-11f1-977c-5b704c01000f,114,57,black,endgame,Kd5,99993,6485,93508,blunder
83a4d741-38cf-11f1-977c-5b704c01000f,116,58,black,endgame,Qf5,99994,99995,0,ok
83a4d741-38cf-11f1-977c-5b704c01000f,118,59,black,endgame,Kd4,99995,99996,0,ok
83a4d741-38cf-11f1-977c-5b704c01000f,120,60,black,endgame,Qd3+,99996,99996,0,ok
83a4d741-38cf-11f1-977c-5b704c01000f,122,61,black,endgame,Qc2,99996,99997,0,ok
83a4d741-38cf-11f1-977c-5b704c01000f,124,62,black,endgame,Ke3,99997,99998,0,ok
83a4d741-38cf-11f1-977c-5b704c01000f,126,63,black,endgame,Kf3,99998,99999,0,ok
83a4d741-38cf-11f1-977c-5b704c01000f,128,64,black,endgame,Qg2#,99999,100000,0,ok
1ad92504-38cf-11f1-a3da-47eca701000f,1,1,white,opening,e4,30,28,2,ok
1ad92504-38cf-11f1-a3da-47eca701000f,3,2,white,opening,Nf3,30,31,0,ok
1ad92504-38cf-11f1-a3da-47eca701000f,5,3,white,opening,Nc3,31,16,15,ok
1ad92504-38cf-11f1-a3da-47eca701000f,7,4,white,opening,d4,16,21,0,ok
1ad92504-38cf-11f1-a3da-47eca701000f,9,5,white,opening,Nxd4,19,16,3,ok
1ad92504-38cf-11f1-a3da-47eca701000f,11,6,white,opening,Nxc6,53,36,17,ok
1ad92504-38cf-11f1-a3da-47eca701000f,13,7,white,opening,Bg5,36,7,29,ok
1ad92504-38cf-11f1-a3da-47eca701000f,15,8,white,opening,e5,36,-56,92,inaccuracy
1ad92504-38cf-11f1-a3da-47eca701000f,17,9,white,opening,Kxf2,411,405,6,ok
1ad92504-38cf-11f1-a3da-47eca701000f,19,10,white,opening,Kg3,436,-362,798,blunder
1ad92504-38cf-11f1-a3da-47eca701000f,21,11,white,opening,exd6,-358,-978,620,blunder
9f2159d3-38cd-11f1-a3da-47eca701000f,2,1,black,opening,e5,-29,-32,3,ok
9f2159d3-38cd-11f1-a3da-47eca701000f,4,2,black,opening,Nc6,-29,-30,1,ok
9f2159d3-38cd-11f1-a3da-47eca701000f,6,3,black,opening,Nf6,-26,-29,3,ok
9f2159d3-38cd-11f1-a3da-47eca701000f,8,4,black,opening,Nd4,-15,-92,77,inaccuracy
9f2159d3-38cd-11f1-a3da-47eca701000f,10,5,black,opening,exd4,-95,-96,1,ok
9f2159d3-38cd-11f1-a3da-47eca701000f,12,6,black,opening,Bc5,24,-19,43,ok
9f2159d3-38cd-11f1-a3da-47eca701000f,14,7,black,opening,O-O,-9,-14,5,ok
9f2159d3-38cd-11f1-a3da-47eca701000f,16,8,black,opening,d5,29,41,0,ok
9f2159d3-38cd-11f1-a3da-47eca701000f,18,9,black,opening,Ng4,118,21,97,inaccuracy
9f2159d3-38cd-11f1-a3da-47eca701000f,20,10,black,opening,c6,24,-125,149,mistake
9f2159d3-38cd-11f1-a3da-47eca701000f,22,11,black,middlegame,bxc6,-7,-87,80,inaccuracy
9f2159d3-38cd-11f1-a3da-47eca701000f,24,12,black,middlegame,Re8,-87,-114,27,ok
9f2159d3-38cd-11f1-a3da-47eca701000f,26,13,black,middlegame,Bd6,-96,-183,87,inaccuracy
9f2159d3-38cd-11f1-a3da-47eca701000f,28,14,black,middlegame,h6,-99,-102,3,ok
9f2159d3-38cd-11f1-a3da-47eca701000f,30,15,black,middlegame,Bxe5,-37,-134,97,inaccuracy
9f2159d3-38cd-11f1-a3da-47eca701000f,32,16,black,middlegame,gxh6,212,218,0,ok
9f2159d3-38cd-11f1-a3da-47eca701000f,34,17,black,middlegame,f6,237,-764,1001,blunder
9f2159d3-38cd-11f1-a3da-47eca701000f,36,18,black,middlegame,Kf8,-823,-838,15,ok
9f2159d3-38cd-11f1-a3da-47eca701000f,38,19,black,middlegame,Ke7,-97,-159,62,inaccuracy
9f2159d3-38cd-11f1-a3da-47eca701000f,40,20,black,middlegame,Qxe8,153,148,5,ok
9f2159d3-38cd-11f1-a3da-47eca701000f,42,21,black,middlegame,Kxe8,232,238,0,ok
9f2159d3-38cd-11f1-a3da-47eca701000f,44,22,black,endgame,Bxg4,327,307,20,ok
9f2159d3-38cd-11f1-a3da-47eca701000f,46,23,black,endgame,fxe5,372,227,145,mistake
9f2159d3-38cd-11f1-a3da-47eca701000f,48,24,black,endgame,Be6,218,213,5,ok
9f2159d3-38cd-11f1-a3da-47eca701000f,50,25,black,endgame,Kd7,348,343,5,ok
9f2159d3-38cd-11f1-a3da-47eca701000f,52,26,black,endgame,Kd6,361,345,16,ok
9f2159d3-38cd-11f1-a3da-47eca701000f,54,27,black,endgame,a5,473,381,92,inaccuracy
9f2159d3-38cd-11f1-a3da-47eca701000f,56,28,black,endgame,c5,413,384,29,ok
9f2159d3-38cd-11f1-a3da-47eca701000f,58,29,black,endgame,c4,420,379,41,ok
9f2159d3-38cd-11f1-a3da-47eca701000f,60,30,black,endgame,dxc4,432,414,18,ok
9f2159d3-38cd-11f1-a3da-47eca701000f,62,31,black,endgame,cxb3,449,440,9,ok
9f2159d3-38cd-11f1-a3da-47eca701000f,64,32,black,endgame,Rg8,452,466,0,ok
9f2159d3-38cd-11f1-a3da-47eca701000f,66,33,black,endgame,Bxb3,459,445,14,ok
9f2159d3-38cd-11f1-a3da-47eca701000f,68,34,black,endgame,Rxg5,501,522,0,ok
9f2159d3-38cd-11f1-a3da-47eca701000f,70,35,black,endgame,Kc5,521,551,0,ok
9f2159d3-38cd-11f1-a3da-47eca701000f,72,36,black,endgame,Bc4+,1051,99988,0,ok
3f3169dc-38cd-11f1-9f8e-b2298901000f,2,1,black,opening,e5,-18,-30,12,ok
3f3169dc-38cd-11f1-9f8e-b2298901000f,4,2,black,opening,d5,34,28,6,ok
3f3169dc-38cd-11f1-9f8e-b2298901000f,6,3,black,opening,d4,24,-42,66,inaccuracy
3f3169dc-38cd-11f1-9f8e-b2298901000f,8,4,black,opening,exd4,-39,-39,0,ok
3f3169dc-38cd-11f1-9f8e-b2298901000f,10,5,black,opening,Nf6,51,8,43,ok
3f3169dc-38cd-11f1-9f8e-b2298901000f,12,6,black,opening,Be6,1,-45,46,ok
3f3169dc-38cd-11f1-9f8e-b2298901000f,14,7,black,opening,Ng4,54,-92,146,mistake
3f3169dc-38cd-11f1-9f8e-b2298901000f,16,8,black,opening,Qe7,-94,-85,0,ok
3f3169dc-38cd-11f1-9f8e-b2298901000f,18,9,black,opening,Bd5+,590,621,0,ok
3f3169dc-38cd-11f1-9f8e-b2298901000f,20,10,black,opening,Bxb7,622,619,3,ok
3f3169dc-38cd-11f1-9f8e-b2298901000f,22,11,black,middlegame,Bxg2,647,632,15,ok
3f3169dc-38cd-11f1-9f8e-b2298901000f,24,12,black,middlegame,Nxh2,772,793,0,ok
9ad8cf90-38cc-11f1-a3da-47eca701000f,2,1,black,opening,d5,-40,-39,0,ok
9ad8cf90-38cc-11f1-a3da-47eca701000f,4,2,black,opening,Nc6,-29,-61,32,ok
9ad8cf90-38cc-11f1-a3da-47eca701000f,6,3,black,opening,Nf6,-49,-59,10,ok
9ad8cf90-38cc-11f1-a3da-47eca701000f,8,4,black,opening,Bg4,-13,-18,5,ok
9ad8cf90-38cc-11f1-a3da-47eca701000f,10,5,black,opening,Bxf3,20,23,0,ok
9ad8cf90-38cc-11f1-a3da-47eca701000f,12,6,black,opening,e5,25,20,5,ok
9ad8cf90-38cc-11f1-a3da-47eca701000f,14,7,black,opening,e4,18,0,18,ok
9ad8cf90-38cc-11f1-a3da-47eca701000f,16,8,black,opening,Qd6,109,57,52,inaccuracy
9ad8cf90-38cc-11f1-a3da-47eca701000f,18,9,black,opening,a6,61,65,0,ok
9ad8cf90-38cc-11f1-a3da-47eca701000f,20,10,black,opening,b5,66,72,0,ok
9ad8cf90-38cc-11f1-a3da-47eca701000f,22,11,black,middlegame,b4,62,-425,487,blunder
9ad8cf90-38cc-11f1-a3da-47eca701000f,24,12,black,middlegame,Nxd5,-429,-496,67,inaccuracy
9ad8cf90-38cc-11f1-a3da-47eca701000f,26,13,black,middlegame,Ne7,-492,-615,123,mistake
9ad8cf90-38cc-11f1-a3da-47eca701000f,28,14,black,middlegame,Kd7,-633,-618,0,ok
9ad8cf90-38cc-11f1-a3da-47eca701000f,30,15,black,middlegame,b3,-625,-757,132,mistake
9ad8cf90-38cc-11f1-a3da-47eca701000f,32,16,black,middlegame,Qb4+,-788,-844,56,inaccuracy
9ad8cf90-38cc-11f1-a3da-47eca701000f,34,17,black,middlegame,Qxb3,-834,-1092,258,mistake
b668e42c-38cb-11f1-9313-7f2cd701000f,1,1,white,opening,e4,35,34,1,ok
b668e42c-38cb-11f1-9313-7f2cd701000f,3,2,white,opening,Nf3,36,37,0,ok
b668e42c-38cb-11f1-9313-7f2cd701000f,5,3,white,opening,Nc3,36,15,21,ok
b668e42c-38cb-11f1-9313-7f2cd701000f,7,4,white,opening,d4,19,19,0,ok
b668e42c-38cb-11f1-9313-7f2cd701000f,9,5,white,opening,Nxd4,18,18,0,ok
b668e42c-38cb-11f1-9313-7f2cd701000f,11,6,white,opening,Qxd4,125,111,14,ok
b668e42c-38cb-11f1-9313-7f2cd701000f,13,7,white,opening,Qe5+,188,149,39,ok
b668e42c-38cb-11f1-9313-7f2cd701000f,15,8,white,opening,Bg5,144,129,15,ok
b668e42c-38cb-11f1-9313-7f2cd701000f,17,9,white,opening,Bxf6,303,301,2,ok
b668e42c-38cb-11f1-9313-7f2cd701000f,19,10,white,opening,Qh5,303,303,0,ok
b668e42c-38cb-11f1-9313-7f2cd701000f,21,11,white,opening,Bc4,309,320,0,ok
b668e42c-38cb-11f1-9313-7f2cd701000f,23,12,white,middlegame,Bxd5,345,339,6,ok
b668e42c-38cb-11f1-9313-7f2cd701000f,25,13,white,middlegame,O-O-O,344,342,2,ok
b668e42c-38cb-11f1-9313-7f2cd701000f,27,14,white,middlegame,Bxb7,494,502,0,ok
b668e42c-38cb-11f1-9313-7f2cd701000f,29,15,white,middlegame,Qd5,579,261,318,blunder
b668e42c-38cb-11f1-9313-7f2cd701000f,31,16,white,middlegame,Qxd7+,627,641,0,ok
b668e42c-38cb-11f1-9313-7f2cd701000f,33,17,white,middlegame,Nb5,616,437,179,mistake
b668e42c-38cb-11f1-9313-7f2cd701000f,35,18,white,middlegame,Qc7,610,701,0,ok
b668e42c-38cb-11f1-9313-7f2cd701000f,37,19,white,middlegame,Bc6,698,702,0,ok
b668e42c-38cb-11f1-9313-7f2cd701000f,39,20,white,middlegame,Bxa8,740,741,0,ok
b668e42c-38cb-11f1-9313-7f2cd701000f,41,21,white,middlegame,Nxc3,883,875,8,ok
8af57f56-38ca-11f1-977c-5b704c01000f,1,1,white,opening,e4,39,39,0,ok
8af57f56-38ca-11f1-977c-5b704c01000f,3,2,white,opening,Nf3,38,35,3,ok
8af57f56-38ca-11f1-977c-5b704c01000f,5,3,white,opening,Nc3,36,19,17,ok
8af57f56-38ca-11f1-977c-5b704c01000f,7,4,white,opening,Nxe5,71,72,0,ok
8af57f56-38ca-11f1-977c-5b704c01000f,9,5,white,opening,Ng4,162,160,2,ok
8af57f56-38ca-11f1-977c-5b704c01000f,11,6,white,opening,Bb5,166,1,165,mistake
8af57f56-38ca-11f1-977c-5b704c01000f,13,7,white,opening,O-O,163,143,20,ok
8af57f56-38ca-11f1-977c-5b704c01000f,15,8,white,opening,Nxb5,152,134,18,ok
8af57f56-38ca-11f1-977c-5b704c01000f,17,9,white,opening,c4,229,239,0,ok
8af57f56-38ca-11f1-977c-5b704c01000f,19,10,white,opening,Qf3,316,151,165,mistake
8af57f56-38ca-11f1-977c-5b704c01000f,21,11,white,opening,d4,166,185,0,ok
8af57f56-38ca-11f1-977c-5b704c01000f,23,12,white,middlegame,Nxd6+,569,587,0,ok
8af57f56-38ca-11f1-977c-5b704c01000f,25,13,white,middlegame,Nxf7+,558,587,0,ok
8af57f56-38ca-11f1-977c-5b704c01000f,27,14,white,middlegame,Qf4+,780,791,0,ok
951b60f6-38c8-11f1-9f8e-b2298901000f,1,1,white,opening,e4,37,40,0,ok
951b60f6-38c8-11f1-9f8e-b2298901000f,3,2,white,opening,d4,38,36,2,ok
951b60f6-38c8-11f1-9f8e-b2298901000f,5,3,white,opening,Nc3,38,31,7,ok
951b60f6-38c8-11f1-9f8e-b2298901000f,7,4,white,opening,e5,100,122,0,ok
951b60f6-38c8-11f1-9f8e-b2298901000f,9,5,white,opening,Bf4,126,61,65,inaccuracy
951b60f6-38c8-11f1-9f8e-b2298901000f,11,6,white,opening,Qd3,109,10,99,inaccuracy
951b60f6-38c8-11f1-9f8e-b2298901000f,13,7,white,opening,Qxd4,9,14,0,ok
951b60f6-38c8-11f1-9f8e-b2298901000f,15,8,white,opening,O-O-O,16,-72,88,inaccuracy
951b60f6-38c8-11f1-9f8e-b2298901000f,17,9,white,opening,Qd2,27,-37,64,inaccuracy
951b60f6-38c8-11f1-9f8e-b2298901000f,19,10,white,opening,Nf3,32,37,0,ok
951b60f6-38c8-11f1-9f8e-b2298901000f,21,11,white,opening,Bb5,35,-27,62,inaccuracy
951b60f6-38c8-11f1-9f8e-b2298901000f,23,12,white,middlegame,Bg5,72,51,21,ok
951b60f6-38c8-11f1-9f8e-b2298901000f,25,13,white,middlegame,Nd4,300,-125,425,blunder
951b60f6-38c8-11f1-9f8e-b2298901000f,27,14,white,middlegame,Bxc6,-129,-262,133,mistake
951b60f6-38c8-11f1-9f8e-b2298901000f,29,15,white,middlegame,Qxd4,49,51,0,ok
951b60f6-38c8-11f1-9f8e-b2298901000f,31,16,white,middlegame,h4,98,55,43,ok
951b60f6-38c8-11f1-9f8e-b2298901000f,33,17,white,middlegame,f4,97,100,0,ok
951b60f6-38c8-11f1-9f8e-b2298901000f,35,18,white,middlegame,exf6,219,214,5,ok
951b60f6-38c8-11f1-9f8e-b2298901000f,37,19,white,middlegame,Bxf6,244,273,0,ok
951b60f6-38c8-11f1-9f8e-b2298901000f,39,20,white,middlegame,Be5,264,154,110,mistake
951b60f6-38c8-11f1-9f8e-b2298901000f,41,21,white,middlegame,Qxe5,157,14,143,mistake
951b60f6-38c8-11f1-9f8e-b2298901000f,43,22,white,middlegame,Qxf4,14,19,0,ok
951b60f6-38c8-11f1-9f8e-b2298901000f,45,23,white,endgame,g3,14,16,0,ok
951b60f6-38c8-11f1-9f8e-b2298901000f,47,24,white,endgame,Rhg1,12,11,1,ok
951b60f6-38c8-11f1-9f8e-b2298901000f,49,25,white,endgame,h5,7,-73,80,inaccuracy
951b60f6-38c8-11f1-9f8e-b2298901000f,51,26,white,endgame,Rd3,-75,-129,54,inaccuracy
951b60f6-38c8-11f1-9f8e-b2298901000f,53,27,white,endgame,Rh1,-128,-139,11,ok
951b60f6-38c8-11f1-9f8e-b2298901000f,55,28,white,endgame,Ne2,-135,-146,11,ok
951b60f6-38c8-11f1-9f8e-b2298901000f,57,29,white,endgame,Rc3,-158,-340,182,mistake
951b60f6-38c8-11f1-9f8e-b2298901000f,59,30,white,endgame,Rc8+,-353,-390,37,ok
951b60f6-38c8-11f1-9f8e-b2298901000f,61,31,white,endgame,Rc7+,-410,-440,30,ok
951b60f6-38c8-11f1-9f8e-b2298901000f,63,32,white,endgame,Rxh7,-442,-432,0,ok
951b60f6-38c8-11f1-9f8e-b2298901000f,65,33,white,endgame,Rxb7,-435,-492,57,inaccuracy
951b60f6-38c8-11f1-9f8e-b2298901000f,67,34,white,endgame,Rxh5,-454,-447,0,ok
951b60f6-38c8-11f1-9f8e-b2298901000f,69,35,white,endgame,Rxa7,-406,-442,36,ok
951b60f6-38c8-11f1-9f8e-b2298901000f,71,36,white,endgame,Ra6+,-423,-465,42,ok
951b60f6-38c8-11f1-9f8e-b2298901000f,73,37,white,endgame,Ra5,-470,-548,78,inaccuracy
951b60f6-38c8-11f1-9f8e-b2298901000f,75,38,white,endgame,Rxd5+,-399,-398,0,ok
951b60f6-38c8-11f1-9f8e-b2298901000f,77,39,white,endgame,Rd4,-414,-434,20,ok
951b60f6-38c8-11f1-9f8e-b2298901000f,79,40,white,endgame,c4,-441,-621,180,mistake
951b60f6-38c8-11f1-9f8e-b2298901000f,81,41,white,endgame,Rd3,-497,-756,259,mistake
951b60f6-38c8-11f1-9f8e-b2298901000f,83,42,white,endgame,Rd8,-480,-520,40,ok
951b60f6-38c8-11f1-9f8e-b2298901000f,85,43,white,endgame,Rf8+,-572,-1055,483,blunder
951b60f6-38c8-11f1-9f8e-b2298901000f,87,44,white,endgame,Rxf3+,-819,-964,145,mistake
951b60f6-38c8-11f1-9f8e-b2298901000f,89,45,white,endgame,Kd2,-99993,-99996,3,ok
a8c55293-38c6-11f1-977c-5b704c01000f,2,1,black,opening,e5,-34,-31,0,ok
a8c55293-38c6-11f1-977c-5b704c01000f,4,2,black,opening,Nc6,35,35,0,ok
a8c55293-38c6-11f1-977c-5b704c01000f,6,3,black,opening,g6,138,71,67,inaccuracy
a8c55293-38c6-11f1-977c-5b704c01000f,8,4,black,opening,Be7,77,30,47,ok
a8c55293-38c6-11f1-977c-5b704c01000f,10,5,black,opening,f6,108,-42,150,mistake
a8c55293-38c6-11f1-977c-5b704c01000f,12,6,black,opening,Bc5,-62,-128,66,inaccuracy
a8c55293-38c6-11f1-977c-5b704c01000f,14,7,black,opening,Nge7,-41,-54,13,ok
a8c55293-38c6-11f1-977c-5b704c01000f,16,8,black,opening,d5,134,134,0,ok
a8c55293-38c6-11f1-977c-5b704c01000f,18,9,black,opening,Nxd5,184,-84,268,mistake
a8c55293-38c6-11f1-977c-5b704c01000f,20,10,black,opening,Nf4,0,-111,111,mistake
a8c55293-38c6-11f1-977c-5b704c01000f,22,11,black,middlegame,Bf5,-108,-325,217,mistake
a8c55293-38c6-11f1-977c-5b704c01000f,24,12,black,middlegame,e4,-343,-596,253,mistake
a8c55293-38c6-11f1-977c-5b704c01000f,26,13,black,middlegame,exf3,-577,-679,102,mistake
a8c55293-38c6-11f1-977c-5b704c01000f,28,14,black,middlegame,Qd7,-522,-639,117,mistake
a8c55293-38c6-11f1-977c-5b704c01000f,30,15,black,middlegame,O-O-O,-413,-459,46,ok
a8c55293-38c6-11f1-977c-5b704c01000f,32,16,black,middlegame,Na5,-463,-462,0,ok
a8c55293-38c6-11f1-977c-5b704c01000f,34,17,black,middlegame,Rhe8,-411,-424,13,ok
a8c55293-38c6-11f1-977c-5b704c01000f,36,18,black,middlegame,bxc6,-388,-425,37,ok
a8c55293-38c6-11f1-977c-5b704c01000f,38,19,black,middlegame,Nxc6,-446,-429,0,ok
a8c55293-38c6-11f1-977c-5b704c01000f,40,20,black,middlegame,Be4,-393,-404,11,ok
a8c55293-38c6-11f1-977c-5b704c01000f,42,21,black,middlegame,g5,-393,-428,35,ok
a8c55293-38c6-11f1-977c-5b704c01000f,44,22,black,middlegame,Qd3,-312,-536,224,mistake
a8c55293-38c6-11f1-977c-5b704c01000f,46,23,black,middlegame,a6,-420,-99999,99579,blunder
a8c55293-38c6-11f1-977c-5b704c01000f,48,24,black,middlegame,Nxa7,-429,-432,3,ok
a8c55293-38c6-11f1-977c-5b704c01000f,50,25,black,middlegame,Rd6,-436,-492,56,inaccuracy
a8c55293-38c6-11f1-977c-5b704c01000f,52,26,black,middlegame,Qxg3,-484,-499,15,ok
a8c55293-38c6-11f1-977c-5b704c01000f,54,27,black,endgame,Rde6,-462,-595,133,mistake
a8c55293-38c6-11f1-977c-5b704c01000f,56,28,black,endgame,Rxe6,-600,-610,10,ok
a8c55293-38c6-11f1-977c-5b704c01000f,58,29,black,endgame,f5,-531,-587,56,inaccuracy
a8c55293-38c6-11f1-977c-5b704c01000f,60,30,black,endgame,fxg4,-574,-574,0,ok
a8c55293-38c6-11f1-977c-5b704c01000f,62,31,black,endgame,Kb7,-572,-728,156,mistake
a8c55293-38c6-11f1-977c-5b704c01000f,64,32,black,endgame,Rc6,-730,-725,0,ok
a8c55293-38c6-11f1-977c-5b704c01000f,66,33,black,endgame,Rxc3,-697,-737,40,ok
a8c55293-38c6-11f1-977c-5b704c01000f,68,34,black,endgame,h5,-688,-769,81,inaccuracy
a8c55293-38c6-11f1-977c-5b704c01000f,70,35,black,endgame,Ka7,-756,-99992,99236,blunder
a8c55293-38c6-11f1-977c-5b704c01000f,72,36,black,endgame,c5,-99993,-99994,1,ok
a8c55293-38c6-11f1-977c-5b704c01000f,74,37,black,endgame,Ka8,-99995,-99995,0,ok
a8c55293-38c6-11f1-977c-5b704c01000f,76,38,black,endgame,Rc1+,-99996,-99996,0,ok
a8c55293-38c6-11f1-977c-5b704c01000f,78,39,black,endgame,g3,-99997,-99997,0,ok
a8c55293-38c6-11f1-977c-5b704c01000f,80,40,black,endgame,gxh2+,-99998,-99998,0,ok
a8c55293-38c6-11f1-977c-5b704c01000f,82,41,black,endgame,h4,-99999,-99999,0,ok
65fc0023-38c6-11f1-9f8e-b2298901000f,1,1,white,opening,e4,37,34,3,ok
65fc0023-38c6-11f1-9f8e-b2298901000f,3,2,white,opening,Nf3,35,33,2,ok
65fc0023-38c6-11f1-9f8e-b2298901000f,5,3,white,opening,Nc3,129,126,3,ok
65fc0023-38c6-11f1-9f8e-b2298901000f,7,4,white,opening,d4,218,214,4,ok
65fc0023-38c6-11f1-9f8e-b2298901000f,9,5,white,opening,dxe5,225,205,20,ok
65fc0023-38c6-11f1-9f8e-b2298901000f,11,6,white,opening,Bg5,202,197,5,ok
65fc0023-38c6-11f1-9f8e-b2298901000f,13,7,white,opening,Qd8#,99999,100000,0,ok
f8c34cb3-38c4-11f1-96b0-d5a12501000f,2,1,black,opening,e5,-30,-29,0,ok
f8c34cb3-38c4-11f1-96b0-d5a12501000f,4,2,black,opening,Nf6,27,19,8,ok
f8c34cb3-38c4-11f1-96b0-d5a12501000f,6,3,black,opening,Nc6,19,20,0,ok
f8c34cb3-38c4-11f1-96b0-d5a12501000f,8,4,black,opening,Bb4,29,21,8,ok
f8c34cb3-38c4-11f1-96b0-d5a12501000f,10,5,black,opening,Bxc3,24,13,11,ok
f8c34cb3-38c4-11f1-96b0-d5a12501000f,12,6,black,opening,d6,9,-36,45,ok
f8c34cb3-38c4-11f1-96b0-d5a12501000f,14,7,black,opening,O-O,-22,-30,8,ok
f8c34cb3-38c4-11f1-96b0-d5a12501000f,16,8,black,opening,a5,-14,-12,0,ok
f8c34cb3-38c4-11f1-96b0-d5a12501000f,18,9,black,opening,b6,7,6,1,ok
f8c34cb3-38c4-11f1-96b0-d5a12501000f,20,10,black,opening,Re8,5,6,0,ok
f8c34cb3-38c4-11f1-96b0-d5a12501000f,22,11,black,middlegame,d5,83,92,0,ok
f8c34cb3-38c4-11f1-96b0-d5a12501000f,24,12,black,middlegame,dxe4,125,87,38,ok
f8c34cb3-38c4-11f1-96b0-d5a12501000f,26,13,black,middlegame,Nxe4,67,66,1,ok
f8c34cb3-38c4-11f1-96b0-d5a12501000f,28,14,black,middlegame,Rxd8,68,60,8,ok
f8c34cb3-38c4-11f1-96b0-d5a12501000f,30,15,black,endgame,Nxe5,50,62,0,ok
f8c34cb3-38c4-11f1-96b0-d5a12501000f,32,16,black,endgame,Re8,44,44,0,ok
f8c34cb3-38c4-11f1-96b0-d5a12501000f,34,17,black,endgame,Ng3,46,25,21,ok
f8c34cb3-38c4-11f1-96b0-d5a12501000f,36,18,black,endgame,Bxh3,501,476,25,ok
f8c34cb3-38c4-11f1-96b0-d5a12501000f,38,19,black,endgame,f6,591,479,112,mistake
f8c34cb3-38c4-11f1-96b0-d5a12501000f,40,20,black,endgame,fxe5,520,545,0,ok
f8c34cb3-38c4-11f1-96b0-d5a12501000f,42,21,black,endgame,Rxe8,540,547,0,ok
f8c34cb3-38c4-11f1-96b0-d5a12501000f,44,22,black,endgame,Rxe5+,551,550,1,ok
f8c34cb3-38c4-11f1-96b0-d5a12501000f,46,23,black,endgame,Nxh5,572,566,6,ok
f8c34cb3-38c4-11f1-96b0-d5a12501000f,48,24,black,endgame,Rc5,576,569,7,ok
f8c34cb3-38c4-11f1-96b0-d5a12501000f,50,25,black,endgame,g5,572,565,7,ok
f8c34cb3-38c4-11f1-96b0-d5a12501000f,52,26,black,endgame,Nf4,606,531,75,inaccuracy
f8c34cb3-38c4-11f1-96b0-d5a12501000f,54,27,black,endgame,h5+,559,572,0,ok
f8c34cb3-38c4-11f1-96b0-d5a12501000f,56,28,black,endgame,Ne2+,569,556,13,ok
f8c34cb3-38c4-11f1-96b0-d5a12501000f,58,29,black,endgame,Nc3,564,461,103,mistake
f8c34cb3-38c4-11f1-96b0-d5a12501000f,60,30,black,endgame,Kf7,496,507,0,ok
f8c34cb3-38c4-11f1-96b0-d5a12501000f,62,31,black,endgame,Rf5+,519,515,4,ok
f8c34cb3-38c4-11f1-96b0-d5a12501000f,64,32,black,endgame,Ke7,536,487,49,ok
f8c34cb3-38c4-11f1-96b0-d5a12501000f,66,33,black,endgame,Re5+,588,413,175,mistake
1f5312ed-3846-11f1-96b0-d5a12501000f,2,1,black,opening,e5,-32,-33,1,ok
1f5312ed-3846-11f1-96b0-d5a12501000f,4,2,black,opening,Nc6,-34,-33,0,ok
1f5312ed-3846-11f1-96b0-d5a12501000f,6,3,black,opening,Nf6,-30,-32,2,ok
1f5312ed-3846-11f1-96b0-d5a12501000f,8,4,black,opening,Bc5,-32,-75,43,ok
1f5312ed-3846-11f1-96b0-d5a12501000f,10,5,black,opening,d5,4,-305,309,blunder
1f5312ed-3846-11f1-96b0-d5a12501000f,12,6,black,opening,dxe4,63,72,0,ok
1f5312ed-3846-11f1-96b0-d5a12501000f,14,7,black,opening,O-O,59,59,0,ok
1f5312ed-3846-11f1-96b0-d5a12501000f,16,8,black,opening,bxc6,178,183,0,ok
1f5312ed-3846-11f1-96b0-d5a12501000f,18,9,black,opening,Rb8,432,92,340,blunder
1f5312ed-3846-11f1-96b0-d5a12501000f,20,10,black,opening,Re8,336,-125,461,blunder
1f5312ed-3846-11f1-96b0-d5a12501000f,22,11,black,middlegame,Bg4,382,-38,420,blunder
1f5312ed-3846-11f1-96b0-d5a12501000f,24,12,black,middlegame,Qd6,-34,-136,102,mistake
1f5312ed-3846-11f1-96b0-d5a12501000f,26,13,black,middlegame,Bf5,109,-151,260,mistake
1f5312ed-3846-11f1-96b0-d5a12501000f,28,14,black,middlegame,Bxe4,160,-234,394,blunder
1f5312ed-3846-11f1-96b0-d5a12501000f,30,15,black,middlegame,Qxf6,368,-289,657,blunder
1f5312ed-3846-11f1-96b0-d5a12501000f,32,16,black,middlegame,Rxe4,-287,-527,240,mistake
1f5312ed-3846-11f1-96b0-d5a12501000f,34,17,black,middlegame,Bd6,-477,-495,18,ok
1f5312ed-3846-11f1-96b0-d5a12501000f,36,18,black,middlegame,g6,-490,-487,0,ok
1f5312ed-3846-11f1-96b0-d5a12501000f,38,19,black,middlegame,Rxe8,-493,-489,0,ok
1f5312ed-3846-11f1-96b0-d5a12501000f,40,20,black,middlegame,Kg7,-491,-500,9,ok
1f5312ed-3846-11f1-96b0-d5a12501000f,42,21,black,middlegame,Qh4,-478,-490,12,ok
1f5312ed-3846-11f1-96b0-d5a12501000f,44,22,black,middlegame,Qf6,-491,-508,17,ok
1f5312ed-3846-11f1-96b0-d5a12501000f,46,23,black,middlegame,Bc5,-498,-509,11,ok
1f5312ed-3846-11f1-96b0-d5a12501000f,48,24,black,middlegame,a5,-454,-492,38,ok
1f5312ed-3846-11f1-96b0-d5a12501000f,50,25,black,middlegame,Bd4,-358,-462,104,mistake
1f5312ed-3846-11f1-96b0-d5a12501000f,52,26,black,middlegame,Bxb2,-468,-474,6,ok
1f5312ed-3846-11f1-96b0-d5a12501000f,54,27,black,middlegame,Bd4,-464,-492,28,ok
1f5312ed-3846-11f1-96b0-d5a12501000f,56,28,black,middlegame,Qf5,-506,-737,231,mistake
1f5312ed-3846-11f1-96b0-d5a12501000f,58,29,black,middlegame,Kh6,-807,-807,0,ok
1f5312ed-3846-11f1-96b0-d5a12501000f,60,30,black,middlegame,Kg7,-815,-803,0,ok
1f5312ed-3846-11f1-96b0-d5a12501000f,62,31,black,middlegame,Kh6,-847,-834,0,ok
1f5312ed-3846-11f1-96b0-d5a12501000f,64,32,black,middlegame,Qb1+,-809,-858,49,ok
1f5312ed-3846-11f1-96b0-d5a12501000f,66,33,black,middlegame,f6,-859,-99996,99137,blunder
1f5312ed-3846-11f1-96b0-d5a12501000f,68,34,black,middlegame,Kg7,-99997,-99997,0,ok
1f5312ed-3846-11f1-96b0-d5a12501000f,70,35,black,middlegame,Kf8,-99998,-99998,0,ok
1f5312ed-3846-11f1-96b0-d5a12501000f,72,36,black,middlegame,Qe4+,-99997,-99997,0,ok
5ac48376-37f1-11f1-b394-52dda301000f,1,1,white,opening,e4,33,31,2,ok
5ac48376-37f1-11f1-b394-52dda301000f,3,2,white,opening,Nf3,32,31,1,ok
5ac48376-37f1-11f1-b394-52dda301000f,5,3,white,opening,Nxe5,101,84,17,ok
5ac48376-37f1-11f1-b394-52dda301000f,7,4,white,opening,Qh5,158,-252,410,blunder
5ac48376-37f1-11f1-b394-52dda301000f,9,5,white,opening,Bb5+,146,-144,290,mistake
5ac48376-37f1-11f1-b394-52dda301000f,11,6,white,opening,Nxf7,-137,-354,217,mistake
5ac48376-37f1-11f1-b394-52dda301000f,13,7,white,opening,Bd3,-323,-791,468,blunder
9ca582d2-37ef-11f1-b394-52dda301000f,2,1,black,opening,d5,-31,-35,4,ok
9ca582d2-37ef-11f1-b394-52dda301000f,4,2,black,opening,Nf6,-15,-14,0,ok
9ca582d2-37ef-11f1-b394-52dda301000f,6,3,black,opening,Nc6,-16,-59,43,ok
9ca582d2-37ef-11f1-b394-52dda301000f,8,4,black,opening,Bg4,-4,-17,13,ok
9ca582d2-37ef-11f1-b394-52dda301000f,10,5,black,opening,e5,60,62,0,ok
9ca582d2-37ef-11f1-b394-52dda301000f,12,6,black,opening,Nxe5,90,91,0,ok
9ca582d2-37ef-11f1-b394-52dda301000f,14,7,black,opening,Bxf3,163,97,66,inaccuracy
9ca582d2-37ef-11f1-b394-52dda301000f,16,8,black,opening,Bc5,97,92,5,ok
9ca582d2-37ef-11f1-b394-52dda301000f,18,9,black,opening,Qd6,100,49,51,inaccuracy
9ca582d2-37ef-11f1-b394-52dda301000f,20,10,black,opening,O-O,101,92,9,ok
9ca582d2-37ef-11f1-b394-52dda301000f,22,11,black,middlegame,a5,147,112,35,ok
9ca582d2-37ef-11f1-b394-52dda301000f,24,12,black,middlegame,a4,118,101,17,ok
9ca582d2-37ef-11f1-b394-52dda301000f,26,13,black,middlegame,a3,111,52,59,inaccuracy
9ca582d2-37ef-11f1-b394-52dda301000f,28,14,black,middlegame,b5,140,-48,188,mistake
9ca582d2-37ef-11f1-b394-52dda301000f,30,15,black,middlegame,c6,-46,-84,38,ok
9ca582d2-37ef-11f1-b394-52dda301000f,32,16,black,middlegame,Rfb8,-78,-137,59,inaccuracy
9ca582d2-37ef-11f1-b394-52dda301000f,34,17,black,middlegame,d4,163,120,43,ok
9ca582d2-37ef-11f1-b394-52dda301000f,36,18,black,middlegame,Bb6,212,-84,296,mistake
9ca582d2-37ef-11f1-b394-52dda301000f,38,19,black,middlegame,Nxd3+,253,257,0,ok
9ca582d2-37ef-11f1-b394-52dda301000f,40,20,black,middlegame,Nxe4,270,253,17,ok
9ca582d2-37ef-11f1-b394-52dda301000f,42,21,black,middlegame,Nxf2,346,355,0,ok
9ca582d2-37ef-11f1-b394-52dda301000f,44,22,black,middlegame,Qf6,361,361,0,ok
9ca582d2-37ef-11f1-b394-52dda301000f,46,23,black,middlegame,d3,362,385,0,ok
9ca582d2-37ef-11f1-b394-52dda301000f,48,24,black,middlegame,Re8,395,230,165,mistake
9ca582d2-37ef-11f1-b394-52dda301000f,50,25,black,middlegame,d2+,272,-72,344,blunder
9ca582d2-37ef-11f1-b394-52dda301000f,52,26,black,middlegame,Rad8+,516,275,241,mistake
9ca582d2-37ef-11f1-b394-52dda301000f,54,27,black,middlegame,Bd4,480,-312,792,blunder
9ca582d2-37ef-11f1-b394-52dda301000f,56,28,black,middlegame,Rxe5,-395,-398,3,ok
9ca582d2-37ef-11f1-b394-52dda301000f,58,29,black,middlegame,Rxd4,346,-343,689,blunder
9ca582d2-37ef-11f1-b394-52dda301000f,60,30,black,middlegame,Rxf4,643,679,0,ok
9ca582d2-37ef-11f1-b394-52dda301000f,62,31,black,middlegame,Rf2+,801,838,0,ok
9ca582d2-37ef-11f1-b394-52dda301000f,64,32,black,middlegame,Qxf2+,99989,99991,0,ok
9d3a65dd-37ee-11f1-aa68-e459e801000f,1,1,white,opening,e4,32,32,0,ok
9d3a65dd-37ee-11f1-aa68-e459e801000f,3,2,white,opening,exd5,71,79,0,ok
9d3a65dd-37ee-11f1-aa68-e459e801000f,5,3,white,opening,Nc3,71,77,0,ok
9d3a65dd-37ee-11f1-aa68-e459e801000f,7,4,white,opening,Nf3,78,74,4,ok
9d3a65dd-37ee-11f1-aa68-e459e801000f,9,5,white,opening,d4,78,88,0,ok
9d3a65dd-37ee-11f1-aa68-e459e801000f,11,6,white,opening,Bg5,74,30,44,ok
9d3a65dd-37ee-11f1-aa68-e459e801000f,13,7,white,opening,Bxf6,33,15,18,ok
9d3a65dd-37ee-11f1-aa68-e459e801000f,15,8,white,opening,Be2,19,14,5,ok
9d3a65dd-37ee-11f1-aa68-e459e801000f,17,9,white,opening,O-O,18,-20,38,ok
9d3a65dd-37ee-11f1-aa68-e459e801000f,19,10,white,opening,Qd3,16,-90,106,mistake
9d3a65dd-37ee-11f1-aa68-e459e801000f,21,11,white,opening,dxe5,20,-38,58,inaccuracy
9d3a65dd-37ee-11f1-aa68-e459e801000f,23,12,white,middlegame,Ng5,169,191,0,ok
9d3a65dd-37ee-11f1-aa68-e459e801000f,25,13,white,middlegame,Qxe2,277,287,0,ok
9d3a65dd-37ee-11f1-aa68-e459e801000f,27,14,white,middlegame,Nxf7,301,301,0,ok
9d3a65dd-37ee-11f1-aa68-e459e801000f,29,15,white,middlegame,Ne4,292,303,0,ok
9d3a65dd-37ee-11f1-aa68-e459e801000f,31,16,white,middlegame,Ned6+,355,-368,723,blunder
9d3a65dd-37ee-11f1-aa68-e459e801000f,33,17,white,middlegame,Rad1,-359,-99999,99640,blunder
2dbbb901-37ed-11f1-96b0-d5a12501000f,1,1,white,opening,e4,35,35,0,ok
2dbbb901-37ed-11f1-96b0-d5a12501000f,3,2,white,opening,Nf3,32,37,0,ok
2dbbb901-37ed-11f1-96b0-d5a12501000f,5,3,white,opening,Nc3,32,23,9,ok
2dbbb901-37ed-11f1-96b0-d5a12501000f,7,4,white,opening,Nxe5,66,67,0,ok
2dbbb901-37ed-11f1-96b0-d5a12501000f,9,5,white,opening,d4,63,76,0,ok
2dbbb901-37ed-11f1-96b0-d5a12501000f,11,6,white,opening,dxe5,265,126,139,mistake
2dbbb901-37ed-11f1-96b0-d5a12501000f,13,7,white,opening,Bd3,119,68,51,inaccuracy
2dbbb901-37ed-11f1-96b0-d5a12501000f,15,8,white,opening,Bd2,140,157,0,ok
2dbbb901-37ed-11f1-96b0-d5a12501000f,17,9,white,opening,Nxd5,221,215,6,ok
2dbbb901-37ed-11f1-96b0-d5a12501000f,19,10,white,opening,Qxd2,196,210,0,ok
2dbbb901-37ed-11f1-96b0-d5a12501000f,21,11,white,opening,Nxf6+,207,201,6,ok
2dbbb901-37ed-11f1-96b0-d5a12501000f,23,12,white,middlegame,O-O-O,202,206,0,ok
2dbbb901-37ed-11f1-96b0-d5a12501000f,25,13,white,middlegame,Rhe1,233,227,6,ok
2dbbb901-37ed-11f1-96b0-d5a12501000f,27,14,white,middlegame,a3,241,243,0,ok
2dbbb901-37ed-11f1-96b0-d5a12501000f,29,15,white,middlegame,Bb5+,356,348,8,ok
2dbbb901-37ed-11f1-96b0-d5a12501000f,31,16,white,middlegame,Bxc6+,812,861,0,ok
2dbbb901-37ed-11f1-96b0-d5a12501000f,33,17,white,middlegame,Qxd7+,924,913,11,ok
2dbbb901-37ed-11f1-96b0-d5a12501000f,35,18,white,middlegame,Bxa8,937,947,0,ok
2dbbb901-37ed-11f1-96b0-d5a12501000f,37,19,white,middlegame,Qd8+,951,899,52,inaccuracy
2dbbb901-37ed-11f1-96b0-d5a12501000f,39,20,white,middlegame,Qxf6+,893,901,0,ok
2dbbb901-37ed-11f1-96b0-d5a12501000f,41,21,white,endgame,e5+,899,884,15,ok
2dbbb901-37ed-11f1-96b0-d5a12501000f,43,22,white,endgame,Bd5,921,886,35,ok
2dbbb901-37ed-11f1-96b0-d5a12501000f,45,23,white,endgame,e6,876,886,0,ok
2dbbb901-37ed-11f1-96b0-d5a12501000f,47,24,white,endgame,Rxe6,889,902,0,ok
2dbbb901-37ed-11f1-96b0-d5a12501000f,49,25,white,endgame,Bxe6,923,920,3,ok
2dbbb901-37ed-11f1-96b0-d5a12501000f,51,26,white,endgame,Bh3,917,887,30,ok
2dbbb901-37ed-11f1-96b0-d5a12501000f,53,27,white,endgame,Rd5,909,909,0,ok
2dbbb901-37ed-11f1-96b0-d5a12501000f,55,28,white,endgame,Rxb5,920,923,0,ok
2dbbb901-37ed-11f1-96b0-d5a12501000f,57,29,white,endgame,g3,933,933,0,ok
2dbbb901-37ed-11f1-96b0-d5a12501000f,59,30,white,endgame,Rxh5,956,948,8,ok
2dbbb901-37ed-11f1-96b0-d5a12501000f,61,31,white,endgame,Rd5,948,944,4,ok
2dbbb901-37ed-11f1-96b0-d5a12501000f,63,32,white,endgame,c4,930,900,30,ok
fc533385-37e7-11f1-977c-5b704c01000f,2,1,black,opening,e5,-38,-32,0,ok
fc533385-37e7-11f1-977c-5b704c01000f,4,2,black,opening,Nf6,-1,-7,6,ok
fc533385-37e7-11f1-977c-5b704c01000f,6,3,black,opening,d5,5,-63,68,inaccuracy
fc533385-37e7-11f1-977c-5b704c01000f,8,4,black,opening,Nxd5,-57,-66,9,ok
fc533385-37e7-11f1-977c-5b704c01000f,10,5,black,opening,Be6,-36,-35,0,ok
fc533385-37e7-11f1-977c-5b704c01000f,12,6,black,opening,Nc6,3,0,3,ok
fc533385-37e7-11f1-977c-5b704c01000f,14,7,black,opening,Bb4,-6,-41,35,ok
fc533385-37e7-11f1-977c-5b704c01000f,16,8,black,opening,Bxc3,-35,-76,41,ok
fc533385-37e7-11f1-977c-5b704c01000f,18,9,black,opening,Qd6,-39,-41,2,ok
fc533385-37e7-11f1-977c-5b704c01000f,20,10,black,opening,exd4,14,13,1,ok
fc533385-37e7-11f1-977c-5b704c01000f,22,11,black,middlegame,O-O-O,0,2,0,ok
fc533385-37e7-11f1-977c-5b704c01000f,24,12,black,middlegame,Bxd5,130,135,0,ok
fc533385-37e7-11f1-977c-5b704c01000f,26,13,black,middlegame,h5,144,-87,231,mistake
fc533385-37e7-11f1-977c-5b704c01000f,28,14,black,middlegame,Qf6,124,0,124,mistake
fc533385-37e7-11f1-977c-5b704c01000f,30,15,black,middlegame,Nb4,2,-198,200,mistake
fc533385-37e7-11f1-977c-5b704c01000f,32,16,black,middlegame,a5,-199,-406,207,mistake
fc533385-37e7-11f1-977c-5b704c01000f,34,17,black,middlegame,Rxd5,-408,-501,93,inaccuracy
fc533385-37e7-11f1-977c-5b704c01000f,36,18,black,middlegame,Nc6,-577,-596,19,ok
fc533385-37e7-11f1-977c-5b704c01000f,38,19,black,middlegame,Rd8,-658,-674,16,ok
fc533385-37e7-11f1-977c-5b704c01000f,40,20,black,middlegame,Nxd4,-634,-663,29,ok
fc533385-37e7-11f1-977c-5b704c01000f,42,21,black,middlegame,Qxf4,-650,-672,22,ok
fc533385-37e7-11f1-977c-5b704c01000f,44,22,black,middlegame,h4,-673,-1016,343,blunder
fc533385-37e7-11f1-977c-5b704c01000f,46,23,black,middlegame,Rd7,-683,-774,91,inaccuracy
fc533385-37e7-11f1-977c-5b704c01000f,48,24,black,middlegame,Kb8,-732,-888,156,mistake
fc533385-37e7-11f1-977c-5b704c01000f,50,25,black,middlegame,Qg5,-630,-631,1,ok
fc533385-37e7-11f1-977c-5b704c01000f,52,26,black,middlegame,Qg6,-598,-764,166,mistake
fc533385-37e7-11f1-977c-5b704c01000f,54,27,black,middlegame,f5,-592,-668,76,inaccuracy
fc533385-37e7-11f1-977c-5b704c01000f,56,28,black,middlegame,hxg3,-690,-99998,99308,blunder
fc533385-37e7-11f1-977c-5b704c01000f,58,29,black,middlegame,Kc8,-99999,-99999,0,ok
66160c10-37e7-11f1-aa68-e459e801000f,1,1,white,opening,e4,36,34,2,ok
66160c10-37e7-11f1-aa68-e459e801000f,3,2,white,opening,Nf3,35,37,0,ok
66160c10-37e7-11f1-aa68-e459e801000f,5,3,white,opening,Nc3,38,28,10,ok
66160c10-37e7-11f1-aa68-e459e801000f,7,4,white,opening,d4,126,125,1,ok
66160c10-37e7-11f1-aa68-e459e801000f,9,5,white,opening,d5,185,171,14,ok
66160c10-37e7-11f1-aa68-e459e801000f,11,6,white,opening,Bb5,173,82,91,inaccuracy
66160c10-37e7-11f1-aa68-e459e801000f,13,7,white,opening,dxc6,123,57,66,inaccuracy
66160c10-37e7-11f1-aa68-e459e801000f,15,8,white,opening,Bc4,81,61,20,ok
66160c10-37e7-11f1-aa68-e459e801000f,17,9,white,opening,Bxe6,191,175,16,ok
66160c10-37e7-11f1-aa68-e459e801000f,19,10,white,opening,Bg5,179,157,22,ok
66160c10-37e7-11f1-aa68-e459e801000f,21,11,white,opening,Qd3,156,160,0,ok
66160c10-37e7-11f1-aa68-e459e801000f,23,12,white,middlegame,O-O-O,170,161,9,ok
66160c10-37e7-11f1-aa68-e459e801000f,25,13,white,middlegame,Rhf1,537,438,99,inaccuracy
66160c10-37e7-11f1-aa68-e459e801000f,27,14,white,middlegame,Qxd6,524,535,0,ok
66160c10-37e7-11f1-aa68-e459e801000f,29,15,white,middlegame,Qxe6+,624,669,0,ok
66160c10-37e7-11f1-aa68-e459e801000f,31,16,white,middlegame,h3,673,669,4,ok
66160c10-37e7-11f1-aa68-e459e801000f,33,17,white,middlegame,Bxf6,666,671,0,ok
66160c10-37e7-11f1-aa68-e459e801000f,35,18,white,middlegame,Qe8+,1079,99992,0,ok
66160c10-37e7-11f1-aa68-e459e801000f,37,19,white,middlegame,Qxh5+,99992,1078,98914,blunder
66160c10-37e7-11f1-aa68-e459e801000f,39,20,white,middlegame,Ng5+,99998,99999,0,ok
66160c10-37e7-11f1-aa68-e459e801000f,41,21,white,middlegame,Qe8#,99999,100000,0,ok
dc85d487-37e6-11f1-b011-b5e2bf01000f,2,1,black,opening,e5,-38,-38,0,ok
dc85d487-37e6-11f1-b011-b5e2bf01000f,4,2,black,opening,Nc6,-39,-39,0,ok
dc85d487-37e6-11f1-b011-b5e2bf01000f,6,3,black,opening,Nf6,-21,-29,8,ok
dc85d487-37e6-11f1-b011-b5e2bf01000f,8,4,black,opening,d5,-27,-172,145,mistake
dc85d487-37e6-11f1-b011-b5e2bf01000f,10,5,black,opening,Nxd5,-147,-177,30,ok
dc85d487-37e6-11f1-b011-b5e2bf01000f,12,6,black,opening,Qxd5,-11,-24,13,ok
dc85d487-37e6-11f1-b011-b5e2bf01000f,14,7,black,opening,Qc5,67,-93,160,mistake
dc85d487-37e6-11f1-b011-b5e2bf01000f,16,8,black,opening,Bd7,-80,-143,63,inaccuracy
dc85d487-37e6-11f1-b011-b5e2bf01000f,18,9,black,opening,O-O-O,-77,-80,3,ok
dc85d487-37e6-11f1-b011-b5e2bf01000f,20,10,black,opening,Qd6,0,0,0,ok
dc85d487-37e6-11f1-b011-b5e2bf01000f,22,11,black,middlegame,Bxc6,107,117,0,ok
dc85d487-37e6-11f1-b011-b5e2bf01000f,24,12,black,middlegame,Qxd3,207,-159,366,blunder
dc85d487-37e6-11f1-b011-b5e2bf01000f,26,13,black,middlegame,Qe4,257,293,0,ok
dc85d487-37e6-11f1-b011-b5e2bf01000f,28,14,black,middlegame,Qxg2#,99999,100000,0,ok
29dd3feb-37e5-11f1-977c-5b704c01000f,1,1,white,opening,e4,41,38,3,ok
29dd3feb-37e5-11f1-977c-5b704c01000f,3,2,white,opening,Nf3,43,42,1,ok
29dd3feb-37e5-11f1-977c-5b704c01000f,5,3,white,opening,Nc3,64,49,15,ok
29dd3feb-37e5-11f1-977c-5b704c01000f,7,4,white,opening,d4,136,147,0,ok
29dd3feb-37e5-11f1-977c-5b704c01000f,9,5,white,opening,Nxd4,194,109,85,inaccuracy
29dd3feb-37e5-11f1-977c-5b704c01000f,11,6,white,opening,Bc4,112,53,59,inaccuracy
29dd3feb-37e5-11f1-977c-5b704c01000f,13,7,white,opening,Bg5,55,52,3,ok
29dd3feb-37e5-11f1-977c-5b704c01000f,15,8,white,opening,Nd5,77,-18,95,inaccuracy
29dd3feb-37e5-11f1-977c-5b704c01000f,17,9,white,opening,Nxf6+,-17,-38,21,ok
29dd3feb-37e5-11f1-977c-5b704c01000f,19,10,white,opening,Bc1,-38,-137,99,inaccuracy
29dd3feb-37e5-11f1-977c-5b704c01000f,21,11,white,opening,Qxd4,60,67,0,ok
29dd3feb-37e5-11f1-977c-5b704c01000f,23,12,white,middlegame,Bh6,219,206,13,ok
29dd3feb-37e5-11f1-977c-5b704c01000f,25,13,white,middlegame,O-O-O,218,60,158,mistake
29dd3feb-37e5-11f1-977c-5b704c01000f,27,14,white,middlegame,Rxd4,60,56,4,ok
29dd3feb-37e5-11f1-977c-5b704c01000f,29,15,white,endgame,f4,62,39,23,ok
29dd3feb-37e5-11f1-977c-5b704c01000f,31,16,white,endgame,Rhd1,45,10,35,ok
29dd3feb-37e5-11f1-977c-5b704c01000f,33,17,white,endgame,e5,3,0,3,ok
29dd3feb-37e5-11f1-977c-5b704c01000f,35,18,white,endgame,Bg5,1,-39,40,ok
29dd3feb-37e5-11f1-977c-5b704c01000f,37,19,white,endgame,exd6,118,126,0,ok
29dd3feb-37e5-11f1-977c-5b704c01000f,39,20,white,endgame,Rh1,459,378,81,inaccuracy
29dd3feb-37e5-11f1-977c-5b704c01000f,41,21,white,endgame,Rd5,439,408,31,ok
29dd3feb-37e5-11f1-977c-5b704c01000f,43,22,white,endgame,Rxh2,498,428,70,inaccuracy
29dd3feb-37e5-11f1-977c-5b704c01000f,45,23,white,endgame,Bxd5,471,510,0,ok
29dd3feb-37e5-11f1-977c-5b704c01000f,47,24,white,endgame,d7,518,535,0,ok
29dd3feb-37e5-11f1-977c-5b704c01000f,49,25,white,endgame,Bxd8,542,532,10,ok
29dd3feb-37e5-11f1-977c-5b704c01000f,51,26,white,endgame,Bxb7,535,533,2,ok
29dd3feb-37e5-11f1-977c-5b704c01000f,53,27,white,endgame,Bxa6,548,547,1,ok
29dd3feb-37e5-11f1-977c-5b704c01000f,55,28,white,endgame,g3,552,489,63,inaccuracy
29dd3feb-37e5-11f1-977c-5b704c01000f,57,29,white,endgame,Rd2,572,508,64,inaccuracy
29dd3feb-37e5-11f1-977c-5b704c01000f,59,30,white,endgame,Rd6,487,498,0,ok
29dd3feb-37e5-11f1-977c-5b704c01000f,61,31,white,endgame,a3,577,553,24,ok
29dd3feb-37e5-11f1-977c-5b704c01000f,63,32,white,endgame,Rc6,577,476,101,mistake
29dd3feb-37e5-11f1-977c-5b704c01000f,65,33,white,endgame,Bxc4,530,551,0,ok
29dd3feb-37e5-11f1-977c-5b704c01000f,67,34,white,endgame,b3,600,597,3,ok
29dd3feb-37e5-11f1-977c-5b704c01000f,69,35,white,endgame,a4,627,551,76,inaccuracy
29dd3feb-37e5-11f1-977c-5b704c01000f,71,36,white,endgame,Kb2,637,662,0,ok
29dd3feb-37e5-11f1-977c-5b704c01000f,73,37,white,endgame,a5,696,704,0,ok
29dd3feb-37e5-11f1-977c-5b704c01000f,75,38,white,endgame,Rc7,709,702,7,ok
29dd3feb-37e5-11f1-977c-5b704c01000f,77,39,white,endgame,Rxf7+,773,704,69,inaccuracy
29dd3feb-37e5-11f1-977c-5b704c01000f,79,40,white,endgame,a6,1155,1171,0,ok
29dd3feb-37e5-11f1-977c-5b704c01000f,81,41,white,endgame,a7,99997,99998,0,ok
29dd3feb-37e5-11f1-977c-5b704c01000f,83,42,white,endgame,a8=Q#,99999,100000,0,ok
f28af67b-3784-11f1-977c-5b704c01000f,2,1,black,opening,e5,-30,-32,2,ok
f28af67b-3784-11f1-977c-5b704c01000f,4,2,black,opening,Nc6,-44,-44,0,ok
f28af67b-3784-11f1-977c-5b704c01000f,6,3,black,opening,Nf6,15,12,3,ok
f28af67b-3784-11f1-977c-5b704c01000f,8,4,black,opening,Bc5,15,-73,88,inaccuracy
f28af67b-3784-11f1-977c-5b704c01000f,10,5,black,opening,d5,33,36,0,ok
f28af67b-3784-11f1-977c-5b704c01000f,12,6,black,opening,dxe4,111,115,0,ok
f28af67b-3784-11f1-977c-5b704c01000f,14,7,black,opening,Qxd1+,122,126,0,ok
f28af67b-3784-11f1-977c-5b704c01000f,16,8,black,opening,Nxe4,163,172,0,ok
f28af67b-3784-11f1-977c-5b704c01000f,18,9,black,opening,Nd4,155,110,45,ok
f28af67b-3784-11f1-977c-5b704c01000f,20,10,black,opening,exd4,186,187,0,ok
f28af67b-3784-11f1-977c-5b704c01000f,22,11,black,endgame,O-O,185,160,25,ok
f28af67b-3784-11f1-977c-5b704c01000f,24,12,black,endgame,Re8,167,155,12,ok
f28af67b-3784-11f1-977c-5b704c01000f,26,13,black,endgame,Bf5,154,-121,275,mistake
f28af67b-3784-11f1-977c-5b704c01000f,28,14,black,endgame,Bd7,118,74,44,ok
f28af67b-3784-11f1-977c-5b704c01000f,30,15,black,endgame,Nd6,89,57,32,ok
f28af67b-3784-11f1-977c-5b704c01000f,32,16,black,endgame,Bxd6,196,195,1,ok
f28af67b-3784-11f1-977c-5b704c01000f,34,17,black,endgame,Re6,199,152,47,ok
f28af67b-3784-11f1-977c-5b704c01000f,36,18,black,endgame,Bf4,153,29,124,mistake
f28af67b-3784-11f1-977c-5b704c01000f,38,19,black,endgame,Rae8,171,54,117,mistake
f28af67b-3784-11f1-977c-5b704c01000f,40,20,black,endgame,Bc6,192,134,58,inaccuracy
f28af67b-3784-11f1-977c-5b704c01000f,42,21,black,endgame,Re3,207,189,18,ok
f28af67b-3784-11f1-977c-5b704c01000f,44,22,black,endgame,b6,190,196,0,ok
f28af67b-3784-11f1-977c-5b704c01000f,46,23,black,endgame,Rd8,194,192,2,ok
f28af67b-3784-11f1-977c-5b704c01000f,48,24,black,endgame,h6,223,192,31,ok
f28af67b-3784-11f1-977c-5b704c01000f,50,25,black,endgame,Rd6,200,190,10,ok
f28af67b-3784-11f1-977c-5b704c01000f,52,26,black,endgame,Bd5,194,45,149,mistake
f28af67b-3784-11f1-977c-5b704c01000f,54,27,black,endgame,Rf6,44,-37,81,inaccuracy
f28af67b-3784-11f1-977c-5b704c01000f,56,28,black,endgame,Ree6,-17,-52,35,ok
f28af67b-3784-11f1-977c-5b704c01000f,58,29,black,endgame,g6,8,1,7,ok
f28af67b-3784-11f1-977c-5b704c01000f,60,30,black,endgame,Rxe6,2,-11,13,ok
f28af67b-3784-11f1-977c-5b704c01000f,62,31,black,endgame,fxg6,-7,-7,0,ok
f28af67b-3784-11f1-977c-5b704c01000f,64,32,black,endgame,Rd6,16,20,0,ok
f28af67b-3784-11f1-977c-5b704c01000f,66,33,black,endgame,Be3,12,1,11,ok
f28af67b-3784-11f1-977c-5b704c01000f,68,34,black,endgame,c5,35,-3,38,ok
f28af67b-3784-11f1-977c-5b704c01000f,70,35,black,endgame,Bxe4,146,16,130,mistake
f28af67b-3784-11f1-977c-5b704c01000f,72,36,black,endgame,Re6,21,-28,49,ok
f28af67b-3784-11f1-977c-5b704c01000f,74,37,black,endgame,Bf4,-27,-25,0,ok
f28af67b-3784-11f1-977c-5b704c01000f,76,38,black,endgame,h5,-27,-101,74,inaccuracy
f28af67b-3784-11f1-977c-5b704c01000f,78,39,black,endgame,h4,0,-187,187,mistake
f28af67b-3784-11f1-977c-5b704c01000f,80,40,black,endgame,Kf7,-141,-144,3,ok
f28af67b-3784-11f1-977c-5b704c01000f,82,41,black,endgame,Re7,-22,-18,0,ok
f28af67b-3784-11f1-977c-5b704c01000f,84,42,black,endgame,Kxe7,0,0,0,ok
f28af67b-3784-11f1-977c-5b704c01000f,86,43,black,endgame,Ke6,-6,-1,0,ok
f28af67b-3784-11f1-977c-5b704c01000f,88,44,black,endgame,Kf5,0,-2,2,ok
f28af67b-3784-11f1-977c-5b704c01000f,90,45,black,endgame,Ke5,10,-185,195,mistake
f28af67b-3784-11f1-977c-5b704c01000f,92,46,black,endgame,Bc1,-180,-190,10,ok
f28af67b-3784-11f1-977c-5b704c01000f,94,47,black,endgame,Kd4,84,115,0,ok
f28af67b-3784-11f1-977c-5b704c01000f,96,48,black,endgame,Kxc4,356,352,4,ok
f28af67b-3784-11f1-977c-5b704c01000f,98,49,black,endgame,Kxb5,381,293,88,inaccuracy
f28af67b-3784-11f1-977c-5b704c01000f,100,50,black,endgame,gxf5+,374,412,0,ok
f28af67b-3784-11f1-977c-5b704c01000f,102,51,black,endgame,Bb2,392,378,14,ok
f28af67b-3784-11f1-977c-5b704c01000f,104,52,black,endgame,c4,369,177,192,mistake
f28af67b-3784-11f1-977c-5b704c01000f,106,53,black,endgame,c3,209,205,4,ok
f28af67b-3784-11f1-977c-5b704c01000f,108,54,black,endgame,c2,175,166,9,ok
f28af67b-3784-11f1-977c-5b704c01000f,110,55,black,middlegame,c1=Q,181,164,17,ok
f28af67b-3784-11f1-977c-5b704c01000f,112,56,black,middlegame,Ka5,277,274,3,ok
f28af67b-3784-11f1-977c-5b704c01000f,114,57,black,middlegame,Qf1+,473,472,1,ok
f28af67b-3784-11f1-977c-5b704c01000f,116,58,black,middlegame,Qxf6+,748,1090,0,ok
f28af67b-3784-11f1-977c-5b704c01000f,118,59,black,middlegame,Qf5+,1465,1465,0,ok
f28af67b-3784-11f1-977c-5b704c01000f,120,60,black,middlegame,Qh3+,1457,8219,0,ok
f28af67b-3784-11f1-977c-5b704c01000f,122,61,black,middlegame,Qg3+,2431,5525,0,ok
f28af67b-3784-11f1-977c-5b704c01000f,124,62,black,middlegame,Qg7#,99999,100000,0,ok
3774c132-3747-11f1-8ce8-d6568601000f,1,1,white,opening,e4,36,36,0,ok
3774c132-3747-11f1-8ce8-d6568601000f,3,2,white,opening,Nf3,36,36,0,ok
3774c132-3747-11f1-8ce8-d6568601000f,5,3,white,opening,Nc3,37,20,17,ok
3774c132-3747-11f1-8ce8-d6568601000f,7,4,white,opening,d4,79,75,4,ok
3774c132-3747-11f1-8ce8-d6568601000f,9,5,white,opening,Nxd4,75,75,0,ok
3774c132-3747-11f1-8ce8-d6568601000f,11,6,white,opening,Qxd4,136,142,0,ok
3774c132-3747-11f1-8ce8-d6568601000f,13,7,white,opening,Bf4,141,141,0,ok
3774c132-3747-11f1-8ce8-d6568601000f,15,8,white,opening,Bg5,154,57,97,inaccuracy
3774c132-3747-11f1-8ce8-d6568601000f,17,9,white,opening,e5,56,-39,95,inaccuracy
3774c132-3747-11f1-8ce8-d6568601000f,19,10,white,opening,Qxe5,-40,-39,0,ok
3774c132-3747-11f1-8ce8-d6568601000f,21,11,white,opening,Rd1,-36,-45,9,ok
3774c132-3747-11f1-8ce8-d6568601000f,23,12,white,middlegame,Nd5,-17,-667,650,blunder
3774c132-3747-11f1-8ce8-d6568601000f,25,13,white,middlegame,Rxd5,-474,-525,51,inaccuracy
3774c132-3747-11f1-8ce8-d6568601000f,27,14,white,middlegame,Qxe8,-527,-526,0,ok
3774c132-3747-11f1-8ce8-d6568601000f,29,15,white,endgame,Be2,-543,-536,0,ok
3774c132-3747-11f1-8ce8-d6568601000f,31,16,white,endgame,O-O,-533,-712,179,mistake
c054dd89-3729-11f1-aa68-e459e801000f,2,1,black,opening,e5,-35,-38,3,ok
c054dd89-3729-11f1-aa68-e459e801000f,4,2,black,opening,Nc6,-36,-36,0,ok
c054dd89-3729-11f1-aa68-e459e801000f,6,3,black,opening,Nf6,-19,-22,3,ok
c054dd89-3729-11f1-aa68-e459e801000f,8,4,black,opening,d5,-22,-20,0,ok
c054dd89-3729-11f1-aa68-e459e801000f,10,5,black,opening,Nxd5,-17,-109,92,inaccuracy
c054dd89-3729-11f1-aa68-e459e801000f,12,6,black,opening,Be6,78,-80,158,mistake
c054dd89-3729-11f1-aa68-e459e801000f,14,7,black,opening,fxe6,-82,-79,0,ok
c054dd89-3729-11f1-aa68-e459e801000f,16,8,black,opening,Qd6,-46,-68,22,ok
c054dd89-3729-11f1-aa68-e459e801000f,18,9,black,opening,O-O-O,-12,-9,0,ok
c054dd89-3729-11f1-aa68-e459e801000f,20,10,black,opening,Nd4,204,209,0,ok
c054dd89-3729-11f1-aa68-e459e801000f,22,11,black,middlegame,Nxb5,594,222,372,blunder
c054dd89-3729-11f1-aa68-e459e801000f,24,12,black,middlegame,Qxd5,215,80,135,mistake
c054dd89-3729-11f1-aa68-e459e801000f,26,13,black,middlegame,Qd4,78,-411,489,blunder
c054dd89-3729-11f1-aa68-e459e801000f,28,14,black,middlegame,Nxc3,103,0,103,mistake
c054dd89-3729-11f1-aa68-e459e801000f,30,15,black,middlegame,Qd5,135,130,5,ok
c054dd89-3729-11f1-aa68-e459e801000f,32,16,black,middlegame,exd4,198,203,0,ok
c054dd89-3729-11f1-aa68-e459e801000f,34,17,black,middlegame,Qxd4,194,142,52,inaccuracy
c054dd89-3729-11f1-aa68-e459e801000f,36,18,black,middlegame,Qa4,229,152,77,inaccuracy
c054dd89-3729-11f1-aa68-e459e801000f,38,19,black,middlegame,Kb8,148,150,0,ok
c054dd89-3729-11f1-aa68-e459e801000f,40,20,black,middlegame,Bd6,200,207,0,ok
c054dd89-3729-11f1-aa68-e459e801000f,42,21,black,middlegame,c6,664,17,647,blunder
c054dd89-3729-11f1-aa68-e459e801000f,44,22,black,middlegame,Rdf8,124,-20,144,mistake
c054dd89-3729-11f1-aa68-e459e801000f,46,23,black,middlegame,Bxh2+,-22,-475,453,blunder
c054dd89-3729-11f1-aa68-e459e801000f,48,24,black,middlegame,Qh4+,-482,-823,341,blunder
c054dd89-3729-11f1-aa68-e459e801000f,50,25,black,middlegame,b6,-1043,-99996,98953,blunder
c054dd89-3729-11f1-aa68-e459e801000f,52,26,black,middlegame,Qe4,-99997,-99998,1,ok
c054dd89-3729-11f1-aa68-e459e801000f,54,27,black,middlegame,Qxb1,-99998,-99998,0,ok
c054dd89-3729-11f1-aa68-e459e801000f,56,28,black,middlegame,Ka8,-99999,-99999,0,ok
63373326-3727-11f1-aa68-e459e801000f,1,1,white,opening,e4,32,29,3,ok
63373326-3727-11f1-aa68-e459e801000f,3,2,white,opening,Nf3,29,30,0,ok
63373326-3727-11f1-aa68-e459e801000f,5,3,white,opening,Nc3,31,15,16,ok
63373326-3727-11f1-aa68-e459e801000f,7,4,white,opening,d4,78,74,4,ok
63373326-3727-11f1-aa68-e459e801000f,9,5,white,opening,Nxd4,81,75,6,ok
63373326-3727-11f1-aa68-e459e801000f,11,6,white,opening,Nxc6,121,71,50,inaccuracy
63373326-3727-11f1-aa68-e459e801000f,13,7,white,opening,Bf4,91,90,1,ok
63373326-3727-11f1-aa68-e459e801000f,15,8,white,opening,Qf3,155,54,101,mistake
63373326-3727-11f1-aa68-e459e801000f,17,9,white,opening,O-O-O,61,43,18,ok
63373326-3727-11f1-aa68-e459e801000f,19,10,white,opening,Bxh6,180,-24,204,mistake
63373326-3727-11f1-aa68-e459e801000f,21,11,white,opening,Kb1,-24,-25,1,ok
63373326-3727-11f1-aa68-e459e801000f,23,12,white,middlegame,e5,59,0,59,inaccuracy
63373326-3727-11f1-aa68-e459e801000f,25,13,white,middlegame,Bd3,-3,-86,83,inaccuracy
63373326-3727-11f1-aa68-e459e801000f,27,14,white,middlegame,h4,-25,-119,94,inaccuracy
63373326-3727-11f1-aa68-e459e801000f,29,15,white,middlegame,g4,-30,-114,84,inaccuracy
63373326-3727-11f1-aa68-e459e801000f,31,16,white,middlegame,h5,85,85,0,ok
63373326-3727-11f1-aa68-e459e801000f,33,17,white,middlegame,hxg6,255,318,0,ok
63373326-3727-11f1-aa68-e459e801000f,35,18,white,middlegame,Rxh6,325,-103,428,blunder
63373326-3727-11f1-aa68-e459e801000f,37,19,white,endgame,Rdh1,-120,-144,24,ok
63373326-3727-11f1-aa68-e459e801000f,39,20,white,endgame,Rxh7,-152,-133,0,ok
63373326-3727-11f1-aa68-e459e801000f,41,21,white,endgame,Bxg6,56,46,10,ok
63373326-3727-11f1-aa68-e459e801000f,43,22,white,endgame,Bf5,42,-31,73,inaccuracy
63373326-3727-11f1-aa68-e459e801000f,45,23,white,endgame,gxf5,-30,-27,0,ok
63373326-3727-11f1-aa68-e459e801000f,47,24,white,endgame,R7h3,-15,-36,21,ok
63373326-3727-11f1-aa68-e459e801000f,49,25,white,endgame,Rg1+,-30,-60,30,ok
63373326-3727-11f1-aa68-e459e801000f,51,26,white,endgame,Rh7+,-58,-72,14,ok
63373326-3727-11f1-aa68-e459e801000f,53,27,white,endgame,a3,-56,-55,0,ok
63373326-3727-11f1-aa68-e459e801000f,55,28,white,endgame,Rxf1,-45,-46,1,ok
63373326-3727-11f1-aa68-e459e801000f,57,29,white,endgame,Ka2,-47,-44,0,ok
63373326-3727-11f1-aa68-e459e801000f,59,30,white,endgame,Rh5,-47,-192,145,mistake
63373326-3727-11f1-aa68-e459e801000f,61,31,white,endgame,bxc3,-278,-279,1,ok
63373326-3727-11f1-aa68-e459e801000f,63,32,white,endgame,Kb3,-317,-308,0,ok
63373326-3727-11f1-aa68-e459e801000f,65,33,white,endgame,Rh8+,-213,-234,21,ok
63373326-3727-11f1-aa68-e459e801000f,67,34,white,endgame,Rh7+,-257,-274,17,ok
63373326-3727-11f1-aa68-e459e801000f,69,35,white,endgame,Rh6+,-327,-329,2,ok
63373326-3727-11f1-aa68-e459e801000f,71,36,white,endgame,Kb2,-338,-340,2,ok
63373326-3727-11f1-aa68-e459e801000f,73,37,white,endgame,Rh4,-344,-443,99,inaccuracy
63373326-3727-11f1-aa68-e459e801000f,75,38,white,endgame,Rh7,-289,-529,240,mistake
63373326-3727-11f1-aa68-e459e801000f,77,39,white,endgame,Kb3,-536,-99999,99463,blunder
d70bde7e-3726-11f1-977c-5b704c01000f,2,1,black,opening,d5,-33,-36,3,ok
d70bde7e-3726-11f1-977c-5b704c01000f,4,2,black,opening,dxc4,-36,-38,2,ok
d70bde7e-3726-11f1-977c-5b704c01000f,6,3,black,opening,Nc6,-19,-85,66,inaccuracy
d70bde7e-3726-11f1-977c-5b704c01000f,8,4,black,opening,Ne5,-88,-100,12,ok
d70bde7e-3726-11f1-977c-5b704c01000f,10,5,black,opening,e6,-32,-26,0,ok
d70bde7e-3726-11f1-977c-5b704c01000f,12,6,black,opening,f6,-3,-141,138,mistake
d70bde7e-3726-11f1-977c-5b704c01000f,14,7,black,opening,fxe5,-127,-136,9,ok
d70bde7e-3726-11f1-977c-5b704c01000f,16,8,black,opening,Bb4,-59,-471,412,blunder
d70bde7e-3726-11f1-977c-5b704c01000f,18,9,black,opening,g6,-172,-169,0,ok
d70bde7e-3726-11f1-977c-5b704c01000f,20,10,black,opening,Bxc3+,-171,-275,104,mistake
d70bde7e-3726-11f1-977c-5b704c01000f,22,11,black,middlegame,Nf6,-231,-361,130,mistake
d70bde7e-3726-11f1-977c-5b704c01000f,24,12,black,middlegame,Ng4,-358,-1284,926,blunder
d70bde7e-3726-11f1-977c-5b704c01000f,26,13,black,middlegame,Ke7,-1379,-1284,0,ok
d70bde7e-3726-11f1-977c-5b704c01000f,28,14,black,middlegame,Kd6,-934,-1021,87,inaccuracy
d70bde7e-3726-11f1-977c-5b704c01000f,30,15,black,middlegame,Kc5,-1029,-1075,46,ok
27f2a6a4-3724-11f1-8f2d-0848f301000f,1,1,white,opening,e4,43,39,4,ok
27f2a6a4-3724-11f1-8f2d-0848f301000f,3,2,white,opening,Nf3,38,29,9,ok
27f2a6a4-3724-11f1-8f2d-0848f301000f,5,3,white,opening,exd5,33,27,6,ok
27f2a6a4-3724-11f1-8f2d-0848f301000f,7,4,white,opening,Nc3,76,82,0,ok
27f2a6a4-3724-11f1-8f2d-0848f301000f,9,5,white,opening,d4,77,77,0,ok
27f2a6a4-3724-11f1-8f2d-0848f301000f,11,6,white,opening,Bd2,103,88,15,ok
27f2a6a4-3724-11f1-8f2d-0848f301000f,13,7,white,opening,Qe2,111,81,30,ok
27f2a6a4-3724-11f1-8f2d-0848f301000f,15,8,white,opening,O-O-O,117,113,4,ok
27f2a6a4-3724-11f1-8f2d-0848f301000f,17,9,white,opening,d5,419,392,27,ok
27f2a6a4-3724-11f1-8f2d-0848f301000f,19,10,white,opening,dxc6,440,393,47,ok
27f2a6a4-3724-11f1-8f2d-0848f301000f,21,11,white,opening,Qxd2,412,197,215,mistake
27f2a6a4-3724-11f1-8f2d-0848f301000f,23,12,white,middlegame,Ng5,221,5,216,mistake
27f2a6a4-3724-11f1-8f2d-0848f301000f,25,13,white,middlegame,Bd3,113,71,42,ok
27f2a6a4-3724-11f1-8f2d-0848f301000f,27,14,white,middlegame,Rhe1,179,104,75,inaccuracy
27f2a6a4-3724-11f1-8f2d-0848f301000f,29,15,white,middlegame,Re5,102,64,38,ok
27f2a6a4-3724-11f1-8f2d-0848f301000f,31,16,white,middlegame,Re4,562,-244,806,blunder
27f2a6a4-3724-11f1-8f2d-0848f301000f,33,17,white,middlegame,Nxh7,-21,-388,367,blunder
27f2a6a4-3724-11f1-8f2d-0848f301000f,35,18,white,middlegame,Bxe4,-385,-380,0,ok
27f2a6a4-3724-11f1-8f2d-0848f301000f,37,19,white,middlegame,Nxf8,-385,-387,2,ok
27f2a6a4-3724-11f1-8f2d-0848f301000f,39,20,white,middlegame,g4,-388,-442,54,inaccuracy
27f2a6a4-3724-11f1-8f2d-0848f301000f,41,21,white,middlegame,Rf1,-420,-485,65,inaccuracy
27f2a6a4-3724-11f1-8f2d-0848f301000f,43,22,white,middlegame,Re1,-465,-495,30,ok
27f2a6a4-3724-11f1-8f2d-0848f301000f,45,23,white,middlegame,Rh1,-478,-501,23,ok
27f2a6a4-3724-11f1-8f2d-0848f301000f,47,24,white,middlegame,Qe3,-516,-519,3,ok
27f2a6a4-3724-11f1-8f2d-0848f301000f,49,25,white,middlegame,f4,-445,-469,24,ok
27f2a6a4-3724-11f1-8f2d-0848f301000f,51,26,white,middlegame,Qxa7,-461,-466,5,ok
27f2a6a4-3724-11f1-8f2d-0848f301000f,53,27,white,middlegame,Kb1,-471,-483,12,ok
27f2a6a4-3724-11f1-8f2d-0848f301000f,55,28,white,middlegame,Qc5,-493,-516,23,ok
27f2a6a4-3724-11f1-8f2d-0848f301000f,57,29,white,middlegame,Qh5,-452,-447,0,ok
27f2a6a4-3724-11f1-8f2d-0848f301000f,59,30,white,middlegame,a3,-451,-469,18,ok
27f2a6a4-3724-11f1-8f2d-0848f301000f,61,31,white,middlegame,Qg5,-454,-502,48,ok
27f2a6a4-3724-11f1-8f2d-0848f301000f,63,32,white,middlegame,Rg1,-456,-460,4,ok
27f2a6a4-3724-11f1-8f2d-0848f301000f,65,33,white,middlegame,Rf1,-469,-481,12,ok
27f2a6a4-3724-11f1-8f2d-0848f301000f,67,34,white,middlegame,Qxg6,-433,-725,292,mistake
27f2a6a4-3724-11f1-8f2d-0848f301000f,69,35,white,middlegame,Qg2,-268,-326,58,inaccuracy
27f2a6a4-3724-11f1-8f2d-0848f301000f,71,36,white,middlegame,Rg1,-331,-389,58,inaccuracy
27f2a6a4-3724-11f1-8f2d-0848f301000f,73,37,white,middlegame,Qg7+,-401,-415,14,ok
27f2a6a4-3724-11f1-8f2d-0848f301000f,75,38,white,middlegame,Qh8+,-426,-447,21,ok
27f2a6a4-3724-11f1-8f2d-0848f301000f,77,39,white,middlegame,Qh3+,-447,-462,15,ok
27f2a6a4-3724-11f1-8f2d-0848f301000f,79,40,white,middlegame,Rd1+,-398,-444,46,ok
27f2a6a4-3724-11f1-8f2d-0848f301000f,81,41,white,middlegame,Qd3,-447,-461,14,ok
27f2a6a4-3724-11f1-8f2d-0848f301000f,83,42,white,middlegame,Qa6+,-468,-464,0,ok
27f2a6a4-3724-11f1-8f2d-0848f301000f,85,43,white,middlegame,Rh1,-468,-456,0,ok
27f2a6a4-3724-11f1-8f2d-0848f301000f,87,44,white,middlegame,Qb7,-456,-498,42,ok
27f2a6a4-3724-11f1-8f2d-0848f301000f,89,45,white,middlegame,Qb4+,-492,-518,26,ok
27f2a6a4-3724-11f1-8f2d-0848f301000f,91,46,white,middlegame,Qb7,-565,-606,41,ok
27f2a6a4-3724-11f1-8f2d-0848f301000f,93,47,white,middlegame,c4,-580,-645,65,inaccuracy
27f2a6a4-3724-11f1-8f2d-0848f301000f,95,48,white,middlegame,Rh7,-648,-99999,99351,blunder
27f2a6a4-3724-11f1-8f2d-0848f301000f,97,49,white,middlegame,Rh1,-1210,-99994,98784,blunder
27f2a6a4-3724-11f1-8f2d-0848f301000f,99,50,white,middlegame,Qa7,-99995,-99998,3,ok
27f2a6a4-3724-11f1-8f2d-0848f301000f,101,51,white,middlegame,Rxd1+,-99999,-99999,0,ok
327d2cb2-370e-11f1-96b0-d5a12501000f,2,1,black,opening,d5,-30,-30,0,ok
327d2cb2-370e-11f1-96b0-d5a12501000f,4,2,black,opening,Nf6,-16,-18,2,ok
327d2cb2-370e-11f1-96b0-d5a12501000f,6,3,black,opening,Nc6,-14,-49,35,ok
327d2cb2-370e-11f1-96b0-d5a12501000f,8,4,black,opening,Bg4,-25,-37,12,ok
327d2cb2-370e-11f1-96b0-d5a12501000f,10,5,black,opening,Ne4,-27,-140,113,mistake
327d2cb2-370e-11f1-96b0-d5a12501000f,12,6,black,opening,Nxd2,-65,-72,7,ok
327d2cb2-370e-11f1-96b0-d5a12501000f,14,7,black,opening,e6,-74,-68,0,ok
327d2cb2-370e-11f1-96b0-d5a12501000f,16,8,black,opening,dxe4,-70,-68,0,ok
327d2cb2-370e-11f1-96b0-d5a12501000f,18,9,black,opening,Qd5,-72,-94,22,ok
327d2cb2-370e-11f1-96b0-d5a12501000f,20,10,black,opening,f5,-10,-158,148,mistake
327d2cb2-370e-11f1-96b0-d5a12501000f,22,11,black,middlegame,Qxd4,347,178,169,mistake
327d2cb2-370e-11f1-96b0-d5a12501000f,24,12,black,middlegame,Qxe4,437,13,424,blunder
327d2cb2-370e-11f1-96b0-d5a12501000f,26,13,black,middlegame,fxe4,7,-11,18,ok
327d2cb2-370e-11f1-96b0-d5a12501000f,28,14,black,endgame,Bb4+,-9,-5,0,ok
327d2cb2-370e-11f1-96b0-d5a12501000f,30,15,black,endgame,e5,1,-90,91,inaccuracy
327d2cb2-370e-11f1-96b0-d5a12501000f,32,16,black,endgame,Nd4+,56,42,14,ok
327d2cb2-370e-11f1-96b0-d5a12501000f,34,17,black,endgame,Bxd2,213,231,0,ok
327d2cb2-370e-11f1-96b0-d5a12501000f,36,18,black,endgame,O-O,239,235,4,ok
327d2cb2-370e-11f1-96b0-d5a12501000f,38,19,black,endgame,Rad8,239,190,49,ok
327d2cb2-370e-11f1-96b0-d5a12501000f,40,20,black,endgame,Nc6,232,27,205,mistake
327d2cb2-370e-11f1-96b0-d5a12501000f,42,21,black,endgame,Rxd8+,136,139,0,ok
327d2cb2-370e-11f1-96b0-d5a12501000f,44,22,black,endgame,a5,180,159,21,ok
327d2cb2-370e-11f1-96b0-d5a12501000f,46,23,black,endgame,Kf8,214,214,0,ok
327d2cb2-370e-11f1-96b0-d5a12501000f,48,24,black,endgame,Nd4+,289,22,267,mistake
327d2cb2-370e-11f1-96b0-d5a12501000f,50,25,black,endgame,c6,48,46,2,ok
327d2cb2-370e-11f1-96b0-d5a12501000f,52,26,black,endgame,b5,54,-71,125,mistake
327d2cb2-370e-11f1-96b0-d5a12501000f,54,27,black,endgame,cxb5,-69,-70,1,ok
327d2cb2-370e-11f1-96b0-d5a12501000f,56,28,black,endgame,Kf7,-73,-88,15,ok
327d2cb2-370e-11f1-96b0-d5a12501000f,58,29,black,endgame,g6,84,60,24,ok
327d2cb2-370e-11f1-96b0-d5a12501000f,60,30,black,endgame,Rd6,271,85,186,mistake
327d2cb2-370e-11f1-96b0-d5a12501000f,62,31,black,endgame,Kg7,280,275,5,ok
327d2cb2-370e-11f1-96b0-d5a12501000f,64,32,black,endgame,Ne2+,295,259,36,ok
327d2cb2-370e-11f1-96b0-d5a12501000f,66,33,black,endgame,Nf4,291,209,82,inaccuracy
327d2cb2-370e-11f1-96b0-d5a12501000f,68,34,black,endgame,Nxg2,312,264,48,ok
327d2cb2-370e-11f1-96b0-d5a12501000f,70,35,black,endgame,Rc6+,496,318,178,mistake
327d2cb2-370e-11f1-96b0-d5a12501000f,72,36,black,endgame,Ne1+,445,190,255,mistake
327d2cb2-370e-11f1-96b0-d5a12501000f,74,37,black,endgame,Rc2+,309,32,277,mistake
327d2cb2-370e-11f1-96b0-d5a12501000f,76,38,black,endgame,Kxh7,364,398,0,ok
327d2cb2-370e-11f1-96b0-d5a12501000f,78,39,black,endgame,Rxb2,388,432,0,ok
327d2cb2-370e-11f1-96b0-d5a12501000f,80,40,black,endgame,Rxa2,452,473,0,ok
327d2cb2-370e-11f1-96b0-d5a12501000f,82,41,black,endgame,b4,476,457,19,ok
327d2cb2-370e-11f1-96b0-d5a12501000f,84,42,black,endgame,Kh6,473,481,0,ok
327d2cb2-370e-11f1-96b0-d5a12501000f,86,43,black,endgame,b3,581,646,0,ok
327d2cb2-370e-11f1-96b0-d5a12501000f,88,44,black,endgame,b2,725,834,0,ok
327d2cb2-370e-11f1-96b0-d5a12501000f,90,45,black,endgame,a4,853,865,0,ok
327d2cb2-370e-11f1-96b0-d5a12501000f,92,46,black,endgame,a3,916,924,0,ok
327d2cb2-370e-11f1-96b0-d5a12501000f,94,47,black,endgame,Kh5,944,815,129,mistake
327d2cb2-370e-11f1-96b0-d5a12501000f,96,48,black,endgame,Ra1+,1382,1102,280,mistake
327d2cb2-370e-11f1-96b0-d5a12501000f,98,49,black,endgame,Rc1+,1184,1466,0,ok
f570730c-36d4-11f1-96b0-d5a12501000f,1,1,white,opening,e4,38,33,5,ok
f570730c-36d4-11f1-96b0-d5a12501000f,3,2,white,opening,exd5,65,68,0,ok
f570730c-36d4-11f1-96b0-d5a12501000f,5,3,white,opening,Nc3,67,73,0,ok
f570730c-36d4-11f1-96b0-d5a12501000f,7,4,white,opening,Nge2,93,66,27,ok
f570730c-36d4-11f1-96b0-d5a12501000f,9,5,white,opening,f3,113,90,23,ok
f570730c-36d4-11f1-96b0-d5a12501000f,11,6,white,opening,d4,180,173,7,ok
f570730c-36d4-11f1-96b0-d5a12501000f,13,7,white,opening,Bf4,182,208,0,ok
f570730c-36d4-11f1-96b0-d5a12501000f,15,8,white,opening,Nb5,388,-271,659,blunder
f570730c-36d4-11f1-96b0-d5a12501000f,17,9,white,opening,Nec3,100,87,13,ok
f570730c-36d4-11f1-96b0-d5a12501000f,19,10,white,opening,Na3,89,-235,324,blunder
f570730c-36d4-11f1-96b0-d5a12501000f,21,11,white,opening,Bd3,82,-263,345,blunder
f570730c-36d4-11f1-96b0-d5a12501000f,23,12,white,middlegame,cxd3,-206,-182,0,ok
f570730c-36d4-11f1-96b0-d5a12501000f,25,13,white,middlegame,Qc1,-191,-486,295,mistake
f570730c-36d4-11f1-96b0-d5a12501000f,27,14,white,middlegame,Rf1,-489,-532,43,ok
f570730c-36d4-11f1-96b0-d5a12501000f,29,15,white,middlegame,Rb1,-528,-694,166,mistake
f570730c-36d4-11f1-96b0-d5a12501000f,31,16,white,middlegame,Kd2,-696,-701,5,ok
f570730c-36d4-11f1-96b0-d5a12501000f,33,17,white,middlegame,Kxc1,-703,-768,65,inaccuracy
f77c6577-36d3-11f1-977c-5b704c01000f,1,1,white,opening,e4,34,30,4,ok
f77c6577-36d3-11f1-977c-5b704c01000f,3,2,white,opening,d4,39,31,8,ok
f77c6577-36d3-11f1-977c-5b704c01000f,5,3,white,opening,Nc3,29,36,0,ok
f77c6577-36d3-11f1-977c-5b704c01000f,7,4,white,opening,Nf3,76,70,6,ok
f77c6577-36d3-11f1-977c-5b704c01000f,9,5,white,opening,exd5,187,193,0,ok
f77c6577-36d3-11f1-977c-5b704c01000f,11,6,white,opening,Qe2+,187,128,59,inaccuracy
f77c6577-36d3-11f1-977c-5b704c01000f,13,7,white,opening,Nxd5,135,111,24,ok
f77c6577-36d3-11f1-977c-5b704c01000f,15,8,white,opening,Qb5+,109,-305,414,blunder
f77c6577-36d3-11f1-977c-5b704c01000f,17,9,white,opening,Be3,-323,-360,37,ok
f77c6577-36d3-11f1-977c-5b704c01000f,19,10,white,opening,Qd3,-352,-379,27,ok
f77c6577-36d3-11f1-977c-5b704c01000f,21,11,white,opening,dxc5,-325,-424,99,inaccuracy
f77c6577-36d3-11f1-977c-5b704c01000f,23,12,white,middlegame,Bxd3,-398,-400,2,ok
f77c6577-36d3-11f1-977c-5b704c01000f,25,13,white,endgame,O-O-O,-374,-419,45,ok
f77c6577-36d3-11f1-977c-5b704c01000f,27,14,white,endgame,Rxd3,-424,-419,0,ok
f77c6577-36d3-11f1-977c-5b704c01000f,29,15,white,endgame,Re1,-416,-419,3,ok
f77c6577-36d3-11f1-977c-5b704c01000f,31,16,white,endgame,Ng5,-425,-455,30,ok
f77c6577-36d3-11f1-977c-5b704c01000f,33,17,white,endgame,Rb3,-461,-484,23,ok
f77c6577-36d3-11f1-977c-5b704c01000f,35,18,white,endgame,Rd1,-471,-499,28,ok
f77c6577-36d3-11f1-977c-5b704c01000f,37,19,white,endgame,h3,-422,-496,74,inaccuracy
f77c6577-36d3-11f1-977c-5b704c01000f,39,20,white,endgame,Rd7,-466,-712,246,mistake
f77c6577-36d3-11f1-977c-5b704c01000f,41,21,white,endgame,Nxf7,-730,-814,84,inaccuracy
386134e9-36d3-11f1-96b0-d5a12501000f,2,1,black,opening,e5,-27,-26,0,ok
386134e9-36d3-11f1-96b0-d5a12501000f,4,2,black,opening,Nc6,-29,-27,0,ok
386134e9-36d3-11f1-96b0-d5a12501000f,6,3,black,opening,Qf6,-28,-63,35,ok
386134e9-36d3-11f1-96b0-d5a12501000f,8,4,black,opening,Nge7,-65,-117,52,inaccuracy
386134e9-36d3-11f1-96b0-d5a12501000f,10,5,black,opening,a6,-87,-88,1,ok
386134e9-36d3-11f1-96b0-d5a12501000f,12,6,black,opening,Qxc6,-41,-218,177,mistake
386134e9-36d3-11f1-96b0-d5a12501000f,14,7,black,opening,d6,-153,-158,5,ok
386134e9-36d3-11f1-96b0-d5a12501000f,16,8,black,opening,dxe5,-159,-213,54,inaccuracy
386134e9-36d3-11f1-96b0-d5a12501000f,18,9,black,opening,Qe6,-217,-220,3,ok
386134e9-36d3-11f1-96b0-d5a12501000f,20,10,black,opening,Nc6,-153,-204,51,inaccuracy
386134e9-36d3-11f1-96b0-d5a12501000f,22,11,black,middlegame,Qxc6,-131,-153,22,ok
386134e9-36d3-11f1-96b0-d5a12501000f,24,12,black,middlegame,Bb4,-76,-161,85,inaccuracy
386134e9-36d3-11f1-96b0-d5a12501000f,26,13,black,middlegame,O-O,-15,-85,70,inaccuracy
386134e9-36d3-11f1-96b0-d5a12501000f,28,14,black,middlegame,Be6,50,-114,164,mistake
386134e9-36d3-11f1-96b0-d5a12501000f,30,15,black,middlegame,Qc5+,-109,-133,24,ok
386134e9-36d3-11f1-96b0-d5a12501000f,32,16,black,middlegame,Bxf5,48,45,3,ok
386134e9-36d3-11f1-96b0-d5a12501000f,34,17,black,middlegame,Qxe3+,213,220,0,ok
386134e9-36d3-11f1-96b0-d5a12501000f,36,18,black,middlegame,Bxc3,266,261,5,ok
386134e9-36d3-11f1-96b0-d5a12501000f,38,19,black,middlegame,Qxc3,253,256,0,ok
386134e9-36d3-11f1-96b0-d5a12501000f,40,20,black,middlegame,Qxa1+,692,724,0,ok
386134e9-36d3-11f1-96b0-d5a12501000f,42,21,black,middlegame,Qxa2,755,629,126,mistake
386134e9-36d3-11f1-96b0-d5a12501000f,44,22,black,middlegame,Qxe6,733,768,0,ok
386134e9-36d3-11f1-96b0-d5a12501000f,46,23,black,middlegame,fxe6+,773,766,7,ok
386134e9-36d3-11f1-96b0-d5a12501000f,48,24,black,endgame,Rac8,766,745,21,ok
386134e9-36d3-11f1-96b0-d5a12501000f,50,25,black,endgame,a5,773,773,0,ok
386134e9-36d3-11f1-96b0-d5a12501000f,52,26,black,endgame,a4,770,780,0,ok
386134e9-36d3-11f1-96b0-d5a12501000f,54,27,black,endgame,h6,778,757,21,ok
386134e9-36d3-11f1-96b0-d5a12501000f,56,28,black,endgame,hxg5,769,779,0,ok
386134e9-36d3-11f1-96b0-d5a12501000f,58,29,black,endgame,gxh6,794,795,0,ok
386134e9-36d3-11f1-96b0-d5a12501000f,60,30,black,endgame,a3,810,794,16,ok
386134e9-36d3-11f1-96b0-d5a12501000f,62,31,black,endgame,a2,858,865,0,ok
386134e9-36d3-11f1-96b0-d5a12501000f,64,32,black,endgame,a1=Q,1172,99992,0,ok
386134e9-36d3-11f1-96b0-d5a12501000f,66,33,black,middlegame,Qe1#,99999,100000,0,ok
3ba80dfb-36d1-11f1-aa68-e459e801000f,2,1,black,opening,e5,-25,-30,5,ok
3ba80dfb-36d1-11f1-aa68-e459e801000f,4,2,black,opening,Nc6,43,42,1,ok
3ba80dfb-36d1-11f1-aa68-e459e801000f,6,3,black,opening,g6,45,47,0,ok
3ba80dfb-36d1-11f1-aa68-e459e801000f,8,4,black,opening,Nf6,48,48,0,ok
3ba80dfb-36d1-11f1-aa68-e459e801000f,10,5,black,opening,Bc5,97,22,75,inaccuracy
3ba80dfb-36d1-11f1-aa68-e459e801000f,12,6,black,opening,Na5,213,55,158,mistake
3ba80dfb-36d1-11f1-aa68-e459e801000f,14,7,black,opening,Qe7,129,-167,296,mistake
3ba80dfb-36d1-11f1-aa68-e459e801000f,16,8,black,opening,a6,-165,-175,10,ok
3ba80dfb-36d1-11f1-aa68-e459e801000f,18,9,black,opening,b5,-171,-178,7,ok
3ba80dfb-36d1-11f1-aa68-e459e801000f,20,10,black,opening,Nxb3,144,153,0,ok
3ba80dfb-36d1-11f1-aa68-e459e801000f,22,11,black,middlegame,Bb6,165,172,0,ok
3ba80dfb-36d1-11f1-aa68-e459e801000f,24,12,black,middlegame,Bb7,156,-356,512,blunder
3ba80dfb-36d1-11f1-aa68-e459e801000f,26,13,black,middlegame,Qxb4+,174,167,7,ok
3ba80dfb-36d1-11f1-aa68-e459e801000f,28,14,black,middlegame,Qc3,207,11,196,mistake
3ba80dfb-36d1-11f1-aa68-e459e801000f,30,15,black,middlegame,bxc4,377,-64,441,blunder
3ba80dfb-36d1-11f1-aa68-e459e801000f,32,16,black,middlegame,O-O,487,-326,813,blunder
3ba80dfb-36d1-11f1-aa68-e459e801000f,34,17,black,middlegame,Qxd3,-210,-209,0,ok
3ba80dfb-36d1-11f1-aa68-e459e801000f,36,18,black,middlegame,Bxe4,-228,-310,82,inaccuracy
3ba80dfb-36d1-11f1-aa68-e459e801000f,38,19,black,middlegame,Qc2,-332,-334,2,ok
3ba80dfb-36d1-11f1-aa68-e459e801000f,40,20,black,middlegame,Qa4,-322,-622,300,blunder
3ba80dfb-36d1-11f1-aa68-e459e801000f,42,21,black,middlegame,Qb4,-627,-99995,99368,blunder
3ba80dfb-36d1-11f1-aa68-e459e801000f,44,22,black,middlegame,Rad8,-748,-99997,99249,blunder
3ba80dfb-36d1-11f1-aa68-e459e801000f,46,23,black,middlegame,Qa4,-680,-688,8,ok
3ba80dfb-36d1-11f1-aa68-e459e801000f,48,24,black,middlegame,Rxf8,-609,-640,31,ok
3ba80dfb-36d1-11f1-aa68-e459e801000f,50,25,black,middlegame,Qa2,-637,-99993,99356,blunder
3ba80dfb-36d1-11f1-aa68-e459e801000f,52,26,black,middlegame,Kh8,-99995,-99995,0,ok
3ba80dfb-36d1-11f1-aa68-e459e801000f,54,27,black,middlegame,f6,-1080,-1045,0,ok
3ba80dfb-36d1-11f1-aa68-e459e801000f,56,28,black,middlegame,Rxf6,-831,-99992,99161,blunder
3ba80dfb-36d1-11f1-aa68-e459e801000f,58,29,black,middlegame,Kg8,-99993,-99993,0,ok
3ba80dfb-36d1-11f1-aa68-e459e801000f,60,30,black,middlegame,Kg7,-99994,-99994,0,ok
3ba80dfb-36d1-11f1-aa68-e459e801000f,62,31,black,middlegame,Kh6,-99995,-99996,1,ok
3ba80dfb-36d1-11f1-aa68-e459e801000f,64,32,black,middlegame,Kxg5,-99995,-99996,1,ok
3ba80dfb-36d1-11f1-aa68-e459e801000f,66,33,black,middlegame,Kf6,-99995,-99995,0,ok
3ba80dfb-36d1-11f1-aa68-e459e801000f,68,34,black,middlegame,Kg5,-99996,-99996,0,ok
3ba80dfb-36d1-11f1-aa68-e459e801000f,70,35,black,middlegame,Bxf2+,-99991,-99994,3,ok
3ba80dfb-36d1-11f1-aa68-e459e801000f,72,36,black,middlegame,Qxc4,-99995,-99996,1,ok
3ba80dfb-36d1-11f1-aa68-e459e801000f,74,37,black,middlegame,Qc6,-99994,-99997,3,ok
3ba80dfb-36d1-11f1-aa68-e459e801000f,76,38,black,middlegame,Kf5,-99993,-99993,0,ok
3ba80dfb-36d1-11f1-aa68-e459e801000f,78,39,black,middlegame,Ke4,-99996,-99996,0,ok
3ba80dfb-36d1-11f1-aa68-e459e801000f,80,40,black,middlegame,Kxd3,-99994,-99994,0,ok
3ba80dfb-36d1-11f1-aa68-e459e801000f,82,41,black,middlegame,Qe4,-962,-99994,99032,blunder
3ba80dfb-36d1-11f1-aa68-e459e801000f,84,42,black,middlegame,Kc4,-99991,-99991,0,ok
3ba80dfb-36d1-11f1-aa68-e459e801000f,86,43,black,middlegame,Qxf4,-99993,-99994,1,ok
3ba80dfb-36d1-11f1-aa68-e459e801000f,88,44,black,middlegame,Kb3,-99995,-99997,2,ok
3ba80dfb-36d1-11f1-aa68-e459e801000f,90,45,black,middlegame,Ka2,-99998,-99998,0,ok
3ba80dfb-36d1-11f1-aa68-e459e801000f,92,46,black,middlegame,Ka1,-99999,-99999,0,ok
3aa18f96-36d0-11f1-977c-5b704c01000f,2,1,black,opening,e5,-27,-30,3,ok
3aa18f96-36d0-11f1-977c-5b704c01000f,4,2,black,opening,Nc6,-32,-31,0,ok
3aa18f96-36d0-11f1-977c-5b704c01000f,6,3,black,opening,exd4,-21,-16,0,ok
3aa18f96-36d0-11f1-977c-5b704c01000f,8,4,black,opening,Nxd4,-10,-71,61,inaccuracy
3aa18f96-36d0-11f1-977c-5b704c01000f,10,5,black,opening,Nf6,-67,-160,93,inaccuracy
3aa18f96-36d0-11f1-977c-5b704c01000f,12,6,black,opening,Be7,-78,-92,14,ok
3aa18f96-36d0-11f1-977c-5b704c01000f,14,7,black,opening,c5,-90,-82,0,ok
3aa18f96-36d0-11f1-977c-5b704c01000f,16,8,black,opening,Ng4,-71,-71,0,ok
3aa18f96-36d0-11f1-977c-5b704c01000f,18,9,black,opening,Nxf2,45,32,13,ok
3aa18f96-36d0-11f1-977c-5b704c01000f,20,10,black,opening,Bxg5,25,28,0,ok
3aa18f96-36d0-11f1-977c-5b704c01000f,22,11,black,middlegame,O-O,21,29,0,ok
3aa18f96-36d0-11f1-977c-5b704c01000f,24,12,black,middlegame,d5,102,38,64,inaccuracy
3aa18f96-36d0-11f1-977c-5b704c01000f,26,13,black,middlegame,Qxd6,311,192,119,mistake
3aa18f96-36d0-11f1-977c-5b704c01000f,28,14,black,middlegame,Qf6+,332,261,71,inaccuracy
3aa18f96-36d0-11f1-977c-5b704c01000f,30,15,black,middlegame,g6,295,289,6,ok
3aa18f96-36d0-11f1-977c-5b704c01000f,32,16,black,middlegame,Bh3,423,389,34,ok
3aa18f96-36d0-11f1-977c-5b704c01000f,34,17,black,middlegame,Rfe8,494,492,2,ok
3aa18f96-36d0-11f1-977c-5b704c01000f,36,18,black,middlegame,Rxe4+,515,505,10,ok
3aa18f96-36d0-11f1-977c-5b704c01000f,38,19,black,middlegame,Qe5,553,568,0,ok
a483fea8-36cf-11f1-aa68-e459e801000f,1,1,white,opening,e4,32,35,0,ok
a483fea8-36cf-11f1-aa68-e459e801000f,3,2,white,opening,Nf3,37,38,0,ok
a483fea8-36cf-11f1-aa68-e459e801000f,5,3,white,opening,Nc3,38,20,18,ok
a483fea8-36cf-11f1-aa68-e459e801000f,7,4,white,opening,d4,13,4,9,ok
a483fea8-36cf-11f1-aa68-e459e801000f,9,5,white,opening,dxe5,30,-54,84,inaccuracy
a483fea8-36cf-11f1-aa68-e459e801000f,11,6,white,opening,bxc3,163,151,12,ok
a483fea8-36cf-11f1-aa68-e459e801000f,13,7,white,opening,Qe2,149,8,141,mistake
a483fea8-36cf-11f1-aa68-e459e801000f,15,8,white,opening,Qc4,335,345,0,ok
a483fea8-36cf-11f1-aa68-e459e801000f,17,9,white,opening,Rxa2,321,283,38,ok
a483fea8-36cf-11f1-aa68-e459e801000f,19,10,white,opening,Bg5,313,249,64,inaccuracy
a483fea8-36cf-11f1-aa68-e459e801000f,21,11,white,opening,Qe4,255,205,50,inaccuracy
a483fea8-36cf-11f1-aa68-e459e801000f,23,12,white,middlegame,Bc4,354,350,4,ok
a483fea8-36cf-11f1-aa68-e459e801000f,25,13,white,middlegame,Bd3,380,357,23,ok
a483fea8-36cf-11f1-aa68-e459e801000f,27,14,white,middlegame,Qxh7#,99999,100000,0,ok
ed77c12d-36cd-11f1-aa68-e459e801000f,1,1,white,opening,e4,34,31,3,ok
ed77c12d-36cd-11f1-aa68-e459e801000f,3,2,white,opening,d4,43,32,11,ok
ed77c12d-36cd-11f1-aa68-e459e801000f,5,3,white,opening,Nc3,31,30,1,ok
ed77c12d-36cd-11f1-aa68-e459e801000f,7,4,white,opening,Nxe4,26,24,2,ok
ed77c12d-36cd-11f1-aa68-e459e801000f,9,5,white,opening,Ng5,41,-24,65,inaccuracy
ed77c12d-36cd-11f1-aa68-e459e801000f,11,6,white,opening,N1f3,-16,-361,345,blunder
ed77c12d-36cd-11f1-aa68-e459e801000f,13,7,white,opening,Bc4,-65,-290,225,mistake
ed77c12d-36cd-11f1-aa68-e459e801000f,15,8,white,opening,Nxg5,-271,-335,64,inaccuracy
ed77c12d-36cd-11f1-aa68-e459e801000f,17,9,white,opening,O-O,-328,-361,33,ok
ed77c12d-36cd-11f1-aa68-e459e801000f,19,10,white,opening,Re1,-316,-430,114,mistake
ed77c12d-36cd-11f1-aa68-e459e801000f,21,11,white,opening,Nxe6,-354,-447,93,inaccuracy
ed77c12d-36cd-11f1-aa68-e459e801000f,23,12,white,middlegame,Bxe6,-398,-548,150,mistake
ed77c12d-36cd-11f1-aa68-e459e801000f,25,13,white,middlegame,Rxe6+,-556,-560,4,ok
ed77c12d-36cd-11f1-aa68-e459e801000f,27,14,white,middlegame,Bg5,-557,-571,14,ok
ed77c12d-36cd-11f1-aa68-e459e801000f,29,15,white,middlegame,Qe2,-578,-618,40,ok
ed77c12d-36cd-11f1-aa68-e459e801000f,31,16,white,middlegame,Re1,-620,-634,14,ok
ed77c12d-36cd-11f1-aa68-e459e801000f,33,17,white,middlegame,a4,-561,-633,72,inaccuracy
ed77c12d-36cd-11f1-aa68-e459e801000f,35,18,white,middlegame,Rxh6,-605,-647,42,ok
ed77c12d-36cd-11f1-aa68-e459e801000f,37,19,white,middlegame,Qe4,-635,-733,98,inaccuracy
ed77c12d-36cd-11f1-aa68-e459e801000f,39,20,white,middlegame,b4,-653,-698,45,ok
ed77c12d-36cd-11f1-aa68-e459e801000f,41,21,white,middlegame,Qf3,-707,-782,75,inaccuracy
ed77c12d-36cd-11f1-aa68-e459e801000f,43,22,white,middlegame,b5,-686,-685,0,ok
ed77c12d-36cd-11f1-aa68-e459e801000f,45,23,white,middlegame,Qf5+,-694,-726,32,ok
ed77c12d-36cd-11f1-aa68-e459e801000f,47,24,white,middlegame,h4,-697,-699,2,ok
ed77c12d-36cd-11f1-aa68-e459e801000f,49,25,white,middlegame,Qxd5,-701,-731,30,ok
ed77c12d-36cd-11f1-aa68-e459e801000f,51,26,white,endgame,h5,-737,-735,0,ok
ed77c12d-36cd-11f1-aa68-e459e801000f,53,27,white,endgame,g4,-727,-744,17,ok
ed77c12d-36cd-11f1-aa68-e459e801000f,55,28,white,endgame,Re5,-717,-920,203,mistake
23760042-36cc-11f1-aa68-e459e801000f,2,1,black,opening,d5,-15,-68,53,inaccuracy
23760042-36cc-11f1-aa68-e459e801000f,4,2,black,opening,Nf6,-67,-73,6,ok
23760042-36cc-11f1-aa68-e459e801000f,6,3,black,opening,Nxd5,-34,-43,9,ok
23760042-36cc-11f1-aa68-e459e801000f,8,4,black,opening,Nxc3,-27,-25,0,ok
23760042-36cc-11f1-aa68-e459e801000f,10,5,black,opening,Nc6,-26,-38,12,ok
23760042-36cc-11f1-aa68-e459e801000f,12,6,black,opening,Qd6,-27,-84,57,inaccuracy
23760042-36cc-11f1-aa68-e459e801000f,14,7,black,opening,Bg4,-82,-171,89,inaccuracy
23760042-36cc-11f1-aa68-e459e801000f,16,8,black,opening,O-O-O,-152,-254,102,mistake
23760042-36cc-11f1-aa68-e459e801000f,18,9,black,opening,Ne5,-44,-37,0,ok
23760042-36cc-11f1-aa68-e459e801000f,20,10,black,opening,Qf6,-47,-375,328,blunder
23760042-36cc-11f1-aa68-e459e801000f,22,11,black,middlegame,Qc6,-371,-438,67,inaccuracy
23760042-36cc-11f1-aa68-e459e801000f,24,12,black,middlegame,Qxc3,-409,-503,94,inaccuracy
23760042-36cc-11f1-aa68-e459e801000f,26,13,black,middlegame,Bxf3,-395,-611,216,mistake
23760042-36cc-11f1-aa68-e459e801000f,28,14,black,middlegame,Bxe2,-69,-71,2,ok
23760042-36cc-11f1-aa68-e459e801000f,30,15,black,endgame,c6,-72,-65,0,ok
23760042-36cc-11f1-aa68-e459e801000f,32,16,black,endgame,Rd3,59,-25,84,inaccuracy
23760042-36cc-11f1-aa68-e459e801000f,34,17,black,endgame,e6,-24,-18,0,ok
23760042-36cc-11f1-aa68-e459e801000f,36,18,black,endgame,c5,-22,-425,403,blunder
23760042-36cc-11f1-aa68-e459e801000f,38,19,black,endgame,c4,-408,-520,112,mistake
23760042-36cc-11f1-aa68-e459e801000f,40,20,black,endgame,c3,-433,-481,48,ok
23760042-36cc-11f1-aa68-e459e801000f,42,21,black,endgame,Ba3,-434,-471,37,ok
23760042-36cc-11f1-aa68-e459e801000f,44,22,black,endgame,Kd8,-472,-487,15,ok
23760042-36cc-11f1-aa68-e459e801000f,46,23,black,endgame,Ke8,-145,-177,32,ok
23760042-36cc-11f1-aa68-e459e801000f,48,24,black,endgame,Bxc1,-171,-199,28,ok
23760042-36cc-11f1-aa68-e459e801000f,50,25,black,endgame,Kf8,-202,-197,0,ok
23760042-36cc-11f1-aa68-e459e801000f,52,26,black,endgame,Kg8,-216,-204,0,ok
23760042-36cc-11f1-aa68-e459e801000f,54,27,black,endgame,Kf7,-202,-209,7,ok
23760042-36cc-11f1-aa68-e459e801000f,56,28,black,endgame,Bxe3,-211,-99999,99788,blunder
75567565-36ca-11f1-aa68-e459e801000f,2,1,black,opening,d5,-33,-30,0,ok
75567565-36ca-11f1-aa68-e459e801000f,4,2,black,opening,dxc4,-34,-42,8,ok
75567565-36ca-11f1-aa68-e459e801000f,6,3,black,opening,Nf6,-45,-53,8,ok
75567565-36ca-11f1-aa68-e459e801000f,8,4,black,opening,Ne4,-52,-268,216,mistake
75567565-36ca-11f1-aa68-e459e801000f,10,5,black,opening,Nf2,-271,-380,109,mistake
75567565-36ca-11f1-aa68-e459e801000f,12,6,black,opening,Bf5,-388,-423,35,ok
75567565-36ca-11f1-aa68-e459e801000f,14,7,black,opening,Nc6,-432,-484,52,inaccuracy
75567565-36ca-11f1-aa68-e459e801000f,16,8,black,opening,e6,-461,-472,11,ok
75567565-36ca-11f1-aa68-e459e801000f,18,9,black,opening,Qd5,-432,-524,92,inaccuracy
75567565-36ca-11f1-aa68-e459e801000f,20,10,black,opening,Qd7,-513,-512,0,ok
75567565-36ca-11f1-aa68-e459e801000f,22,11,black,middlegame,a6,-502,-505,3,ok
75567565-36ca-11f1-aa68-e459e801000f,24,12,black,middlegame,Bc2,-490,-472,0,ok
75567565-36ca-11f1-aa68-e459e801000f,26,13,black,middlegame,Bxa4,-468,-473,5,ok
75567565-36ca-11f1-aa68-e459e801000f,28,14,black,endgame,Bxd7,-474,-478,4,ok
75567565-36ca-11f1-aa68-e459e801000f,30,15,black,endgame,O-O-O,-473,-503,30,ok
75567565-36ca-11f1-aa68-e459e801000f,32,16,black,endgame,Re8,-504,-504,0,ok
75567565-36ca-11f1-aa68-e459e801000f,34,17,black,endgame,g6,-508,-578,70,inaccuracy
75567565-36ca-11f1-aa68-e459e801000f,36,18,black,endgame,Bb4,-580,-604,24,ok
75567565-36ca-11f1-aa68-e459e801000f,38,19,black,endgame,Rhg8,-614,-655,41,ok
75567565-36ca-11f1-aa68-e459e801000f,40,20,black,endgame,Bb5,-663,-691,28,ok
75567565-36ca-11f1-aa68-e459e801000f,42,21,black,endgame,c5,-698,-709,11,ok
75567565-36ca-11f1-aa68-e459e801000f,44,22,black,endgame,cxd4,-698,-827,129,mistake
75567565-36ca-11f1-aa68-e459e801000f,46,23,black,endgame,Bxd6,-832,-838,6,ok
75567565-36ca-11f1-aa68-e459e801000f,48,24,black,endgame,Kd7,-833,-933,100,mistake
75567565-36ca-11f1-aa68-e459e801000f,50,25,black,endgame,d3,-958,-1001,43,ok
75567565-36ca-11f1-aa68-e459e801000f,52,26,black,endgame,Rc8,-99989,-99987,0,ok
75567565-36ca-11f1-aa68-e459e801000f,54,27,black,endgame,Kd8,-99992,-99992,0,ok
75567565-36ca-11f1-aa68-e459e801000f,56,28,black,endgame,Kxc8,-99993,-99993,0,ok
75567565-36ca-11f1-aa68-e459e801000f,58,29,black,endgame,d2,-1409,-1491,82,inaccuracy
a3273263-36c8-11f1-aa68-e459e801000f,1,1,white,opening,e4,32,35,0,ok
a3273263-36c8-11f1-aa68-e459e801000f,3,2,white,opening,Nf3,39,43,0,ok
a3273263-36c8-11f1-aa68-e459e801000f,5,3,white,opening,Nc3,42,21,21,ok
a3273263-36c8-11f1-aa68-e459e801000f,7,4,white,opening,d4,64,10,54,inaccuracy
a3273263-36c8-11f1-aa68-e459e801000f,9,5,white,opening,bxc3,59,60,0,ok
a3273263-36c8-11f1-aa68-e459e801000f,11,6,white,opening,cxd4,141,145,0,ok
a3273263-36c8-11f1-aa68-e459e801000f,13,7,white,opening,Bb5,152,112,40,ok
a3273263-36c8-11f1-aa68-e459e801000f,15,8,white,opening,Bxc6,170,57,113,mistake
a3273263-36c8-11f1-aa68-e459e801000f,17,9,white,opening,d5,109,107,2,ok
a3273263-36c8-11f1-aa68-e459e801000f,19,10,white,opening,Nd4,142,132,10,ok
a3273263-36c8-11f1-aa68-e459e801000f,21,11,white,opening,Nxb5,179,81,98,inaccuracy
a3273263-36c8-11f1-aa68-e459e801000f,23,12,white,middlegame,O-O,132,113,19,ok
a3273263-36c8-11f1-aa68-e459e801000f,25,13,white,middlegame,Qg4,136,67,69,inaccuracy
a3273263-36c8-11f1-aa68-e459e801000f,27,14,white,middlegame,Bh6,70,-43,113,mistake
a3273263-36c8-11f1-aa68-e459e801000f,29,15,white,middlegame,Bxf8,370,366,4,ok
a3273263-36c8-11f1-aa68-e459e801000f,31,16,white,middlegame,Rfe1,378,364,14,ok
a3273263-36c8-11f1-aa68-e459e801000f,33,17,white,middlegame,e5,428,328,100,mistake
a3273263-36c8-11f1-aa68-e459e801000f,35,18,white,middlegame,exd6,412,271,141,mistake
a3273263-36c8-11f1-aa68-e459e801000f,37,19,white,middlegame,Rad1,256,258,0,ok
a3273263-36c8-11f1-aa68-e459e801000f,39,20,white,middlegame,Qf3,478,294,184,mistake
a3273263-36c8-11f1-aa68-e459e801000f,41,21,white,middlegame,Qxb7,359,356,3,ok
a3273263-36c8-11f1-aa68-e459e801000f,43,22,white,middlegame,Rd2,387,348,39,ok
a3273263-36c8-11f1-aa68-e459e801000f,45,23,white,middlegame,Rd7,446,391,55,inaccuracy
a3273263-36c8-11f1-aa68-e459e801000f,47,24,white,middlegame,Qf3,498,374,124,mistake
a3273263-36c8-11f1-aa68-e459e801000f,49,25,white,middlegame,Qf6,617,642,0,ok
a3273263-36c8-11f1-aa68-e459e801000f,51,26,white,middlegame,Rd8+,99998,99999,0,ok
ae6237df-36c7-11f1-977c-5b704c01000f,1,1,white,opening,e4,37,41,0,ok
ae6237df-36c7-11f1-977c-5b704c01000f,3,2,white,opening,d4,35,33,2,ok
ae6237df-36c7-11f1-977c-5b704c01000f,5,3,white,opening,Nc3,35,35,0,ok
ae6237df-36c7-11f1-977c-5b704c01000f,7,4,white,opening,Nxe4,25,33,0,ok
ae6237df-36c7-11f1-977c-5b704c01000f,9,5,white,opening,Bd3,40,-40,80,inaccuracy
ae6237df-36c7-11f1-977c-5b704c01000f,11,6,white,opening,Qf3,-36,-122,86,inaccuracy
ae6237df-36c7-11f1-977c-5b704c01000f,13,7,white,opening,Bxe4,-111,-129,18,ok
ae6237df-36c7-11f1-977c-5b704c01000f,15,8,white,opening,Be3,-68,-247,179,mistake
ae6237df-36c7-11f1-977c-5b704c01000f,17,9,white,opening,Bd2,-216,-206,0,ok
ae6237df-36c7-11f1-977c-5b704c01000f,19,10,white,opening,Bc3,-212,-355,143,mistake
ae6237df-36c7-11f1-977c-5b704c01000f,21,11,white,opening,Ne2,-51,-154,103,mistake
ae6237df-36c7-11f1-977c-5b704c01000f,23,12,white,middlegame,O-O,-53,-112,59,inaccuracy
ae6237df-36c7-11f1-977c-5b704c01000f,25,13,white,middlegame,Qxe4,-97,-101,4,ok
ae6237df-36c7-11f1-977c-5b704c01000f,27,14,white,middlegame,Bxg7,325,331,0,ok
ae6237df-36c7-11f1-977c-5b704c01000f,29,15,white,middlegame,Qxh7,332,322,10,ok
ae6237df-36c7-11f1-977c-5b704c01000f,31,16,white,middlegame,Qxg8,592,590,2,ok
ae6237df-36c7-11f1-977c-5b704c01000f,33,17,white,middlegame,Rfd1,586,586,0,ok
22047d44-36c6-11f1-aa68-e459e801000f,2,1,black,opening,e5,-33,-35,2,ok
22047d44-36c6-11f1-aa68-e459e801000f,4,2,black,opening,Qf6,35,-29,64,inaccuracy
22047d44-36c6-11f1-aa68-e459e801000f,6,3,black,opening,Nc6,-36,-39,3,ok
22047d44-36c6-11f1-aa68-e459e801000f,8,4,black,opening,Qd6,-21,-19,0,ok
22047d44-36c6-11f1-aa68-e459e801000f,10,5,black,opening,Nf6,-17,-14,0,ok
22047d44-36c6-11f1-aa68-e459e801000f,12,6,black,opening,Nxd5,31,29,2,ok
22047d44-36c6-11f1-aa68-e459e801000f,14,7,black,opening,Ne7,26,25,1,ok
22047d44-36c6-11f1-aa68-e459e801000f,16,8,black,opening,Nxd5,174,150,24,ok
22047d44-36c6-11f1-aa68-e459e801000f,18,9,black,opening,c6,158,123,35,ok
22047d44-36c6-11f1-aa68-e459e801000f,20,10,black,opening,Ke7,146,-43,189,mistake
22047d44-36c6-11f1-aa68-e459e801000f,22,11,black,middlegame,Qf6,40,0,40,ok
22047d44-36c6-11f1-aa68-e459e801000f,24,12,black,middlegame,Kd8,19,14,5,ok
22047d44-36c6-11f1-aa68-e459e801000f,26,13,black,middlegame,Qxf3,94,72,22,ok
22047d44-36c6-11f1-aa68-e459e801000f,28,14,black,endgame,Bxa3,55,-93,148,mistake
22047d44-36c6-11f1-aa68-e459e801000f,30,15,black,endgame,dxc6,140,62,78,inaccuracy
22047d44-36c6-11f1-aa68-e459e801000f,32,16,black,endgame,Re8,373,384,0,ok
22047d44-36c6-11f1-aa68-e459e801000f,34,17,black,endgame,f6,384,393,0,ok
22047d44-36c6-11f1-aa68-e459e801000f,36,18,black,endgame,fxe5,463,456,7,ok
22047d44-36c6-11f1-aa68-e459e801000f,38,19,black,endgame,Rxe5,451,475,0,ok
22047d44-36c6-11f1-aa68-e459e801000f,40,20,black,endgame,Bg4,487,448,39,ok
22047d44-36c6-11f1-aa68-e459e801000f,42,21,black,endgame,Nxc3,481,220,261,mistake
22047d44-36c6-11f1-aa68-e459e801000f,44,22,black,endgame,Bd7,445,429,16,ok
22047d44-36c6-11f1-aa68-e459e801000f,46,23,black,endgame,Nxa4,458,510,0,ok
22047d44-36c6-11f1-aa68-e459e801000f,48,24,black,endgame,Re7,533,514,19,ok
22047d44-36c6-11f1-aa68-e459e801000f,50,25,black,endgame,Nc5,563,536,27,ok
22047d44-36c6-11f1-aa68-e459e801000f,52,26,black,endgame,Kc7,549,566,0,ok
22047d44-36c6-11f1-aa68-e459e801000f,54,27,black,endgame,Bxf5,644,662,0,ok
22047d44-36c6-11f1-aa68-e459e801000f,56,28,black,endgame,g6,677,647,30,ok
22047d44-36c6-11f1-aa68-e459e801000f,58,29,black,endgame,Rae8,670,640,30,ok
22047d44-36c6-11f1-aa68-e459e801000f,60,30,black,endgame,b5,684,688,0,ok
22047d44-36c6-11f1-aa68-e459e801000f,62,31,black,endgame,Bd3,705,703,2,ok
22047d44-36c6-11f1-aa68-e459e801000f,64,32,black,endgame,Rxf7,746,737,9,ok
22047d44-36c6-11f1-aa68-e459e801000f,66,33,black,endgame,Re7,733,718,15,ok
22047d44-36c6-11f1-aa68-e459e801000f,68,34,black,endgame,a5,718,722,0,ok
22047d44-36c6-11f1-aa68-e459e801000f,70,35,black,endgame,Kb6,720,724,0,ok
22047d44-36c6-11f1-aa68-e459e801000f,72,36,black,endgame,a4,743,728,15,ok
22047d44-36c6-11f1-aa68-e459e801000f,74,37,black,endgame,Re3+,755,757,0,ok
22047d44-36c6-11f1-aa68-e459e801000f,76,38,black,endgame,Bf5+,760,694,66,inaccuracy
22047d44-36c6-11f1-aa68-e459e801000f,78,39,black,endgame,a3,685,632,53,inaccuracy
22047d44-36c6-11f1-aa68-e459e801000f,80,40,black,endgame,Ne4+,678,661,17,ok
22047d44-36c6-11f1-aa68-e459e801000f,82,41,black,endgame,Re2,706,681,25,ok
22047d44-36c6-11f1-aa68-e459e801000f,84,42,black,endgame,a2,860,732,128,mistake
22047d44-36c6-11f1-aa68-e459e801000f,86,43,black,endgame,Rb2,1206,758,448,blunder
22047d44-36c6-11f1-aa68-e459e801000f,88,44,black,endgame,Nc3,779,756,23,ok
22047d44-36c6-11f1-aa68-e459e801000f,90,45,black,endgame,Rb1,771,734,37,ok
22047d44-36c6-11f1-aa68-e459e801000f,92,46,black,endgame,Nxa2,722,715,7,ok
22047d44-36c6-11f1-aa68-e459e801000f,94,47,black,endgame,Ra1,779,776,3,ok
22047d44-36c6-11f1-aa68-e459e801000f,96,48,black,endgame,Kc5,857,719,138,mistake
22047d44-36c6-11f1-aa68-e459e801000f,98,49,black,endgame,Kd6,810,704,106,mistake
22047d44-36c6-11f1-aa68-e459e801000f,100,50,black,endgame,Ra8#,99999,100000,0,ok
2887f97f-36bb-11f1-977c-5b704c01000f,1,1,white,opening,e4,34,29,5,ok
2887f97f-36bb-11f1-977c-5b704c01000f,3,2,white,opening,d4,35,37,0,ok
2887f97f-36bb-11f1-977c-5b704c01000f,5,3,white,opening,Nc3,34,36,0,ok
2887f97f-36bb-11f1-977c-5b704c01000f,7,4,white,opening,Nxe4,36,36,0,ok
2887f97f-36bb-11f1-977c-5b704c01000f,9,5,white,opening,Ng5,43,-24,67,inaccuracy
2887f97f-36bb-11f1-977c-5b704c01000f,11,6,white,opening,Nxf7,-5,-182,177,mistake
2887f97f-36bb-11f1-977c-5b704c01000f,13,7,white,opening,Qh5+,-184,-226,42,ok
2887f97f-36bb-11f1-977c-5b704c01000f,15,8,white,opening,Bc4+,-221,-215,0,ok
2887f97f-36bb-11f1-977c-5b704c01000f,17,9,white,opening,Qf3,-218,-282,64,inaccuracy
2887f97f-36bb-11f1-977c-5b704c01000f,19,10,white,opening,Be3,-300,-535,235,mistake
2887f97f-36bb-11f1-977c-5b704c01000f,21,11,white,opening,c3,-554,-590,36,ok
2887f97f-36bb-11f1-977c-5b704c01000f,23,12,white,middlegame,Qg3,-497,-531,34,ok
2887f97f-36bb-11f1-977c-5b704c01000f,25,13,white,middlegame,Nf3,-468,-630,162,mistake
2887f97f-36bb-11f1-977c-5b704c01000f,27,14,white,middlegame,Ne5+,-669,-695,26,ok
2887f97f-36bb-11f1-977c-5b704c01000f,29,15,white,middlegame,O-O,-723,-728,5,ok
2887f97f-36bb-11f1-977c-5b704c01000f,31,16,white,middlegame,fxe3,-751,-814,63,inaccuracy
2887f97f-36bb-11f1-977c-5b704c01000f,33,17,white,middlegame,hxg3,-812,-832,20,ok
645b7c42-36ba-11f1-96b0-d5a12501000f,2,1,black,opening,e5,-37,-32,0,ok
645b7c42-36ba-11f1-96b0-d5a12501000f,4,2,black,opening,Nc6,-38,-30,0,ok
645b7c42-36ba-11f1-96b0-d5a12501000f,6,3,black,opening,Nf6,-18,-17,0,ok
645b7c42-36ba-11f1-96b0-d5a12501000f,8,4,black,opening,Nxe4,16,7,9,ok
645b7c42-36ba-11f1-96b0-d5a12501000f,10,5,black,opening,d5,9,12,0,ok
645b7c42-36ba-11f1-96b0-d5a12501000f,12,6,black,opening,dxe4,15,9,6,ok
645b7c42-36ba-11f1-96b0-d5a12501000f,14,7,black,opening,Bg4,2,-20,22,ok
645b7c42-36ba-11f1-96b0-d5a12501000f,16,8,black,opening,Bxf3,-24,-56,32,ok
645b7c42-36ba-11f1-96b0-d5a12501000f,18,9,black,opening,Nd4,-59,-104,45,ok
645b7c42-36ba-11f1-96b0-d5a12501000f,20,10,black,opening,c6,-6,-2,0,ok
645b7c42-36ba-11f1-96b0-d5a12501000f,22,11,black,middlegame,Qh4,5,-16,21,ok
645b7c42-36ba-11f1-96b0-d5a12501000f,24,12,black,middlegame,Qxe4,130,144,0,ok
645b7c42-36ba-11f1-96b0-d5a12501000f,26,13,black,middlegame,Qf5,188,34,154,mistake
645b7c42-36ba-11f1-96b0-d5a12501000f,28,14,black,middlegame,e4,35,-171,206,mistake
645b7c42-36ba-11f1-96b0-d5a12501000f,30,15,black,middlegame,Be7,-28,-55,27,ok
645b7c42-36ba-11f1-96b0-d5a12501000f,32,16,black,middlegame,Qf6,-22,-204,182,mistake
645b7c42-36ba-11f1-96b0-d5a12501000f,34,17,black,middlegame,Rd8,-185,-374,189,mistake
645b7c42-36ba-11f1-96b0-d5a12501000f,36,18,black,middlegame,Rd7,-377,-383,6,ok
645b7c42-36ba-11f1-96b0-d5a12501000f,38,19,black,middlegame,O-O,-130,-581,451,blunder
645b7c42-36ba-11f1-96b0-d5a12501000f,40,20,black,middlegame,Re8,-582,-632,50,inaccuracy
5a00afb7-36b9-11f1-aa68-e459e801000f,2,1,black,opening,e5,-31,-34,3,ok
5a00afb7-36b9-11f1-aa68-e459e801000f,4,2,black,opening,Nc6,-32,-37,5,ok
5a00afb7-36b9-11f1-aa68-e459e801000f,6,3,black,opening,exd4,-15,-17,2,ok
5a00afb7-36b9-11f1-aa68-e459e801000f,8,4,black,opening,Nxd4,-14,-69,55,inaccuracy
5a00afb7-36b9-11f1-aa68-e459e801000f,10,5,black,opening,Nf6,-74,-152,78,inaccuracy
5a00afb7-36b9-11f1-aa68-e459e801000f,12,6,black,opening,Qe7,-148,-244,96,inaccuracy
5a00afb7-36b9-11f1-aa68-e459e801000f,14,7,black,opening,c5,-249,-492,243,mistake
5a00afb7-36b9-11f1-aa68-e459e801000f,16,8,black,opening,gxf6,-496,-512,16,ok
5a00afb7-36b9-11f1-aa68-e459e801000f,18,9,black,opening,f5,-481,-526,45,ok
5a00afb7-36b9-11f1-aa68-e459e801000f,20,10,black,opening,Qe5,-502,-559,57,inaccuracy
5a00afb7-36b9-11f1-aa68-e459e801000f,22,11,black,middlegame,f4,-584,-770,186,mistake
5a00afb7-36b9-11f1-aa68-e459e801000f,24,12,black,middlegame,Qc7,-608,-739,131,mistake
5a00afb7-36b9-11f1-aa68-e459e801000f,26,13,black,middlegame,d6,-673,-687,14,ok
5a00afb7-36b9-11f1-aa68-e459e801000f,28,14,black,middlegame,Be6,-785,-775,0,ok
5a00afb7-36b9-11f1-aa68-e459e801000f,30,15,black,middlegame,Rg8,-598,-590,0,ok
5a00afb7-36b9-11f1-aa68-e459e801000f,32,16,black,middlegame,Qa5,-509,-717,208,mistake
5a00afb7-36b9-11f1-aa68-e459e801000f,34,17,black,middlegame,Bxd6,-739,-742,3,ok
5a00afb7-36b9-11f1-aa68-e459e801000f,36,18,black,middlegame,O-O-O,-759,-1152,393,blunder
632f38a7-36b7-11f1-977c-5b704c01000f,2,1,black,opening,e5,-35,-36,1,ok
632f38a7-36b7-11f1-977c-5b704c01000f,4,2,black,opening,Nc6,-36,-39,3,ok
632f38a7-36b7-11f1-977c-5b704c01000f,6,3,black,opening,Nf6,-30,-29,0,ok
632f38a7-36b7-11f1-977c-5b704c01000f,8,4,black,opening,Nxe4,41,40,1,ok
632f38a7-36b7-11f1-977c-5b704c01000f,10,5,black,opening,d5,122,124,0,ok
632f38a7-36b7-11f1-977c-5b704c01000f,12,6,black,opening,Qf6,124,-174,298,mistake
632f38a7-36b7-11f1-977c-5b704c01000f,14,7,black,opening,Bd7,-186,-342,156,mistake
632f38a7-36b7-11f1-977c-5b704c01000f,16,8,black,opening,dxe4,-344,-322,0,ok
632f38a7-36b7-11f1-977c-5b704c01000f,18,9,black,opening,O-O-O,-330,-358,28,ok
632f38a7-36b7-11f1-977c-5b704c01000f,20,10,black,opening,Bf5,-353,-431,78,inaccuracy
632f38a7-36b7-11f1-977c-5b704c01000f,22,11,black,middlegame,Qd6,-348,-396,48,ok
632f38a7-36b7-11f1-977c-5b704c01000f,24,12,black,middlegame,Bxe4,-396,-402,6,ok
632f38a7-36b7-11f1-977c-5b704c01000f,26,13,black,middlegame,bxc6,-220,-459,239,mistake
632f38a7-36b7-11f1-977c-5b704c01000f,28,14,black,middlegame,Bxf3,-334,-335,1,ok
632f38a7-36b7-11f1-977c-5b704c01000f,30,15,black,middlegame,Kxd8,-323,-530,207,mistake
632f38a7-36b7-11f1-977c-5b704c01000f,32,16,black,middlegame,Qc5,-259,-410,151,mistake
632f38a7-36b7-11f1-977c-5b704c01000f,34,17,black,middlegame,Kc8,-419,-620,201,mistake
632f38a7-36b7-11f1-977c-5b704c01000f,36,18,black,middlegame,Kb7,-610,-670,60,inaccuracy
632f38a7-36b7-11f1-977c-5b704c01000f,38,19,black,middlegame,Bd6,-197,-227,30,ok
632f38a7-36b7-11f1-977c-5b704c01000f,40,20,black,middlegame,Qb6,-158,-175,17,ok
632f38a7-36b7-11f1-977c-5b704c01000f,42,21,black,middlegame,Rd8,-107,-192,85,inaccuracy
632f38a7-36b7-11f1-977c-5b704c01000f,44,22,black,middlegame,Kc8,-166,-401,235,mistake
632f38a7-36b7-11f1-977c-5b704c01000f,46,23,black,middlegame,Re8,-30,-212,182,mistake
632f38a7-36b7-11f1-977c-5b704c01000f,48,24,black,middlegame,Rf8,-174,-219,45,ok
632f38a7-36b7-11f1-977c-5b704c01000f,50,25,black,middlegame,cxb6,-229,-507,278,mistake
632f38a7-36b7-11f1-977c-5b704c01000f,52,26,black,endgame,Kc7,-508,-561,53,inaccuracy
632f38a7-36b7-11f1-977c-5b704c01000f,54,27,black,endgame,Rd8,-485,-554,69,inaccuracy
632f38a7-36b7-11f1-977c-5b704c01000f,56,28,black,endgame,Rd1+,-504,-538,34,ok
632f38a7-36b7-11f1-977c-5b704c01000f,58,29,black,endgame,Rd2,-567,-590,23,ok
632f38a7-36b7-11f1-977c-5b704c01000f,60,30,black,endgame,Rxc2,-517,-486,0,ok
632f38a7-36b7-11f1-977c-5b704c01000f,62,31,black,endgame,Kb8,-501,-523,22,ok
632f38a7-36b7-11f1-977c-5b704c01000f,64,32,black,endgame,Rxb2,-476,-466,0,ok
632f38a7-36b7-11f1-977c-5b704c01000f,66,33,black,endgame,Ra2,-508,-596,88,inaccuracy
632f38a7-36b7-11f1-977c-5b704c01000f,68,34,black,endgame,Rxa3,-544,-568,24,ok
632f38a7-36b7-11f1-977c-5b704c01000f,70,35,black,endgame,Ka8,-582,-638,56,inaccuracy
632f38a7-36b7-11f1-977c-5b704c01000f,72,36,black,endgame,b5,-846,-871,25,ok
632f38a7-36b7-11f1-977c-5b704c01000f,74,37,black,endgame,Ra4,-995,-980,0,ok
632f38a7-36b7-11f1-977c-5b704c01000f,76,38,black,endgame,b4,-550,-649,99,inaccuracy
632f38a7-36b7-11f1-977c-5b704c01000f,78,39,black,endgame,b3,-652,-840,188,mistake
632f38a7-36b7-11f1-977c-5b704c01000f,80,40,black,endgame,Rd4,-706,-774,68,inaccuracy
632f38a7-36b7-11f1-977c-5b704c01000f,82,41,black,endgame,Rd6,-681,-758,77,inaccuracy
632f38a7-36b7-11f1-977c-5b704c01000f,84,42,black,endgame,a5,-746,-768,22,ok
632f38a7-36b7-11f1-977c-5b704c01000f,86,43,black,endgame,a4,-877,-1016,139,mistake
632f38a7-36b7-11f1-977c-5b704c01000f,88,44,black,endgame,Rd2,-1037,-1035,0,ok
632f38a7-36b7-11f1-977c-5b704c01000f,90,45,black,endgame,Ra2,-988,-99997,99009,blunder
632f38a7-36b7-11f1-977c-5b704c01000f,92,46,black,endgame,b2,-1133,-1139,6,ok
632f38a7-36b7-11f1-977c-5b704c01000f,94,47,black,endgame,Ra1,-1099,-99998,98899,blunder
632f38a7-36b7-11f1-977c-5b704c01000f,96,48,black,endgame,Rxb1,-99999,-99999,0,ok
21186dd0-36b7-11f1-8ad1-a6216201000f,1,1,white,opening,e4,46,39,7,ok
21186dd0-36b7-11f1-8ad1-a6216201000f,3,2,white,opening,Nf3,39,39,0,ok
21186dd0-36b7-11f1-8ad1-a6216201000f,5,3,white,opening,Nc3,176,50,126,mistake
21186dd0-36b7-11f1-8ad1-a6216201000f,7,4,white,opening,Bc4,44,3,41,ok
21186dd0-36b7-11f1-8ad1-a6216201000f,9,5,white,opening,O-O,50,34,16,ok
21186dd0-36b7-11f1-8ad1-a6216201000f,11,6,white,opening,Qxf3,91,86,5,ok
21186dd0-36b7-11f1-8ad1-a6216201000f,13,7,white,opening,d3,83,106,0,ok
21186dd0-36b7-11f1-8ad1-a6216201000f,15,8,white,opening,Bg5,119,88,31,ok
21186dd0-36b7-11f1-8ad1-a6216201000f,17,9,white,opening,a3,92,76,16,ok
21186dd0-36b7-11f1-8ad1-a6216201000f,19,10,white,opening,Bh4,70,62,8,ok
21186dd0-36b7-11f1-8ad1-a6216201000f,21,11,white,opening,Bg3,72,66,6,ok
21186dd0-36b7-11f1-8ad1-a6216201000f,23,12,white,middlegame,h3,110,-271,381,blunder
21186dd0-36b7-11f1-8ad1-a6216201000f,25,13,white,middlegame,Bh2,-48,-55,7,ok
21186dd0-36b7-11f1-8ad1-a6216201000f,27,14,white,middlegame,Qxf7#,99999,100000,0,ok
fc37d529-367f-11f1-aa68-e459e801000f,1,1,white,opening,e4,35,33,2,ok
fc37d529-367f-11f1-aa68-e459e801000f,3,2,white,opening,Nf3,29,31,0,ok
fc37d529-367f-11f1-aa68-e459e801000f,5,3,white,opening,Nc3,36,22,14,ok
fc37d529-367f-11f1-aa68-e459e801000f,7,4,white,opening,Bb5,21,22,0,ok
fc37d529-367f-11f1-aa68-e459e801000f,9,5,white,opening,Bxc6+,68,34,34,ok
fc37d529-367f-11f1-aa68-e459e801000f,11,6,white,opening,d4,40,51,0,ok
fc37d529-367f-11f1-aa68-e459e801000f,13,7,white,opening,dxe5,115,109,6,ok
fc37d529-367f-11f1-aa68-e459e801000f,15,8,white,opening,Qxd8+,256,261,0,ok
fc37d529-367f-11f1-aa68-e459e801000f,17,9,white,opening,Nxe5,300,300,0,ok
fc37d529-367f-11f1-aa68-e459e801000f,19,10,white,opening,Nxf7+,591,381,210,mistake
fc37d529-367f-11f1-aa68-e459e801000f,21,11,white,opening,Nxh8,456,426,30,ok
fc37d529-367f-11f1-aa68-e459e801000f,23,12,white,endgame,Bg5,498,328,170,mistake
fc37d529-367f-11f1-aa68-e459e801000f,25,13,white,endgame,f3,334,274,60,inaccuracy
fc37d529-367f-11f1-aa68-e459e801000f,27,14,white,endgame,O-O-O+,424,434,0,ok
fc37d529-367f-11f1-aa68-e459e801000f,29,15,white,endgame,fxg4,459,461,0,ok
fc37d529-367f-11f1-aa68-e459e801000f,31,16,white,endgame,h4,486,489,0,ok
fc37d529-367f-11f1-aa68-e459e801000f,33,17,white,endgame,Ne4,495,492,3,ok
fc37d529-367f-11f1-aa68-e459e801000f,35,18,white,endgame,Rhf1,511,518,0,ok
fc37d529-367f-11f1-aa68-e459e801000f,37,19,white,endgame,Rxf8,562,556,6,ok
fc37d529-367f-11f1-aa68-e459e801000f,39,20,white,endgame,c4,597,565,32,ok
fc37d529-367f-11f1-aa68-e459e801000f,41,21,white,endgame,c5,632,646,0,ok
fc37d529-367f-11f1-aa68-e459e801000f,43,22,white,endgame,Nxc5+,611,637,0,ok
fc37d529-367f-11f1-aa68-e459e801000f,45,23,white,endgame,Ne6,648,651,0,ok
fc37d529-367f-11f1-aa68-e459e801000f,47,24,white,endgame,h5,635,652,0,ok
fc37d529-367f-11f1-aa68-e459e801000f,49,25,white,endgame,gxh5,654,676,0,ok
fc37d529-367f-11f1-aa68-e459e801000f,51,26,white,endgame,Ng5,685,561,124,mistake
fc37d529-367f-11f1-aa68-e459e801000f,53,27,white,endgame,Kb1,578,560,18,ok
fc37d529-367f-11f1-aa68-e459e801000f,55,28,white,endgame,Rd7,571,583,0,ok
fc37d529-367f-11f1-aa68-e459e801000f,57,29,white,endgame,Rg7,582,568,14,ok
fc37d529-367f-11f1-aa68-e459e801000f,59,30,white,endgame,g4,573,540,33,ok
fc37d529-367f-11f1-aa68-e459e801000f,61,31,white,endgame,g5,549,593,0,ok
fc37d529-367f-11f1-aa68-e459e801000f,63,32,white,endgame,h6,612,592,20,ok
fc37d529-367f-11f1-aa68-e459e801000f,65,33,white,endgame,Rg8+,590,577,13,ok
fc37d529-367f-11f1-aa68-e459e801000f,67,34,white,endgame,h7,583,590,0,ok
fc37d529-367f-11f1-aa68-e459e801000f,69,35,white,endgame,h8=Q,608,536,72,inaccuracy
fc37d529-367f-11f1-aa68-e459e801000f,71,36,white,endgame,Rxh8,523,532,0,ok
fc37d529-367f-11f1-aa68-e459e801000f,73,37,white,endgame,Kc2,537,549,0,ok
fc37d529-367f-11f1-aa68-e459e801000f,75,38,white,endgame,Kd1,571,559,12,ok
fc37d529-367f-11f1-aa68-e459e801000f,77,39,white,endgame,Ke1,566,560,6,ok
fc37d529-367f-11f1-aa68-e459e801000f,79,40,white,endgame,Kf1,570,514,56,inaccuracy
fc37d529-367f-11f1-aa68-e459e801000f,81,41,white,endgame,Kg2,561,531,30,ok
fc37d529-367f-11f1-aa68-e459e801000f,83,42,white,endgame,a4,627,538,89,inaccuracy
fc37d529-367f-11f1-aa68-e459e801000f,85,43,white,endgame,Rh5,596,557,39,ok
1138823b-3677-11f1-8ad1-a6216201000f,2,1,black,opening,e5,-36,-36,0,ok
1138823b-3677-11f1-8ad1-a6216201000f,4,2,black,opening,Nf6,-15,-10,0,ok
1138823b-3677-11f1-8ad1-a6216201000f,6,3,black,opening,Nc6,49,-27,76,inaccuracy
1138823b-3677-11f1-8ad1-a6216201000f,8,4,black,opening,d5,-23,-28,5,ok
1138823b-3677-11f1-8ad1-a6216201000f,10,5,black,opening,Nxd5,-28,-108,80,inaccuracy
1138823b-3677-11f1-8ad1-a6216201000f,12,6,black,opening,Kxf7,-99,-93,0,ok
1138823b-3677-11f1-8ad1-a6216201000f,14,7,black,opening,Ke8,-92,-209,117,mistake
1138823b-3677-11f1-8ad1-a6216201000f,16,8,black,opening,Qf6,-211,-237,26,ok
1138823b-3677-11f1-8ad1-a6216201000f,18,9,black,opening,bxc6,-240,-247,7,ok
1138823b-3677-11f1-8ad1-a6216201000f,20,10,black,opening,Bf5,-64,-49,0,ok
1138823b-3677-11f1-8ad1-a6216201000f,22,11,black,middlegame,Rd8,49,-225,274,mistake
1138823b-3677-11f1-8ad1-a6216201000f,24,12,black,middlegame,h6,-208,-242,34,ok
1138823b-3677-11f1-8ad1-a6216201000f,26,13,black,middlegame,Bc5,-252,-279,27,ok
1138823b-3677-11f1-8ad1-a6216201000f,28,14,black,middlegame,Bd4,-246,-234,0,ok
1138823b-3677-11f1-8ad1-a6216201000f,30,15,black,middlegame,Bxe4,-196,-213,17,ok
1138823b-3677-11f1-8ad1-a6216201000f,32,16,black,middlegame,Rf8,-205,-207,2,ok
1138823b-3677-11f1-8ad1-a6216201000f,34,17,black,middlegame,Bxb2,-206,-193,0,ok
1138823b-3677-11f1-8ad1-a6216201000f,36,18,black,middlegame,Bd4,-165,-167,2,ok
1138823b-3677-11f1-8ad1-a6216201000f,38,19,black,middlegame,Rxd4,-148,-143,0,ok
1138823b-3677-11f1-8ad1-a6216201000f,40,20,black,middlegame,Rf7,-123,-173,50,inaccuracy
1138823b-3677-11f1-8ad1-a6216201000f,42,21,black,middlegame,Rd6,-151,-210,59,inaccuracy
1138823b-3677-11f1-8ad1-a6216201000f,44,22,black,middlegame,Re7,-93,-91,0,ok
1138823b-3677-11f1-8ad1-a6216201000f,46,23,black,middlegame,Rxe5,-91,-201,110,mistake
1138823b-3677-11f1-8ad1-a6216201000f,48,24,black,middlegame,Re2,-197,-309,112,mistake
1138823b-3677-11f1-8ad1-a6216201000f,50,25,black,middlegame,Kd7,-112,-302,190,mistake
1138823b-3677-11f1-8ad1-a6216201000f,52,26,black,middlegame,Rxf2,-321,-746,425,blunder
1138823b-3677-11f1-8ad1-a6216201000f,54,27,black,middlegame,Ke6,-771,-811,40,ok
1138823b-3677-11f1-8ad1-a6216201000f,56,28,black,middlegame,Qxc3,-620,-99999,99379,blunder
1138823b-3677-11f1-8ad1-a6216201000f,58,29,black,middlegame,Kd5,-846,-840,0,ok
1138823b-3677-11f1-8ad1-a6216201000f,60,30,black,middlegame,Kc4,-835,-872,37,ok
1138823b-3677-11f1-8ad1-a6216201000f,62,31,black,middlegame,Qc1+,-99977,-981,0,ok
d986ae63-3672-11f1-9b18-55465201000f,2,1,black,opening,e5,-32,-39,7,ok
d986ae63-3672-11f1-9b18-55465201000f,4,2,black,opening,Nf6,-9,-7,0,ok
d986ae63-3672-11f1-9b18-55465201000f,6,3,black,opening,Nxe4,52,49,3,ok
d986ae63-3672-11f1-9b18-55465201000f,8,4,black,opening,d5,102,98,4,ok
d986ae63-3672-11f1-9b18-55465201000f,10,5,black,opening,Bd7,131,-4,135,mistake
d986ae63-3672-11f1-9b18-55465201000f,12,6,black,opening,Qxd7,44,19,25,ok
d986ae63-3672-11f1-9b18-55465201000f,14,7,black,opening,Nf6,17,15,2,ok
d986ae63-3672-11f1-9b18-55465201000f,16,8,black,opening,Be7,32,31,1,ok
d986ae63-3672-11f1-9b18-55465201000f,18,9,black,opening,Nc6,72,83,0,ok
d986ae63-3672-11f1-9b18-55465201000f,20,10,black,opening,O-O-O,121,119,2,ok
d986ae63-3672-11f1-9b18-55465201000f,22,11,black,middlegame,Rhe8,109,85,24,ok
d986ae63-3672-11f1-9b18-55465201000f,24,12,black,middlegame,Nxe5,377,404,0,ok
d986ae63-3672-11f1-9b18-55465201000f,26,13,black,middlegame,Ng4,396,414,0,ok
d986ae63-3672-11f1-9b18-55465201000f,28,14,black,middlegame,Nxh2,431,207,224,mistake
d986ae63-3672-11f1-9b18-55465201000f,30,15,black,middlegame,Rxe7,208,-155,363,blunder
d986ae63-3672-11f1-9b18-55465201000f,32,16,black,middlegame,Qd6+,-145,-316,171,mistake
d986ae63-3672-11f1-9b18-55465201000f,34,17,black,middlegame,h5,-265,-357,92,inaccuracy
d986ae63-3672-11f1-9b18-55465201000f,36,18,black,middlegame,h4,-286,-406,120,mistake
d986ae63-3672-11f1-9b18-55465201000f,38,19,black,middlegame,Rh8,-331,-425,94,inaccuracy
d986ae63-3672-11f1-9b18-55465201000f,40,20,black,middlegame,Kb8,-362,-380,18,ok
d986ae63-3672-11f1-9b18-55465201000f,42,21,black,middlegame,d4,-275,-318,43,ok
d986ae63-3672-11f1-9b18-55465201000f,44,22,black,middlegame,Qg6,-310,-367,57,inaccuracy
d986ae63-3672-11f1-9b18-55465201000f,46,23,black,middlegame,f5,-325,-399,74,inaccuracy
d986ae63-3672-11f1-9b18-55465201000f,48,24,black,middlegame,Rg7,-413,-434,21,ok
d986ae63-3672-11f1-9b18-55465201000f,50,25,black,middlegame,Qg5,-368,-426,58,inaccuracy
d986ae63-3672-11f1-9b18-55465201000f,52,26,black,middlegame,Rhg8,-323,-358,35,ok
d986ae63-3672-11f1-9b18-55465201000f,54,27,black,middlegame,Qxg2+,-287,-387,100,mistake
d986ae63-3672-11f1-9b18-55465201000f,56,28,black,middlegame,Rxg2+,-391,-393,2,ok
d986ae63-3672-11f1-9b18-55465201000f,58,29,black,endgame,h3,-399,-412,13,ok
d986ae63-3672-11f1-9b18-55465201000f,60,30,black,endgame,h2,-444,-624,180,mistake
d986ae63-3672-11f1-9b18-55465201000f,62,31,black,endgame,Rxe8,-567,-569,2,ok
d986ae63-3672-11f1-9b18-55465201000f,64,32,black,endgame,Rh8,-563,-598,35,ok
d986ae63-3672-11f1-9b18-55465201000f,66,33,black,endgame,Rg8+,-607,-615,8,ok
d986ae63-3672-11f1-9b18-55465201000f,68,34,black,endgame,Rh8+,-584,-626,42,ok
d986ae63-3672-11f1-9b18-55465201000f,70,35,black,endgame,Rg8+,-617,-623,6,ok
d986ae63-3672-11f1-9b18-55465201000f,72,36,black,endgame,a5,-592,-605,13,ok
d986ae63-3672-11f1-9b18-55465201000f,74,37,black,endgame,b5,-618,-623,5,ok
d986ae63-3672-11f1-9b18-55465201000f,76,38,black,endgame,c6,-620,-611,0,ok
d986ae63-3672-11f1-9b18-55465201000f,78,39,black,endgame,Kb7,-566,-610,44,ok
d986ae63-3672-11f1-9b18-55465201000f,80,40,black,endgame,Kb6,-564,-616,52,inaccuracy
d986ae63-3672-11f1-9b18-55465201000f,82,41,black,endgame,c5,-621,-649,28,ok
d986ae63-3672-11f1-9b18-55465201000f,84,42,black,endgame,Kc7,-633,-676,43,ok
d986ae63-3672-11f1-9b18-55465201000f,86,43,black,endgame,Kd7,-619,-611,0,ok
d986ae63-3672-11f1-9b18-55465201000f,88,44,black,endgame,a4,-616,-611,0,ok
d986ae63-3672-11f1-9b18-55465201000f,90,45,black,endgame,b4,-589,-610,21,ok
d986ae63-3672-11f1-9b18-55465201000f,92,46,black,endgame,a3,-612,-653,41,ok
d986ae63-3672-11f1-9b18-55465201000f,94,47,black,endgame,Rc8,-611,-636,25,ok
d986ae63-3672-11f1-9b18-55465201000f,96,48,black,endgame,Ke7,-612,-661,49,ok
d986ae63-3672-11f1-9b18-55465201000f,98,49,black,endgame,Kf7,-668,-695,27,ok
d986ae63-3672-11f1-9b18-55465201000f,100,50,black,endgame,Kg7,-659,-681,22,ok
d986ae63-3672-11f1-9b18-55465201000f,102,51,black,endgame,Kf7,-693,-718,25,ok
d986ae63-3672-11f1-9b18-55465201000f,104,52,black,endgame,Kxg6,-498,-581,83,inaccuracy
d986ae63-3672-11f1-9b18-55465201000f,106,53,black,endgame,Kxf6,-622,-638,16,ok
d986ae63-3672-11f1-9b18-55465201000f,108,54,black,endgame,Ke5,-640,-644,4,ok
d986ae63-3672-11f1-9b18-55465201000f,110,55,black,endgame,Kd5,-666,-668,2,ok
d986ae63-3672-11f1-9b18-55465201000f,112,56,black,endgame,Kc6,-670,-697,27,ok
d986ae63-3672-11f1-9b18-55465201000f,114,57,black,endgame,Kd5,-696,-700,4,ok
d986ae63-3672-11f1-9b18-55465201000f,116,58,black,endgame,Kd4,-698,-779,81,inaccuracy
d986ae63-3672-11f1-9b18-55465201000f,118,59,black,endgame,Ke5,-727,-730,3,ok
d986ae63-3672-11f1-9b18-55465201000f,120,60,black,endgame,Kd6,-729,-1097,368,blunder
d986ae63-3672-11f1-9b18-55465201000f,122,61,black,endgame,Kc6,-1109,-1146,37,ok
d986ae63-3672-11f1-9b18-55465201000f,124,62,black,endgame,Kd6,-735,-1089,354,blunder
d986ae63-3672-11f1-9b18-55465201000f,126,63,black,endgame,cxd4,-721,-715,0,ok
d986ae63-3672-11f1-9b18-55465201000f,128,64,black,endgame,Kc6,-699,-710,11,ok
d986ae63-3672-11f1-9b18-55465201000f,130,65,black,endgame,Kd6,-709,-720,11,ok
d986ae63-3672-11f1-9b18-55465201000f,132,66,black,endgame,Kd5,-723,-725,2,ok
d986ae63-3672-11f1-9b18-55465201000f,134,67,black,endgame,Kd4,-759,-763,4,ok
d986ae63-3672-11f1-9b18-55465201000f,136,68,black,endgame,Kd3,-774,-1082,308,blunder
d986ae63-3672-11f1-9b18-55465201000f,138,69,black,endgame,Ke4,-1453,-1692,239,mistake
d986ae63-3672-11f1-9b18-55465201000f,140,70,black,endgame,Ke5,-7664,-6297,0,ok
d986ae63-3672-11f1-9b18-55465201000f,142,71,black,endgame,Kd6,-5696,-5807,111,mistake
d986ae63-3672-11f1-9b18-55465201000f,144,72,black,endgame,Kc7,-4484,-4718,234,mistake
d986ae63-3672-11f1-9b18-55465201000f,146,73,black,endgame,Kb7,-4374,-99981,95607,blunder
d986ae63-3672-11f1-9b18-55465201000f,148,74,black,endgame,Ka7,-99984,-1449,0,ok
d986ae63-3672-11f1-9b18-55465201000f,150,75,black,endgame,Kb7,-99986,-1461,0,ok
d986ae63-3672-11f1-9b18-55465201000f,152,76,black,endgame,Ka7,-7111,-99990,92879,blunder
d986ae63-3672-11f1-9b18-55465201000f,154,77,black,endgame,Kb7,-99988,-1279,0,ok
d986ae63-3672-11f1-9b18-55465201000f,156,78,black,endgame,Ka7,-99988,-99989,1,ok
d986ae63-3672-11f1-9b18-55465201000f,158,79,black,endgame,Kb8,-99990,-99990,0,ok
d986ae63-3672-11f1-9b18-55465201000f,160,80,black,endgame,Ka8,-99990,-99996,6,ok
d986ae63-3672-11f1-9b18-55465201000f,162,81,black,endgame,Kb8,-99996,-99996,0,ok
d986ae63-3672-11f1-9b18-55465201000f,164,82,black,endgame,Kc8,-99993,-99993,0,ok
d986ae63-3672-11f1-9b18-55465201000f,166,83,black,endgame,Kb7,-99995,-99998,3,ok
d986ae63-3672-11f1-9b18-55465201000f,168,84,black,endgame,Ka8,-99991,-99997,6,ok
d986ae63-3672-11f1-9b18-55465201000f,170,85,black,endgame,Kb7,-99994,-99994,0,ok
d986ae63-3672-11f1-9b18-55465201000f,172,86,black,endgame,Ka8,-99997,-99999,2,ok
8fd7ba3e-3671-11f1-977c-5b704c01000f,1,1,white,opening,e4,42,32,10,ok
8fd7ba3e-3671-11f1-977c-5b704c01000f,3,2,white,opening,Nf3,30,35,0,ok
8fd7ba3e-3671-11f1-977c-5b704c01000f,5,3,white,opening,Bb5,38,36,2,ok
8fd7ba3e-3671-11f1-977c-5b704c01000f,7,4,white,opening,d4,71,77,0,ok
8fd7ba3e-3671-11f1-977c-5b704c01000f,9,5,white,opening,Bxc6,94,95,0,ok
8fd7ba3e-3671-11f1-977c-5b704c01000f,11,6,white,opening,dxe5,100,-16,116,mistake
8fd7ba3e-3671-11f1-977c-5b704c01000f,13,7,white,opening,exd6,132,-42,174,mistake
8fd7ba3e-3671-11f1-977c-5b704c01000f,15,8,white,opening,Qe2,-37,-40,3,ok
8fd7ba3e-3671-11f1-977c-5b704c01000f,17,9,white,opening,Nc3,71,34,37,ok
8fd7ba3e-3671-11f1-977c-5b704c01000f,19,10,white,opening,Nxe4,31,24,7,ok
8fd7ba3e-3671-11f1-977c-5b704c01000f,21,11,white,opening,Ng5,24,24,0,ok
8fd7ba3e-3671-11f1-977c-5b704c01000f,23,12,white,middlegame,Nxe4,151,129,22,ok
8fd7ba3e-3671-11f1-977c-5b704c01000f,25,13,white,middlegame,c3,193,201,0,ok
8fd7ba3e-3671-11f1-977c-5b704c01000f,27,14,white,middlegame,O-O,229,218,11,ok
8fd7ba3e-3671-11f1-977c-5b704c01000f,29,15,white,middlegame,Nxg5,413,310,103,mistake
8fd7ba3e-3671-11f1-977c-5b704c01000f,31,16,white,middlegame,Qe6+,458,444,14,ok
8fd7ba3e-3671-11f1-977c-5b704c01000f,33,17,white,middlegame,Qxh6,476,456,20,ok
8fd7ba3e-3671-11f1-977c-5b704c01000f,35,18,white,middlegame,b4,459,448,11,ok
8fd7ba3e-3671-11f1-977c-5b704c01000f,37,19,white,middlegame,Be3,478,469,9,ok
8fd7ba3e-3671-11f1-977c-5b704c01000f,39,20,white,middlegame,Rad1,490,117,373,blunder
8fd7ba3e-3671-11f1-977c-5b704c01000f,41,21,white,middlegame,Ne6,93,-221,314,blunder
8fd7ba3e-3671-11f1-977c-5b704c01000f,43,22,white,middlegame,Nf4,-249,-253,4,ok
8fd7ba3e-3671-11f1-977c-5b704c01000f,45,23,white,middlegame,Qh3,-258,-444,186,mistake
8fd7ba3e-3671-11f1-977c-5b704c01000f,47,24,white,middlegame,Bxf4,-460,-726,266,mistake
8fd7ba3e-3671-11f1-977c-5b704c01000f,49,25,white,middlegame,g3,-503,-525,22,ok
8fd7ba3e-3671-11f1-977c-5b704c01000f,51,26,white,middlegame,Qxh7,-486,-478,0,ok
8fd7ba3e-3671-11f1-977c-5b704c01000f,53,27,white,middlegame,Qe7,-455,-466,11,ok
8fd7ba3e-3671-11f1-977c-5b704c01000f,55,28,white,middlegame,Qg7,-459,-453,0,ok
8fd7ba3e-3671-11f1-977c-5b704c01000f,57,29,white,middlegame,Qe5,-444,-446,2,ok
8fd7ba3e-3671-11f1-977c-5b704c01000f,59,30,white,middlegame,Qe6,-427,-452,25,ok
8fd7ba3e-3671-11f1-977c-5b704c01000f,61,31,white,middlegame,h4,-394,-409,15,ok
8fd7ba3e-3671-11f1-977c-5b704c01000f,63,32,white,middlegame,c4,-392,-435,43,ok
8fd7ba3e-3671-11f1-977c-5b704c01000f,65,33,white,middlegame,gxh4,-390,-442,52,inaccuracy
8fd7ba3e-3671-11f1-977c-5b704c01000f,67,34,white,middlegame,Rb1,-44,-99999,99955,blunder
1d96f6b4-3612-11f1-96b0-d5a12501000f,1,1,white,opening,e4,44,40,4,ok
1d96f6b4-3612-11f1-96b0-d5a12501000f,3,2,white,opening,d4,50,23,27,ok
1d96f6b4-3612-11f1-96b0-d5a12501000f,5,3,white,opening,Qxd4,22,11,11,ok
1d96f6b4-3612-11f1-96b0-d5a12501000f,7,4,white,opening,Qa4,19,-3,22,ok
1d96f6b4-3612-11f1-96b0-d5a12501000f,9,5,white,opening,Nf3,-8,-8,0,ok
1d96f6b4-3612-11f1-96b0-d5a12501000f,11,6,white,opening,Bb5,10,6,4,ok
1d96f6b4-3612-11f1-96b0-d5a12501000f,13,7,white,opening,O-O,0,0,0,ok
1d96f6b4-3612-11f1-96b0-d5a12501000f,15,8,white,opening,Nc3,19,16,3,ok
1d96f6b4-3612-11f1-96b0-d5a12501000f,17,9,white,opening,e5,19,-91,110,mistake
1d96f6b4-3612-11f1-96b0-d5a12501000f,19,10,white,opening,Nxe5,-99,-89,0,ok
1d96f6b4-3612-11f1-96b0-d5a12501000f,21,11,white,opening,Bf4,-92,-92,0,ok
1d96f6b4-3612-11f1-96b0-d5a12501000f,23,12,white,middlegame,b4,-92,-438,346,blunder
1d96f6b4-3612-11f1-96b0-d5a12501000f,25,13,white,middlegame,Qxb4,-350,-400,50,inaccuracy
1d96f6b4-3612-11f1-96b0-d5a12501000f,27,14,white,endgame,Bd3,-464,-457,0,ok
1d96f6b4-3612-11f1-96b0-d5a12501000f,29,15,white,endgame,Rab1,-492,-499,7,ok
1d96f6b4-3612-11f1-96b0-d5a12501000f,31,16,white,endgame,Bd6,-446,-483,37,ok
1d96f6b4-3612-11f1-96b0-d5a12501000f,33,17,white,endgame,Rb3,-407,-419,12,ok
1d96f6b4-3612-11f1-96b0-d5a12501000f,35,18,white,endgame,Re1,-404,-465,61,inaccuracy
1d96f6b4-3612-11f1-96b0-d5a12501000f,37,19,white,endgame,c3,-455,-461,6,ok
1d96f6b4-3612-11f1-96b0-d5a12501000f,39,20,white,endgame,Re5,-449,-520,71,inaccuracy
1d96f6b4-3612-11f1-96b0-d5a12501000f,41,21,white,endgame,Bxb8,-494,-487,0,ok
1d96f6b4-3612-11f1-96b0-d5a12501000f,43,22,white,endgame,Rb4,-493,-542,49,ok
1d96f6b4-3612-11f1-96b0-d5a12501000f,45,23,white,endgame,Rh4,-541,-592,51,inaccuracy
1d96f6b4-3612-11f1-96b0-d5a12501000f,47,24,white,endgame,g4,-599,-622,23,ok
1d96f6b4-3612-11f1-96b0-d5a12501000f,49,25,white,endgame,Rg5,-614,-712,98,inaccuracy
1d96f6b4-3612-11f1-96b0-d5a12501000f,51,26,white,endgame,f4,-664,-682,18,ok
1d96f6b4-3612-11f1-96b0-d5a12501000f,53,27,white,endgame,Bxe4,-661,-672,11,ok
1d96f6b4-3612-11f1-96b0-d5a12501000f,55,28,white,endgame,Re5,-687,-688,1,ok
1d96f6b4-3612-11f1-96b0-d5a12501000f,57,29,white,endgame,f5,-667,-686,19,ok
1d96f6b4-3612-11f1-96b0-d5a12501000f,59,30,white,endgame,Rc5,-698,-707,9,ok
1d96f6b4-3612-11f1-96b0-d5a12501000f,61,31,white,endgame,Kf2,-696,-708,12,ok
1d96f6b4-3612-11f1-96b0-d5a12501000f,63,32,white,endgame,Rxg4,-707,-703,0,ok
1d96f6b4-3612-11f1-96b0-d5a12501000f,65,33,white,endgame,Rxh5,-667,-691,24,ok
1d96f6b4-3612-11f1-96b0-d5a12501000f,67,34,white,endgame,Rhg5,-641,-698,57,inaccuracy
1d96f6b4-3612-11f1-96b0-d5a12501000f,69,35,white,endgame,h4,-600,-715,115,mistake
1d96f6b4-3612-11f1-96b0-d5a12501000f,71,36,white,endgame,h5,-536,-549,13,ok
1d96f6b4-3612-11f1-96b0-d5a12501000f,73,37,white,endgame,Ke3,-548,-588,40,ok
1d96f6b4-3612-11f1-96b0-d5a12501000f,75,38,white,endgame,Kd4,-577,-593,16,ok
1d96f6b4-3612-11f1-96b0-d5a12501000f,77,39,white,endgame,Kc5,-572,-632,60,inaccuracy
1d96f6b4-3612-11f1-96b0-d5a12501000f,79,40,white,endgame,Kc4,-549,-593,44,ok
1d96f6b4-3612-11f1-96b0-d5a12501000f,81,41,white,endgame,Kb3,-542,-599,57,inaccuracy
1d96f6b4-3612-11f1-96b0-d5a12501000f,83,42,white,endgame,Rxh5,-601,-608,7,ok
1d96f6b4-3612-11f1-96b0-d5a12501000f,85,43,white,endgame,Kxa2,-550,-1147,597,blunder
697a6973-3611-11f1-977c-5b704c01000f,2,1,black,opening,e5,-36,-32,0,ok
697a6973-3611-11f1-977c-5b704c01000f,4,2,black,opening,exf4,61,60,1,ok
697a6973-3611-11f1-977c-5b704c01000f,6,3,black,opening,d5,62,27,35,ok
697a6973-3611-11f1-977c-5b704c01000f,8,4,black,opening,Bg4,224,-27,251,mistake
697a6973-3611-11f1-977c-5b704c01000f,10,5,black,opening,Nf6,90,34,56,inaccuracy
697a6973-3611-11f1-977c-5b704c01000f,12,6,black,opening,Qe7,121,28,93,inaccuracy
697a6973-3611-11f1-977c-5b704c01000f,14,7,black,opening,Bxf3,41,-145,186,mistake
697a6973-3611-11f1-977c-5b704c01000f,16,8,black,opening,Nh5,58,44,14,ok
697a6973-3611-11f1-977c-5b704c01000f,18,9,black,opening,Nc6,55,-41,96,inaccuracy
697a6973-3611-11f1-977c-5b704c01000f,20,10,black,opening,Nxd4,-37,-47,10,ok
697a6973-3611-11f1-977c-5b704c01000f,22,11,black,middlegame,Qh4+,191,205,0,ok
697a6973-3611-11f1-977c-5b704c01000f,24,12,black,middlegame,O-O-O,258,-98,356,blunder
697a6973-3611-11f1-977c-5b704c01000f,26,13,black,middlegame,c6,-99,-87,0,ok
697a6973-3611-11f1-977c-5b704c01000f,28,14,black,middlegame,Rxd5,202,190,12,ok
697a6973-3611-11f1-977c-5b704c01000f,30,15,black,middlegame,Bb4+,491,305,186,mistake
697a6973-3611-11f1-977c-5b704c01000f,32,16,black,middlegame,Rxe5,311,137,174,mistake
697a6973-3611-11f1-977c-5b704c01000f,34,17,black,middlegame,Re1+,99998,99999,0,ok
697a6973-3611-11f1-977c-5b704c01000f,36,18,black,middlegame,Qxe1#,99999,100000,0,ok
28f3aa1b-3610-11f1-977c-5b704c01000f,2,1,black,opening,d5,27,28,0,ok
28f3aa1b-3610-11f1-977c-5b704c01000f,4,2,black,opening,Nc6,22,-24,46,ok
28f3aa1b-3610-11f1-977c-5b704c01000f,6,3,black,opening,Nf6,-23,-19,0,ok
28f3aa1b-3610-11f1-977c-5b704c01000f,8,4,black,opening,Bg4,32,39,0,ok
28f3aa1b-3610-11f1-977c-5b704c01000f,10,5,black,opening,Bxf3,44,60,0,ok
28f3aa1b-3610-11f1-977c-5b704c01000f,12,6,black,opening,d4,52,-33,85,inaccuracy
28f3aa1b-3610-11f1-977c-5b704c01000f,14,7,black,opening,e5,-2,-4,2,ok
28f3aa1b-3610-11f1-977c-5b704c01000f,16,8,black,opening,Bb4+,-15,-53,38,ok
28f3aa1b-3610-11f1-977c-5b704c01000f,18,9,black,opening,Qd6,32,0,32,ok
28f3aa1b-3610-11f1-977c-5b704c01000f,20,10,black,opening,Bxd2+,45,-4,49,ok
28f3aa1b-3610-11f1-977c-5b704c01000f,22,11,black,middlegame,Qb4,5,-12,17,ok
28f3aa1b-3610-11f1-977c-5b704c01000f,24,12,black,middlegame,Qc3,116,125,0,ok
28f3aa1b-3610-11f1-977c-5b704c01000f,26,13,black,middlegame,Qb2,219,31,188,mistake
28f3aa1b-3610-11f1-977c-5b704c01000f,28,14,black,middlegame,Qxa2,34,-16,50,inaccuracy
28f3aa1b-3610-11f1-977c-5b704c01000f,30,15,black,middlegame,O-O,-34,-79,45,ok
28f3aa1b-3610-11f1-977c-5b704c01000f,32,16,black,middlegame,b5,81,-176,257,mistake
28f3aa1b-3610-11f1-977c-5b704c01000f,34,17,black,middlegame,Nxe5,-194,-184,0,ok
28f3aa1b-3610-11f1-977c-5b704c01000f,36,18,black,middlegame,Rfd8,-189,-262,73,inaccuracy
28f3aa1b-3610-11f1-977c-5b704c01000f,38,19,black,middlegame,a5,-111,-134,23,ok
28f3aa1b-3610-11f1-977c-5b704c01000f,40,20,black,middlegame,a4,-137,-602,465,blunder
28f3aa1b-3610-11f1-977c-5b704c01000f,42,21,black,middlegame,g6,-792,-887,95,inaccuracy
28f3aa1b-3610-11f1-977c-5b704c01000f,44,22,black,middlegame,hxg6,-907,-1006,99,inaccuracy
28f3aa1b-3610-11f1-977c-5b704c01000f,46,23,black,middlegame,Rd6,-523,-515,0,ok
28f3aa1b-3610-11f1-977c-5b704c01000f,48,24,black,middlegame,fxg6,-142,-143,1,ok
28f3aa1b-3610-11f1-977c-5b704c01000f,50,25,black,middlegame,axb3,-151,-151,0,ok
28f3aa1b-3610-11f1-977c-5b704c01000f,52,26,black,middlegame,Rxg6,-46,-624,578,blunder
28f3aa1b-3610-11f1-977c-5b704c01000f,54,27,black,middlegame,Kf8,-670,-99997,99327,blunder
28f3aa1b-3610-11f1-977c-5b704c01000f,56,28,black,middlegame,Ke7,-99998,-99998,0,ok
28f3aa1b-3610-11f1-977c-5b704c01000f,58,29,black,middlegame,Kd6,-99997,-99998,1,ok
28f3aa1b-3610-11f1-977c-5b704c01000f,60,30,black,middlegame,Ke7,-99998,-99998,0,ok
28f3aa1b-3610-11f1-977c-5b704c01000f,62,31,black,middlegame,Ke8,-99999,-99999,0,ok
28f3aa1b-3610-11f1-977c-5b704c01000f,64,32,black,middlegame,Kd8,-99999,-99999,0,ok
e5709009-360d-11f1-aa68-e459e801000f,2,1,black,opening,e5,-33,-35,2,ok
e5709009-360d-11f1-aa68-e459e801000f,4,2,black,opening,Nf6,-13,-11,0,ok
e5709009-360d-11f1-aa68-e459e801000f,6,3,black,opening,Nc6,18,-13,31,ok
e5709009-360d-11f1-aa68-e459e801000f,8,4,black,opening,Bc5,57,30,27,ok
e5709009-360d-11f1-aa68-e459e801000f,10,5,black,opening,O-O,83,89,0,ok
e5709009-360d-11f1-aa68-e459e801000f,12,6,black,opening,Na5,330,15,315,blunder
e5709009-360d-11f1-aa68-e459e801000f,14,7,black,opening,d6,14,-282,296,mistake
e5709009-360d-11f1-aa68-e459e801000f,16,8,black,opening,Bxf2+,-290,-295,5,ok
e5709009-360d-11f1-aa68-e459e801000f,18,9,black,opening,Nc6,-293,-303,10,ok
e5709009-360d-11f1-aa68-e459e801000f,20,10,black,opening,Re8,-292,-394,102,mistake
e5709009-360d-11f1-aa68-e459e801000f,22,11,black,middlegame,Be6,-379,-409,30,ok
e5709009-360d-11f1-aa68-e459e801000f,24,12,black,middlegame,Nxe4+,-233,-240,7,ok
e5709009-360d-11f1-aa68-e459e801000f,26,13,black,middlegame,Qxg5,-247,-250,3,ok
e5709009-360d-11f1-aa68-e459e801000f,28,14,black,middlegame,Qh4+,-237,-302,65,inaccuracy
e5709009-360d-11f1-aa68-e459e801000f,30,15,black,middlegame,Bxa2,-305,-311,6,ok
e5709009-360d-11f1-aa68-e459e801000f,32,16,black,middlegame,Re6,-307,-99997,99690,blunder
e5709009-360d-11f1-aa68-e459e801000f,34,17,black,middlegame,Qxe4,-82,-79,0,ok
e5709009-360d-11f1-aa68-e459e801000f,36,18,black,middlegame,Qg6,-67,-128,61,inaccuracy
e5709009-360d-11f1-aa68-e459e801000f,38,19,black,middlegame,Rae8,-66,-119,53,inaccuracy
e5709009-360d-11f1-aa68-e459e801000f,40,20,black,middlegame,Rf6,-76,-100,24,ok
e5709009-360d-11f1-aa68-e459e801000f,42,21,black,middlegame,Rxg6,-62,-141,79,inaccuracy
e5709009-360d-11f1-aa68-e459e801000f,44,22,black,endgame,e4,-108,-163,55,inaccuracy
e5709009-360d-11f1-aa68-e459e801000f,46,23,black,endgame,Rg5,-155,-161,6,ok
e5709009-360d-11f1-aa68-e459e801000f,48,24,black,endgame,Re5,-172,-229,57,inaccuracy
e5709009-360d-11f1-aa68-e459e801000f,50,25,black,endgame,Nxd4,-147,-191,44,ok
e5709009-360d-11f1-aa68-e459e801000f,52,26,black,endgame,e3,-85,-433,348,blunder
e5709009-360d-11f1-aa68-e459e801000f,54,27,black,endgame,e2,-437,-459,22,ok
e5709009-360d-11f1-aa68-e459e801000f,56,28,black,endgame,Rgf5,-447,-444,0,ok
e5709009-360d-11f1-aa68-e459e801000f,58,29,black,endgame,Rf1+,-463,-529,66,inaccuracy
e5709009-360d-11f1-aa68-e459e801000f,60,30,black,endgame,exf1=Q+,-668,-666,0,ok
e5709009-360d-11f1-aa68-e459e801000f,62,31,black,endgame,dxe5,-667,-675,8,ok
e5709009-360d-11f1-aa68-e459e801000f,64,32,black,endgame,Kf8,-651,-693,42,ok
e5709009-360d-11f1-aa68-e459e801000f,66,33,black,endgame,e4,-692,-700,8,ok
e5709009-360d-11f1-aa68-e459e801000f,68,34,black,endgame,f5,-708,-713,5,ok
e5709009-360d-11f1-aa68-e459e801000f,70,35,black,endgame,f4,-717,-757,40,ok
e5709009-360d-11f1-aa68-e459e801000f,72,36,black,endgame,e3,-759,-826,67,inaccuracy
e5709009-360d-11f1-aa68-e459e801000f,74,37,black,endgame,Ke8,-883,-908,25,ok
e5709009-360d-11f1-aa68-e459e801000f,76,38,black,endgame,Kd8,-890,-1267,377,blunder
e5709009-360d-11f1-aa68-e459e801000f,78,39,black,endgame,Kc7,-821,-820,0,ok
e5709009-360d-11f1-aa68-e459e801000f,80,40,black,endgame,Kb8,-741,-755,14,ok
e5709009-360d-11f1-aa68-e459e801000f,82,41,black,endgame,Kxb7,-729,-735,6,ok
e5709009-360d-11f1-aa68-e459e801000f,84,42,black,endgame,h6,-740,-745,5,ok
e5709009-360d-11f1-aa68-e459e801000f,86,43,black,endgame,Kb6,-722,-778,56,inaccuracy
e5709009-360d-11f1-aa68-e459e801000f,88,44,black,endgame,Ka5,-780,-839,59,inaccuracy
e5709009-360d-11f1-aa68-e459e801000f,90,45,black,endgame,Kxa4,-835,-1134,299,mistake
e5709009-360d-11f1-aa68-e459e801000f,92,46,black,endgame,Kb3,-771,-768,0,ok
e5709009-360d-11f1-aa68-e459e801000f,94,47,black,endgame,Kxc3,-673,-851,178,mistake
e5709009-360d-11f1-aa68-e459e801000f,96,48,black,endgame,Kd4,-634,-639,5,ok
e5709009-360d-11f1-aa68-e459e801000f,98,49,black,endgame,Ke5,-613,-639,26,ok
e5709009-360d-11f1-aa68-e459e801000f,100,50,black,endgame,h5,-619,-642,23,ok
e5709009-360d-11f1-aa68-e459e801000f,102,51,black,endgame,Kf4,-667,-763,96,inaccuracy
e5709009-360d-11f1-aa68-e459e801000f,104,52,black,endgame,Kg3,-1022,-99979,98957,blunder
e5709009-360d-11f1-aa68-e459e801000f,106,53,black,endgame,Kh2,-99982,-99994,12,ok
e5709009-360d-11f1-aa68-e459e801000f,108,54,black,endgame,Kg3,-99986,-1039,0,ok
e5709009-360d-11f1-aa68-e459e801000f,110,55,black,endgame,Kg4,-616,-664,48,ok
e5709009-360d-11f1-aa68-e459e801000f,112,56,black,endgame,Kg5,-1087,-1106,19,ok
e5709009-360d-11f1-aa68-e459e801000f,114,57,black,endgame,Kf6,-841,-99986,99145,blunder
e5709009-360d-11f1-aa68-e459e801000f,116,58,black,endgame,Kg7,-753,-1058,305,blunder
e5709009-360d-11f1-aa68-e459e801000f,118,59,black,endgame,Kh6,-1413,-99977,98564,blunder
e5709009-360d-11f1-aa68-e459e801000f,120,60,black,endgame,Kh7,-99993,-99994,1,ok
e5709009-360d-11f1-aa68-e459e801000f,122,61,black,endgame,Kh6,-1297,-99993,98696,blunder
e5709009-360d-11f1-aa68-e459e801000f,124,62,black,endgame,Kh7,-99991,-99994,3,ok
e5709009-360d-11f1-aa68-e459e801000f,126,63,black,endgame,Kg7,-1035,-1397,362,blunder
e5709009-360d-11f1-aa68-e459e801000f,128,64,black,endgame,Kh6,-1194,-99996,98802,blunder
e5709009-360d-11f1-aa68-e459e801000f,130,65,black,endgame,Kg7,-99995,-99995,0,ok
e5709009-360d-11f1-aa68-e459e801000f,132,66,black,endgame,Kh6,-99996,-99996,0,ok
e5709009-360d-11f1-aa68-e459e801000f,134,67,black,endgame,Kg7,-99997,-99997,0,ok
e5709009-360d-11f1-aa68-e459e801000f,136,68,black,endgame,Kg8,-99998,-99998,0,ok
e5709009-360d-11f1-aa68-e459e801000f,138,69,black,endgame,Kf8,-99995,-99998,3,ok
e5709009-360d-11f1-aa68-e459e801000f,140,70,black,endgame,Kg8,-1422,-99998,98576,blunder
e5709009-360d-11f1-aa68-e459e801000f,142,71,black,endgame,Kh8,-99989,-99998,9,ok
e5709009-360d-11f1-aa68-e459e801000f,144,72,black,endgame,Kg8,-1277,-99998,98721,blunder
e5709009-360d-11f1-aa68-e459e801000f,146,73,black,endgame,Kh8,-99999,-99999,0,ok
3885b49c-360c-11f1-aa68-e459e801000f,1,1,white,opening,e4,48,40,8,ok
3885b49c-360c-11f1-aa68-e459e801000f,3,2,white,opening,Nf3,98,86,12,ok
3885b49c-360c-11f1-aa68-e459e801000f,5,3,white,opening,Nc3,74,71,3,ok
3885b49c-360c-11f1-aa68-e459e801000f,7,4,white,opening,d4,112,112,0,ok
3885b49c-360c-11f1-aa68-e459e801000f,9,5,white,opening,e5,122,103,19,ok
3885b49c-360c-11f1-aa68-e459e801000f,11,6,white,opening,exd6,114,-13,127,mistake
3885b49c-360c-11f1-aa68-e459e801000f,13,7,white,opening,Bg5,19,14,5,ok
3885b49c-360c-11f1-aa68-e459e801000f,15,8,white,opening,Qe2,22,-35,57,inaccuracy
3885b49c-360c-11f1-aa68-e459e801000f,17,9,white,opening,Be3,88,45,43,ok
3885b49c-360c-11f1-aa68-e459e801000f,19,10,white,opening,Qc4+,114,0,114,mistake
3885b49c-360c-11f1-aa68-e459e801000f,21,11,white,opening,Qd3,-11,7,0,ok
3885b49c-360c-11f1-aa68-e459e801000f,23,12,white,middlegame,a4,49,-20,69,inaccuracy
3885b49c-360c-11f1-aa68-e459e801000f,25,13,white,middlegame,Qd2,21,24,0,ok
3885b49c-360c-11f1-aa68-e459e801000f,27,14,white,middlegame,Kxf1,20,-36,56,inaccuracy
3885b49c-360c-11f1-aa68-e459e801000f,29,15,white,middlegame,Re1,-7,-16,9,ok
3885b49c-360c-11f1-aa68-e459e801000f,31,16,white,middlegame,b3,19,-47,66,inaccuracy
3885b49c-360c-11f1-aa68-e459e801000f,33,17,white,middlegame,Ke2,-18,-101,83,inaccuracy
3885b49c-360c-11f1-aa68-e459e801000f,35,18,white,middlegame,dxc5,-56,-339,283,mistake
3885b49c-360c-11f1-aa68-e459e801000f,37,19,white,middlegame,fxe3,28,27,1,ok
3885b49c-360c-11f1-aa68-e459e801000f,39,20,white,middlegame,Kd1,41,-152,193,mistake
3885b49c-360c-11f1-aa68-e459e801000f,41,21,white,middlegame,Nxe4,-140,-149,9,ok
3885b49c-360c-11f1-aa68-e459e801000f,43,22,white,middlegame,Qxd8,-54,-59,5,ok
3885b49c-360c-11f1-aa68-e459e801000f,45,23,white,endgame,Kc1,-32,-482,450,blunder
3885b49c-360c-11f1-aa68-e459e801000f,47,24,white,endgame,gxf3,-470,-473,3,ok
3885b49c-360c-11f1-aa68-e459e801000f,49,25,white,endgame,f4,-466,-478,12,ok
3885b49c-360c-11f1-aa68-e459e801000f,51,26,white,endgame,Rd1,-461,-496,35,ok
3885b49c-360c-11f1-aa68-e459e801000f,53,27,white,endgame,Kb1,-495,-496,1,ok
3885b49c-360c-11f1-aa68-e459e801000f,55,28,white,endgame,Rxd1,-490,-481,0,ok
3885b49c-360c-11f1-aa68-e459e801000f,57,29,white,endgame,Rd8+,-515,-542,27,ok
3885b49c-360c-11f1-aa68-e459e801000f,59,30,white,endgame,Rb8,-532,-524,0,ok
3885b49c-360c-11f1-aa68-e459e801000f,61,31,white,endgame,h4,-540,-583,43,ok
3885b49c-360c-11f1-aa68-e459e801000f,63,32,white,endgame,Rb7+,-549,-602,53,inaccuracy
3885b49c-360c-11f1-aa68-e459e801000f,65,33,white,endgame,c3,-616,-644,28,ok
3885b49c-360c-11f1-aa68-e459e801000f,67,34,white,endgame,Rf7,-668,-695,27,ok
3885b49c-360c-11f1-aa68-e459e801000f,69,35,white,endgame,Kc2,-613,-643,30,ok
3885b49c-360c-11f1-aa68-e459e801000f,71,36,white,endgame,Rxf6,-631,-641,10,ok
3885b49c-360c-11f1-aa68-e459e801000f,73,37,white,endgame,Rc6,-568,-693,125,mistake
3885b49c-360c-11f1-aa68-e459e801000f,75,38,white,endgame,h5,-695,-707,12,ok
3885b49c-360c-11f1-aa68-e459e801000f,77,39,white,endgame,Rc7,-708,-735,27,ok
3885b49c-360c-11f1-aa68-e459e801000f,79,40,white,endgame,Rd7,-737,-737,0,ok
3885b49c-360c-11f1-aa68-e459e801000f,81,41,white,endgame,Rd1,-723,-724,1,ok
3885b49c-360c-11f1-aa68-e459e801000f,83,42,white,endgame,Rh1+,-691,-713,22,ok
3885b49c-360c-11f1-aa68-e459e801000f,85,43,white,endgame,Kd3,-755,-817,62,inaccuracy
3885b49c-360c-11f1-aa68-e459e801000f,87,44,white,endgame,Ke2,-854,-928,74,inaccuracy
3885b49c-360c-11f1-aa68-e459e801000f,89,45,white,endgame,Rd1,-1007,-1269,262,mistake
3885b49c-360c-11f1-aa68-e459e801000f,91,46,white,endgame,Rf1,-975,-1157,182,mistake
3885b49c-360c-11f1-aa68-e459e801000f,93,47,white,endgame,Kf2,-711,-1905,1194,blunder
3885b49c-360c-11f1-aa68-e459e801000f,95,48,white,endgame,Kg3,-99990,-99998,8,ok
3885b49c-360c-11f1-aa68-e459e801000f,97,49,white,endgame,Kh2,-99999,-99999,0,ok
e5744930-355d-11f1-96b0-d5a12501000f,1,1,white,opening,e4,40,34,6,ok
e5744930-355d-11f1-96b0-d5a12501000f,3,2,white,opening,Nf3,35,38,0,ok
e5744930-355d-11f1-96b0-d5a12501000f,5,3,white,opening,Nc3,36,24,12,ok
e5744930-355d-11f1-96b0-d5a12501000f,7,4,white,opening,Bb5,24,20,4,ok
e5744930-355d-11f1-96b0-d5a12501000f,9,5,white,opening,Bxc6,44,23,21,ok
e5744930-355d-11f1-96b0-d5a12501000f,11,6,white,opening,d4,19,-197,216,mistake
e5744930-355d-11f1-96b0-d5a12501000f,13,7,white,opening,Nxd4,-67,-89,22,ok
e5744930-355d-11f1-96b0-d5a12501000f,15,8,white,opening,Bg5,-93,-112,19,ok
e5744930-355d-11f1-96b0-d5a12501000f,17,9,white,opening,Qxd4,311,329,0,ok
e5744930-355d-11f1-96b0-d5a12501000f,19,10,white,opening,Nxe4,307,319,0,ok
e5744930-355d-11f1-96b0-d5a12501000f,21,11,white,opening,O-O-O,359,380,0,ok
e5744930-355d-11f1-96b0-d5a12501000f,23,12,white,endgame,Rxd4,439,450,0,ok
e5744930-355d-11f1-96b0-d5a12501000f,25,13,white,endgame,f3,449,432,17,ok
e5744930-355d-11f1-96b0-d5a12501000f,27,14,white,endgame,Rd7,460,-342,802,blunder
e5744930-355d-11f1-96b0-d5a12501000f,29,15,white,endgame,Nxc5,-347,-342,0,ok
e5744930-355d-11f1-96b0-d5a12501000f,31,16,white,endgame,Nxb7,-282,-305,23,ok
e5744930-355d-11f1-96b0-d5a12501000f,33,17,white,endgame,Nc5,-237,-272,35,ok
e5744930-355d-11f1-96b0-d5a12501000f,35,18,white,endgame,Rd1,-158,-238,80,inaccuracy
e5744930-355d-11f1-96b0-d5a12501000f,37,19,white,endgame,Bf4,-238,-249,11,ok
e5744930-355d-11f1-96b0-d5a12501000f,39,20,white,endgame,Nd7,-196,-381,185,mistake
e5744930-355d-11f1-96b0-d5a12501000f,41,21,white,endgame,b3,-419,-484,65,inaccuracy
e5744930-355d-11f1-96b0-d5a12501000f,43,22,white,endgame,Kxd1,-514,-514,0,ok
e5744930-355d-11f1-96b0-d5a12501000f,45,23,white,endgame,Kc1,-529,-529,0,ok
e5744930-355d-11f1-96b0-d5a12501000f,47,24,white,endgame,Kb2,-530,-523,0,ok
e5744930-355d-11f1-96b0-d5a12501000f,49,25,white,endgame,Kxb3,-508,-508,0,ok
e5744930-355d-11f1-96b0-d5a12501000f,51,26,white,endgame,Bxd2,460,506,0,ok
e5744930-355d-11f1-96b0-d5a12501000f,53,27,white,endgame,Bf4,528,480,48,ok
e5744930-355d-11f1-96b0-d5a12501000f,55,28,white,endgame,Bb8,513,498,15,ok
e5744930-355d-11f1-96b0-d5a12501000f,57,29,white,endgame,Kc4,509,515,0,ok
e5744930-355d-11f1-96b0-d5a12501000f,59,30,white,endgame,Kc5,519,519,0,ok
e5744930-355d-11f1-96b0-d5a12501000f,61,31,white,endgame,g4,510,476,34,ok
e5744930-355d-11f1-96b0-d5a12501000f,63,32,white,endgame,f4,520,446,74,inaccuracy
e5744930-355d-11f1-96b0-d5a12501000f,65,33,white,endgame,Bxf4,509,532,0,ok
e5744930-355d-11f1-96b0-d5a12501000f,67,34,white,endgame,Bh6,542,538,4,ok
e5744930-355d-11f1-96b0-d5a12501000f,69,35,white,endgame,Bg7,536,458,78,inaccuracy
e5744930-355d-11f1-96b0-d5a12501000f,71,36,white,endgame,Kb4,497,500,0,ok
e5744930-355d-11f1-96b0-d5a12501000f,73,37,white,endgame,Bh6,533,555,0,ok
e5744930-355d-11f1-96b0-d5a12501000f,75,38,white,endgame,Bd2,556,558,0,ok
e5744930-355d-11f1-96b0-d5a12501000f,77,39,white,endgame,gxh5+,557,569,0,ok
e5744930-355d-11f1-96b0-d5a12501000f,79,40,white,endgame,Kxa4,593,602,0,ok
e5744930-355d-11f1-96b0-d5a12501000f,81,41,white,endgame,Kb4,615,631,0,ok
e5744930-355d-11f1-96b0-d5a12501000f,83,42,white,endgame,Kc5,627,632,0,ok
e5744930-355d-11f1-96b0-d5a12501000f,85,43,white,endgame,Kxc6,640,658,0,ok
e5744930-355d-11f1-96b0-d5a12501000f,87,44,white,endgame,Kd5,908,888,20,ok
e5744930-355d-11f1-96b0-d5a12501000f,89,45,white,endgame,Ke5,99985,99987,0,ok
e5744930-355d-11f1-96b0-d5a12501000f,91,46,white,endgame,c4,99986,99988,0,ok
e5744930-355d-11f1-96b0-d5a12501000f,93,47,white,endgame,Kxf5,99988,99988,0,ok
e5744930-355d-11f1-96b0-d5a12501000f,95,48,white,endgame,c5,99988,537,99451,blunder
e5744930-355d-11f1-96b0-d5a12501000f,97,49,white,endgame,c6,99989,555,99434,blunder
e5744930-355d-11f1-96b0-d5a12501000f,99,50,white,endgame,c7,542,540,2,ok
e5744930-355d-11f1-96b0-d5a12501000f,101,51,white,endgame,c8=Q,536,99992,0,ok
e5744930-355d-11f1-96b0-d5a12501000f,103,52,white,endgame,Qc4+,99994,99990,4,ok
e5744930-355d-11f1-96b0-d5a12501000f,105,53,white,endgame,Qb3,99995,99994,1,ok
e5744930-355d-11f1-96b0-d5a12501000f,107,54,white,endgame,Ke4,99994,99995,0,ok
e5744930-355d-11f1-96b0-d5a12501000f,109,55,white,endgame,Qd3+,99996,99995,1,ok
e5744930-355d-11f1-96b0-d5a12501000f,111,56,white,endgame,Qc2,99997,99998,0,ok
e5744930-355d-11f1-96b0-d5a12501000f,113,57,white,endgame,Kf3,99998,99999,0,ok
e5744930-355d-11f1-96b0-d5a12501000f,115,58,white,endgame,Qe2#,99999,100000,0,ok
2deacff1-355d-11f1-977c-5b704c01000f,2,1,black,opening,e5,-36,-36,0,ok
2deacff1-355d-11f1-977c-5b704c01000f,4,2,black,opening,Nc6,-33,-34,1,ok
2deacff1-355d-11f1-977c-5b704c01000f,6,3,black,opening,Nf6,-23,-23,0,ok
2deacff1-355d-11f1-977c-5b704c01000f,8,4,black,opening,d5,-20,-33,13,ok
2deacff1-355d-11f1-977c-5b704c01000f,10,5,black,opening,Nxd5,-23,-119,96,inaccuracy
2deacff1-355d-11f1-977c-5b704c01000f,12,6,black,opening,Kxf7,-101,-93,0,ok
2deacff1-355d-11f1-977c-5b704c01000f,14,7,black,opening,Ke8,-92,-230,138,mistake
2deacff1-355d-11f1-977c-5b704c01000f,16,8,black,opening,Qd7,-226,-253,27,ok
2deacff1-355d-11f1-977c-5b704c01000f,18,9,black,opening,Nd4,-190,-203,13,ok
2deacff1-355d-11f1-977c-5b704c01000f,20,10,black,opening,Kd8,-211,-210,0,ok
2deacff1-355d-11f1-977c-5b704c01000f,22,11,black,middlegame,Bb4,-112,-168,56,inaccuracy
2deacff1-355d-11f1-977c-5b704c01000f,24,12,black,middlegame,Re8,419,433,0,ok
2deacff1-355d-11f1-977c-5b704c01000f,26,13,black,middlegame,Qxe8+,706,694,12,ok
2deacff1-355d-11f1-977c-5b704c01000f,28,14,black,middlegame,Bxc3,798,794,4,ok
4b70ac40-355a-11f1-96b0-d5a12501000f,1,1,white,opening,e4,38,34,4,ok
4b70ac40-355a-11f1-96b0-d5a12501000f,3,2,white,opening,Nf3,45,39,6,ok
4b70ac40-355a-11f1-96b0-d5a12501000f,5,3,white,opening,d4,37,45,0,ok
4b70ac40-355a-11f1-96b0-d5a12501000f,7,4,white,opening,Be3,102,76,26,ok
4b70ac40-355a-11f1-96b0-d5a12501000f,9,5,white,opening,dxc5,110,124,0,ok
4b70ac40-355a-11f1-96b0-d5a12501000f,11,6,white,opening,Nc3,111,117,0,ok
4b70ac40-355a-11f1-96b0-d5a12501000f,13,7,white,opening,Qd2,118,117,1,ok
4b70ac40-355a-11f1-96b0-d5a12501000f,15,8,white,opening,O-O-O,128,108,20,ok
4b70ac40-355a-11f1-96b0-d5a12501000f,17,9,white,opening,Bf4,114,112,2,ok
4b70ac40-355a-11f1-96b0-d5a12501000f,19,10,white,opening,Bd6,111,8,103,mistake
4b70ac40-355a-11f1-96b0-d5a12501000f,21,11,white,opening,Bxe7,154,45,109,mistake
4b70ac40-355a-11f1-96b0-d5a12501000f,23,12,white,middlegame,Qg5,43,42,1,ok
4b70ac40-355a-11f1-96b0-d5a12501000f,25,13,white,middlegame,Nh4,43,-59,102,mistake
4b70ac40-355a-11f1-96b0-d5a12501000f,27,14,white,middlegame,Qg3,120,123,0,ok
4b70ac40-355a-11f1-96b0-d5a12501000f,29,15,white,middlegame,Nxg6,237,128,109,mistake
4b70ac40-355a-11f1-96b0-d5a12501000f,31,16,white,middlegame,e5,195,190,5,ok
4b70ac40-355a-11f1-96b0-d5a12501000f,33,17,white,middlegame,Be2,192,191,1,ok
4b70ac40-355a-11f1-96b0-d5a12501000f,35,18,white,middlegame,Bf3,202,212,0,ok
4b70ac40-355a-11f1-96b0-d5a12501000f,37,19,white,middlegame,Rd3,374,204,170,mistake
4b70ac40-355a-11f1-96b0-d5a12501000f,39,20,white,middlegame,Rhd1,343,335,8,ok
4b70ac40-355a-11f1-96b0-d5a12501000f,41,21,white,middlegame,Ne2,345,248,97,inaccuracy
4b70ac40-355a-11f1-96b0-d5a12501000f,43,22,white,middlegame,Nf4,255,-109,364,blunder
4b70ac40-355a-11f1-96b0-d5a12501000f,45,23,white,middlegame,Rd6,-25,-33,8,ok
4b70ac40-355a-11f1-96b0-d5a12501000f,47,24,white,middlegame,Kd2,-27,-19,0,ok
4b70ac40-355a-11f1-96b0-d5a12501000f,49,25,white,middlegame,bxc3,-21,-20,0,ok
4b70ac40-355a-11f1-96b0-d5a12501000f,51,26,white,middlegame,Kc1,-19,0,0,ok
4b70ac40-355a-11f1-96b0-d5a12501000f,53,27,white,middlegame,Kd2,0,0,0,ok
4b70ac40-355a-11f1-96b0-d5a12501000f,55,28,white,middlegame,Kc1,0,0,0,ok
4b70ac40-355a-11f1-96b0-d5a12501000f,57,29,white,middlegame,Nxe6,581,-198,779,blunder
4b70ac40-355a-11f1-96b0-d5a12501000f,59,30,white,middlegame,hxg3,0,-210,210,mistake
4b70ac40-355a-11f1-96b0-d5a12501000f,61,31,white,endgame,Rxa6,-242,-246,4,ok
4b70ac40-355a-11f1-96b0-d5a12501000f,63,32,white,endgame,Rxg6,-244,-260,16,ok
4b70ac40-355a-11f1-96b0-d5a12501000f,65,33,white,endgame,Rxg7,-106,-123,17,ok
4b70ac40-355a-11f1-96b0-d5a12501000f,67,34,white,endgame,Bxe4,-2,-2,0,ok
4b70ac40-355a-11f1-96b0-d5a12501000f,69,35,white,endgame,Rd4,-8,-7,0,ok
4b70ac40-355a-11f1-96b0-d5a12501000f,71,36,white,endgame,Rxe4,0,0,0,ok
4b70ac40-355a-11f1-96b0-d5a12501000f,73,37,white,endgame,Rxb4,-4,-5,1,ok
4b70ac40-355a-11f1-96b0-d5a12501000f,75,38,white,endgame,Kb2,-5,-8,3,ok
4b70ac40-355a-11f1-96b0-d5a12501000f,77,39,white,endgame,g4,0,-6,6,ok
4b70ac40-355a-11f1-96b0-d5a12501000f,79,40,white,endgame,g5,0,-14,14,ok
4b70ac40-355a-11f1-96b0-d5a12501000f,81,41,white,endgame,g6,11,-7,18,ok
4b70ac40-355a-11f1-96b0-d5a12501000f,83,42,white,endgame,Rc4+,0,0,0,ok
4b70ac40-355a-11f1-96b0-d5a12501000f,85,43,white,endgame,Rg8+,-3,-8,5,ok
4b70ac40-355a-11f1-96b0-d5a12501000f,87,44,white,endgame,g7,-10,-317,307,blunder
4b70ac40-355a-11f1-96b0-d5a12501000f,89,45,white,endgame,Re4+,-14,-14,0,ok
4b70ac40-355a-11f1-96b0-d5a12501000f,91,46,white,endgame,Rf4+,-14,-16,2,ok
4b70ac40-355a-11f1-96b0-d5a12501000f,93,47,white,endgame,Rxf5+,-15,-322,307,blunder
4b70ac40-355a-11f1-96b0-d5a12501000f,95,48,white,endgame,Rf8,-317,-331,14,ok
4b70ac40-355a-11f1-96b0-d5a12501000f,97,49,white,endgame,Rxf7+,-341,-474,133,mistake
4b70ac40-355a-11f1-96b0-d5a12501000f,99,50,white,endgame,Kb3,-474,-465,0,ok
4b70ac40-355a-11f1-96b0-d5a12501000f,101,51,white,endgame,Kc3,-467,-460,0,ok
4b70ac40-355a-11f1-96b0-d5a12501000f,103,52,white,endgame,Kd3,-456,-472,16,ok
4b70ac40-355a-11f1-96b0-d5a12501000f,105,53,white,endgame,c3,-448,-485,37,ok
4b70ac40-355a-11f1-96b0-d5a12501000f,107,54,white,endgame,Kc2,-473,-704,231,mistake
4b70ac40-355a-11f1-96b0-d5a12501000f,109,55,white,endgame,Kd2,-676,-99985,99309,blunder
4b70ac40-355a-11f1-96b0-d5a12501000f,111,56,white,endgame,Ke2,-99987,-99987,0,ok
4b70ac40-355a-11f1-96b0-d5a12501000f,113,57,white,endgame,Kf2,-99985,-99986,1,ok
4b70ac40-355a-11f1-96b0-d5a12501000f,115,58,white,endgame,Kg2,-99987,-99985,0,ok
4b70ac40-355a-11f1-96b0-d5a12501000f,117,59,white,endgame,Kh2,-99989,-99993,4,ok
4b70ac40-355a-11f1-96b0-d5a12501000f,119,60,white,endgame,Kg2,-99990,-99990,0,ok
4b70ac40-355a-11f1-96b0-d5a12501000f,121,61,white,endgame,Kh2,-99993,-99995,2,ok
4b70ac40-355a-11f1-96b0-d5a12501000f,123,62,white,endgame,Kg2,-99995,-99996,1,ok
4b70ac40-355a-11f1-96b0-d5a12501000f,125,63,white,endgame,Kh2,-99995,-99996,1,ok
4b70ac40-355a-11f1-96b0-d5a12501000f,127,64,white,endgame,Kg2,-99995,-99995,0,ok
4b70ac40-355a-11f1-96b0-d5a12501000f,129,65,white,endgame,Kh2,-99996,-99998,2,ok
4b70ac40-355a-11f1-96b0-d5a12501000f,131,66,white,endgame,Kh1,-99999,-99999,0,ok
f4864442-3558-11f1-aa68-e459e801000f,1,1,white,opening,e4,38,38,0,ok
f4864442-3558-11f1-aa68-e459e801000f,3,2,white,opening,exd5,78,76,2,ok
f4864442-3558-11f1-aa68-e459e801000f,5,3,white,opening,Nc3,77,81,0,ok
f4864442-3558-11f1-aa68-e459e801000f,7,4,white,opening,Nf3,75,67,8,ok
f4864442-3558-11f1-aa68-e459e801000f,9,5,white,opening,d4,78,82,0,ok
f4864442-3558-11f1-aa68-e459e801000f,11,6,white,opening,Bg5,77,75,2,ok
f4864442-3558-11f1-aa68-e459e801000f,13,7,white,opening,Bxf6,78,58,20,ok
f4864442-3558-11f1-aa68-e459e801000f,15,8,white,opening,d5,66,-99,165,mistake
f4864442-3558-11f1-aa68-e459e801000f,17,9,white,opening,bxc3,-116,-99,0,ok
f4864442-3558-11f1-aa68-e459e801000f,19,10,white,opening,Qe2+,-97,-91,0,ok
f4864442-3558-11f1-aa68-e459e801000f,21,11,white,opening,Ng5,-73,-515,442,blunder
f4864442-3558-11f1-aa68-e459e801000f,23,12,white,middlegame,Rd1,-533,-547,14,ok
f4864442-3558-11f1-aa68-e459e801000f,25,13,white,middlegame,Qf3,-507,-646,139,mistake
f4864442-3558-11f1-aa68-e459e801000f,27,14,white,middlegame,Bd3,-499,-493,0,ok
f4864442-3558-11f1-aa68-e459e801000f,29,15,white,middlegame,Be2,-496,-502,6,ok
f4864442-3558-11f1-aa68-e459e801000f,31,16,white,middlegame,Rd2,486,-589,1075,blunder
f4864442-3558-11f1-aa68-e459e801000f,33,17,white,middlegame,Rd1,-492,-512,20,ok
f4864442-3558-11f1-aa68-e459e801000f,35,18,white,middlegame,O-O,-437,-438,1,ok
f4864442-3558-11f1-aa68-e459e801000f,37,19,white,middlegame,Bd3,-480,-445,0,ok
f4864442-3558-11f1-aa68-e459e801000f,39,20,white,middlegame,Qh5,-471,-524,53,inaccuracy
f4864442-3558-11f1-aa68-e459e801000f,41,21,white,middlegame,Qf3,-510,-550,40,ok
f4864442-3558-11f1-aa68-e459e801000f,43,22,white,middlegame,Rfe1,-538,-559,21,ok
f4864442-3558-11f1-aa68-e459e801000f,45,23,white,middlegame,h4,-554,-582,28,ok
f4864442-3558-11f1-aa68-e459e801000f,47,24,white,middlegame,Qf4,-347,-537,190,mistake
f4864442-3558-11f1-aa68-e459e801000f,49,25,white,middlegame,Rxd3,-436,-445,9,ok
f4864442-3558-11f1-aa68-e459e801000f,51,26,white,middlegame,Qxh4,353,362,0,ok
f4864442-3558-11f1-aa68-e459e801000f,53,27,white,middlegame,g4,427,424,3,ok
f4864442-3558-11f1-aa68-e459e801000f,55,28,white,middlegame,Rh3,531,583,0,ok
f4864442-3558-11f1-aa68-e459e801000f,57,29,white,middlegame,Qxh7+,752,740,12,ok
f4864442-3558-11f1-aa68-e459e801000f,59,30,white,middlegame,Rf3+,902,542,360,blunder
f4864442-3558-11f1-aa68-e459e801000f,61,31,white,middlegame,Qh4+,564,401,163,mistake
f4864442-3558-11f1-aa68-e459e801000f,63,32,white,middlegame,Qg3+,434,447,0,ok
f4864442-3558-11f1-aa68-e459e801000f,65,33,white,middlegame,Ra1,447,329,118,mistake
f4864442-3558-11f1-aa68-e459e801000f,67,34,white,middlegame,Ra6+,759,881,0,ok
f4864442-3558-11f1-aa68-e459e801000f,69,35,white,middlegame,Qd6,905,936,0,ok
f4864442-3558-11f1-aa68-e459e801000f,71,36,white,middlegame,Rfa3,99993,99995,0,ok
f4864442-3558-11f1-aa68-e459e801000f,73,37,white,middlegame,Rxa7+,99998,99999,0,ok
2ca95920-3544-11f1-977c-5b704c01000f,1,1,white,opening,e4,40,32,8,ok
2ca95920-3544-11f1-977c-5b704c01000f,3,2,white,opening,d4,49,25,24,ok
2ca95920-3544-11f1-977c-5b704c01000f,5,3,white,opening,Qxd4,30,10,20,ok
2ca95920-3544-11f1-977c-5b704c01000f,7,4,white,opening,Qe3,12,11,1,ok
2ca95920-3544-11f1-977c-5b704c01000f,9,5,white,opening,Nc3,32,31,1,ok
2ca95920-3544-11f1-977c-5b704c01000f,11,6,white,opening,Nf3,71,25,46,ok
2ca95920-3544-11f1-977c-5b704c01000f,13,7,white,opening,e5,24,-53,77,inaccuracy
2ca95920-3544-11f1-977c-5b704c01000f,15,8,white,opening,exd6,-34,-27,0,ok
2ca95920-3544-11f1-977c-5b704c01000f,17,9,white,opening,Bc4,-27,-21,0,ok
2ca95920-3544-11f1-977c-5b704c01000f,19,10,white,opening,Ng5,-19,-125,106,mistake
2ca95920-3544-11f1-977c-5b704c01000f,21,11,white,opening,Qh3,-102,-599,497,blunder
2ca95920-3544-11f1-977c-5b704c01000f,23,12,white,middlegame,Qf3,-155,-284,129,mistake
2ca95920-3544-11f1-977c-5b704c01000f,25,13,white,middlegame,Qd3,-304,-424,120,mistake
2ca95920-3544-11f1-977c-5b704c01000f,27,14,white,middlegame,Nge4,-423,-433,10,ok
2ca95920-3544-11f1-977c-5b704c01000f,29,15,white,middlegame,Nxe4,-420,-425,5,ok
2ca95920-3544-11f1-977c-5b704c01000f,31,16,white,middlegame,f3,-425,-417,0,ok
2ca95920-3544-11f1-977c-5b704c01000f,33,17,white,middlegame,Qc3,-291,-582,291,mistake
2ca95920-3544-11f1-977c-5b704c01000f,35,18,white,middlegame,fxe4,-571,-766,195,mistake
2ca95920-3544-11f1-977c-5b704c01000f,37,19,white,middlegame,Kf1,-813,-877,64,inaccuracy
2ca95920-3544-11f1-977c-5b704c01000f,39,20,white,middlegame,Bxe2,347,389,0,ok
2ca95920-3544-11f1-977c-5b704c01000f,41,21,white,middlegame,Qf3,388,261,127,mistake
2ca95920-3544-11f1-977c-5b704c01000f,43,22,white,middlegame,Qxb7,339,168,171,mistake
2ca95920-3544-11f1-977c-5b704c01000f,45,23,white,middlegame,Rb1,169,-34,203,mistake
2ca95920-3544-11f1-977c-5b704c01000f,47,24,white,middlegame,Kf2,-29,-22,0,ok
2ca95920-3544-11f1-977c-5b704c01000f,49,25,white,middlegame,Qxa6,-36,-211,175,mistake
2ca95920-3544-11f1-977c-5b704c01000f,51,26,white,middlegame,Kf3,-242,-254,12,ok
2ca95920-3544-11f1-977c-5b704c01000f,53,27,white,middlegame,Ke4,0,0,0,ok
2ca95920-3544-11f1-977c-5b704c01000f,55,28,white,middlegame,Bh6,218,-191,409,blunder
2ca95920-3544-11f1-977c-5b704c01000f,57,29,white,middlegame,Qa5,-220,-667,447,blunder
2ca95920-3544-11f1-977c-5b704c01000f,59,30,white,middlegame,Ke3,-704,-698,0,ok
2ca95920-3544-11f1-977c-5b704c01000f,61,31,white,middlegame,Kf3,-708,-756,48,ok
2ca95920-3544-11f1-977c-5b704c01000f,63,32,white,middlegame,Ke3,-709,-815,106,mistake
2ca95920-3544-11f1-977c-5b704c01000f,65,33,white,middlegame,Qa8+,-835,-881,46,ok
2ca95920-3544-11f1-977c-5b704c01000f,67,34,white,middlegame,Qf8,-898,-902,4,ok
2ca95920-3544-11f1-977c-5b704c01000f,69,35,white,middlegame,Kf2,-879,-910,31,ok
2ca95920-3544-11f1-977c-5b704c01000f,71,36,white,middlegame,Qxf7+,-395,-412,17,ok
2ca95920-3544-11f1-977c-5b704c01000f,73,37,white,middlegame,Kxe1,-439,-448,9,ok
2ca95920-3544-11f1-977c-5b704c01000f,75,38,white,middlegame,Qb3,-381,-380,0,ok
2ca95920-3544-11f1-977c-5b704c01000f,77,39,white,middlegame,a4,-401,-417,16,ok
2ca95920-3544-11f1-977c-5b704c01000f,79,40,white,middlegame,Kf1,-404,-478,74,inaccuracy
2ca95920-3544-11f1-977c-5b704c01000f,81,41,white,middlegame,a5,-300,-439,139,mistake
2ca95920-3544-11f1-977c-5b704c01000f,83,42,white,middlegame,Qa3,-231,-259,28,ok
2ca95920-3544-11f1-977c-5b704c01000f,85,43,white,middlegame,a6,-37,-12,0,ok
2ca95920-3544-11f1-977c-5b704c01000f,87,44,white,middlegame,Kg2,0,0,0,ok
2ca95920-3544-11f1-977c-5b704c01000f,89,45,white,middlegame,Qa5,18,0,18,ok
2ca95920-3544-11f1-977c-5b704c01000f,91,46,white,middlegame,Qd8,67,11,56,inaccuracy
2ca95920-3544-11f1-977c-5b704c01000f,93,47,white,middlegame,Qd7,99999,-3,100002,blunder
0a3b4fcf-34b5-11f1-96b0-d5a12501000f,2,1,black,opening,e5,-34,-39,5,ok
0a3b4fcf-34b5-11f1-96b0-d5a12501000f,4,2,black,opening,Nc6,-37,-30,0,ok
0a3b4fcf-34b5-11f1-96b0-d5a12501000f,6,3,black,opening,Qf6,-24,-133,109,mistake
0a3b4fcf-34b5-11f1-96b0-d5a12501000f,8,4,black,opening,Bb4,-121,-190,69,inaccuracy
0a3b4fcf-34b5-11f1-96b0-d5a12501000f,10,5,black,opening,Qd6,-200,-349,149,mistake
0a3b4fcf-34b5-11f1-96b0-d5a12501000f,12,6,black,opening,f6,-187,-196,9,ok
0a3b4fcf-34b5-11f1-96b0-d5a12501000f,14,7,black,opening,Kxf7,-136,-126,0,ok
0a3b4fcf-34b5-11f1-96b0-d5a12501000f,16,8,black,opening,Kf8,-119,-115,0,ok
0a3b4fcf-34b5-11f1-96b0-d5a12501000f,18,9,black,opening,Nh6,-116,-262,146,mistake
0a3b4fcf-34b5-11f1-96b0-d5a12501000f,20,10,black,opening,Qd4,-207,-344,137,mistake
0a3b4fcf-34b5-11f1-96b0-d5a12501000f,22,11,black,middlegame,Bc5,-288,-344,56,inaccuracy
0a3b4fcf-34b5-11f1-96b0-d5a12501000f,24,12,black,middlegame,b6,-283,-485,202,mistake
0a3b4fcf-34b5-11f1-96b0-d5a12501000f,26,13,black,middlegame,Ba6,-442,-630,188,mistake
0a3b4fcf-34b5-11f1-96b0-d5a12501000f,28,14,black,middlegame,Ng4,-523,-598,75,inaccuracy
0a3b4fcf-34b5-11f1-96b0-d5a12501000f,30,15,black,middlegame,Bc8,-494,-655,161,mistake
0a3b4fcf-34b5-11f1-96b0-d5a12501000f,32,16,black,middlegame,Ke7,-657,-865,208,mistake
0a3b4fcf-34b5-11f1-96b0-d5a12501000f,34,17,black,middlegame,Qa4,-759,-99994,99235,blunder
e352b013-346e-11f1-a25e-2d940701000f,2,1,black,opening,e5,-32,-33,1,ok
e352b013-346e-11f1-a25e-2d940701000f,4,2,black,opening,Nf6,-18,-16,0,ok
e352b013-346e-11f1-a25e-2d940701000f,6,3,black,opening,Nc6,30,-10,40,ok
e352b013-346e-11f1-a25e-2d940701000f,8,4,black,opening,Bd6,55,-10,65,inaccuracy
e352b013-346e-11f1-a25e-2d940701000f,10,5,black,opening,O-O,14,15,0,ok
e352b013-346e-11f1-a25e-2d940701000f,12,6,black,opening,Na5,88,-42,130,mistake
e352b013-346e-11f1-a25e-2d940701000f,14,7,black,opening,b6,-32,-75,43,ok
e352b013-346e-11f1-a25e-2d940701000f,16,8,black,opening,Nc6,-87,-105,18,ok
e352b013-346e-11f1-a25e-2d940701000f,18,9,black,opening,a5,-75,-163,88,inaccuracy
e352b013-346e-11f1-a25e-2d940701000f,20,10,black,opening,Ne7,-155,-179,24,ok
e352b013-346e-11f1-a25e-2d940701000f,22,11,black,middlegame,Ng6,-116,-173,57,inaccuracy
e352b013-346e-11f1-a25e-2d940701000f,24,12,black,middlegame,c5,-157,-252,95,inaccuracy
e352b013-346e-11f1-a25e-2d940701000f,26,13,black,middlegame,Ne8,-201,-189,0,ok
e352b013-346e-11f1-a25e-2d940701000f,28,14,black,middlegame,Nf4,-195,-281,86,inaccuracy
e352b013-346e-11f1-a25e-2d940701000f,30,15,black,middlegame,c4,-220,-341,121,mistake
e352b013-346e-11f1-a25e-2d940701000f,32,16,black,middlegame,Bc5,-335,-425,90,inaccuracy
e352b013-346e-11f1-a25e-2d940701000f,34,17,black,middlegame,exf4,-351,-377,26,ok
e352b013-346e-11f1-a25e-2d940701000f,36,18,black,middlegame,d5,-361,-365,4,ok
e352b013-346e-11f1-a25e-2d940701000f,38,19,black,middlegame,dxe4,-327,-302,0,ok
e352b013-346e-11f1-a25e-2d940701000f,40,20,black,middlegame,Be6,-306,-323,17,ok
e352b013-346e-11f1-a25e-2d940701000f,42,21,black,middlegame,Qd7,-332,-335,3,ok
e352b013-346e-11f1-a25e-2d940701000f,44,22,black,middlegame,Nd6,-347,-398,51,inaccuracy
e352b013-346e-11f1-a25e-2d940701000f,46,23,black,middlegame,Bxa2,-185,-188,3,ok
e352b013-346e-11f1-a25e-2d940701000f,48,24,black,middlegame,Bxd6,-201,-211,10,ok
e352b013-346e-11f1-a25e-2d940701000f,50,25,black,middlegame,Qxd6,-216,-376,160,mistake
e352b013-346e-11f1-a25e-2d940701000f,52,26,black,endgame,Rfe8,-419,-439,20,ok
e352b013-346e-11f1-a25e-2d940701000f,54,27,black,endgame,g6,-437,-452,15,ok
e352b013-346e-11f1-a25e-2d940701000f,56,28,black,endgame,Bb3,-431,-432,1,ok
e352b013-346e-11f1-a25e-2d940701000f,58,29,black,endgame,hxg6,-409,-429,20,ok
e352b013-346e-11f1-a25e-2d940701000f,60,30,black,endgame,Kf8,-391,-437,46,ok
e352b013-346e-11f1-a25e-2d940701000f,62,31,black,endgame,Kg7,-439,-448,9,ok
e352b013-346e-11f1-a25e-2d940701000f,64,32,black,endgame,Rxe8,-444,-444,0,ok
e352b013-346e-11f1-a25e-2d940701000f,66,33,black,endgame,f5,-395,-458,63,inaccuracy
e352b013-346e-11f1-a25e-2d940701000f,68,34,black,endgame,Kxf6,-446,-444,0,ok
e352b013-346e-11f1-a25e-2d940701000f,70,35,black,endgame,Rh8,-404,-481,77,inaccuracy
e352b013-346e-11f1-a25e-2d940701000f,72,36,black,endgame,Kg5,-477,-490,13,ok
e352b013-346e-11f1-a25e-2d940701000f,74,37,black,endgame,Bxa4,-484,-516,32,ok
e352b013-346e-11f1-a25e-2d940701000f,76,38,black,endgame,Rh3,-503,-579,76,inaccuracy
e352b013-346e-11f1-a25e-2d940701000f,78,39,black,endgame,Rh1,-593,-602,9,ok
e352b013-346e-11f1-a25e-2d940701000f,80,40,black,endgame,Bd1,-616,-786,170,mistake
e352b013-346e-11f1-a25e-2d940701000f,82,41,black,endgame,Re1+,-643,-728,85,inaccuracy
e352b013-346e-11f1-a25e-2d940701000f,84,42,black,endgame,Rh1,-694,-821,127,mistake
e352b013-346e-11f1-a25e-2d940701000f,86,43,black,endgame,Kh6,-866,-877,11,ok
e352b013-346e-11f1-a25e-2d940701000f,88,44,black,endgame,Rh2+,-1304,-1340,36,ok
e352b013-346e-11f1-a25e-2d940701000f,90,45,black,endgame,Rb2,-1303,-1114,0,ok
e352b013-346e-11f1-a25e-2d940701000f,92,46,black,endgame,g5,-1053,-99993,98940,blunder
e352b013-346e-11f1-a25e-2d940701000f,94,47,black,endgame,g4,-99994,-99994,0,ok
e352b013-346e-11f1-a25e-2d940701000f,96,48,black,middlegame,g3,-99996,-99997,1,ok
e352b013-346e-11f1-a25e-2d940701000f,98,49,black,middlegame,Kh5,-99997,-99998,1,ok
e352b013-346e-11f1-a25e-2d940701000f,100,50,black,middlegame,Bc2,-99999,-99999,0,ok
e352b013-346e-11f1-a25e-2d940701000f,102,51,black,middlegame,Kg6,-99997,-99997,0,ok
e352b013-346e-11f1-a25e-2d940701000f,104,52,black,middlegame,Kf7,-99998,-99998,0,ok
e352b013-346e-11f1-a25e-2d940701000f,106,53,black,middlegame,Ke8,-99999,-99999,0,ok
e352b013-346e-11f1-a25e-2d940701000f,108,54,black,middlegame,Kd7,-99999,-99999,0,ok
30c8c719-346d-11f1-b755-ca11e201000f,1,1,white,opening,e4,40,33,7,ok
30c8c719-346d-11f1-b755-ca11e201000f,3,2,white,opening,Nf3,36,33,3,ok
30c8c719-346d-11f1-b755-ca11e201000f,5,3,white,opening,Nc3,30,30,0,ok
30c8c719-346d-11f1-b755-ca11e201000f,7,4,white,opening,Nxe5,68,73,0,ok
30c8c719-346d-11f1-b755-ca11e201000f,9,5,white,opening,d4,79,72,7,ok
30c8c719-346d-11f1-b755-ca11e201000f,11,6,white,opening,dxe5,190,200,0,ok
30c8c719-346d-11f1-b755-ca11e201000f,13,7,white,opening,bxc3,220,217,3,ok
30c8c719-346d-11f1-b755-ca11e201000f,15,8,white,opening,Bf4,218,223,0,ok
30c8c719-346d-11f1-b755-ca11e201000f,17,9,white,opening,Bc4,264,220,44,ok
30c8c719-346d-11f1-b755-ca11e201000f,19,10,white,opening,O-O,302,223,79,inaccuracy
30c8c719-346d-11f1-b755-ca11e201000f,21,11,white,opening,Re1,212,222,0,ok
30c8c719-346d-11f1-b755-ca11e201000f,23,12,white,middlegame,Bb5,216,142,74,inaccuracy
30c8c719-346d-11f1-b755-ca11e201000f,25,13,white,middlegame,Bg3,134,128,6,ok
30c8c719-346d-11f1-b755-ca11e201000f,27,14,white,middlegame,h3,136,130,6,ok
30c8c719-346d-11f1-b755-ca11e201000f,29,15,white,middlegame,h4,197,213,0,ok
30c8c719-346d-11f1-b755-ca11e201000f,31,16,white,middlegame,Qd4,218,232,0,ok
30c8c719-346d-11f1-b755-ca11e201000f,33,17,white,middlegame,Bxe5,213,215,0,ok
30c8c719-346d-11f1-b755-ca11e201000f,35,18,white,middlegame,Rad1,268,-225,493,blunder
30c8c719-346d-11f1-b755-ca11e201000f,37,19,white,middlegame,Bxc7,231,-240,471,blunder
30c8c719-346d-11f1-b755-ca11e201000f,39,20,white,middlegame,Qc4+,-260,-332,72,inaccuracy
30c8c719-346d-11f1-b755-ca11e201000f,41,21,white,middlegame,Bxc6,-285,-280,0,ok
30c8c719-346d-11f1-b755-ca11e201000f,43,22,white,middlegame,Qa6,-292,-288,0,ok
30c8c719-346d-11f1-b755-ca11e201000f,45,23,white,middlegame,Qxa7+,0,0,0,ok
30c8c719-346d-11f1-b755-ca11e201000f,47,24,white,middlegame,Qa8+,0,0,0,ok
30c8c719-346d-11f1-b755-ca11e201000f,49,25,white,middlegame,Qa7+,0,0,0,ok
30c8c719-346d-11f1-b755-ca11e201000f,51,26,white,middlegame,Rd3,0,-95,95,inaccuracy
30c8c719-346d-11f1-b755-ca11e201000f,53,27,white,middlegame,Rxg3,0,0,0,ok
30c8c719-346d-11f1-b755-ca11e201000f,55,28,white,middlegame,Qa8+,71,55,16,ok
30c8c719-346d-11f1-b755-ca11e201000f,57,29,white,middlegame,Qa7+,63,64,0,ok
30c8c719-346d-11f1-b755-ca11e201000f,59,30,white,middlegame,Rd3+,798,679,119,mistake
30c8c719-346d-11f1-b755-ca11e201000f,61,31,white,middlegame,Qxd7+,99989,99990,0,ok
30c8c719-346d-11f1-b755-ca11e201000f,63,32,white,middlegame,Rf3+,99990,713,99277,blunder
30c8c719-346d-11f1-b755-ca11e201000f,65,33,white,middlegame,Rxf8,786,804,0,ok
b7faf8ec-3467-11f1-9b22-8e0bf401000f,1,1,white,opening,e4,42,31,11,ok
b7faf8ec-3467-11f1-9b22-8e0bf401000f,3,2,white,opening,d4,48,42,6,ok
b7faf8ec-3467-11f1-9b22-8e0bf401000f,5,3,white,opening,Nc3,48,32,16,ok
b7faf8ec-3467-11f1-9b22-8e0bf401000f,7,4,white,opening,exd5,137,132,5,ok
b7faf8ec-3467-11f1-9b22-8e0bf401000f,9,5,white,opening,Bb5,169,34,135,mistake
b7faf8ec-3467-11f1-9b22-8e0bf401000f,11,6,white,opening,Bxd7+,40,19,21,ok
b7faf8ec-3467-11f1-9b22-8e0bf401000f,13,7,white,opening,Qf3,17,-26,43,ok
b7faf8ec-3467-11f1-9b22-8e0bf401000f,15,8,white,opening,Be3,66,-11,77,inaccuracy
b7faf8ec-3467-11f1-9b22-8e0bf401000f,17,9,white,opening,O-O-O,-10,-71,61,inaccuracy
b7faf8ec-3467-11f1-9b22-8e0bf401000f,19,10,white,opening,Qxg4,-13,-51,38,ok
b7faf8ec-3467-11f1-9b22-8e0bf401000f,21,11,white,opening,Nxd5,154,149,5,ok
b7faf8ec-3467-11f1-9b22-8e0bf401000f,23,12,white,endgame,Nc7+,502,520,0,ok
b7faf8ec-3467-11f1-9b22-8e0bf401000f,25,13,white,endgame,Nxa8,602,615,0,ok
b7faf8ec-3467-11f1-9b22-8e0bf401000f,27,14,white,endgame,Nb6+,613,629,0,ok
b7faf8ec-3467-11f1-9b22-8e0bf401000f,29,15,white,endgame,Nxc8,630,619,11,ok
b7faf8ec-3467-11f1-9b22-8e0bf401000f,31,16,white,endgame,f3,622,335,287,mistake
b7faf8ec-3467-11f1-9b22-8e0bf401000f,33,17,white,endgame,Rd3,342,257,85,inaccuracy
b7faf8ec-3467-11f1-9b22-8e0bf401000f,35,18,white,endgame,Rc3+,315,320,0,ok
b7faf8ec-3467-11f1-9b22-8e0bf401000f,37,19,white,endgame,Rxc8,302,300,2,ok
b7faf8ec-3467-11f1-9b22-8e0bf401000f,39,20,white,endgame,Ne2,295,290,5,ok
b7faf8ec-3467-11f1-9b22-8e0bf401000f,41,21,white,endgame,Rg1,338,346,0,ok
b7faf8ec-3467-11f1-9b22-8e0bf401000f,43,22,white,endgame,Rxg7,469,469,0,ok
b7faf8ec-3467-11f1-9b22-8e0bf401000f,45,23,white,endgame,Rxf7,464,441,23,ok
b7faf8ec-3467-11f1-9b22-8e0bf401000f,47,24,white,endgame,Rh7,454,450,4,ok
b7faf8ec-3467-11f1-9b22-8e0bf401000f,49,25,white,endgame,Kd2,467,461,6,ok
b7faf8ec-3467-11f1-9b22-8e0bf401000f,51,26,white,endgame,Kc3,475,485,0,ok
b7faf8ec-3467-11f1-9b22-8e0bf401000f,53,27,white,endgame,Kd3,478,486,0,ok
b7faf8ec-3467-11f1-9b22-8e0bf401000f,55,28,white,endgame,Nxg3,482,460,22,ok
b7faf8ec-3467-11f1-9b22-8e0bf401000f,57,29,white,endgame,Ke4,472,457,15,ok
b7faf8ec-3467-11f1-9b22-8e0bf401000f,59,30,white,endgame,Rh8+,489,506,0,ok
b7faf8ec-3467-11f1-9b22-8e0bf401000f,61,31,white,endgame,Rg8,505,501,4,ok
b7faf8ec-3467-11f1-9b22-8e0bf401000f,63,32,white,endgame,Ke3,508,511,0,ok
b7faf8ec-3467-11f1-9b22-8e0bf401000f,65,33,white,endgame,Kf2,523,524,0,ok
b7faf8ec-3467-11f1-9b22-8e0bf401000f,67,34,white,endgame,Rh8,527,408,119,mistake
b7faf8ec-3467-11f1-9b22-8e0bf401000f,69,35,white,endgame,Kxg2,407,409,0,ok
b7faf8ec-3467-11f1-9b22-8e0bf401000f,71,36,white,endgame,Rh7+,441,432,9,ok
b7faf8ec-3467-11f1-9b22-8e0bf401000f,73,37,white,endgame,c3,481,473,8,ok
b7faf8ec-3467-11f1-9b22-8e0bf401000f,75,38,white,endgame,Rxb7,459,454,5,ok
b7faf8ec-3467-11f1-9b22-8e0bf401000f,77,39,white,endgame,Rb6+,453,453,0,ok
b7faf8ec-3467-11f1-9b22-8e0bf401000f,79,40,white,endgame,Rxa6,466,441,25,ok
b7faf8ec-3467-11f1-9b22-8e0bf401000f,81,41,white,endgame,Ra5,711,889,0,ok
b7faf8ec-3467-11f1-9b22-8e0bf401000f,83,42,white,endgame,Kf3,1153,1129,24,ok
b7faf8ec-3467-11f1-9b22-8e0bf401000f,85,43,white,endgame,Kxe2,1098,1154,0,ok
98c604c2-33b4-11f1-b755-ca11e201000f,2,1,black,opening,e5,-32,-32,0,ok
98c604c2-33b4-11f1-b755-ca11e201000f,4,2,black,opening,Nf6,-20,-22,2,ok
98c604c2-33b4-11f1-b755-ca11e201000f,6,3,black,opening,Nc6,-9,-24,15,ok
98c604c2-33b4-11f1-b755-ca11e201000f,8,4,black,opening,d5,18,-14,32,ok
98c604c2-33b4-11f1-b755-ca11e201000f,10,5,black,opening,Nxd5,-19,-16,0,ok
98c604c2-33b4-11f1-b755-ca11e201000f,12,6,black,opening,Nf4,-10,-120,110,mistake
98c604c2-33b4-11f1-b755-ca11e201000f,14,7,black,opening,exf4,-117,-123,6,ok
98c604c2-33b4-11f1-b755-ca11e201000f,16,8,black,opening,Qe7+,-80,-99,19,ok
98c604c2-33b4-11f1-b755-ca11e201000f,18,9,black,opening,Qb4+,-29,-137,108,mistake
98c604c2-33b4-11f1-b755-ca11e201000f,20,10,black,opening,Qxb2,-80,-83,3,ok
98c604c2-33b4-11f1-b755-ca11e201000f,22,11,black,middlegame,Qf6,-82,-97,15,ok
98c604c2-33b4-11f1-b755-ca11e201000f,24,12,black,middlegame,Bb4,-101,-209,108,mistake
98c604c2-33b4-11f1-b755-ca11e201000f,26,13,black,middlegame,Be7,-50,-212,162,mistake
98c604c2-33b4-11f1-b755-ca11e201000f,28,14,black,middlegame,Qd6,-206,-193,0,ok
98c604c2-33b4-11f1-b755-ca11e201000f,30,15,black,middlegame,Be6,-55,-129,74,inaccuracy
98c604c2-33b4-11f1-b755-ca11e201000f,32,16,black,middlegame,Nxe7,-122,-122,0,ok
98c604c2-33b4-11f1-b755-ca11e201000f,34,17,black,middlegame,fxe6,-125,-114,0,ok
98c604c2-33b4-11f1-b755-ca11e201000f,36,18,black,middlegame,O-O-O,-109,-251,142,mistake
98c604c2-33b4-11f1-b755-ca11e201000f,38,19,black,middlegame,g5,-150,-243,93,inaccuracy
98c604c2-33b4-11f1-b755-ca11e201000f,40,20,black,middlegame,Rdg8,-292,-319,27,ok
98c604c2-33b4-11f1-b755-ca11e201000f,42,21,black,middlegame,Qc6,205,-419,624,blunder
98c604c2-33b4-11f1-b755-ca11e201000f,44,22,black,middlegame,Nf5,-294,-307,13,ok
98c604c2-33b4-11f1-b755-ca11e201000f,46,23,black,middlegame,Qxf3,263,-372,635,blunder
98c604c2-33b4-11f1-b755-ca11e201000f,48,24,black,middlegame,Qxh3,-389,-421,32,ok
98c604c2-33b4-11f1-b755-ca11e201000f,50,25,black,middlegame,Qxf5,-276,-275,0,ok
98c604c2-33b4-11f1-b755-ca11e201000f,52,26,black,middlegame,Qd5,-275,-274,0,ok
98c604c2-33b4-11f1-b755-ca11e201000f,54,27,black,middlegame,h5,-277,-380,103,mistake
98c604c2-33b4-11f1-b755-ca11e201000f,56,28,black,middlegame,Qd4+,-361,-331,0,ok
98c604c2-33b4-11f1-b755-ca11e201000f,58,29,black,middlegame,h4,-308,-362,54,inaccuracy
98c604c2-33b4-11f1-b755-ca11e201000f,60,30,black,middlegame,Qd7,-387,-403,16,ok
98c604c2-33b4-11f1-b755-ca11e201000f,62,31,black,middlegame,Qh7,-392,-451,59,inaccuracy
98c604c2-33b4-11f1-b755-ca11e201000f,64,32,black,middlegame,h3,-380,-458,78,inaccuracy
98c604c2-33b4-11f1-b755-ca11e201000f,66,33,black,middlegame,Kb8,-446,-454,8,ok
98c604c2-33b4-11f1-b755-ca11e201000f,68,34,black,middlegame,Qxd3,-255,-289,34,ok
98c604c2-33b4-11f1-b755-ca11e201000f,70,35,black,middlegame,Qc3,-129,-239,110,mistake
98c604c2-33b4-11f1-b755-ca11e201000f,72,36,black,middlegame,Rh8+,0,0,0,ok
98c604c2-33b4-11f1-b755-ca11e201000f,74,37,black,middlegame,Qg7,0,-340,340,blunder
98c604c2-33b4-11f1-b755-ca11e201000f,76,38,black,middlegame,Qh7,0,-275,275,mistake
98c604c2-33b4-11f1-b755-ca11e201000f,78,39,black,middlegame,Qh4,-279,-305,26,ok
98c604c2-33b4-11f1-b755-ca11e201000f,80,40,black,middlegame,a6,-289,-330,41,ok
98c604c2-33b4-11f1-b755-ca11e201000f,82,41,black,middlegame,Rh5,-8,0,0,ok
98c604c2-33b4-11f1-b755-ca11e201000f,84,42,black,middlegame,Ka7,386,403,0,ok
98c604c2-33b4-11f1-b755-ca11e201000f,86,43,black,middlegame,Qxh5,391,394,0,ok
98c604c2-33b4-11f1-b755-ca11e201000f,88,44,black,middlegame,Qxc5,652,456,196,mistake
98c604c2-33b4-11f1-b755-ca11e201000f,90,45,black,middlegame,Qc1+,695,711,0,ok
98c604c2-33b4-11f1-b755-ca11e201000f,92,46,black,middlegame,Qxf1+,796,810,0,ok
98c604c2-33b4-11f1-b755-ca11e201000f,94,47,black,middlegame,c5,827,826,1,ok
98c604c2-33b4-11f1-b755-ca11e201000f,96,48,black,middlegame,c4,839,862,0,ok
98c604c2-33b4-11f1-b755-ca11e201000f,98,49,black,middlegame,c3,935,977,0,ok
98c604c2-33b4-11f1-b755-ca11e201000f,100,50,black,middlegame,Qf6,1279,8152,0,ok
98c604c2-33b4-11f1-b755-ca11e201000f,102,51,black,middlegame,Qh6+,1244,1217,27,ok
98c604c2-33b4-11f1-b755-ca11e201000f,104,52,black,middlegame,c2,1135,611,524,blunder
8cc57770-33b3-11f1-b755-ca11e201000f,1,1,white,opening,e4,41,37,4,ok
8cc57770-33b3-11f1-b755-ca11e201000f,3,2,white,opening,exd5,86,76,10,ok
8cc57770-33b3-11f1-b755-ca11e201000f,5,3,white,opening,Nc3,81,79,2,ok
8cc57770-33b3-11f1-b755-ca11e201000f,7,4,white,opening,Nf3,78,73,5,ok
8cc57770-33b3-11f1-b755-ca11e201000f,9,5,white,opening,d4,85,94,0,ok
8cc57770-33b3-11f1-b755-ca11e201000f,11,6,white,opening,Bf4,151,116,35,ok
8cc57770-33b3-11f1-b755-ca11e201000f,13,7,white,opening,Bd3,112,94,18,ok
8cc57770-33b3-11f1-b755-ca11e201000f,15,8,white,opening,Qxd3,90,79,11,ok
8cc57770-33b3-11f1-b755-ca11e201000f,17,9,white,opening,O-O-O,131,129,2,ok
8cc57770-33b3-11f1-b755-ca11e201000f,19,10,white,opening,Ne4,124,119,5,ok
8cc57770-33b3-11f1-b755-ca11e201000f,21,11,white,opening,Qxe4,187,190,0,ok
8cc57770-33b3-11f1-b755-ca11e201000f,23,12,white,middlegame,d5,438,427,11,ok
8cc57770-33b3-11f1-b755-ca11e201000f,25,13,white,middlegame,Qxb4,441,441,0,ok
8cc57770-33b3-11f1-b755-ca11e201000f,27,14,white,middlegame,Qxb7,471,463,8,ok
8cc57770-33b3-11f1-b755-ca11e201000f,29,15,white,middlegame,Qxc6,575,546,29,ok
8cc57770-33b3-11f1-b755-ca11e201000f,31,16,white,middlegame,Kb1,639,594,45,ok
8cc57770-33b3-11f1-b755-ca11e201000f,33,17,white,middlegame,Ne5,745,438,307,blunder
8cc57770-33b3-11f1-b755-ca11e201000f,35,18,white,middlegame,Nd3,701,691,10,ok
8cc57770-33b3-11f1-b755-ca11e201000f,37,19,white,middlegame,Bxb8,736,737,0,ok
8cc57770-33b3-11f1-b755-ca11e201000f,39,20,white,middlegame,f3,747,752,0,ok
8cc57770-33b3-11f1-b755-ca11e201000f,41,21,white,middlegame,g4,767,752,15,ok
8cc57770-33b3-11f1-b755-ca11e201000f,43,22,white,middlegame,Qxa6,747,718,29,ok
8cc57770-33b3-11f1-b755-ca11e201000f,45,23,white,middlegame,f4,727,682,45,ok
8cc57770-33b3-11f1-b755-ca11e201000f,47,24,white,middlegame,f5,730,695,35,ok
8cc57770-33b3-11f1-b755-ca11e201000f,49,25,white,middlegame,fxe6,723,798,0,ok
8cc57770-33b3-11f1-b755-ca11e201000f,51,26,white,middlegame,Qxe6,778,789,0,ok
8cc57770-33b3-11f1-b755-ca11e201000f,53,27,white,middlegame,Qf5+,835,847,0,ok
8cc57770-33b3-11f1-b755-ca11e201000f,55,28,white,middlegame,Qc8+,984,994,0,ok
8cc57770-33b3-11f1-b755-ca11e201000f,57,29,white,middlegame,Qc5,1016,658,358,blunder
8cc57770-33b3-11f1-b755-ca11e201000f,59,30,white,middlegame,Qxd5,822,815,7,ok
8cc57770-33b3-11f1-b755-ca11e201000f,61,31,white,middlegame,Qf5+,836,834,2,ok
1e7afa9d-33b1-11f1-a25e-2d940701000f,2,1,black,opening,e5,-33,-34,1,ok
1e7afa9d-33b1-11f1-a25e-2d940701000f,4,2,black,opening,Nc6,-33,-31,0,ok
1e7afa9d-33b1-11f1-a25e-2d940701000f,6,3,black,opening,Nf6,9,6,3,ok
1e7afa9d-33b1-11f1-a25e-2d940701000f,8,4,black,opening,exd4,-1,-13,12,ok
1e7afa9d-33b1-11f1-a25e-2d940701000f,10,5,black,opening,Nxe4,84,88,0,ok
1e7afa9d-33b1-11f1-a25e-2d940701000f,12,6,black,opening,d5,184,174,10,ok
1e7afa9d-33b1-11f1-a25e-2d940701000f,14,7,black,opening,Bg4,177,74,103,mistake
1e7afa9d-33b1-11f1-a25e-2d940701000f,16,8,black,opening,Qe7,79,-293,372,blunder
1e7afa9d-33b1-11f1-a25e-2d940701000f,18,9,black,opening,Bxf3,-311,-421,110,mistake
1e7afa9d-33b1-11f1-a25e-2d940701000f,20,10,black,opening,O-O-O,-393,-445,52,inaccuracy
1e7afa9d-33b1-11f1-a25e-2d940701000f,22,11,black,middlegame,Qb4+,-323,-323,0,ok
1e7afa9d-33b1-11f1-a25e-2d940701000f,24,12,black,middlegame,Re8+,-336,-341,5,ok
1e7afa9d-33b1-11f1-a25e-2d940701000f,26,13,black,middlegame,Rxe2+,-369,-432,63,inaccuracy
1e7afa9d-33b1-11f1-a25e-2d940701000f,28,14,black,middlegame,Qc4+,-441,-455,14,ok
1e7afa9d-33b1-11f1-a25e-2d940701000f,30,15,black,middlegame,Qb4,-458,-508,50,inaccuracy
1e7afa9d-33b1-11f1-a25e-2d940701000f,32,16,black,middlegame,Bd6,-448,-483,35,ok
1e7afa9d-33b1-11f1-a25e-2d940701000f,34,17,black,middlegame,Kb8,-457,-454,0,ok
1e7afa9d-33b1-11f1-a25e-2d940701000f,36,18,black,middlegame,Nxd4+,-217,-463,246,mistake
1e7afa9d-33b1-11f1-a25e-2d940701000f,38,19,black,middlegame,Qxd4,-496,-493,0,ok
1e7afa9d-33b1-11f1-a25e-2d940701000f,40,20,black,middlegame,Qg4+,-380,-377,0,ok
1e7afa9d-33b1-11f1-a25e-2d940701000f,42,21,black,middlegame,Qxg5,-385,-404,19,ok
1e7afa9d-33b1-11f1-a25e-2d940701000f,44,22,black,middlegame,Qd8,-402,-426,24,ok
1e7afa9d-33b1-11f1-a25e-2d940701000f,46,23,black,middlegame,Rf8,-362,-429,67,inaccuracy
1e7afa9d-33b1-11f1-a25e-2d940701000f,48,24,black,middlegame,Qh4,-431,-99997,99566,blunder
1e7afa9d-33b1-11f1-a25e-2d940701000f,50,25,black,middlegame,Bxf8,-99998,-99998,0,ok
51d42401-339f-11f1-b755-ca11e201000f,2,1,black,opening,d5,-41,-41,0,ok
51d42401-339f-11f1-b755-ca11e201000f,4,2,black,opening,Nf6,5,-5,10,ok
51d42401-339f-11f1-b755-ca11e201000f,6,3,black,opening,e6,15,15,0,ok
51d42401-339f-11f1-b755-ca11e201000f,8,4,black,opening,Bb4,17,-11,28,ok
51d42401-339f-11f1-b755-ca11e201000f,10,5,black,opening,Nc6,-13,-60,47,ok
51d42401-339f-11f1-b755-ca11e201000f,12,6,black,opening,O-O,-49,-46,0,ok
51d42401-339f-11f1-b755-ca11e201000f,14,7,black,opening,Bxc3,-46,-69,23,ok
51d42401-339f-11f1-b755-ca11e201000f,16,8,black,opening,Ne4,-74,-103,29,ok
51d42401-339f-11f1-b755-ca11e201000f,18,9,black,opening,Nxc3,-37,-46,9,ok
51d42401-339f-11f1-b755-ca11e201000f,20,10,black,opening,Re8,-52,-92,40,ok
51d42401-339f-11f1-b755-ca11e201000f,22,11,black,middlegame,e5,-88,-121,33,ok
51d42401-339f-11f1-b755-ca11e201000f,24,12,black,middlegame,Qxd5,-135,-125,0,ok
51d42401-339f-11f1-b755-ca11e201000f,26,13,black,middlegame,Kxh7,235,249,0,ok
51d42401-339f-11f1-b755-ca11e201000f,28,14,black,middlegame,Kg8,261,311,0,ok
51d42401-339f-11f1-b755-ca11e201000f,30,15,black,middlegame,Bf5,409,400,9,ok
51d42401-339f-11f1-b755-ca11e201000f,32,16,black,middlegame,Qxc4,407,389,18,ok
51d42401-339f-11f1-b755-ca11e201000f,34,17,black,middlegame,Qxd5,438,409,29,ok
51d42401-339f-11f1-b755-ca11e201000f,36,18,black,middlegame,Qxa2,464,338,126,mistake
51d42401-339f-11f1-b755-ca11e201000f,38,19,black,middlegame,Bg6,391,384,7,ok
51d42401-339f-11f1-b755-ca11e201000f,40,20,black,middlegame,Qxc2,448,446,2,ok
51d42401-339f-11f1-b755-ca11e201000f,42,21,black,middlegame,f6,437,99,338,blunder
51d42401-339f-11f1-b755-ca11e201000f,44,22,black,middlegame,Kh8,81,0,81,inaccuracy
51d42401-339f-11f1-b755-ca11e201000f,46,23,black,middlegame,Bxf7,522,544,0,ok
51d42401-339f-11f1-b755-ca11e201000f,48,24,black,middlegame,Re7,562,562,0,ok
51d42401-339f-11f1-b755-ca11e201000f,50,25,black,middlegame,Qxg6,564,575,0,ok
51d42401-339f-11f1-b755-ca11e201000f,52,26,black,endgame,a5,589,466,123,mistake
51d42401-339f-11f1-b755-ca11e201000f,54,27,black,endgame,a4,596,529,67,inaccuracy
51d42401-339f-11f1-b755-ca11e201000f,56,28,black,endgame,a3,557,517,40,ok
51d42401-339f-11f1-b755-ca11e201000f,58,29,black,endgame,Kg8,552,554,0,ok
51d42401-339f-11f1-b755-ca11e201000f,60,30,black,endgame,Kf8,555,-99999,100554,blunder
f18301b2-339e-11f1-b755-ca11e201000f,1,1,white,opening,e4,43,35,8,ok
f18301b2-339e-11f1-b755-ca11e201000f,3,2,white,opening,d4,47,42,5,ok
f18301b2-339e-11f1-b755-ca11e201000f,5,3,white,opening,exd5,44,40,4,ok
f18301b2-339e-11f1-b755-ca11e201000f,7,4,white,opening,Nc3,32,6,26,ok
f18301b2-339e-11f1-b755-ca11e201000f,9,5,white,opening,Nf3,20,18,2,ok
f18301b2-339e-11f1-b755-ca11e201000f,11,6,white,opening,Bg5,32,-1,33,ok
f18301b2-339e-11f1-b755-ca11e201000f,13,7,white,opening,Qe2,40,-18,58,inaccuracy
f18301b2-339e-11f1-b755-ca11e201000f,15,8,white,opening,Bxf6,-24,-58,34,ok
f18301b2-339e-11f1-b755-ca11e201000f,17,9,white,opening,Nxd5,34,33,1,ok
f18301b2-339e-11f1-b755-ca11e201000f,19,10,white,opening,Nxd4,653,370,283,mistake
f18301b2-339e-11f1-b755-ca11e201000f,21,11,white,opening,Nc7+,367,362,5,ok
f18301b2-339e-11f1-b755-ca11e201000f,23,12,white,middlegame,c3,399,342,57,inaccuracy
f18301b2-339e-11f1-b755-ca11e201000f,25,13,white,middlegame,Nd5+,880,856,24,ok
f9b310c9-339d-11f1-9b22-8e0bf401000f,2,1,black,opening,e5,-34,-29,0,ok
f9b310c9-339d-11f1-9b22-8e0bf401000f,4,2,black,opening,Nc6,-33,-27,0,ok
f9b310c9-339d-11f1-9b22-8e0bf401000f,6,3,black,opening,Nf6,-23,-29,6,ok
f9b310c9-339d-11f1-9b22-8e0bf401000f,8,4,black,opening,d5,-24,-54,30,ok
f9b310c9-339d-11f1-9b22-8e0bf401000f,10,5,black,opening,Nxd5,-60,-63,3,ok
f9b310c9-339d-11f1-9b22-8e0bf401000f,12,6,black,opening,Be7,66,-13,79,inaccuracy
f9b310c9-339d-11f1-9b22-8e0bf401000f,14,7,black,opening,Bg4,63,41,22,ok
f9b310c9-339d-11f1-9b22-8e0bf401000f,16,8,black,opening,Bxf3,35,-55,90,inaccuracy
f9b310c9-339d-11f1-9b22-8e0bf401000f,18,9,black,opening,Na5,-59,-603,544,blunder
f9b310c9-339d-11f1-9b22-8e0bf401000f,20,10,black,opening,c6,-592,-629,37,ok
f9b310c9-339d-11f1-9b22-8e0bf401000f,22,11,black,middlegame,Kd7,-602,-619,17,ok
f9b310c9-339d-11f1-9b22-8e0bf401000f,24,12,black,middlegame,Kc7,-669,-889,220,mistake
f9b310c9-339d-11f1-9b22-8e0bf401000f,26,13,black,middlegame,b6,-892,-99998,99106,blunder
f9b310c9-339d-11f1-9b22-8e0bf401000f,28,14,black,middlegame,Kb8,-99999,-99999,0,ok
f9b310c9-339d-11f1-9b22-8e0bf401000f,30,15,black,middlegame,Kc7,-99998,-99998,0,ok
f9b310c9-339d-11f1-9b22-8e0bf401000f,32,16,black,middlegame,Kd6,-1566,-99987,98421,blunder
f9b310c9-339d-11f1-9b22-8e0bf401000f,34,17,black,middlegame,Bh4,-1012,-99991,98979,blunder
f9b310c9-339d-11f1-9b22-8e0bf401000f,36,18,black,middlegame,Bxf2+,-1469,-99994,98525,blunder
f9b310c9-339d-11f1-9b22-8e0bf401000f,38,19,black,middlegame,Rf8+,-99995,-99995,0,ok
f9b310c9-339d-11f1-9b22-8e0bf401000f,40,20,black,middlegame,h5,-99996,-99998,2,ok
f9b310c9-339d-11f1-9b22-8e0bf401000f,42,21,black,middlegame,Kxd5,-99998,-99998,0,ok
f9b310c9-339d-11f1-9b22-8e0bf401000f,44,22,black,middlegame,g5,-99997,-99997,0,ok
f9b310c9-339d-11f1-9b22-8e0bf401000f,46,23,black,middlegame,e4,-99996,-99996,0,ok
f9b310c9-339d-11f1-9b22-8e0bf401000f,48,24,black,middlegame,Kd6,-99997,-99997,0,ok
f9b310c9-339d-11f1-9b22-8e0bf401000f,50,25,black,middlegame,Kd7,-99992,-99993,1,ok
f9b310c9-339d-11f1-9b22-8e0bf401000f,52,26,black,middlegame,h4,-99994,-99995,1,ok
f9b310c9-339d-11f1-9b22-8e0bf401000f,54,27,black,middlegame,Kd6,-99993,-99995,2,ok
f9b310c9-339d-11f1-9b22-8e0bf401000f,56,28,black,middlegame,Kd7,-99995,-99995,0,ok
f9b310c9-339d-11f1-9b22-8e0bf401000f,58,29,black,middlegame,Kd8,-99996,-99997,1,ok
f9b310c9-339d-11f1-9b22-8e0bf401000f,60,30,black,middlegame,Kc8,-99997,-99998,1,ok
f9b310c9-339d-11f1-9b22-8e0bf401000f,62,31,black,middlegame,Kd8,-99999,-99999,0,ok
f9b310c9-339d-11f1-9b22-8e0bf401000f,64,32,black,middlegame,Ke8,-99998,-99998,0,ok
f9b310c9-339d-11f1-9b22-8e0bf401000f,66,33,black,middlegame,Kf8,-99999,-99999,0,ok
393e87fd-339c-11f1-abd2-12fd3701000f,1,1,white,opening,e4,45,32,13,ok
393e87fd-339c-11f1-abd2-12fd3701000f,3,2,white,opening,Nf3,43,41,2,ok
393e87fd-339c-11f1-abd2-12fd3701000f,5,3,white,opening,Nc3,42,22,20,ok
393e87fd-339c-11f1-abd2-12fd3701000f,7,4,white,opening,d4,24,28,0,ok
393e87fd-339c-11f1-abd2-12fd3701000f,9,5,white,opening,dxe5,74,59,15,ok
393e87fd-339c-11f1-abd2-12fd3701000f,11,6,white,opening,Nxe5,59,30,29,ok
393e87fd-339c-11f1-abd2-12fd3701000f,13,7,white,opening,Qxd8+,31,27,4,ok
393e87fd-339c-11f1-abd2-12fd3701000f,15,8,white,opening,Bg5,24,14,10,ok
393e87fd-339c-11f1-abd2-12fd3701000f,17,9,white,opening,O-O-O+,39,26,13,ok
393e87fd-339c-11f1-abd2-12fd3701000f,19,10,white,opening,Bb5+,36,-22,58,inaccuracy
393e87fd-339c-11f1-abd2-12fd3701000f,21,11,white,opening,Bc4,-23,-24,1,ok
393e87fd-339c-11f1-abd2-12fd3701000f,23,12,white,endgame,Rd3,5,-176,181,mistake
393e87fd-339c-11f1-abd2-12fd3701000f,25,13,white,endgame,Nxb5,-146,-159,13,ok
393e87fd-339c-11f1-abd2-12fd3701000f,27,14,white,endgame,Bxb5+,-164,-161,0,ok
393e87fd-339c-11f1-abd2-12fd3701000f,29,15,white,endgame,Rhd1,-163,-154,0,ok
393e87fd-339c-11f1-abd2-12fd3701000f,31,16,white,endgame,f3,-27,-30,3,ok
393e87fd-339c-11f1-abd2-12fd3701000f,33,17,white,endgame,Bh4,-16,-45,29,ok
393e87fd-339c-11f1-abd2-12fd3701000f,35,18,white,endgame,Bf2,3,-57,60,inaccuracy
393e87fd-339c-11f1-abd2-12fd3701000f,37,19,white,endgame,Bg1,29,-159,188,mistake
393e87fd-339c-11f1-abd2-12fd3701000f,39,20,white,endgame,Bxa6,-131,-158,27,ok
393e87fd-339c-11f1-abd2-12fd3701000f,41,21,white,endgame,g4,-156,-209,53,inaccuracy
393e87fd-339c-11f1-abd2-12fd3701000f,43,22,white,endgame,Bf2,-145,-198,53,inaccuracy
393e87fd-339c-11f1-abd2-12fd3701000f,45,23,white,endgame,h4,-89,-132,43,ok
393e87fd-339c-11f1-abd2-12fd3701000f,47,24,white,endgame,Rxd3,-137,-125,0,ok
393e87fd-339c-11f1-abd2-12fd3701000f,49,25,white,endgame,Rc3,-20,-229,209,mistake
393e87fd-339c-11f1-abd2-12fd3701000f,51,26,white,endgame,Rc6,-151,-222,71,inaccuracy
393e87fd-339c-11f1-abd2-12fd3701000f,53,27,white,endgame,Kb1,-514,-532,18,ok
393e87fd-339c-11f1-abd2-12fd3701000f,55,28,white,endgame,a4,-530,-530,0,ok
393e87fd-339c-11f1-abd2-12fd3701000f,57,29,white,endgame,hxg5,-467,-438,0,ok
393e87fd-339c-11f1-abd2-12fd3701000f,59,30,white,endgame,c4,-452,-571,119,mistake
393e87fd-339c-11f1-abd2-12fd3701000f,61,31,white,endgame,Rc8,-560,-575,15,ok
393e87fd-339c-11f1-abd2-12fd3701000f,63,32,white,endgame,c5,-608,-644,36,ok
393e87fd-339c-11f1-abd2-12fd3701000f,65,33,white,endgame,c6,-558,-628,70,inaccuracy
393e87fd-339c-11f1-abd2-12fd3701000f,67,34,white,endgame,c7,-648,-669,21,ok
393e87fd-339c-11f1-abd2-12fd3701000f,69,35,white,endgame,Rg8+,-422,-466,44,ok
393e87fd-339c-11f1-abd2-12fd3701000f,71,36,white,endgame,c8=Q,-467,-475,8,ok
393e87fd-339c-11f1-abd2-12fd3701000f,73,37,white,middlegame,Qxg4,322,354,0,ok
393e87fd-339c-11f1-abd2-12fd3701000f,75,38,white,middlegame,Qe4+,456,472,0,ok
393e87fd-339c-11f1-abd2-12fd3701000f,77,39,white,middlegame,Qc6+,519,538,0,ok
393e87fd-339c-11f1-abd2-12fd3701000f,79,40,white,middlegame,Qxb6,547,532,15,ok
393e87fd-339c-11f1-abd2-12fd3701000f,81,41,white,endgame,Qxa5,592,614,0,ok
393e87fd-339c-11f1-abd2-12fd3701000f,83,42,white,endgame,Qb4,643,590,53,inaccuracy
393e87fd-339c-11f1-abd2-12fd3701000f,85,43,white,endgame,a5,597,661,0,ok
393e87fd-339c-11f1-abd2-12fd3701000f,87,44,white,endgame,Qe1,706,656,50,inaccuracy
393e87fd-339c-11f1-abd2-12fd3701000f,89,45,white,endgame,Qg1+,772,695,77,inaccuracy
393e87fd-339c-11f1-abd2-12fd3701000f,91,46,white,endgame,a6,824,873,0,ok
393e87fd-339c-11f1-abd2-12fd3701000f,93,47,white,endgame,a7,923,1231,0,ok
393e87fd-339c-11f1-abd2-12fd3701000f,95,48,white,endgame,Qh2+,1074,1107,0,ok
393e87fd-339c-11f1-abd2-12fd3701000f,97,49,white,endgame,a8=Q+,99994,99995,0,ok
393e87fd-339c-11f1-abd2-12fd3701000f,99,50,white,middlegame,Qa6+,99995,99997,0,ok
393e87fd-339c-11f1-abd2-12fd3701000f,101,51,white,middlegame,Qh1+,99997,99998,0,ok
393e87fd-339c-11f1-abd2-12fd3701000f,103,52,white,middlegame,Qc1#,99999,100000,0,ok
e0a83ab3-3369-11f1-abd2-12fd3701000f,2,1,black,opening,e5,-42,-38,0,ok
e0a83ab3-3369-11f1-abd2-12fd3701000f,4,2,black,opening,Nf6,-22,-24,2,ok
e0a83ab3-3369-11f1-abd2-12fd3701000f,6,3,black,opening,Nxe4,-21,-26,5,ok
e0a83ab3-3369-11f1-abd2-12fd3701000f,8,4,black,opening,d5,79,82,0,ok
e0a83ab3-3369-11f1-abd2-12fd3701000f,10,5,black,opening,dxc4,145,157,0,ok
e0a83ab3-3369-11f1-abd2-12fd3701000f,12,6,black,opening,Be6,166,168,0,ok
e0a83ab3-3369-11f1-abd2-12fd3701000f,14,7,black,opening,Nc6,187,176,11,ok
e0a83ab3-3369-11f1-abd2-12fd3701000f,16,8,black,opening,Be7,246,167,79,inaccuracy
e0a83ab3-3369-11f1-abd2-12fd3701000f,18,9,black,opening,O-O,165,168,0,ok
e0a83ab3-3369-11f1-abd2-12fd3701000f,20,10,black,opening,Nd4,265,116,149,mistake
e0a83ab3-3369-11f1-abd2-12fd3701000f,22,11,black,middlegame,Qd5,478,108,370,blunder
e0a83ab3-3369-11f1-abd2-12fd3701000f,24,12,black,middlegame,Bf6,368,-69,437,blunder
e0a83ab3-3369-11f1-abd2-12fd3701000f,26,13,black,middlegame,b5,275,320,0,ok
e0a83ab3-3369-11f1-abd2-12fd3701000f,28,14,black,middlegame,gxf6,301,315,0,ok
e0a83ab3-3369-11f1-abd2-12fd3701000f,30,15,black,middlegame,bxc4,514,434,80,inaccuracy
e0a83ab3-3369-11f1-abd2-12fd3701000f,32,16,black,middlegame,Qe4+,647,629,18,ok
e0a83ab3-3369-11f1-abd2-12fd3701000f,34,17,black,middlegame,Nxb3,703,711,0,ok
e0a83ab3-3369-11f1-abd2-12fd3701000f,36,18,black,middlegame,Qxg2,700,594,106,mistake
e0a83ab3-3369-11f1-abd2-12fd3701000f,38,19,black,middlegame,Rad8,589,447,142,mistake
e0a83ab3-3369-11f1-abd2-12fd3701000f,40,20,black,middlegame,Qxg1+,447,456,0,ok
e0a83ab3-3369-11f1-abd2-12fd3701000f,42,21,black,endgame,Kh8,443,456,0,ok
e0a83ab3-3369-11f1-abd2-12fd3701000f,44,22,black,endgame,Rg8,627,452,175,mistake
e0a83ab3-3369-11f1-abd2-12fd3701000f,46,23,black,endgame,Ra8,447,411,36,ok
e0a83ab3-3369-11f1-abd2-12fd3701000f,48,24,black,endgame,Ra1+,400,301,99,inaccuracy
e0a83ab3-3369-11f1-abd2-12fd3701000f,50,25,black,endgame,Rd8,326,345,0,ok
e0a83ab3-3369-11f1-abd2-12fd3701000f,52,26,black,endgame,Rxd4+,343,344,0,ok
e0a83ab3-3369-11f1-abd2-12fd3701000f,54,27,black,endgame,Rxh4,346,357,0,ok
e0a83ab3-3369-11f1-abd2-12fd3701000f,56,28,black,endgame,Rh3+,343,322,21,ok
e0a83ab3-3369-11f1-abd2-12fd3701000f,58,29,black,endgame,Rh2,326,332,0,ok
e0a83ab3-3369-11f1-abd2-12fd3701000f,60,30,black,endgame,Bf5+,325,333,0,ok
e0a83ab3-3369-11f1-abd2-12fd3701000f,62,31,black,endgame,Rxc2,370,388,0,ok
e0a83ab3-3369-11f1-abd2-12fd3701000f,64,32,black,endgame,Rxb2,384,324,60,inaccuracy
e0a83ab3-3369-11f1-abd2-12fd3701000f,66,33,black,endgame,Rxb3+,341,311,30,ok
e0a83ab3-3369-11f1-abd2-12fd3701000f,68,34,black,endgame,Bg6,303,305,0,ok
e0a83ab3-3369-11f1-abd2-12fd3701000f,70,35,black,endgame,Kg7,310,307,3,ok
e0a83ab3-3369-11f1-abd2-12fd3701000f,72,36,black,endgame,Rb4,294,274,20,ok
e0a83ab3-3369-11f1-abd2-12fd3701000f,74,37,black,endgame,h6+,292,276,16,ok
e0a83ab3-3369-11f1-abd2-12fd3701000f,76,38,black,endgame,Bf7,279,284,0,ok
e0a83ab3-3369-11f1-abd2-12fd3701000f,78,39,black,endgame,Kf6,589,359,230,mistake
e0a83ab3-3369-11f1-abd2-12fd3701000f,80,40,black,endgame,Ke7,365,9,356,blunder
e0a83ab3-3369-11f1-abd2-12fd3701000f,82,41,black,endgame,Kf8,363,311,52,inaccuracy
e0a83ab3-3369-11f1-abd2-12fd3701000f,84,42,black,endgame,Kg7,341,343,0,ok
e0a83ab3-3369-11f1-abd2-12fd3701000f,86,43,black,endgame,h5,604,363,241,mistake
e0a83ab3-3369-11f1-abd2-12fd3701000f,88,44,black,endgame,Rb3,360,347,13,ok
e0a83ab3-3369-11f1-abd2-12fd3701000f,90,45,black,endgame,Rh3,405,370,35,ok
e0a83ab3-3369-11f1-abd2-12fd3701000f,92,46,black,endgame,Rh1,377,345,32,ok
e0a83ab3-3369-11f1-abd2-12fd3701000f,94,47,black,endgame,h4,340,40,300,blunder
e0a83ab3-3369-11f1-abd2-12fd3701000f,96,48,black,endgame,h3,34,27,7,ok
e0a83ab3-3369-11f1-abd2-12fd3701000f,98,49,black,endgame,Rc1,432,41,391,blunder
e0a83ab3-3369-11f1-abd2-12fd3701000f,100,50,black,endgame,h2,519,548,0,ok
e0a83ab3-3369-11f1-abd2-12fd3701000f,102,51,black,endgame,Kf8,540,540,0,ok
e0a83ab3-3369-11f1-abd2-12fd3701000f,104,52,black,endgame,Rg1+,761,36,725,blunder
e0a83ab3-3369-11f1-abd2-12fd3701000f,106,53,black,endgame,Rf1+,38,0,38,ok
e0a83ab3-3369-11f1-abd2-12fd3701000f,108,54,black,endgame,h1=Q,0,-99996,99996,blunder
e0a83ab3-3369-11f1-abd2-12fd3701000f,110,55,black,middlegame,Be8,-99997,-99997,0,ok
e0a83ab3-3369-11f1-abd2-12fd3701000f,112,56,black,middlegame,Kg8,-99998,-99998,0,ok
e0a83ab3-3369-11f1-abd2-12fd3701000f,114,57,black,middlegame,Bg6,-99998,-99998,0,ok
e0a83ab3-3369-11f1-abd2-12fd3701000f,116,58,black,middlegame,Kf8,-99999,-99999,0,ok
e0a83ab3-3369-11f1-abd2-12fd3701000f,118,59,black,middlegame,Ke8,-99999,-99999,0,ok
847f4620-32ec-11f1-9b22-8e0bf401000f,1,1,white,opening,e4,40,38,2,ok
847f4620-32ec-11f1-9b22-8e0bf401000f,3,2,white,opening,Nf3,50,47,3,ok
847f4620-32ec-11f1-9b22-8e0bf401000f,5,3,white,opening,d4,50,49,1,ok
847f4620-32ec-11f1-9b22-8e0bf401000f,7,4,white,opening,dxc5,133,120,13,ok
847f4620-32ec-11f1-9b22-8e0bf401000f,9,5,white,opening,Nc3,118,114,4,ok
847f4620-32ec-11f1-9b22-8e0bf401000f,11,6,white,opening,Bb5,144,155,0,ok
847f4620-32ec-11f1-9b22-8e0bf401000f,13,7,white,opening,Ne5,167,-306,473,blunder
847f4620-32ec-11f1-9b22-8e0bf401000f,15,8,white,opening,Bg5,179,-320,499,blunder
847f4620-32ec-11f1-9b22-8e0bf401000f,17,9,white,opening,Bxf6,-337,-338,1,ok
847f4620-32ec-11f1-9b22-8e0bf401000f,19,10,white,opening,Bxe5,49,41,8,ok
847f4620-32ec-11f1-9b22-8e0bf401000f,21,11,white,opening,Qg4+,38,35,3,ok
847f4620-32ec-11f1-9b22-8e0bf401000f,23,12,white,middlegame,Qxf5+,267,278,0,ok
847f4620-32ec-11f1-9b22-8e0bf401000f,25,13,white,middlegame,Qxe6+,366,383,0,ok
847f4620-32ec-11f1-9b22-8e0bf401000f,27,14,white,middlegame,Qd5,387,332,55,inaccuracy
847f4620-32ec-11f1-9b22-8e0bf401000f,29,15,white,middlegame,Qe6+,383,364,19,ok
847f4620-32ec-11f1-9b22-8e0bf401000f,31,16,white,middlegame,Qb3,383,301,82,inaccuracy
847f4620-32ec-11f1-9b22-8e0bf401000f,33,17,white,middlegame,Bf4,381,-410,791,blunder
847f4620-32ec-11f1-9b22-8e0bf401000f,35,18,white,middlegame,Be3,-465,-466,1,ok
847f4620-32ec-11f1-9b22-8e0bf401000f,37,19,white,middlegame,O-O,-467,-470,3,ok
847f4620-32ec-11f1-9b22-8e0bf401000f,39,20,white,middlegame,axb3,-493,-485,0,ok
847f4620-32ec-11f1-9b22-8e0bf401000f,41,21,white,middlegame,Nxe4,-403,-420,17,ok
847f4620-32ec-11f1-9b22-8e0bf401000f,43,22,white,middlegame,Rxa7,-378,-430,52,inaccuracy
847f4620-32ec-11f1-9b22-8e0bf401000f,45,23,white,middlegame,c4,-473,-794,321,blunder
847f4620-32ec-11f1-9b22-8e0bf401000f,47,24,white,middlegame,Ra8+,-284,-294,10,ok
847f4620-32ec-11f1-9b22-8e0bf401000f,49,25,white,middlegame,Bf4+,-304,-304,0,ok
847f4620-32ec-11f1-9b22-8e0bf401000f,51,26,white,middlegame,Rc1,-307,-453,146,mistake
847f4620-32ec-11f1-9b22-8e0bf401000f,53,27,white,middlegame,c5+,-393,-538,145,mistake
847f4620-32ec-11f1-9b22-8e0bf401000f,55,28,white,middlegame,Rca1,-384,-554,170,mistake
847f4620-32ec-11f1-9b22-8e0bf401000f,57,29,white,middlegame,Rc1+,-342,-351,9,ok
847f4620-32ec-11f1-9b22-8e0bf401000f,59,30,white,middlegame,Rxc6+,-339,-342,3,ok
847f4620-32ec-11f1-9b22-8e0bf401000f,61,31,white,endgame,Bxg5,-56,-367,311,blunder
847f4620-32ec-11f1-9b22-8e0bf401000f,63,32,white,endgame,Bd8+,-364,-433,69,inaccuracy
847f4620-32ec-11f1-9b22-8e0bf401000f,65,33,white,endgame,h4,-421,-466,45,ok
847f4620-32ec-11f1-9b22-8e0bf401000f,67,34,white,endgame,Ra5+,224,219,5,ok
847f4620-32ec-11f1-9b22-8e0bf401000f,69,35,white,endgame,Rf5,218,-568,786,blunder
847f4620-32ec-11f1-9b22-8e0bf401000f,71,36,white,endgame,Rf4+,-544,-593,49,ok
847f4620-32ec-11f1-9b22-8e0bf401000f,73,37,white,endgame,g4,-595,-627,32,ok
847f4620-32ec-11f1-9b22-8e0bf401000f,75,38,white,endgame,Rb4+,-603,-624,21,ok
847f4620-32ec-11f1-9b22-8e0bf401000f,77,39,white,endgame,Rb1,-636,-631,0,ok
847f4620-32ec-11f1-9b22-8e0bf401000f,79,40,white,endgame,Re1,-641,-640,0,ok
847f4620-32ec-11f1-9b22-8e0bf401000f,81,41,white,endgame,f4,-604,-601,0,ok
847f4620-32ec-11f1-9b22-8e0bf401000f,83,42,white,endgame,Re2+,-614,-635,21,ok
847f4620-32ec-11f1-9b22-8e0bf401000f,85,43,white,endgame,Rb2,-618,-689,71,inaccuracy
847f4620-32ec-11f1-9b22-8e0bf401000f,87,44,white,endgame,Rb3+,-622,-651,29,ok
847f4620-32ec-11f1-9b22-8e0bf401000f,89,45,white,endgame,Rb1,-635,-667,32,ok
847f4620-32ec-11f1-9b22-8e0bf401000f,91,46,white,endgame,Rf1,-638,-641,3,ok
847f4620-32ec-11f1-9b22-8e0bf401000f,93,47,white,endgame,Rf3+,-627,-993,366,blunder
847f4620-32ec-11f1-9b22-8e0bf401000f,95,48,white,endgame,Rf2,-659,-830,171,mistake
847f4620-32ec-11f1-9b22-8e0bf401000f,97,49,white,endgame,Rc2,-622,-866,244,mistake
847f4620-32ec-11f1-9b22-8e0bf401000f,99,50,white,endgame,Rd2,-657,-931,274,mistake
847f4620-32ec-11f1-9b22-8e0bf401000f,101,51,white,endgame,f5,-661,-884,223,mistake
847f4620-32ec-11f1-9b22-8e0bf401000f,103,52,white,endgame,g5,-643,-798,155,mistake
847f4620-32ec-11f1-9b22-8e0bf401000f,105,53,white,endgame,f6,-654,-99983,99329,blunder
847f4620-32ec-11f1-9b22-8e0bf401000f,107,54,white,endgame,gxf6,-696,-718,22,ok
847f4620-32ec-11f1-9b22-8e0bf401000f,109,55,white,endgame,Re2,-289,-444,155,mistake
847f4620-32ec-11f1-9b22-8e0bf401000f,111,56,white,endgame,Re5+,-449,-1079,630,blunder
847f4620-32ec-11f1-9b22-8e0bf401000f,113,57,white,endgame,Re6+,-450,-99986,99536,blunder
5f0c700c-32eb-11f1-b755-ca11e201000f,2,1,black,opening,e5,-33,-29,0,ok
5f0c700c-32eb-11f1-b755-ca11e201000f,4,2,black,opening,Nf6,-22,-18,0,ok
5f0c700c-32eb-11f1-b755-ca11e201000f,6,3,black,opening,d5,-5,-71,66,inaccuracy
5f0c700c-32eb-11f1-b755-ca11e201000f,8,4,black,opening,Nxd5,-67,-61,0,ok
5f0c700c-32eb-11f1-b755-ca11e201000f,10,5,black,opening,Bc5,-30,-419,389,blunder
5f0c700c-32eb-11f1-b755-ca11e201000f,12,6,black,opening,O-O,-383,-383,0,ok
5f0c700c-32eb-11f1-b755-ca11e201000f,14,7,black,opening,Bxb7,-361,-368,7,ok
5f0c700c-32eb-11f1-b755-ca11e201000f,16,8,black,opening,Qf6,-358,-394,36,ok
5f0c700c-32eb-11f1-b755-ca11e201000f,18,9,black,opening,Qxf2+,0,0,0,ok
5f0c700c-32eb-11f1-b755-ca11e201000f,20,10,black,opening,Qf1+,0,0,0,ok
5f0c700c-32eb-11f1-b755-ca11e201000f,22,11,black,middlegame,e4,0,-448,448,blunder
5f0c700c-32eb-11f1-b755-ca11e201000f,24,12,black,middlegame,Nc6,-470,-609,139,mistake
5f0c700c-32eb-11f1-b755-ca11e201000f,26,13,black,middlegame,Be3+,-424,-607,183,mistake
5f0c700c-32eb-11f1-b755-ca11e201000f,28,14,black,middlegame,Qe1+,0,0,0,ok
5f0c700c-32eb-11f1-b755-ca11e201000f,30,15,black,middlegame,Re8+,0,0,0,ok
5f0c700c-32eb-11f1-b755-ca11e201000f,32,16,black,middlegame,Qh4+,532,596,0,ok
5f0c700c-32eb-11f1-b755-ca11e201000f,34,17,black,middlegame,Qf2+,605,627,0,ok
5f0c700c-32eb-11f1-b755-ca11e201000f,36,18,black,middlegame,Qh4+,656,658,0,ok
5f0c700c-32eb-11f1-b755-ca11e201000f,38,19,black,middlegame,g5+,671,671,0,ok
5f0c700c-32eb-11f1-b755-ca11e201000f,40,20,black,middlegame,Ne5+,668,674,0,ok
6dbe10dc-32e8-11f1-a25e-2d940701000f,2,1,black,opening,e5,-36,-36,0,ok
6dbe10dc-32e8-11f1-a25e-2d940701000f,4,2,black,opening,Nc6,-36,-40,4,ok
6dbe10dc-32e8-11f1-a25e-2d940701000f,6,3,black,opening,Qf6,-36,-86,50,inaccuracy
6dbe10dc-32e8-11f1-a25e-2d940701000f,8,4,black,opening,Bc5,-67,-70,3,ok
6dbe10dc-32e8-11f1-a25e-2d940701000f,10,5,black,opening,d6,-70,-339,269,mistake
6dbe10dc-32e8-11f1-a25e-2d940701000f,12,6,black,opening,exd4,-354,-419,65,inaccuracy
6dbe10dc-32e8-11f1-a25e-2d940701000f,14,7,black,opening,Bb6,-414,-428,14,ok
6dbe10dc-32e8-11f1-a25e-2d940701000f,16,8,black,opening,dxe5,-328,-330,2,ok
6dbe10dc-32e8-11f1-a25e-2d940701000f,18,9,black,opening,Qf5,-61,-48,0,ok
6dbe10dc-32e8-11f1-a25e-2d940701000f,20,10,black,opening,Bd7,-38,-29,0,ok
6dbe10dc-32e8-11f1-a25e-2d940701000f,22,11,black,middlegame,f6,-26,-240,214,mistake
6dbe10dc-32e8-11f1-a25e-2d940701000f,24,12,black,middlegame,Nxf6,-246,-282,36,ok
6dbe10dc-32e8-11f1-a25e-2d940701000f,26,13,black,middlegame,Be6,-286,-428,142,mistake
6dbe10dc-32e8-11f1-a25e-2d940701000f,28,14,black,middlegame,Qxf6,-415,-524,109,mistake
6dbe10dc-32e8-11f1-a25e-2d940701000f,30,15,black,middlegame,O-O,-65,-56,0,ok
6dbe10dc-32e8-11f1-a25e-2d940701000f,32,16,black,middlegame,Qf5,36,-60,96,inaccuracy
6dbe10dc-32e8-11f1-a25e-2d940701000f,34,17,black,middlegame,Qxb5,479,481,0,ok
6dbe10dc-32e8-11f1-a25e-2d940701000f,36,18,black,middlegame,Bg4,685,514,171,mistake
6dbe10dc-32e8-11f1-a25e-2d940701000f,38,19,black,middlegame,Nd4,552,523,29,ok
6dbe10dc-32e8-11f1-a25e-2d940701000f,40,20,black,middlegame,Bxd4,540,543,0,ok
6dbe10dc-32e8-11f1-a25e-2d940701000f,42,21,black,middlegame,Qxb2,596,619,0,ok
6dbe10dc-32e8-11f1-a25e-2d940701000f,44,22,black,middlegame,Bxb2,637,658,0,ok
6dbe10dc-32e8-11f1-a25e-2d940701000f,46,23,black,endgame,Rad8,668,645,23,ok
6dbe10dc-32e8-11f1-a25e-2d940701000f,48,24,black,endgame,Bd4+,686,680,6,ok
6dbe10dc-32e8-11f1-a25e-2d940701000f,50,25,black,endgame,Be6,678,685,0,ok
6dbe10dc-32e8-11f1-a25e-2d940701000f,52,26,black,endgame,Bc4+,736,723,13,ok
6dbe10dc-32e8-11f1-a25e-2d940701000f,54,27,black,endgame,g5,720,588,132,mistake
6dbe10dc-32e8-11f1-a25e-2d940701000f,56,28,black,endgame,gxh4,673,531,142,mistake
6dbe10dc-32e8-11f1-a25e-2d940701000f,58,29,black,endgame,Rfe8,531,515,16,ok
6dbe10dc-32e8-11f1-a25e-2d940701000f,60,30,black,endgame,Bg1+,517,532,0,ok
6dbe10dc-32e8-11f1-a25e-2d940701000f,62,31,black,endgame,Bxh2,552,404,148,mistake
6dbe10dc-32e8-11f1-a25e-2d940701000f,64,32,black,endgame,Kf7,393,410,0,ok
6dbe10dc-32e8-11f1-a25e-2d940701000f,66,33,black,endgame,Rxe8,406,314,92,inaccuracy
6dbe10dc-32e8-11f1-a25e-2d940701000f,68,34,black,endgame,Be5+,314,324,0,ok
6dbe10dc-32e8-11f1-a25e-2d940701000f,70,35,black,endgame,Rd8+,315,310,5,ok
6dbe10dc-32e8-11f1-a25e-2d940701000f,72,36,black,endgame,Kf6,597,228,369,blunder
6dbe10dc-32e8-11f1-a25e-2d940701000f,74,37,black,endgame,a5,248,72,176,mistake
6dbe10dc-32e8-11f1-a25e-2d940701000f,76,38,black,endgame,Rd4+,216,247,0,ok
6dbe10dc-32e8-11f1-a25e-2d940701000f,78,39,black,endgame,Rxa4,256,254,2,ok
6dbe10dc-32e8-11f1-a25e-2d940701000f,80,40,black,endgame,Ra3+,611,333,278,mistake
6dbe10dc-32e8-11f1-a25e-2d940701000f,82,41,black,endgame,Bxg3,301,310,0,ok
6dbe10dc-32e8-11f1-a25e-2d940701000f,84,42,black,endgame,Ra1,309,287,22,ok
6dbe10dc-32e8-11f1-a25e-2d940701000f,86,43,black,endgame,Ke7,293,294,0,ok
6dbe10dc-32e8-11f1-a25e-2d940701000f,88,44,black,endgame,a4,316,330,0,ok
6dbe10dc-32e8-11f1-a25e-2d940701000f,90,45,black,endgame,Kd8,355,367,0,ok
6dbe10dc-32e8-11f1-a25e-2d940701000f,92,46,black,endgame,Bxf4,426,472,0,ok
6dbe10dc-32e8-11f1-a25e-2d940701000f,94,47,black,endgame,Bb8,490,516,0,ok
6dbe10dc-32e8-11f1-a25e-2d940701000f,96,48,black,endgame,a3,569,529,40,ok
6dbe10dc-32e8-11f1-a25e-2d940701000f,98,49,black,endgame,a2,516,510,6,ok
6dbe10dc-32e8-11f1-a25e-2d940701000f,100,50,black,endgame,Be5,508,13,495,blunder
6dbe10dc-32e8-11f1-a25e-2d940701000f,102,51,black,endgame,Rd1+,538,528,10,ok
6dbe10dc-32e8-11f1-a25e-2d940701000f,104,52,black,endgame,Rc1+,99991,894,99097,blunder
6dbe10dc-32e8-11f1-a25e-2d940701000f,106,53,black,endgame,a1=Q,1017,99988,0,ok
6dbe10dc-32e8-11f1-a25e-2d940701000f,108,54,black,middlegame,Kc7,99988,99988,0,ok
6dbe10dc-32e8-11f1-a25e-2d940701000f,110,55,black,middlegame,Re1+,99989,99987,2,ok
6dbe10dc-32e8-11f1-a25e-2d940701000f,112,56,black,middlegame,Qf6+,99991,99993,0,ok
6dbe10dc-32e8-11f1-a25e-2d940701000f,114,57,black,middlegame,Rf1+,99993,99994,0,ok
6dbe10dc-32e8-11f1-a25e-2d940701000f,116,58,black,middlegame,Qxf5,99995,99996,0,ok
6dbe10dc-32e8-11f1-a25e-2d940701000f,118,59,black,middlegame,Rh1,99997,99994,3,ok
6dbe10dc-32e8-11f1-a25e-2d940701000f,120,60,black,middlegame,Qg5+,99996,99993,3,ok
6dbe10dc-32e8-11f1-a25e-2d940701000f,122,61,black,middlegame,Ra1,99995,99994,1,ok
6dbe10dc-32e8-11f1-a25e-2d940701000f,124,62,black,middlegame,Qb5+,99994,99995,0,ok
6dbe10dc-32e8-11f1-a25e-2d940701000f,126,63,black,middlegame,Qb2+,99995,99993,2,ok
6dbe10dc-32e8-11f1-a25e-2d940701000f,128,64,black,middlegame,Ra3+,99996,99993,3,ok
6dbe10dc-32e8-11f1-a25e-2d940701000f,130,65,black,middlegame,Ra4+,99997,99995,2,ok
6dbe10dc-32e8-11f1-a25e-2d940701000f,132,66,black,middlegame,Qd4+,99999,99999,0,ok
6dbe10dc-32e8-11f1-a25e-2d940701000f,134,67,black,middlegame,Qb4#,99999,100000,0,ok
78dfb6da-32e6-11f1-b755-ca11e201000f,1,1,white,opening,e4,36,35,1,ok
78dfb6da-32e6-11f1-b755-ca11e201000f,3,2,white,opening,Nf3,34,31,3,ok
78dfb6da-32e6-11f1-b755-ca11e201000f,5,3,white,opening,Nc3,123,132,0,ok
78dfb6da-32e6-11f1-b755-ca11e201000f,7,4,white,opening,d4,195,220,0,ok
78dfb6da-32e6-11f1-b755-ca11e201000f,9,5,white,opening,Nxd4,216,111,105,mistake
78dfb6da-32e6-11f1-b755-ca11e201000f,11,6,white,opening,Bc4,194,183,11,ok
78dfb6da-32e6-11f1-b755-ca11e201000f,13,7,white,opening,O-O,224,226,0,ok
78dfb6da-32e6-11f1-b755-ca11e201000f,15,8,white,opening,Qf3,276,105,171,mistake
78dfb6da-32e6-11f1-b755-ca11e201000f,17,9,white,opening,Qxf7+,558,555,3,ok
78dfb6da-32e6-11f1-b755-ca11e201000f,19,10,white,opening,Bg5+,557,137,420,blunder
78dfb6da-32e6-11f1-b755-ca11e201000f,21,11,white,opening,Rad1,131,119,12,ok
78dfb6da-32e6-11f1-b755-ca11e201000f,23,12,white,middlegame,f4,122,127,0,ok
78dfb6da-32e6-11f1-b755-ca11e201000f,25,13,white,middlegame,Kh1,251,250,1,ok
78dfb6da-32e6-11f1-b755-ca11e201000f,27,14,white,middlegame,e5,344,333,11,ok
78dfb6da-32e6-11f1-b755-ca11e201000f,29,15,white,middlegame,exd6+,445,403,42,ok
78dfb6da-32e6-11f1-b755-ca11e201000f,31,16,white,middlegame,Bh4,405,-182,587,blunder
78dfb6da-32e6-11f1-b755-ca11e201000f,33,17,white,middlegame,Be6,-137,-261,124,mistake
78dfb6da-32e6-11f1-b755-ca11e201000f,35,18,white,middlegame,Rxf1,-259,-306,47,ok
78dfb6da-32e6-11f1-b755-ca11e201000f,37,19,white,middlegame,Qxg7,-161,-192,31,ok
78dfb6da-32e6-11f1-b755-ca11e201000f,39,20,white,middlegame,Rb1,169,-197,366,blunder
78dfb6da-32e6-11f1-b755-ca11e201000f,41,21,white,middlegame,Bg3,0,-410,410,blunder
78dfb6da-32e6-11f1-b755-ca11e201000f,43,22,white,middlegame,Qxg3+,-457,-464,7,ok
78dfb6da-32e6-11f1-b755-ca11e201000f,45,23,white,middlegame,Nd5+,-445,-638,193,mistake
78dfb6da-32e6-11f1-b755-ca11e201000f,47,24,white,middlegame,Qc3+,-633,-639,6,ok
78dfb6da-32e6-11f1-b755-ca11e201000f,49,25,white,middlegame,Qe5+,-641,-639,0,ok
78dfb6da-32e6-11f1-b755-ca11e201000f,51,26,white,middlegame,Qc3+,-644,-649,5,ok
78dfb6da-32e6-11f1-b755-ca11e201000f,53,27,white,middlegame,b4,-645,-744,99,inaccuracy
78dfb6da-32e6-11f1-b755-ca11e201000f,55,28,white,middlegame,b5,-672,-685,13,ok
78dfb6da-32e6-11f1-b755-ca11e201000f,57,29,white,middlegame,bxc6,-617,-627,10,ok
78dfb6da-32e6-11f1-b755-ca11e201000f,59,30,white,middlegame,Qh8+,-609,-639,30,ok
78dfb6da-32e6-11f1-b755-ca11e201000f,61,31,white,middlegame,Qb2,-658,-682,24,ok
78dfb6da-32e6-11f1-b755-ca11e201000f,63,32,white,middlegame,a4,-711,-704,0,ok
78dfb6da-32e6-11f1-b755-ca11e201000f,65,33,white,middlegame,Qd4,-695,-730,35,ok
78dfb6da-32e6-11f1-b755-ca11e201000f,67,34,white,middlegame,Rxb6+,-724,-855,131,mistake
78dfb6da-32e6-11f1-b755-ca11e201000f,69,35,white,middlegame,Qxb6+,-874,-99992,99118,blunder
78dfb6da-32e6-11f1-b755-ca11e201000f,71,36,white,middlegame,g4,-99997,-99999,2,ok
358bcd3d-32e5-11f1-b755-ca11e201000f,1,1,white,opening,e4,28,35,0,ok
358bcd3d-32e5-11f1-b755-ca11e201000f,3,2,white,opening,exd5,61,67,0,ok
358bcd3d-32e5-11f1-b755-ca11e201000f,5,3,white,opening,Nc3,67,59,8,ok
358bcd3d-32e5-11f1-b755-ca11e201000f,7,4,white,opening,Nf3,71,68,3,ok
358bcd3d-32e5-11f1-b755-ca11e201000f,9,5,white,opening,d4,84,93,0,ok
358bcd3d-32e5-11f1-b755-ca11e201000f,11,6,white,opening,Bb5,94,26,68,inaccuracy
358bcd3d-32e5-11f1-b755-ca11e201000f,13,7,white,opening,Bxd7+,118,122,0,ok
358bcd3d-32e5-11f1-b755-ca11e201000f,15,8,white,opening,Ne5,121,124,0,ok
358bcd3d-32e5-11f1-b755-ca11e201000f,17,9,white,opening,Bg5,127,10,117,mistake
358bcd3d-32e5-11f1-b755-ca11e201000f,19,10,white,opening,Qd3,83,3,80,inaccuracy
358bcd3d-32e5-11f1-b755-ca11e201000f,21,11,white,opening,Nc4,379,388,0,ok
358bcd3d-32e5-11f1-b755-ca11e201000f,23,12,white,middlegame,a3,418,406,12,ok
358bcd3d-32e5-11f1-b755-ca11e201000f,25,13,white,middlegame,Qxf5,465,460,5,ok
358bcd3d-32e5-11f1-b755-ca11e201000f,27,14,white,middlegame,Nxd5,460,364,96,inaccuracy
358bcd3d-32e5-11f1-b755-ca11e201000f,29,15,white,middlegame,Qe4,361,-35,396,blunder
358bcd3d-32e5-11f1-b755-ca11e201000f,31,16,white,middlegame,Qxd5,-20,-18,0,ok
358bcd3d-32e5-11f1-b755-ca11e201000f,33,17,white,endgame,O-O,-13,-29,16,ok
358bcd3d-32e5-11f1-b755-ca11e201000f,35,18,white,endgame,Rfe1+,-24,-25,1,ok
358bcd3d-32e5-11f1-b755-ca11e201000f,37,19,white,endgame,Bf4,-14,-23,9,ok
358bcd3d-32e5-11f1-b755-ca11e201000f,39,20,white,endgame,Rxe7,499,495,4,ok
358bcd3d-32e5-11f1-b755-ca11e201000f,41,21,white,endgame,Rxc7+,514,514,0,ok
abd68190-32e4-11f1-9b22-8e0bf401000f,2,1,black,opening,e5,-16,-13,0,ok
abd68190-32e4-11f1-9b22-8e0bf401000f,4,2,black,opening,Nc6,-13,-37,24,ok
abd68190-32e4-11f1-9b22-8e0bf401000f,6,3,black,opening,Nf6,-31,-38,7,ok
abd68190-32e4-11f1-9b22-8e0bf401000f,8,4,black,opening,Bb4,-43,-43,0,ok
abd68190-32e4-11f1-9b22-8e0bf401000f,10,5,black,opening,Bxc3,38,38,0,ok
abd68190-32e4-11f1-9b22-8e0bf401000f,12,6,black,opening,d5,46,-45,91,inaccuracy
abd68190-32e4-11f1-9b22-8e0bf401000f,14,7,black,opening,Nxd5,-41,-37,0,ok
abd68190-32e4-11f1-9b22-8e0bf401000f,16,8,black,opening,exd4,-6,-112,106,mistake
abd68190-32e4-11f1-9b22-8e0bf401000f,18,9,black,opening,O-O,-128,-132,4,ok
abd68190-32e4-11f1-9b22-8e0bf401000f,20,10,black,opening,Be6,0,-7,7,ok
abd68190-32e4-11f1-9b22-8e0bf401000f,22,11,black,middlegame,Qd6,369,99,270,mistake
abd68190-32e4-11f1-9b22-8e0bf401000f,24,12,black,middlegame,Nf4,256,255,1,ok
abd68190-32e4-11f1-9b22-8e0bf401000f,26,13,black,middlegame,Bxb3,555,569,0,ok
abd68190-32e4-11f1-9b22-8e0bf401000f,28,14,black,middlegame,Rfe8+,598,527,71,inaccuracy
abd68190-32e4-11f1-9b22-8e0bf401000f,30,15,black,middlegame,Qxd4,542,581,0,ok
abd68190-32e4-11f1-9b22-8e0bf401000f,32,16,black,middlegame,Qxa1+,1170,99991,0,ok
abd68190-32e4-11f1-9b22-8e0bf401000f,34,17,black,middlegame,Rad8+,99990,99991,0,ok
abd68190-32e4-11f1-9b22-8e0bf401000f,36,18,black,middlegame,Nxd4,99995,646,99349,blunder
abd68190-32e4-11f1-9b22-8e0bf401000f,38,19,black,middlegame,Rxd4+,99998,99999,0,ok
abd68190-32e4-11f1-9b22-8e0bf401000f,40,20,black,middlegame,Re2#,99999,100000,0,ok
957b6159-32e0-11f1-b755-ca11e201000f,1,1,white,opening,e4,38,36,2,ok
957b6159-32e0-11f1-b755-ca11e201000f,3,2,white,opening,d4,55,58,0,ok
957b6159-32e0-11f1-b755-ca11e201000f,5,3,white,opening,Nc3,62,63,0,ok
957b6159-32e0-11f1-b755-ca11e201000f,7,4,white,opening,Bg5,75,73,2,ok
957b6159-32e0-11f1-b755-ca11e201000f,9,5,white,opening,e5,69,18,51,inaccuracy
957b6159-32e0-11f1-b755-ca11e201000f,11,6,white,opening,f3,32,-100,132,mistake
957b6159-32e0-11f1-b755-ca11e201000f,13,7,white,opening,dxe5,-95,-93,0,ok
957b6159-32e0-11f1-b755-ca11e201000f,15,8,white,opening,Qd3,-95,-103,8,ok
957b6159-32e0-11f1-b755-ca11e201000f,17,9,white,opening,O-O-O,1,5,0,ok
957b6159-32e0-11f1-b755-ca11e201000f,19,10,white,opening,Qd5+,148,-22,170,mistake
957b6159-32e0-11f1-b755-ca11e201000f,21,11,white,opening,Be3,-22,-86,64,inaccuracy
957b6159-32e0-11f1-b755-ca11e201000f,23,12,white,middlegame,Bc4,77,-116,193,mistake
957b6159-32e0-11f1-b755-ca11e201000f,25,13,white,middlegame,Qe4,-77,-79,2,ok
957b6159-32e0-11f1-b755-ca11e201000f,27,14,white,middlegame,Bxb6,-80,-129,49,ok
957b6159-32e0-11f1-b755-ca11e201000f,29,15,white,middlegame,Kb1,-129,-261,132,mistake
957b6159-32e0-11f1-b755-ca11e201000f,31,16,white,middlegame,Nh3,-239,-381,142,mistake
957b6159-32e0-11f1-b755-ca11e201000f,33,17,white,middlegame,bxc3,-406,-404,0,ok
957b6159-32e0-11f1-b755-ca11e201000f,35,18,white,middlegame,Qxc4,-327,-358,31,ok
957b6159-32e0-11f1-b755-ca11e201000f,37,19,white,middlegame,Rd4,-324,-307,0,ok
957b6159-32e0-11f1-b755-ca11e201000f,39,20,white,middlegame,Rxc4,-316,-304,0,ok
957b6159-32e0-11f1-b755-ca11e201000f,41,21,white,endgame,Nf4,-291,-328,37,ok
957b6159-32e0-11f1-b755-ca11e201000f,43,22,white,endgame,Re4,-299,-371,72,inaccuracy
957b6159-32e0-11f1-b755-ca11e201000f,45,23,white,endgame,Rhe1,-205,-338,133,mistake
957b6159-32e0-11f1-b755-ca11e201000f,47,24,white,endgame,Nd3,-327,-344,17,ok
957b6159-32e0-11f1-b755-ca11e201000f,49,25,white,endgame,Nb4,-335,-345,10,ok
957b6159-32e0-11f1-b755-ca11e201000f,51,26,white,endgame,f4,-331,-396,65,inaccuracy
957b6159-32e0-11f1-b755-ca11e201000f,53,27,white,endgame,R4e3,-412,-434,22,ok
957b6159-32e0-11f1-b755-ca11e201000f,55,28,white,endgame,Re7+,-453,-451,0,ok
957b6159-32e0-11f1-b755-ca11e201000f,57,29,white,endgame,Rxe7+,-462,-450,0,ok
957b6159-32e0-11f1-b755-ca11e201000f,59,30,white,endgame,Rxb7,-463,-490,27,ok
957b6159-32e0-11f1-b755-ca11e201000f,61,31,white,endgame,Nd3,-488,-469,0,ok
957b6159-32e0-11f1-b755-ca11e201000f,63,32,white,endgame,Nxf4,-349,-349,0,ok
957b6159-32e0-11f1-b755-ca11e201000f,65,33,white,endgame,Nxd5,-195,-200,5,ok
957b6159-32e0-11f1-b755-ca11e201000f,67,34,white,endgame,Rxb5,-229,-225,0,ok
957b6159-32e0-11f1-b755-ca11e201000f,69,35,white,endgame,a4,-127,-125,0,ok
957b6159-32e0-11f1-b755-ca11e201000f,71,36,white,endgame,a5,-132,-125,0,ok
957b6159-32e0-11f1-b755-ca11e201000f,73,37,white,endgame,Rb6,-62,-393,331,blunder
957b6159-32e0-11f1-b755-ca11e201000f,75,38,white,endgame,Re6,-456,-647,191,mistake
957b6159-32e0-11f1-b755-ca11e201000f,77,39,white,endgame,Re1,-585,-701,116,mistake
957b6159-32e0-11f1-b755-ca11e201000f,79,40,white,endgame,Kb2,-326,-500,174,mistake
957b6159-32e0-11f1-b755-ca11e201000f,81,41,white,endgame,a6,-521,-528,7,ok
957b6159-32e0-11f1-b755-ca11e201000f,83,42,white,endgame,a7,-480,-511,31,ok
957b6159-32e0-11f1-b755-ca11e201000f,85,43,white,endgame,Re5+,-476,-512,36,ok
957b6159-32e0-11f1-b755-ca11e201000f,87,44,white,endgame,Rf5,-544,-561,17,ok
957b6159-32e0-11f1-b755-ca11e201000f,89,45,white,endgame,a8=Q,-623,-658,35,ok
957b6159-32e0-11f1-b755-ca11e201000f,91,46,white,middlegame,Qd8+,-710,-723,13,ok
957b6159-32e0-11f1-b755-ca11e201000f,93,47,white,middlegame,Qd6,-732,-721,0,ok
957b6159-32e0-11f1-b755-ca11e201000f,95,48,white,middlegame,Qg3#,99999,100000,0,ok
ca361df7-32cb-11f1-b598-9a571901000f,2,1,black,opening,d5,-34,-37,3,ok
ca361df7-32cb-11f1-b598-9a571901000f,4,2,black,opening,Nf6,-8,-10,2,ok
ca361df7-32cb-11f1-b598-9a571901000f,6,3,black,opening,Nc6,-13,-49,36,ok
ca361df7-32cb-11f1-b598-9a571901000f,8,4,black,opening,Bg4,-44,-54,10,ok
ca361df7-32cb-11f1-b598-9a571901000f,10,5,black,opening,Ne4,-50,-60,10,ok
ca361df7-32cb-11f1-b598-9a571901000f,12,6,black,opening,e6,-31,-60,29,ok
ca361df7-32cb-11f1-b598-9a571901000f,14,7,black,opening,Bh5,-30,-66,36,ok
ca361df7-32cb-11f1-b598-9a571901000f,16,8,black,opening,dxe4,-64,-66,2,ok
ca361df7-32cb-11f1-b598-9a571901000f,18,9,black,opening,Nxe5,-66,-69,3,ok
ca361df7-32cb-11f1-b598-9a571901000f,20,10,black,opening,Nc4,-20,-107,87,inaccuracy
ca361df7-32cb-11f1-b598-9a571901000f,22,11,black,middlegame,Qd5,84,-70,154,mistake
ca361df7-32cb-11f1-b598-9a571901000f,24,12,black,middlegame,c6,-51,-46,0,ok
ca361df7-32cb-11f1-b598-9a571901000f,26,13,black,middlegame,b5,345,11,334,blunder
ca361df7-32cb-11f1-b598-9a571901000f,28,14,black,middlegame,Bd6,17,15,2,ok
ca361df7-32cb-11f1-b598-9a571901000f,30,15,black,middlegame,Qxg5,344,-382,726,blunder
ca361df7-32cb-11f1-b598-9a571901000f,32,16,black,middlegame,Kxf7,457,489,0,ok
ca361df7-32cb-11f1-b598-9a571901000f,34,17,black,middlegame,Qe7,548,559,0,ok
ca361df7-32cb-11f1-b598-9a571901000f,36,18,black,middlegame,Rhc8,552,534,18,ok
ca361df7-32cb-11f1-b598-9a571901000f,38,19,black,middlegame,h6,538,423,115,mistake
ca361df7-32cb-11f1-b598-9a571901000f,40,20,black,middlegame,b4,480,422,58,inaccuracy
ca361df7-32cb-11f1-b598-9a571901000f,42,21,black,middlegame,bxc3,560,561,0,ok
ca361df7-32cb-11f1-b598-9a571901000f,44,22,black,middlegame,Ba3+,564,532,32,ok
ca361df7-32cb-11f1-b598-9a571901000f,46,23,black,middlegame,Rab8,516,499,17,ok
ca361df7-32cb-11f1-b598-9a571901000f,48,24,black,middlegame,Kg8,551,530,21,ok
ca361df7-32cb-11f1-b598-9a571901000f,50,25,black,middlegame,Qf6,1244,504,740,blunder
ca361df7-32cb-11f1-b598-9a571901000f,52,26,black,middlegame,gxf6,563,555,8,ok
ca361df7-32cb-11f1-b598-9a571901000f,54,27,black,endgame,Nb2+,607,619,0,ok
ca361df7-32cb-11f1-b598-9a571901000f,56,28,black,endgame,Nxd1,632,634,0,ok
ca361df7-32cb-11f1-b598-9a571901000f,58,29,black,endgame,Rb2+,635,595,40,ok
ca361df7-32cb-11f1-b598-9a571901000f,60,30,black,endgame,f5,586,537,49,ok
ca361df7-32cb-11f1-b598-9a571901000f,62,31,black,endgame,exf5,535,543,0,ok
ca361df7-32cb-11f1-b598-9a571901000f,64,32,black,endgame,Rxc3,576,570,6,ok
ca361df7-32cb-11f1-b598-9a571901000f,66,33,black,endgame,f4,570,463,107,mistake
ca361df7-32cb-11f1-b598-9a571901000f,68,34,black,endgame,Be7,463,464,0,ok
ca361df7-32cb-11f1-b598-9a571901000f,70,35,black,endgame,Rxf2+,572,599,0,ok
ca361df7-32cb-11f1-b598-9a571901000f,72,36,black,endgame,Rc4+,608,598,10,ok
ca361df7-32cb-11f1-b598-9a571901000f,74,37,black,endgame,Bd8,608,595,13,ok
ca361df7-32cb-11f1-b598-9a571901000f,76,38,black,endgame,Re2,679,610,69,inaccuracy
ca361df7-32cb-11f1-b598-9a571901000f,78,39,black,endgame,Kf8,665,620,45,ok
ca361df7-32cb-11f1-b598-9a571901000f,80,40,black,endgame,Kg7,638,671,0,ok
ca361df7-32cb-11f1-b598-9a571901000f,82,41,black,endgame,Kg8,671,670,1,ok
ca361df7-32cb-11f1-b598-9a571901000f,84,42,black,endgame,Rc7,664,633,31,ok
ca361df7-32cb-11f1-b598-9a571901000f,86,43,black,endgame,Kh7,650,674,0,ok
ca361df7-32cb-11f1-b598-9a571901000f,88,44,black,endgame,Rxe3+,694,690,4,ok
ca361df7-32cb-11f1-b598-9a571901000f,90,45,black,endgame,Rxd7+,99995,99996,0,ok
ca361df7-32cb-11f1-b598-9a571901000f,92,46,black,endgame,Be7+,99996,99997,0,ok
ca361df7-32cb-11f1-b598-9a571901000f,94,47,black,endgame,Rf3+,99997,664,99333,blunder
ca361df7-32cb-11f1-b598-9a571901000f,96,48,black,endgame,Rfd3,674,693,0,ok
ca361df7-32cb-11f1-b598-9a571901000f,98,49,black,endgame,R3d5+,706,716,0,ok
ca361df7-32cb-11f1-b598-9a571901000f,100,50,black,endgame,R5d6+,1290,713,577,blunder
ca361df7-32cb-11f1-b598-9a571901000f,102,51,black,endgame,Rxg6,99996,-99997,199993,blunder
ca361df7-32cb-11f1-b598-9a571901000f,104,52,black,endgame,Kh8,-99998,-99998,0,ok
ca361df7-32cb-11f1-b598-9a571901000f,106,53,black,endgame,Kh7,-99999,-99999,0,ok
51e08173-3286-11f1-9b22-8e0bf401000f,1,1,white,opening,e4,35,31,4,ok
51e08173-3286-11f1-9b22-8e0bf401000f,3,2,white,opening,Nf3,37,42,0,ok
51e08173-3286-11f1-9b22-8e0bf401000f,5,3,white,opening,d4,37,42,0,ok
51e08173-3286-11f1-9b22-8e0bf401000f,7,4,white,opening,Nxd4,35,33,2,ok
51e08173-3286-11f1-9b22-8e0bf401000f,9,5,white,opening,Nxc6,32,-8,40,ok
51e08173-3286-11f1-9b22-8e0bf401000f,11,6,white,opening,e5,-13,-142,129,mistake
51e08173-3286-11f1-9b22-8e0bf401000f,13,7,white,opening,Nc3,-152,-171,19,ok
51e08173-3286-11f1-9b22-8e0bf401000f,15,8,white,opening,Be3,-171,-192,21,ok
51e08173-3286-11f1-9b22-8e0bf401000f,17,9,white,opening,Qe2,-194,-212,18,ok
51e08173-3286-11f1-9b22-8e0bf401000f,19,10,white,opening,f4,-195,-483,288,mistake
51e08173-3286-11f1-9b22-8e0bf401000f,21,11,white,opening,Na4,-322,-358,36,ok
51e08173-3286-11f1-9b22-8e0bf401000f,23,12,white,middlegame,Qd2,-337,-345,8,ok
51e08173-3286-11f1-9b22-8e0bf401000f,25,13,white,middlegame,Bxd4,-326,-341,15,ok
51e08173-3286-11f1-9b22-8e0bf401000f,27,14,white,middlegame,Qe2,-305,-534,229,mistake
51e08173-3286-11f1-9b22-8e0bf401000f,29,15,white,middlegame,Rd1,-545,-525,0,ok
51e08173-3286-11f1-9b22-8e0bf401000f,31,16,white,middlegame,c3,-524,-523,0,ok
51e08173-3286-11f1-9b22-8e0bf401000f,33,17,white,middlegame,Qd2,-527,-750,223,mistake
51e08173-3286-11f1-9b22-8e0bf401000f,35,18,white,middlegame,Qxb4,-699,-759,60,inaccuracy
51e08173-3286-11f1-9b22-8e0bf401000f,37,19,white,endgame,Bc4,-740,-755,15,ok
51e08173-3286-11f1-9b22-8e0bf401000f,39,20,white,endgame,O-O,-727,-735,8,ok
51e08173-3286-11f1-9b22-8e0bf401000f,41,21,white,endgame,Kh1,-729,-731,2,ok
51e08173-3286-11f1-9b22-8e0bf401000f,43,22,white,endgame,g4,-712,-712,0,ok
51e08173-3286-11f1-9b22-8e0bf401000f,45,23,white,endgame,Bxa6,-692,-686,0,ok
51e08173-3286-11f1-9b22-8e0bf401000f,47,24,white,endgame,f5,-697,-700,3,ok
51e08173-3286-11f1-9b22-8e0bf401000f,49,25,white,endgame,gxf5,-699,-694,0,ok
51e08173-3286-11f1-9b22-8e0bf401000f,51,26,white,endgame,f6,-667,-696,29,ok
51e08173-3286-11f1-9b22-8e0bf401000f,53,27,white,endgame,Rd2,-611,-680,69,inaccuracy
51e08173-3286-11f1-9b22-8e0bf401000f,55,28,white,endgame,Rxf6,-674,-711,37,ok
51e08173-3286-11f1-9b22-8e0bf401000f,57,29,white,endgame,Rc2,-685,-686,1,ok
51e08173-3286-11f1-9b22-8e0bf401000f,59,30,white,endgame,h4,-683,-800,117,mistake
51e08173-3286-11f1-9b22-8e0bf401000f,61,31,white,endgame,Rxc6,-786,-865,79,inaccuracy
51e08173-3286-11f1-9b22-8e0bf401000f,63,32,white,endgame,h5,-924,-99992,99068,blunder
51e08173-3286-11f1-9b22-8e0bf401000f,65,33,white,endgame,Rc1,-99993,-99993,0,ok
51e08173-3286-11f1-9b22-8e0bf401000f,67,34,white,endgame,h6,-99994,-99997,3,ok
51e08173-3286-11f1-9b22-8e0bf401000f,69,35,white,endgame,Kg1,-99998,-99998,0,ok
51e08173-3286-11f1-9b22-8e0bf401000f,71,36,white,endgame,Rc8+,-99994,-99996,2,ok
51e08173-3286-11f1-9b22-8e0bf401000f,73,37,white,endgame,Rc4,-99997,-99997,0,ok
51e08173-3286-11f1-9b22-8e0bf401000f,75,38,white,endgame,Rf4,-1217,-1531,314,blunder
51e08173-3286-11f1-9b22-8e0bf401000f,77,39,white,endgame,Kh1,-1410,-99996,98586,blunder
51e08173-3286-11f1-9b22-8e0bf401000f,79,40,white,endgame,Rg4+,-721,-752,31,ok
0b0a2b41-320f-11f1-9396-c9874a01000f,2,1,black,opening,e5,-16,-15,0,ok
0b0a2b41-320f-11f1-9396-c9874a01000f,4,2,black,opening,d5,36,35,1,ok
0b0a2b41-320f-11f1-9396-c9874a01000f,6,3,black,opening,Nc6,67,61,6,ok
0b0a2b41-320f-11f1-9396-c9874a01000f,8,4,black,opening,Nf6,91,70,21,ok
0b0a2b41-320f-11f1-9396-c9874a01000f,10,5,black,opening,e4,106,101,5,ok
0b0a2b41-320f-11f1-9396-c9874a01000f,12,6,black,opening,Nxd4,110,102,8,ok
0b0a2b41-320f-11f1-9396-c9874a01000f,14,7,black,opening,Bf5,112,50,62,inaccuracy
0b0a2b41-320f-11f1-9396-c9874a01000f,16,8,black,opening,Qxf6,205,220,0,ok
0b0a2b41-320f-11f1-9396-c9874a01000f,18,9,black,opening,Bb4,201,6,195,mistake
0b0a2b41-320f-11f1-9396-c9874a01000f,20,10,black,opening,Qd6,10,-109,119,mistake
0b0a2b41-320f-11f1-9396-c9874a01000f,22,11,black,middlegame,Qxb4,-119,-121,2,ok
0b0a2b41-320f-11f1-9396-c9874a01000f,24,12,black,middlegame,O-O-O,-121,-128,7,ok
0b0a2b41-320f-11f1-9396-c9874a01000f,26,13,black,middlegame,Qb6,34,-14,48,ok
0b0a2b41-320f-11f1-9396-c9874a01000f,28,14,black,middlegame,Rhe8,35,-61,96,inaccuracy
0b0a2b41-320f-11f1-9396-c9874a01000f,30,15,black,middlegame,Qf6,-67,-116,49,ok
0b0a2b41-320f-11f1-9396-c9874a01000f,32,16,black,middlegame,a6,-49,-72,23,ok
0b0a2b41-320f-11f1-9396-c9874a01000f,34,17,black,middlegame,Re7,-20,-59,39,ok
0b0a2b41-320f-11f1-9396-c9874a01000f,36,18,black,middlegame,Bd7,-105,-175,70,inaccuracy
0b0a2b41-320f-11f1-9396-c9874a01000f,38,19,black,middlegame,Bxb5,-27,-23,0,ok
0b0a2b41-320f-11f1-9396-c9874a01000f,40,20,black,middlegame,exd3,-22,-18,0,ok
0b0a2b41-320f-11f1-9396-c9874a01000f,42,21,black,middlegame,Rxd3,-16,0,0,ok
0b0a2b41-320f-11f1-9396-c9874a01000f,44,22,black,middlegame,Bc6,210,-78,288,mistake
0b0a2b41-320f-11f1-9396-c9874a01000f,46,23,black,middlegame,Qxc6,-69,-525,456,blunder
0b0a2b41-320f-11f1-9396-c9874a01000f,48,24,black,middlegame,Rd2,-549,-582,33,ok
0b0a2b41-320f-11f1-9396-c9874a01000f,50,25,black,middlegame,Kd7,-593,-738,145,mistake
0b0a2b41-320f-11f1-9396-c9874a01000f,52,26,black,middlegame,Kc8,-667,-683,16,ok
0b0a2b41-320f-11f1-9396-c9874a01000f,54,27,black,middlegame,Kd7,-613,-759,146,mistake
0b0a2b41-320f-11f1-9396-c9874a01000f,56,28,black,middlegame,Kc8,-683,-698,15,ok
0b0a2b41-320f-11f1-9396-c9874a01000f,58,29,black,middlegame,Kd7,-640,-856,216,mistake
0b0a2b41-320f-11f1-9396-c9874a01000f,60,30,black,middlegame,Ke8,-703,-99992,99289,blunder
0b0a2b41-320f-11f1-9396-c9874a01000f,62,31,black,middlegame,Qc5,-714,-1174,460,blunder
0b0a2b41-320f-11f1-9396-c9874a01000f,64,32,black,middlegame,Kd7,-704,-711,7,ok
0b0a2b41-320f-11f1-9396-c9874a01000f,66,33,black,middlegame,Ke8,-703,-1065,362,blunder
0b0a2b41-320f-11f1-9396-c9874a01000f,68,34,black,middlegame,Kd7,-724,-716,0,ok
0b0a2b41-320f-11f1-9396-c9874a01000f,70,35,black,middlegame,Ke8,-734,-1149,415,blunder
0b0a2b41-320f-11f1-9396-c9874a01000f,72,36,black,middlegame,Kf7,-1183,-1180,0,ok
0b0a2b41-320f-11f1-9396-c9874a01000f,74,37,black,middlegame,Kg6,-99985,-99995,10,ok
0b0a2b41-320f-11f1-9396-c9874a01000f,76,38,black,middlegame,b5,-916,-99991,99075,blunder
0b0a2b41-320f-11f1-9396-c9874a01000f,78,39,black,middlegame,Kf5,-99995,-99996,1,ok
0b0a2b41-320f-11f1-9396-c9874a01000f,80,40,black,middlegame,b4,-1126,-99994,98868,blunder
0b0a2b41-320f-11f1-9396-c9874a01000f,82,41,black,middlegame,Qa7,-988,-99995,99007,blunder
0b0a2b41-320f-11f1-9396-c9874a01000f,84,42,black,middlegame,Kg4,-99997,-99998,1,ok
0b0a2b41-320f-11f1-9396-c9874a01000f,86,43,black,middlegame,Kg5,-99996,-99996,0,ok
0b0a2b41-320f-11f1-9396-c9874a01000f,88,44,black,middlegame,Kg6,-99996,-99996,0,ok
0b0a2b41-320f-11f1-9396-c9874a01000f,90,45,black,middlegame,Kh5,-99997,-99999,2,ok
9af35ddd-320d-11f1-86e6-08a4af01000f,1,1,white,opening,e4,32,31,1,ok
9af35ddd-320d-11f1-86e6-08a4af01000f,3,2,white,opening,Nf3,34,36,0,ok
9af35ddd-320d-11f1-86e6-08a4af01000f,5,3,white,opening,Nc3,36,14,22,ok
9af35ddd-320d-11f1-86e6-08a4af01000f,7,4,white,opening,d4,16,18,0,ok
9af35ddd-320d-11f1-86e6-08a4af01000f,9,5,white,opening,Nxd4,16,20,0,ok
9af35ddd-320d-11f1-86e6-08a4af01000f,11,6,white,opening,Nxc6,50,36,14,ok
9af35ddd-320d-11f1-86e6-08a4af01000f,13,7,white,opening,Bd3,44,36,8,ok
9af35ddd-320d-11f1-86e6-08a4af01000f,15,8,white,opening,Bg5,58,48,10,ok
9af35ddd-320d-11f1-86e6-08a4af01000f,17,9,white,opening,Qf3,43,0,43,ok
9af35ddd-320d-11f1-86e6-08a4af01000f,19,10,white,opening,O-O,0,2,0,ok
9af35ddd-320d-11f1-86e6-08a4af01000f,21,11,white,opening,Rad1,34,-65,99,inaccuracy
9af35ddd-320d-11f1-86e6-08a4af01000f,23,12,white,middlegame,Qe3,-19,-219,200,mistake
9af35ddd-320d-11f1-86e6-08a4af01000f,25,13,white,middlegame,Rxd1,-224,-307,83,inaccuracy
9af35ddd-320d-11f1-86e6-08a4af01000f,27,14,white,middlegame,Bxd8,-289,-321,32,ok
9af35ddd-320d-11f1-86e6-08a4af01000f,29,15,white,endgame,fxe3,-335,-386,51,inaccuracy
9af35ddd-320d-11f1-86e6-08a4af01000f,31,16,white,endgame,Bxc7,-131,-124,0,ok
9af35ddd-320d-11f1-86e6-08a4af01000f,33,17,white,endgame,bxc3,426,436,0,ok
9af35ddd-320d-11f1-86e6-08a4af01000f,35,18,white,endgame,Bxe4,427,404,23,ok
9af35ddd-320d-11f1-86e6-08a4af01000f,37,19,white,endgame,Bf4,454,458,0,ok
9af35ddd-320d-11f1-86e6-08a4af01000f,39,20,white,endgame,Bf3,462,434,28,ok
9af35ddd-320d-11f1-86e6-08a4af01000f,41,21,white,endgame,Rd7,461,442,19,ok
9af35ddd-320d-11f1-86e6-08a4af01000f,43,22,white,endgame,Rxa7,491,461,30,ok
9af35ddd-320d-11f1-86e6-08a4af01000f,45,23,white,endgame,Bxc6,496,431,65,inaccuracy
9af35ddd-320d-11f1-86e6-08a4af01000f,47,24,white,endgame,Bxe8,430,430,0,ok
9af35ddd-320d-11f1-86e6-08a4af01000f,49,25,white,endgame,c4,424,425,0,ok
9af35ddd-320d-11f1-86e6-08a4af01000f,51,26,white,endgame,Bb5,445,396,49,ok
9af35ddd-320d-11f1-86e6-08a4af01000f,53,27,white,endgame,Kf1,400,397,3,ok
9af35ddd-320d-11f1-86e6-08a4af01000f,55,28,white,endgame,Ke1,406,341,65,inaccuracy
9af35ddd-320d-11f1-86e6-08a4af01000f,57,29,white,endgame,c5,343,318,25,ok
9af35ddd-320d-11f1-86e6-08a4af01000f,59,30,white,endgame,Ba4,350,309,41,ok
9af35ddd-320d-11f1-86e6-08a4af01000f,61,31,white,endgame,Bb3+,642,692,0,ok
9af35ddd-320d-11f1-86e6-08a4af01000f,63,32,white,endgame,Bxa2,708,716,0,ok
9af35ddd-320d-11f1-86e6-08a4af01000f,65,33,white,endgame,Bd6,741,753,0,ok
9af35ddd-320d-11f1-86e6-08a4af01000f,67,34,white,endgame,Bf7,816,695,121,mistake
9af35ddd-320d-11f1-86e6-08a4af01000f,69,35,white,endgame,Bxh5,800,754,46,ok
9af35ddd-320d-11f1-86e6-08a4af01000f,71,36,white,endgame,e4,879,1013,0,ok
9af35ddd-320d-11f1-86e6-08a4af01000f,73,37,white,endgame,Bxf3,99984,1452,98532,blunder
9af35ddd-320d-11f1-86e6-08a4af01000f,75,38,white,endgame,Bxg4,1168,1177,0,ok
9af35ddd-320d-11f1-86e6-08a4af01000f,77,39,white,endgame,e5,99989,99990,0,ok
9af35ddd-320d-11f1-86e6-08a4af01000f,79,40,white,endgame,e6,99991,1162,98829,blunder
9af35ddd-320d-11f1-86e6-08a4af01000f,81,41,white,endgame,e7,99992,99993,0,ok
9af35ddd-320d-11f1-86e6-08a4af01000f,83,42,white,endgame,e8=Q,99997,99997,0,ok
9af35ddd-320d-11f1-86e6-08a4af01000f,85,43,white,middlegame,Qb8+,99998,99995,3,ok
9af35ddd-320d-11f1-86e6-08a4af01000f,87,44,white,middlegame,Bf3+,99995,99995,0,ok
9af35ddd-320d-11f1-86e6-08a4af01000f,89,45,white,middlegame,Qc7+,99997,99996,1,ok
9af35ddd-320d-11f1-86e6-08a4af01000f,91,46,white,middlegame,Qe7+,99998,99997,1,ok
9af35ddd-320d-11f1-86e6-08a4af01000f,93,47,white,middlegame,c6,99997,99997,0,ok
3fcae1e8-3202-11f1-9111-c5406f01000f,2,1,black,opening,e5,-34,-36,2,ok
3fcae1e8-3202-11f1-9111-c5406f01000f,4,2,black,opening,Nf6,-18,-17,0,ok
3fcae1e8-3202-11f1-9111-c5406f01000f,6,3,black,opening,d5,-14,-76,62,inaccuracy
3fcae1e8-3202-11f1-9111-c5406f01000f,8,4,black,opening,dxe4,-19,-28,9,ok
3fcae1e8-3202-11f1-9111-c5406f01000f,10,5,black,opening,Bb4,-26,-31,5,ok
3fcae1e8-3202-11f1-9111-c5406f01000f,12,6,black,opening,Bd7,-25,-62,37,ok
3fcae1e8-3202-11f1-9111-c5406f01000f,14,7,black,opening,Be6,-78,-74,0,ok
3fcae1e8-3202-11f1-9111-c5406f01000f,16,8,black,opening,Bxf7,349,367,0,ok
3fcae1e8-3202-11f1-9111-c5406f01000f,18,9,black,opening,Kxf7,380,373,7,ok
3fcae1e8-3202-11f1-9111-c5406f01000f,20,10,black,opening,Nc6,415,385,30,ok
3fcae1e8-3202-11f1-9111-c5406f01000f,22,11,black,middlegame,Bxd2+,459,478,0,ok
3fcae1e8-3202-11f1-9111-c5406f01000f,24,12,black,middlegame,a6,476,470,6,ok
3fcae1e8-3202-11f1-9111-c5406f01000f,26,13,black,middlegame,Nxd4,473,303,170,mistake
3fcae1e8-3202-11f1-9111-c5406f01000f,28,14,black,middlegame,Nf3+,702,701,1,ok
3fcae1e8-3202-11f1-9111-c5406f01000f,30,15,black,middlegame,Qxd2,701,699,2,ok
3fcae1e8-3202-11f1-9111-c5406f01000f,32,16,black,middlegame,Nxe4,756,767,0,ok
3fcae1e8-3202-11f1-9111-c5406f01000f,34,17,black,middlegame,Qg5+,771,768,3,ok
3fcae1e8-3202-11f1-9111-c5406f01000f,36,18,black,middlegame,Rhe8,780,723,57,inaccuracy
3fcae1e8-3202-11f1-9111-c5406f01000f,38,19,black,middlegame,Re5,762,659,103,mistake
3fcae1e8-3202-11f1-9111-c5406f01000f,40,20,black,middlegame,Rae8,827,669,158,mistake
3fcae1e8-3202-11f1-9111-c5406f01000f,42,21,black,middlegame,Qf4,842,894,0,ok
3fcae1e8-3202-11f1-9111-c5406f01000f,44,22,black,middlegame,R8e7,1038,99985,0,ok
3fcae1e8-3202-11f1-9111-c5406f01000f,46,23,black,middlegame,Qxf3+,99998,99999,0,ok
3fcae1e8-3202-11f1-9111-c5406f01000f,48,24,black,middlegame,Rg5#,99999,100000,0,ok
de6f546b-3201-11f1-86e6-08a4af01000f,1,1,white,opening,e4,34,33,1,ok
de6f546b-3201-11f1-86e6-08a4af01000f,3,2,white,opening,Nf3,35,35,0,ok
de6f546b-3201-11f1-86e6-08a4af01000f,5,3,white,opening,Nc3,55,40,15,ok
de6f546b-3201-11f1-86e6-08a4af01000f,7,4,white,opening,Bb5,64,54,10,ok
de6f546b-3201-11f1-86e6-08a4af01000f,9,5,white,opening,Bxc6+,92,68,24,ok
de6f546b-3201-11f1-86e6-08a4af01000f,11,6,white,opening,O-O,63,-59,122,mistake
de6f546b-3201-11f1-86e6-08a4af01000f,13,7,white,opening,Nd5,4,3,1,ok
de6f546b-3201-11f1-86e6-08a4af01000f,15,8,white,opening,Ne3,36,41,0,ok
de6f546b-3201-11f1-86e6-08a4af01000f,17,9,white,opening,Nxg4,491,466,25,ok
de6f546b-3201-11f1-86e6-08a4af01000f,19,10,white,opening,Nfxe5,479,440,39,ok
de6f546b-3201-11f1-86e6-08a4af01000f,21,11,white,opening,Re1,560,517,43,ok
de6f546b-3201-11f1-86e6-08a4af01000f,23,12,white,middlegame,Rxe4,601,486,115,mistake
de6f546b-3201-11f1-86e6-08a4af01000f,25,13,white,middlegame,d3,698,552,146,mistake
a2a934c0-3201-11f1-86e6-08a4af01000f,2,1,black,opening,e5,-37,-36,0,ok
a2a934c0-3201-11f1-86e6-08a4af01000f,4,2,black,opening,Nc6,-38,-37,0,ok
a2a934c0-3201-11f1-86e6-08a4af01000f,6,3,black,opening,exd4,-13,-13,0,ok
a2a934c0-3201-11f1-86e6-08a4af01000f,8,4,black,opening,Nxd4,-10,-60,50,inaccuracy
a2a934c0-3201-11f1-86e6-08a4af01000f,10,5,black,opening,Nf6,-59,-147,88,inaccuracy
a2a934c0-3201-11f1-86e6-08a4af01000f,12,6,black,opening,Be7,-3,2,0,ok
a2a934c0-3201-11f1-86e6-08a4af01000f,14,7,black,opening,O-O,60,63,0,ok
a2a934c0-3201-11f1-86e6-08a4af01000f,16,8,black,opening,Nxe4,192,206,0,ok
a2a934c0-3201-11f1-86e6-08a4af01000f,18,9,black,opening,d5,305,331,0,ok
a2a934c0-3201-11f1-86e6-08a4af01000f,20,10,black,opening,Bxg4,858,851,7,ok
a2a934c0-3201-11f1-86e6-08a4af01000f,22,11,black,middlegame,Kxg7,882,857,25,ok
1d60b8b9-3201-11f1-9111-c5406f01000f,1,1,white,opening,e4,37,33,4,ok
1d60b8b9-3201-11f1-9111-c5406f01000f,3,2,white,opening,Nf3,38,37,1,ok
1d60b8b9-3201-11f1-9111-c5406f01000f,5,3,white,opening,Nc3,35,13,22,ok
1d60b8b9-3201-11f1-9111-c5406f01000f,7,4,white,opening,d4,13,10,3,ok
1d60b8b9-3201-11f1-9111-c5406f01000f,9,5,white,opening,Nxd4,15,11,4,ok
1d60b8b9-3201-11f1-9111-c5406f01000f,11,6,white,opening,Nxc6,132,31,101,mistake
1d60b8b9-3201-11f1-9111-c5406f01000f,13,7,white,opening,Bd3,74,69,5,ok
1d60b8b9-3201-11f1-9111-c5406f01000f,15,8,white,opening,Bg5,182,63,119,mistake
1d60b8b9-3201-11f1-9111-c5406f01000f,17,9,white,opening,Bxf6,72,78,0,ok
1d60b8b9-3201-11f1-9111-c5406f01000f,19,10,white,opening,exd5,77,66,11,ok
1d60b8b9-3201-11f1-9111-c5406f01000f,21,11,white,opening,O-O,178,170,8,ok
1d60b8b9-3201-11f1-9111-c5406f01000f,23,12,white,middlegame,Bb5+,296,277,19,ok
1d60b8b9-3201-11f1-9111-c5406f01000f,25,13,white,middlegame,Re1+,667,398,269,mistake
1d60b8b9-3201-11f1-9111-c5406f01000f,27,14,white,middlegame,Bxc6,515,530,0,ok
1d60b8b9-3201-11f1-9111-c5406f01000f,29,15,white,middlegame,Qxd5+,656,669,0,ok
1d60b8b9-3201-11f1-9111-c5406f01000f,31,16,white,middlegame,Nxd5,676,640,36,ok
1d60b8b9-3201-11f1-9111-c5406f01000f,33,17,white,endgame,Re8#,99999,100000,0,ok
e67c0e9e-31fe-11f1-b5ef-1aeed801000f,2,1,black,opening,d5,-30,-33,3,ok
e67c0e9e-31fe-11f1-b5ef-1aeed801000f,4,2,black,opening,Nc6,-31,-66,35,ok
e67c0e9e-31fe-11f1-b5ef-1aeed801000f,6,3,black,opening,Nf6,-55,-51,0,ok
e67c0e9e-31fe-11f1-b5ef-1aeed801000f,8,4,black,opening,Bg4,8,9,0,ok
e67c0e9e-31fe-11f1-b5ef-1aeed801000f,10,5,black,opening,Qd6,14,8,6,ok
e67c0e9e-31fe-11f1-b5ef-1aeed801000f,12,6,black,opening,Bxf3,17,24,0,ok
e67c0e9e-31fe-11f1-b5ef-1aeed801000f,14,7,black,opening,Ne4,24,-103,127,mistake
e67c0e9e-31fe-11f1-b5ef-1aeed801000f,16,8,black,opening,dxe4,-51,-61,10,ok
e67c0e9e-31fe-11f1-b5ef-1aeed801000f,18,9,black,opening,O-O-O,262,-223,485,blunder
e67c0e9e-31fe-11f1-b5ef-1aeed801000f,20,10,black,opening,bxc6,-210,-239,29,ok
e67c0e9e-31fe-11f1-b5ef-1aeed801000f,22,11,black,middlegame,c5,-144,-274,130,mistake
e67c0e9e-31fe-11f1-b5ef-1aeed801000f,24,12,black,middlegame,Kd7,-296,-296,0,ok
e67c0e9e-31fe-11f1-b5ef-1aeed801000f,26,13,black,middlegame,e6,642,-172,814,blunder
e67c0e9e-31fe-11f1-b5ef-1aeed801000f,28,14,black,middlegame,Qxe6,-101,-89,0,ok
e67c0e9e-31fe-11f1-b5ef-1aeed801000f,30,15,black,middlegame,Qxd5,-102,-99,0,ok
e67c0e9e-31fe-11f1-b5ef-1aeed801000f,32,16,black,endgame,Kd6,-90,-158,68,inaccuracy
e67c0e9e-31fe-11f1-b5ef-1aeed801000f,34,17,black,endgame,Ke5,-163,-155,0,ok
e67c0e9e-31fe-11f1-b5ef-1aeed801000f,36,18,black,endgame,c4,-161,-260,99,inaccuracy
e67c0e9e-31fe-11f1-b5ef-1aeed801000f,38,19,black,endgame,Bc5+,-130,-104,0,ok
e67c0e9e-31fe-11f1-b5ef-1aeed801000f,40,20,black,endgame,c6,-99,-84,0,ok
e67c0e9e-31fe-11f1-b5ef-1aeed801000f,42,21,black,endgame,Rc8,-111,-157,46,ok
e67c0e9e-31fe-11f1-b5ef-1aeed801000f,44,22,black,endgame,Rxc6,-178,-157,0,ok
e67c0e9e-31fe-11f1-b5ef-1aeed801000f,46,23,black,endgame,f6,-119,-121,2,ok
e67c0e9e-31fe-11f1-b5ef-1aeed801000f,48,24,black,endgame,g5,-94,-142,48,ok
e67c0e9e-31fe-11f1-b5ef-1aeed801000f,50,25,black,endgame,Ke6,-128,-132,4,ok
e67c0e9e-31fe-11f1-b5ef-1aeed801000f,52,26,black,endgame,Rhc8,-113,-129,16,ok
e67c0e9e-31fe-11f1-b5ef-1aeed801000f,54,27,black,endgame,h5,-61,-116,55,inaccuracy
e67c0e9e-31fe-11f1-b5ef-1aeed801000f,56,28,black,endgame,h4,13,10,3,ok
e67c0e9e-31fe-11f1-b5ef-1aeed801000f,58,29,black,endgame,c3,22,22,0,ok
e67c0e9e-31fe-11f1-b5ef-1aeed801000f,60,30,black,endgame,Ba3,20,14,6,ok
e67c0e9e-31fe-11f1-b5ef-1aeed801000f,62,31,black,endgame,Rf8,15,-98,113,mistake
e67c0e9e-31fe-11f1-b5ef-1aeed801000f,64,32,black,endgame,Rfc8,0,-5,5,ok
e67c0e9e-31fe-11f1-b5ef-1aeed801000f,66,33,black,endgame,f5,4,-149,153,mistake
e67c0e9e-31fe-11f1-b5ef-1aeed801000f,68,34,black,endgame,Kxf5,-164,-167,3,ok
e67c0e9e-31fe-11f1-b5ef-1aeed801000f,70,35,black,endgame,Re8,-170,-222,52,inaccuracy
e67c0e9e-31fe-11f1-b5ef-1aeed801000f,72,36,black,endgame,Rce6,-196,-283,87,inaccuracy
e67c0e9e-31fe-11f1-b5ef-1aeed801000f,74,37,black,endgame,Bb4,-294,-308,14,ok
e67c0e9e-31fe-11f1-b5ef-1aeed801000f,76,38,black,endgame,Kg6,-324,-305,0,ok
e67c0e9e-31fe-11f1-b5ef-1aeed801000f,78,39,black,endgame,Kf6,52,66,0,ok
e67c0e9e-31fe-11f1-b5ef-1aeed801000f,80,40,black,endgame,Rxe3,57,51,6,ok
e67c0e9e-31fe-11f1-b5ef-1aeed801000f,82,41,black,endgame,Re1+,52,48,4,ok
e67c0e9e-31fe-11f1-b5ef-1aeed801000f,84,42,black,endgame,Bd6+,48,52,0,ok
e67c0e9e-31fe-11f1-b5ef-1aeed801000f,86,43,black,endgame,R8e2,48,-2,50,inaccuracy
e67c0e9e-31fe-11f1-b5ef-1aeed801000f,88,44,black,endgame,Rf2,0,-53,53,inaccuracy
e67c0e9e-31fe-11f1-b5ef-1aeed801000f,90,45,black,endgame,Ke7,-28,-23,0,ok
e67c0e9e-31fe-11f1-b5ef-1aeed801000f,92,46,black,endgame,Kf8,0,-464,464,blunder
e67c0e9e-31fe-11f1-b5ef-1aeed801000f,94,47,black,endgame,Re8,-489,-494,5,ok
e67c0e9e-31fe-11f1-b5ef-1aeed801000f,96,48,black,endgame,Kf7,-495,-509,14,ok
e67c0e9e-31fe-11f1-b5ef-1aeed801000f,98,49,black,endgame,Bxf4+,-512,-613,101,mistake
e67c0e9e-31fe-11f1-b5ef-1aeed801000f,100,50,black,endgame,Rxa2,-696,-695,0,ok
e67c0e9e-31fe-11f1-b5ef-1aeed801000f,102,51,black,endgame,Bg3,-420,-437,17,ok
e67c0e9e-31fe-11f1-b5ef-1aeed801000f,104,52,black,endgame,Kg6,-433,-495,62,inaccuracy
e67c0e9e-31fe-11f1-b5ef-1aeed801000f,106,53,black,endgame,Kxh7,-497,-493,0,ok
e67c0e9e-31fe-11f1-b5ef-1aeed801000f,108,54,black,endgame,Ra3,-495,-504,9,ok
e67c0e9e-31fe-11f1-b5ef-1aeed801000f,110,55,black,endgame,Kh6,-494,-557,63,inaccuracy
e67c0e9e-31fe-11f1-b5ef-1aeed801000f,112,56,black,endgame,Kh5,-491,-543,52,inaccuracy
e67c0e9e-31fe-11f1-b5ef-1aeed801000f,114,57,black,endgame,Kg5,-495,-547,52,inaccuracy
e67c0e9e-31fe-11f1-b5ef-1aeed801000f,116,58,black,endgame,Kh5,-528,-524,0,ok
e67c0e9e-31fe-11f1-b5ef-1aeed801000f,118,59,black,endgame,Ra4,-525,-545,20,ok
e67c0e9e-31fe-11f1-b5ef-1aeed801000f,120,60,black,endgame,Kg6,-492,-496,4,ok
e67c0e9e-31fe-11f1-b5ef-1aeed801000f,122,61,black,endgame,Ra3+,-494,-510,16,ok
e67c0e9e-31fe-11f1-b5ef-1aeed801000f,124,62,black,endgame,Ra2,-491,-487,0,ok
e67c0e9e-31fe-11f1-b5ef-1aeed801000f,126,63,black,endgame,Rf2+,-484,-478,0,ok
e67c0e9e-31fe-11f1-b5ef-1aeed801000f,128,64,black,endgame,Rb2,-480,-480,0,ok
e67c0e9e-31fe-11f1-b5ef-1aeed801000f,130,65,black,endgame,Kh6,-478,-488,10,ok
e67c0e9e-31fe-11f1-b5ef-1aeed801000f,132,66,black,endgame,Kg5,-473,-99999,99526,blunder
e67c0e9e-31fe-11f1-b5ef-1aeed801000f,134,67,black,endgame,Rb3+,-452,-462,10,ok
e67c0e9e-31fe-11f1-b5ef-1aeed801000f,136,68,black,endgame,Kxg4,-463,-463,0,ok
e67c0e9e-31fe-11f1-b5ef-1aeed801000f,138,69,black,endgame,Rb2+,-443,-462,19,ok
e67c0e9e-31fe-11f1-b5ef-1aeed801000f,140,70,black,endgame,Rb3+,-458,-474,16,ok
e67c0e9e-31fe-11f1-b5ef-1aeed801000f,142,71,black,endgame,Rh3,-476,-496,20,ok
e67c0e9e-31fe-11f1-b5ef-1aeed801000f,144,72,black,endgame,Kf5,-493,-515,22,ok
e67c0e9e-31fe-11f1-b5ef-1aeed801000f,146,73,black,endgame,Rh4+,-511,-531,20,ok
e67c0e9e-31fe-11f1-b5ef-1aeed801000f,148,74,black,endgame,Ke5,-549,-566,17,ok
e67c0e9e-31fe-11f1-b5ef-1aeed801000f,150,75,black,endgame,Kd5,-573,-660,87,inaccuracy
e67c0e9e-31fe-11f1-b5ef-1aeed801000f,152,76,black,endgame,Rb4,-551,-725,174,mistake
e67c0e9e-31fe-11f1-b5ef-1aeed801000f,154,77,black,endgame,Rh4,-745,-892,147,mistake
e67c0e9e-31fe-11f1-b5ef-1aeed801000f,156,78,black,endgame,Ke5,-841,-927,86,inaccuracy
e67c0e9e-31fe-11f1-b5ef-1aeed801000f,158,79,black,endgame,Rb4,-1084,-8115,7031,blunder
e67c0e9e-31fe-11f1-b5ef-1aeed801000f,160,80,black,middlegame,Rxb8,-5707,-99989,94282,blunder
e67c0e9e-31fe-11f1-b5ef-1aeed801000f,162,81,black,endgame,Kf5,-1114,-99990,98876,blunder
e67c0e9e-31fe-11f1-b5ef-1aeed801000f,164,82,black,endgame,Ke5,-99992,-99992,0,ok
e67c0e9e-31fe-11f1-b5ef-1aeed801000f,166,83,black,middlegame,Kd5,-99991,-99993,2,ok
e67c0e9e-31fe-11f1-b5ef-1aeed801000f,168,84,black,middlegame,Ke4,-99992,-99992,0,ok
e67c0e9e-31fe-11f1-b5ef-1aeed801000f,170,85,black,middlegame,Kf5,-99990,-99997,7,ok
e67c0e9e-31fe-11f1-b5ef-1aeed801000f,172,86,black,middlegame,Kf6,-99997,-99997,0,ok
e67c0e9e-31fe-11f1-b5ef-1aeed801000f,174,87,black,middlegame,Ke7,-99998,-99998,0,ok
e67c0e9e-31fe-11f1-b5ef-1aeed801000f,176,88,black,middlegame,Kf8,-99999,-99999,0,ok
9689b4c9-31fd-11f1-b5ef-1aeed801000f,2,1,black,opening,e5,-29,-38,9,ok
9689b4c9-31fd-11f1-b5ef-1aeed801000f,4,2,black,opening,Nc6,-37,-34,0,ok
9689b4c9-31fd-11f1-b5ef-1aeed801000f,6,3,black,opening,exd4,-11,-13,2,ok
9689b4c9-31fd-11f1-b5ef-1aeed801000f,8,4,black,opening,Qf6,-14,-43,29,ok
9689b4c9-31fd-11f1-b5ef-1aeed801000f,10,5,black,opening,Qxc6,-27,-72,45,ok
9689b4c9-31fd-11f1-b5ef-1aeed801000f,12,6,black,opening,Bb4,-60,-73,13,ok
9689b4c9-31fd-11f1-b5ef-1aeed801000f,14,7,black,opening,Bxc3,-75,-79,4,ok
9689b4c9-31fd-11f1-b5ef-1aeed801000f,16,8,black,opening,Qxe4+,83,90,0,ok
9689b4c9-31fd-11f1-b5ef-1aeed801000f,18,9,black,opening,Nf6,133,41,92,inaccuracy
9689b4c9-31fd-11f1-b5ef-1aeed801000f,20,10,black,opening,O-O,41,41,0,ok
9689b4c9-31fd-11f1-b5ef-1aeed801000f,22,11,black,middlegame,Qf5,54,46,8,ok
9689b4c9-31fd-11f1-b5ef-1aeed801000f,24,12,black,middlegame,d5,41,32,9,ok
9689b4c9-31fd-11f1-b5ef-1aeed801000f,26,13,black,middlegame,Bd7,72,46,26,ok
9689b4c9-31fd-11f1-b5ef-1aeed801000f,28,14,black,middlegame,Rfe8,77,68,9,ok
9689b4c9-31fd-11f1-b5ef-1aeed801000f,30,15,black,middlegame,Qxf6,106,98,8,ok
9689b4c9-31fd-11f1-b5ef-1aeed801000f,32,16,black,middlegame,Bc6,96,81,15,ok
9689b4c9-31fd-11f1-b5ef-1aeed801000f,34,17,black,middlegame,Qxc6,72,65,7,ok
9689b4c9-31fd-11f1-b5ef-1aeed801000f,36,18,black,middlegame,b6,87,41,46,ok
9689b4c9-31fd-11f1-b5ef-1aeed801000f,38,19,black,middlegame,h6,39,20,19,ok
9689b4c9-31fd-11f1-b5ef-1aeed801000f,40,20,black,middlegame,a5,137,3,134,mistake
9689b4c9-31fd-11f1-b5ef-1aeed801000f,42,21,black,middlegame,g6,55,49,6,ok
9689b4c9-31fd-11f1-b5ef-1aeed801000f,44,22,black,middlegame,h5,244,166,78,inaccuracy
9689b4c9-31fd-11f1-b5ef-1aeed801000f,46,23,black,middlegame,Rad8,192,101,91,inaccuracy
9689b4c9-31fd-11f1-b5ef-1aeed801000f,48,24,black,middlegame,Qxg6,578,613,0,ok
9689b4c9-31fd-11f1-b5ef-1aeed801000f,50,25,black,middlegame,Rxd8,638,653,0,ok
9689b4c9-31fd-11f1-b5ef-1aeed801000f,52,26,black,middlegame,Kg7,638,643,0,ok
74366fa3-31fc-11f1-a41c-8a92f801000f,1,1,white,opening,e4,33,32,1,ok
74366fa3-31fc-11f1-a41c-8a92f801000f,3,2,white,opening,Nf3,31,31,0,ok
74366fa3-31fc-11f1-a41c-8a92f801000f,5,3,white,opening,Nxe5,46,42,4,ok
74366fa3-31fc-11f1-a41c-8a92f801000f,7,4,white,opening,Bb5+,44,-228,272,mistake
74366fa3-31fc-11f1-a41c-8a92f801000f,9,5,white,opening,Bxd7+,164,155,9,ok
74366fa3-31fc-11f1-a41c-8a92f801000f,11,6,white,opening,Nxd7,152,162,0,ok
74366fa3-31fc-11f1-a41c-8a92f801000f,13,7,white,opening,Nc3,157,137,20,ok
74366fa3-31fc-11f1-a41c-8a92f801000f,15,8,white,opening,d4,139,-18,157,mistake
74366fa3-31fc-11f1-a41c-8a92f801000f,17,9,white,opening,Qf3,160,-66,226,mistake
74366fa3-31fc-11f1-a41c-8a92f801000f,19,10,white,opening,Bg5,186,-56,242,mistake
74366fa3-31fc-11f1-a41c-8a92f801000f,21,11,white,opening,Bxf6,148,102,46,ok
74366fa3-31fc-11f1-a41c-8a92f801000f,23,12,white,middlegame,O-O-O,107,85,22,ok
74366fa3-31fc-11f1-a41c-8a92f801000f,25,13,white,middlegame,Kb1,151,147,4,ok
74366fa3-31fc-11f1-a41c-8a92f801000f,27,14,white,middlegame,d5,203,114,89,inaccuracy
74366fa3-31fc-11f1-a41c-8a92f801000f,29,15,white,middlegame,h4,127,124,3,ok
74366fa3-31fc-11f1-a41c-8a92f801000f,31,16,white,middlegame,Qxf6,120,112,8,ok
74366fa3-31fc-11f1-a41c-8a92f801000f,33,17,white,middlegame,f3,284,253,31,ok
74366fa3-31fc-11f1-a41c-8a92f801000f,35,18,white,middlegame,Rdg1,268,147,121,mistake
74366fa3-31fc-11f1-a41c-8a92f801000f,37,19,white,middlegame,Qxg6,202,218,0,ok
74366fa3-31fc-11f1-a41c-8a92f801000f,39,20,white,middlegame,Qxh5,294,314,0,ok
74366fa3-31fc-11f1-a41c-8a92f801000f,41,21,white,middlegame,Rxg1,321,336,0,ok
74366fa3-31fc-11f1-a41c-8a92f801000f,43,22,white,middlegame,Rg8+,99995,99996,0,ok
74366fa3-31fc-11f1-a41c-8a92f801000f,45,23,white,middlegame,Qf7+,99997,99998,0,ok
74366fa3-31fc-11f1-a41c-8a92f801000f,47,24,white,middlegame,Qf5+,99998,99999,0,ok
74366fa3-31fc-11f1-a41c-8a92f801000f,49,25,white,middlegame,Qxe6#,99999,100000,0,ok
fac85e10-31db-11f1-9111-c5406f01000f,2,1,black,opening,e5,-32,-30,0,ok
fac85e10-31db-11f1-9111-c5406f01000f,4,2,black,opening,Nc6,-31,-30,0,ok
fac85e10-31db-11f1-9111-c5406f01000f,6,3,black,opening,Nf6,-17,-22,5,ok
fac85e10-31db-11f1-9111-c5406f01000f,8,4,black,opening,Nxe4,39,38,1,ok
fac85e10-31db-11f1-9111-c5406f01000f,10,5,black,opening,d5,124,144,0,ok
fac85e10-31db-11f1-9111-c5406f01000f,12,6,black,opening,Bc5,269,249,20,ok
fac85e10-31db-11f1-9111-c5406f01000f,14,7,black,opening,dxe4,433,469,0,ok
fac85e10-31db-11f1-9111-c5406f01000f,16,8,black,opening,Qxg5,482,499,0,ok
fac85e10-31db-11f1-9111-c5406f01000f,18,9,black,opening,Qe7,495,391,104,mistake
fac85e10-31db-11f1-9111-c5406f01000f,20,10,black,opening,Qxc5,401,306,95,inaccuracy
fac85e10-31db-11f1-9111-c5406f01000f,22,11,black,middlegame,O-O,303,315,0,ok
fac85e10-31db-11f1-9111-c5406f01000f,24,12,black,middlegame,Nd4,313,299,14,ok
fac85e10-31db-11f1-9111-c5406f01000f,26,13,black,middlegame,Qa5,405,256,149,mistake
fac85e10-31db-11f1-9111-c5406f01000f,28,14,black,middlegame,Ne6,333,-350,683,blunder
fac85e10-31db-11f1-9111-c5406f01000f,30,15,black,middlegame,Bxe6,-742,-99996,99254,blunder
fac85e10-31db-11f1-9111-c5406f01000f,32,16,black,middlegame,g6,-99997,-99997,0,ok
08ed9ee8-31c3-11f1-b5ef-1aeed801000f,2,1,black,opening,d5,-35,-33,0,ok
08ed9ee8-31c3-11f1-b5ef-1aeed801000f,4,2,black,opening,Nf6,16,8,8,ok
08ed9ee8-31c3-11f1-b5ef-1aeed801000f,6,3,black,opening,Nc6,4,-44,48,ok
08ed9ee8-31c3-11f1-b5ef-1aeed801000f,8,4,black,opening,e5,-67,-63,0,ok
08ed9ee8-31c3-11f1-b5ef-1aeed801000f,10,5,black,opening,Ne4,-61,-224,163,mistake
08ed9ee8-31c3-11f1-b5ef-1aeed801000f,12,6,black,opening,Bb4+,-254,-338,84,inaccuracy
08ed9ee8-31c3-11f1-b5ef-1aeed801000f,14,7,black,opening,Qxd5,-347,-338,0,ok
08ed9ee8-31c3-11f1-b5ef-1aeed801000f,16,8,black,opening,Kd7,-340,-417,77,inaccuracy
08ed9ee8-31c3-11f1-b5ef-1aeed801000f,18,9,black,opening,Re8,-441,-600,159,mistake
cbf3d88a-31ab-11f1-9111-c5406f01000f,1,1,white,opening,e4,31,33,0,ok
cbf3d88a-31ab-11f1-9111-c5406f01000f,3,2,white,opening,Nf3,35,33,2,ok
cbf3d88a-31ab-11f1-9111-c5406f01000f,5,3,white,opening,Nc3,35,19,16,ok
cbf3d88a-31ab-11f1-9111-c5406f01000f,7,4,white,opening,d4,18,8,10,ok
cbf3d88a-31ab-11f1-9111-c5406f01000f,9,5,white,opening,Nxd4,20,26,0,ok
cbf3d88a-31ab-11f1-9111-c5406f01000f,11,6,white,opening,Nxc6,76,68,8,ok
cbf3d88a-31ab-11f1-9111-c5406f01000f,13,7,white,opening,e5,78,-40,118,mistake
cbf3d88a-31ab-11f1-9111-c5406f01000f,15,8,white,opening,Nxd5,186,190,0,ok
cbf3d88a-31ab-11f1-9111-c5406f01000f,17,9,white,opening,Qxd5,196,196,0,ok
cbf3d88a-31ab-11f1-9111-c5406f01000f,19,10,white,opening,Bb5+,404,403,1,ok
cbf3d88a-31ab-11f1-9111-c5406f01000f,21,11,white,opening,Qe4,462,254,208,mistake
cbf3d88a-31ab-11f1-9111-c5406f01000f,23,12,white,middlegame,Bg5+,99997,885,99112,blunder
cbf3d88a-31ab-11f1-9111-c5406f01000f,25,13,white,middlegame,Bxf6+,880,876,4,ok
cbf3d88a-31ab-11f1-9111-c5406f01000f,27,14,white,middlegame,Bxh8,895,535,360,blunder
cbf3d88a-31ab-11f1-9111-c5406f01000f,29,15,white,middlegame,Qf4+,653,663,0,ok
cbf3d88a-31ab-11f1-9111-c5406f01000f,31,16,white,middlegame,Bxg7,674,651,23,ok
cbf3d88a-31ab-11f1-9111-c5406f01000f,33,17,white,middlegame,O-O-O,678,672,6,ok
cbf3d88a-31ab-11f1-9111-c5406f01000f,35,18,white,middlegame,Qf6+,99995,99996,0,ok
cbf3d88a-31ab-11f1-9111-c5406f01000f,37,19,white,middlegame,Qxe6+,99996,99997,0,ok
cbf3d88a-31ab-11f1-9111-c5406f01000f,39,20,white,middlegame,Bc4,99997,889,99108,blunder
cbf3d88a-31ab-11f1-9111-c5406f01000f,41,21,white,middlegame,Qf6#,99999,100000,0,ok
3fc06d08-31ab-11f1-a41c-8a92f801000f,1,1,white,opening,e4,43,38,5,ok
3fc06d08-31ab-11f1-a41c-8a92f801000f,3,2,white,opening,exd5,76,80,0,ok
3fc06d08-31ab-11f1-a41c-8a92f801000f,5,3,white,opening,Nc3,80,82,0,ok
3fc06d08-31ab-11f1-a41c-8a92f801000f,7,4,white,opening,Nf3,87,83,4,ok
3fc06d08-31ab-11f1-a41c-8a92f801000f,9,5,white,opening,d4,77,79,0,ok
3fc06d08-31ab-11f1-a41c-8a92f801000f,11,6,white,opening,Bc4,106,93,13,ok
3fc06d08-31ab-11f1-a41c-8a92f801000f,13,7,white,opening,O-O,96,52,44,ok
3fc06d08-31ab-11f1-a41c-8a92f801000f,15,8,white,opening,Bf4,41,-2,43,ok
3fc06d08-31ab-11f1-a41c-8a92f801000f,17,9,white,opening,a3,77,-43,120,mistake
3fc06d08-31ab-11f1-a41c-8a92f801000f,19,10,white,opening,b4,75,-275,350,blunder
3fc06d08-31ab-11f1-a41c-8a92f801000f,21,11,white,opening,Be2,86,101,0,ok
3fc06d08-31ab-11f1-a41c-8a92f801000f,23,12,white,middlegame,Nd2,211,69,142,mistake
3fc06d08-31ab-11f1-a41c-8a92f801000f,25,13,white,middlegame,Bxg4+,714,721,0,ok
73d067b8-3148-11f1-9396-c9874a01000f,2,1,black,opening,d5,-35,-39,4,ok
73d067b8-3148-11f1-9396-c9874a01000f,4,2,black,opening,Nc6,31,9,22,ok
73d067b8-3148-11f1-9396-c9874a01000f,6,3,black,opening,Nxd4,61,-265,326,blunder
73d067b8-3148-11f1-9396-c9874a01000f,8,4,black,opening,f6,-277,-278,1,ok
73d067b8-3148-11f1-9396-c9874a01000f,10,5,black,opening,e5,-241,-248,7,ok
73d067b8-3148-11f1-9396-c9874a01000f,12,6,black,opening,Bd7,-231,-246,15,ok
73d067b8-3148-11f1-9396-c9874a01000f,14,7,black,opening,Bc6,-259,-295,36,ok
73d067b8-3148-11f1-9396-c9874a01000f,16,8,black,opening,Qd6,-259,-307,48,ok
73d067b8-3148-11f1-9396-c9874a01000f,18,9,black,opening,O-O-O,-266,-266,0,ok
73d067b8-3148-11f1-9396-c9874a01000f,20,10,black,opening,d4,-262,-338,76,inaccuracy
73d067b8-3148-11f1-9396-c9874a01000f,22,11,black,middlegame,Qc5,-257,-327,70,inaccuracy
73d067b8-3148-11f1-9396-c9874a01000f,24,12,black,middlegame,Bb5,-245,-423,178,mistake
73d067b8-3148-11f1-9396-c9874a01000f,26,13,black,middlegame,dxe3,-436,-506,70,inaccuracy
73d067b8-3148-11f1-9396-c9874a01000f,28,14,black,middlegame,Nh6,-375,-469,94,inaccuracy
73d067b8-3148-11f1-9396-c9874a01000f,30,15,black,middlegame,Kxd8,-496,-505,9,ok
73d067b8-3148-11f1-9396-c9874a01000f,32,16,black,middlegame,Kc8,-506,-503,0,ok
73d067b8-3148-11f1-9396-c9874a01000f,34,17,black,middlegame,Nf5,-354,-362,8,ok
73d067b8-3148-11f1-9396-c9874a01000f,36,18,black,middlegame,Nd4,-175,-198,23,ok
73d067b8-3148-11f1-9396-c9874a01000f,38,19,black,middlegame,Bxc4,-182,-341,159,mistake
73d067b8-3148-11f1-9396-c9874a01000f,40,20,black,middlegame,Nxe2,-317,-99998,99681,blunder
73d067b8-3148-11f1-9396-c9874a01000f,42,21,black,middlegame,Bxc5,336,345,0,ok
7091fa53-3147-11f1-9396-c9874a01000f,1,1,white,opening,e4,37,36,1,ok
7091fa53-3147-11f1-9396-c9874a01000f,3,2,white,opening,Nf3,36,36,0,ok
7091fa53-3147-11f1-9396-c9874a01000f,5,3,white,opening,Nc3,35,16,19,ok
7091fa53-3147-11f1-9396-c9874a01000f,7,4,white,opening,d4,24,20,4,ok
7091fa53-3147-11f1-9396-c9874a01000f,9,5,white,opening,Nxd4,23,19,4,ok
7091fa53-3147-11f1-9396-c9874a01000f,11,6,white,opening,Nxc6,20,24,0,ok
7091fa53-3147-11f1-9396-c9874a01000f,13,7,white,opening,Bd2,62,-32,94,inaccuracy
7091fa53-3147-11f1-9396-c9874a01000f,15,8,white,opening,Bxc3,136,135,1,ok
7091fa53-3147-11f1-9396-c9874a01000f,17,9,white,opening,Bxf6,157,-60,217,mistake
7091fa53-3147-11f1-9396-c9874a01000f,19,10,white,opening,b3,-44,-463,419,blunder
7091fa53-3147-11f1-9396-c9874a01000f,21,11,white,opening,Bd3,-57,-62,5,ok
7091fa53-3147-11f1-9396-c9874a01000f,23,12,white,middlegame,O-O,-1,-111,110,mistake
7091fa53-3147-11f1-9396-c9874a01000f,25,13,white,middlegame,Bxe4,-107,-105,0,ok
7091fa53-3147-11f1-9396-c9874a01000f,27,14,white,middlegame,Qd7,-111,-134,23,ok
7091fa53-3147-11f1-9396-c9874a01000f,29,15,white,middlegame,Qd3,-113,-127,14,ok
7091fa53-3147-11f1-9396-c9874a01000f,31,16,white,middlegame,Rad1,-133,-136,3,ok
7091fa53-3147-11f1-9396-c9874a01000f,33,17,white,middlegame,g3,-120,-119,0,ok
7091fa53-3147-11f1-9396-c9874a01000f,35,18,white,middlegame,a4,-101,-95,0,ok
7091fa53-3147-11f1-9396-c9874a01000f,37,19,white,middlegame,Rd2,-71,-73,2,ok
7091fa53-3147-11f1-9396-c9874a01000f,39,20,white,middlegame,Qxd2,-75,-76,1,ok
7091fa53-3147-11f1-9396-c9874a01000f,41,21,white,middlegame,h4,0,-65,65,inaccuracy
7091fa53-3147-11f1-9396-c9874a01000f,43,22,white,middlegame,Qa5,15,10,5,ok
7091fa53-3147-11f1-9396-c9874a01000f,45,23,white,middlegame,Qxc7,659,0,659,blunder
7091fa53-3147-11f1-9396-c9874a01000f,47,24,white,middlegame,Qxb7,139,125,14,ok
7091fa53-3147-11f1-9396-c9874a01000f,49,25,white,middlegame,Qc7,135,95,40,ok
7091fa53-3147-11f1-9396-c9874a01000f,51,26,white,middlegame,Qc8+,82,33,49,ok
7091fa53-3147-11f1-9396-c9874a01000f,53,27,white,middlegame,Qf5+,34,-818,852,blunder
0bb72621-3146-11f1-9396-c9874a01000f,2,1,black,opening,e5,-34,-39,5,ok
0bb72621-3146-11f1-9396-c9874a01000f,4,2,black,opening,Nf6,-19,-19,0,ok
0bb72621-3146-11f1-9396-c9874a01000f,6,3,black,opening,Nxe4,-21,-26,5,ok
0bb72621-3146-11f1-9396-c9874a01000f,8,4,black,opening,d5,79,75,4,ok
0bb72621-3146-11f1-9396-c9874a01000f,10,5,black,opening,c6,85,86,0,ok
0bb72621-3146-11f1-9396-c9874a01000f,12,6,black,opening,dxe4,210,202,8,ok
0bb72621-3146-11f1-9396-c9874a01000f,14,7,black,opening,Bd6,217,186,31,ok
0bb72621-3146-11f1-9396-c9874a01000f,16,8,black,opening,O-O,191,164,27,ok
0bb72621-3146-11f1-9396-c9874a01000f,18,9,black,opening,exd3,192,192,0,ok
0bb72621-3146-11f1-9396-c9874a01000f,20,10,black,opening,Qf6,249,179,70,inaccuracy
0bb72621-3146-11f1-9396-c9874a01000f,22,11,black,middlegame,Qf5,250,264,0,ok
0bb72621-3146-11f1-9396-c9874a01000f,24,12,black,middlegame,Be7,350,301,49,ok
0bb72621-3146-11f1-9396-c9874a01000f,26,13,black,middlegame,Qxg5,533,538,0,ok
0bb72621-3146-11f1-9396-c9874a01000f,28,14,black,middlegame,Bxg5,529,537,0,ok
0bb72621-3146-11f1-9396-c9874a01000f,30,15,black,endgame,Bf4,563,565,0,ok
0bb72621-3146-11f1-9396-c9874a01000f,32,16,black,endgame,Bxg4,578,584,0,ok
0bb72621-3146-11f1-9396-c9874a01000f,34,17,black,endgame,Bxg5,580,510,70,inaccuracy
0bb72621-3146-11f1-9396-c9874a01000f,36,18,black,endgame,Na6,528,486,42,ok
0bb72621-3146-11f1-9396-c9874a01000f,38,19,black,endgame,exd4,519,0,519,blunder
0bb72621-3146-11f1-9396-c9874a01000f,40,20,black,endgame,Kh8,0,0,0,ok
0bb72621-3146-11f1-9396-c9874a01000f,42,21,black,endgame,Kg8,0,0,0,ok
0bb72621-3146-11f1-9396-c9874a01000f,44,22,black,endgame,Rfe8+,235,234,1,ok
0bb72621-3146-11f1-9396-c9874a01000f,46,23,black,endgame,Re4,238,130,108,mistake
0bb72621-3146-11f1-9396-c9874a01000f,48,24,black,endgame,Re3,157,140,17,ok
0bb72621-3146-11f1-9396-c9874a01000f,50,25,black,endgame,Rae8,201,151,50,inaccuracy
0bb72621-3146-11f1-9396-c9874a01000f,52,26,black,endgame,Re2+,145,-364,509,blunder
0bb72621-3146-11f1-9396-c9874a01000f,54,27,black,endgame,Nb4+,257,-118,375,blunder
0bb72621-3146-11f1-9396-c9874a01000f,56,28,black,endgame,b5+,-104,-328,224,mistake
0bb72621-3146-11f1-9396-c9874a01000f,58,29,black,endgame,Rxb2+,-360,-453,93,inaccuracy
0bb72621-3146-11f1-9396-c9874a01000f,60,30,black,endgame,Rc2+,-1021,-99993,98972,blunder
0bb72621-3146-11f1-9396-c9874a01000f,62,31,black,endgame,Rb2+,-21,-910,889,blunder
0bb72621-3146-11f1-9396-c9874a01000f,64,32,black,endgame,Rxa2+,-509,-492,0,ok
0bb72621-3146-11f1-9396-c9874a01000f,66,33,black,endgame,Re2+,-490,-485,0,ok
0bb72621-3146-11f1-9396-c9874a01000f,68,34,black,endgame,Re3+,-447,-530,83,inaccuracy
0bb72621-3146-11f1-9396-c9874a01000f,70,35,black,endgame,Rc3+,-506,-498,0,ok
0bb72621-3146-11f1-9396-c9874a01000f,72,36,black,endgame,f6,-528,-842,314,blunder
0bb72621-3146-11f1-9396-c9874a01000f,74,37,black,endgame,Kf7,-486,-498,12,ok
0bb72621-3146-11f1-9396-c9874a01000f,76,38,black,endgame,Ke6,-460,-484,24,ok
0bb72621-3146-11f1-9396-c9874a01000f,78,39,black,endgame,Kd5,-473,-481,8,ok
0bb72621-3146-11f1-9396-c9874a01000f,80,40,black,endgame,Kc4,-501,-492,0,ok
0bb72621-3146-11f1-9396-c9874a01000f,82,41,black,endgame,b4,-441,-467,26,ok
0bb72621-3146-11f1-9396-c9874a01000f,84,42,black,endgame,dxc3+,-436,-438,2,ok
0bb72621-3146-11f1-9396-c9874a01000f,86,43,black,endgame,Kb3,-446,-534,88,inaccuracy
0bb72621-3146-11f1-9396-c9874a01000f,88,44,black,endgame,gxf6,-658,-804,146,mistake
0bb72621-3146-11f1-9396-c9874a01000f,90,45,black,endgame,Ka3,-855,-99978,99123,blunder
0bb72621-3146-11f1-9396-c9874a01000f,92,46,black,endgame,b3,-99982,-99987,5,ok
0bb72621-3146-11f1-9396-c9874a01000f,94,47,black,endgame,Kb4,-661,-720,59,inaccuracy
0bb72621-3146-11f1-9396-c9874a01000f,96,48,black,endgame,Ka3,-872,-99996,99124,blunder
0bb72621-3146-11f1-9396-c9874a01000f,98,49,black,endgame,Ka2,-99992,-99998,6,ok
0bb72621-3146-11f1-9396-c9874a01000f,100,50,black,endgame,Ka1,-99999,-99999,0,ok
0bb72621-3146-11f1-9396-c9874a01000f,102,51,black,endgame,f5,-99999,-99999,0,ok
0bb72621-3146-11f1-9396-c9874a01000f,104,52,black,endgame,f4,-99999,-99999,0,ok
7388b6f9-3145-11f1-9396-c9874a01000f,2,1,black,opening,d5,-40,-39,0,ok
7388b6f9-3145-11f1-9396-c9874a01000f,4,2,black,opening,dxc4,-39,-41,2,ok
7388b6f9-3145-11f1-9396-c9874a01000f,6,3,black,opening,Nf6,-50,-58,8,ok
7388b6f9-3145-11f1-9396-c9874a01000f,8,4,black,opening,Nxe4,37,36,1,ok
7388b6f9-3145-11f1-9396-c9874a01000f,10,5,black,opening,Bf5,86,75,11,ok
7388b6f9-3145-11f1-9396-c9874a01000f,12,6,black,opening,Qxd4,142,-149,291,mistake
7388b6f9-3145-11f1-9396-c9874a01000f,14,7,black,opening,Bxe4,226,126,100,mistake
7388b6f9-3145-11f1-9396-c9874a01000f,16,8,black,opening,Bd5,307,309,0,ok
7388b6f9-3145-11f1-9396-c9874a01000f,18,9,black,opening,Nc6,322,315,7,ok
7388b6f9-3145-11f1-9396-c9874a01000f,20,10,black,opening,Qb4+,325,326,0,ok
7388b6f9-3145-11f1-9396-c9874a01000f,22,11,black,middlegame,e6,312,316,0,ok
7388b6f9-3145-11f1-9396-c9874a01000f,24,12,black,middlegame,Qh4+,324,322,2,ok
7388b6f9-3145-11f1-9396-c9874a01000f,26,13,black,middlegame,Qf6,324,329,0,ok
7388b6f9-3145-11f1-9396-c9874a01000f,28,14,black,middlegame,Bd6,351,267,84,inaccuracy
7388b6f9-3145-11f1-9396-c9874a01000f,30,15,black,middlegame,O-O,390,277,113,mistake
7388b6f9-3145-11f1-9396-c9874a01000f,32,16,black,middlegame,Bxe4,578,556,22,ok
93cb712b-310f-11f1-86e6-08a4af01000f,1,1,white,opening,e4,36,35,1,ok
93cb712b-310f-11f1-86e6-08a4af01000f,3,2,white,opening,exd5,76,77,0,ok
93cb712b-310f-11f1-86e6-08a4af01000f,5,3,white,opening,dxc6,80,89,0,ok
93cb712b-310f-11f1-86e6-08a4af01000f,7,4,white,opening,Bb5,154,92,62,inaccuracy
93cb712b-310f-11f1-86e6-08a4af01000f,9,5,white,opening,Bxc6+,130,-425,555,blunder
93cb712b-310f-11f1-86e6-08a4af01000f,11,6,white,opening,Qf3,-400,-498,98,inaccuracy
93cb712b-310f-11f1-86e6-08a4af01000f,13,7,white,opening,d4,-459,-537,78,inaccuracy
93cb712b-310f-11f1-86e6-08a4af01000f,15,8,white,opening,Nc3,-446,-465,19,ok
93cb712b-310f-11f1-86e6-08a4af01000f,17,9,white,opening,Be3,-385,-451,66,inaccuracy
93cb712b-310f-11f1-86e6-08a4af01000f,19,10,white,opening,O-O-O,-370,-511,141,mistake
93cb712b-310f-11f1-86e6-08a4af01000f,21,11,white,opening,Bxd4,-389,-622,233,mistake
93cb712b-310f-11f1-86e6-08a4af01000f,23,12,white,middlegame,Nxf3,-671,-696,25,ok
93cb712b-310f-11f1-86e6-08a4af01000f,25,13,white,middlegame,Kd2,-702,-709,7,ok
93cb712b-310f-11f1-86e6-08a4af01000f,27,14,white,middlegame,Rhe1+,-722,-715,0,ok
93cb712b-310f-11f1-86e6-08a4af01000f,29,15,white,middlegame,Nxd4,-732,-728,0,ok
93cb712b-310f-11f1-86e6-08a4af01000f,31,16,white,middlegame,Nc6,-672,-739,67,inaccuracy
93cb712b-310f-11f1-86e6-08a4af01000f,33,17,white,middlegame,Nd5,-754,-909,155,mistake
0f6a8bc3-310e-11f1-afa6-47755801000f,1,1,white,opening,e4,31,30,1,ok
0f6a8bc3-310e-11f1-afa6-47755801000f,3,2,white,opening,Nc3,76,-40,116,mistake
0f6a8bc3-310e-11f1-afa6-47755801000f,5,3,white,opening,Nxe4,14,26,0,ok
0f6a8bc3-310e-11f1-afa6-47755801000f,7,4,white,opening,Qf3,19,11,8,ok
0f6a8bc3-310e-11f1-afa6-47755801000f,9,5,white,opening,Qxe4,74,66,8,ok
0f6a8bc3-310e-11f1-afa6-47755801000f,11,6,white,opening,d4,64,44,20,ok
0f6a8bc3-310e-11f1-afa6-47755801000f,13,7,white,opening,Nf3,58,59,0,ok
0f6a8bc3-310e-11f1-afa6-47755801000f,15,8,white,opening,Bf4,79,41,38,ok
0f6a8bc3-310e-11f1-afa6-47755801000f,17,9,white,opening,Qe5,41,17,24,ok
0f6a8bc3-310e-11f1-afa6-47755801000f,19,10,white,opening,Qe3,6,-40,46,ok
0f6a8bc3-310e-11f1-afa6-47755801000f,21,11,white,opening,O-O-O,16,-40,56,inaccuracy
0f6a8bc3-310e-11f1-afa6-47755801000f,23,12,white,middlegame,Ne5,-9,-61,52,inaccuracy
0f6a8bc3-310e-11f1-afa6-47755801000f,25,13,white,middlegame,Bxe5,-68,-77,9,ok
0f6a8bc3-310e-11f1-afa6-47755801000f,27,14,white,middlegame,Kb1,-4,-24,20,ok
0f6a8bc3-310e-11f1-afa6-47755801000f,29,15,white,middlegame,g4,100,-95,195,mistake
0f6a8bc3-310e-11f1-afa6-47755801000f,31,16,white,middlegame,Qg3,-89,-199,110,mistake
0f6a8bc3-310e-11f1-afa6-47755801000f,33,17,white,middlegame,h4,158,128,30,ok
0f6a8bc3-310e-11f1-afa6-47755801000f,35,18,white,middlegame,Qg4,205,200,5,ok
0f6a8bc3-310e-11f1-afa6-47755801000f,37,19,white,middlegame,f4,490,157,333,blunder
0f6a8bc3-310e-11f1-afa6-47755801000f,39,20,white,middlegame,Bd3,427,63,364,blunder
0f6a8bc3-310e-11f1-afa6-47755801000f,41,21,white,middlegame,Rc1,394,-276,670,blunder
0f6a8bc3-310e-11f1-afa6-47755801000f,43,22,white,middlegame,fxe5,-276,-284,8,ok
0f6a8bc3-310e-11f1-afa6-47755801000f,45,23,white,middlegame,Qxe6+,-237,-263,26,ok
0f6a8bc3-310e-11f1-afa6-47755801000f,47,24,white,middlegame,Rcf1,-119,-172,53,inaccuracy
0f6a8bc3-310e-11f1-afa6-47755801000f,49,25,white,middlegame,Rxf1+,382,381,1,ok
0f6a8bc3-310e-11f1-afa6-47755801000f,51,26,white,middlegame,Qxc6+,1204,99986,0,ok
0f6a8bc3-310e-11f1-afa6-47755801000f,53,27,white,middlegame,Qxa8+,99986,99987,0,ok
0f6a8bc3-310e-11f1-afa6-47755801000f,55,28,white,middlegame,e6,99987,99988,0,ok
0f6a8bc3-310e-11f1-afa6-47755801000f,57,29,white,middlegame,Bxb5+,99998,951,99047,blunder
0f6a8bc3-310e-11f1-afa6-47755801000f,59,30,white,middlegame,Qb7+,1215,1210,5,ok
0f6a8bc3-310e-11f1-afa6-47755801000f,61,31,white,middlegame,Qf7+,99989,99990,0,ok
0f6a8bc3-310e-11f1-afa6-47755801000f,63,32,white,middlegame,Qd7+,99990,99991,0,ok
0f6a8bc3-310e-11f1-afa6-47755801000f,65,33,white,middlegame,Re1+,99991,99992,0,ok
0f6a8bc3-310e-11f1-afa6-47755801000f,67,34,white,middlegame,Qe8+,99992,99993,0,ok
e2a42569-310d-11f1-b5ef-1aeed801000f,2,1,black,opening,e5,-39,-47,8,ok
e2a42569-310d-11f1-b5ef-1aeed801000f,4,2,black,opening,exd4,8,12,0,ok
e2a42569-310d-11f1-b5ef-1aeed801000f,6,3,black,opening,Nc6,17,18,0,ok
e2a42569-310d-11f1-b5ef-1aeed801000f,8,4,black,opening,Nf6,82,74,8,ok
e2a42569-310d-11f1-b5ef-1aeed801000f,10,5,black,opening,Nxe4,86,86,0,ok
e2a42569-310d-11f1-b5ef-1aeed801000f,12,6,black,opening,Qe7,192,132,60,inaccuracy
e2a42569-310d-11f1-b5ef-1aeed801000f,14,7,black,opening,d5,185,-383,568,blunder
e2a42569-310d-11f1-b5ef-1aeed801000f,16,8,black,opening,Qe5,-399,-651,252,mistake
6492fb89-30f9-11f1-9111-c5406f01000f,1,1,white,opening,e4,41,39,2,ok
6492fb89-30f9-11f1-9111-c5406f01000f,3,2,white,opening,d4,41,16,25,ok
6492fb89-30f9-11f1-9111-c5406f01000f,5,3,white,opening,Qxd4,28,16,12,ok
6492fb89-30f9-11f1-9111-c5406f01000f,7,4,white,opening,Qe3,16,-3,19,ok
6492fb89-30f9-11f1-9111-c5406f01000f,9,5,white,opening,Nc3,23,20,3,ok
6492fb89-30f9-11f1-9111-c5406f01000f,11,6,white,opening,Nf3,19,24,0,ok
6492fb89-30f9-11f1-9111-c5406f01000f,13,7,white,opening,exd5,57,55,2,ok
6492fb89-30f9-11f1-9111-c5406f01000f,15,8,white,opening,Nxd5,39,43,0,ok
6492fb89-30f9-11f1-9111-c5406f01000f,17,9,white,opening,Bd2,42,21,21,ok
6492fb89-30f9-11f1-9111-c5406f01000f,19,10,white,opening,c4,43,2,41,ok
6492fb89-30f9-11f1-9111-c5406f01000f,21,11,white,opening,b3,10,-90,100,mistake
6492fb89-30f9-11f1-9111-c5406f01000f,23,12,white,middlegame,Bxe3,-24,-45,21,ok
6492fb89-30f9-11f1-9111-c5406f01000f,25,13,white,endgame,Rd1,-16,-44,28,ok
6492fb89-30f9-11f1-9111-c5406f01000f,27,14,white,endgame,Bd2,-15,-20,5,ok
6492fb89-30f9-11f1-9111-c5406f01000f,29,15,white,endgame,Rxd2,8,-40,48,ok
6492fb89-30f9-11f1-9111-c5406f01000f,31,16,white,endgame,c5,-34,-44,10,ok
6492fb89-30f9-11f1-9111-c5406f01000f,33,17,white,endgame,Bb5,12,-1,13,ok
6492fb89-30f9-11f1-9111-c5406f01000f,35,18,white,endgame,Bc4,7,5,2,ok
6492fb89-30f9-11f1-9111-c5406f01000f,37,19,white,endgame,O-O,45,-3,48,ok
6492fb89-30f9-11f1-9111-c5406f01000f,39,20,white,endgame,Nxd2,8,14,0,ok
6492fb89-30f9-11f1-9111-c5406f01000f,41,21,white,endgame,Ne4,32,30,2,ok
6492fb89-30f9-11f1-9111-c5406f01000f,43,22,white,endgame,Be2,75,74,1,ok
6492fb89-30f9-11f1-9111-c5406f01000f,45,23,white,endgame,Ng5,75,-213,288,mistake
6492fb89-30f9-11f1-9111-c5406f01000f,47,24,white,endgame,Ne4,3,0,3,ok
6492fb89-30f9-11f1-9111-c5406f01000f,49,25,white,endgame,Nd6,55,46,9,ok
6492fb89-30f9-11f1-9111-c5406f01000f,51,26,white,endgame,b4,57,53,4,ok
6492fb89-30f9-11f1-9111-c5406f01000f,53,27,white,endgame,Nxb7,51,0,51,inaccuracy
6492fb89-30f9-11f1-9111-c5406f01000f,55,28,white,endgame,Bxa6,0,-69,69,inaccuracy
6492fb89-30f9-11f1-9111-c5406f01000f,57,29,white,endgame,Rd1,-55,-265,210,mistake
6492fb89-30f9-11f1-9111-c5406f01000f,59,30,white,endgame,Rd6,-97,-469,372,blunder
6492fb89-30f9-11f1-9111-c5406f01000f,61,31,white,endgame,Rxa6,-445,-456,11,ok
6492fb89-30f9-11f1-9111-c5406f01000f,63,32,white,endgame,c6,-457,-99999,99542,blunder
788b6794-30e2-11f1-86e6-08a4af01000f,1,1,white,opening,e4,40,43,0,ok
788b6794-30e2-11f1-86e6-08a4af01000f,3,2,white,opening,Nf3,41,42,0,ok
788b6794-30e2-11f1-86e6-08a4af01000f,5,3,white,opening,Nc3,45,26,19,ok
788b6794-30e2-11f1-86e6-08a4af01000f,7,4,white,opening,Nxe5,74,76,0,ok
788b6794-30e2-11f1-86e6-08a4af01000f,9,5,white,opening,d4,69,65,4,ok
788b6794-30e2-11f1-86e6-08a4af01000f,11,6,white,opening,dxc5,259,261,0,ok
788b6794-30e2-11f1-86e6-08a4af01000f,13,7,white,opening,Bg5,274,247,27,ok
788b6794-30e2-11f1-86e6-08a4af01000f,15,8,white,opening,Bh4,242,249,0,ok
788b6794-30e2-11f1-86e6-08a4af01000f,17,9,white,opening,e5,290,112,178,mistake
788b6794-30e2-11f1-86e6-08a4af01000f,19,10,white,opening,Qe2,111,15,96,inaccuracy
788b6794-30e2-11f1-86e6-08a4af01000f,21,11,white,opening,O-O-O,157,139,18,ok
788b6794-30e2-11f1-86e6-08a4af01000f,23,12,white,middlegame,Qc4,239,156,83,inaccuracy
788b6794-30e2-11f1-86e6-08a4af01000f,25,13,white,middlegame,Qf4,191,98,93,inaccuracy
788b6794-30e2-11f1-86e6-08a4af01000f,27,14,white,middlegame,Bxg5,99,87,12,ok
788b6794-30e2-11f1-86e6-08a4af01000f,29,15,white,middlegame,Qxg5+,81,84,0,ok
788b6794-30e2-11f1-86e6-08a4af01000f,31,16,white,middlegame,Bd3,90,-74,164,mistake
788b6794-30e2-11f1-86e6-08a4af01000f,33,17,white,middlegame,Qg3,-49,-190,141,mistake
788b6794-30e2-11f1-86e6-08a4af01000f,35,18,white,middlegame,h4,343,-25,368,blunder
788b6794-30e2-11f1-86e6-08a4af01000f,37,19,white,middlegame,Qg4,140,-84,224,mistake
788b6794-30e2-11f1-86e6-08a4af01000f,39,20,white,middlegame,Rhe1,-76,-662,586,blunder
788b6794-30e2-11f1-86e6-08a4af01000f,41,21,white,middlegame,Rxe5,-663,-657,0,ok
788b6794-30e2-11f1-86e6-08a4af01000f,43,22,white,middlegame,Bxg6,-629,-727,98,inaccuracy
788b6794-30e2-11f1-86e6-08a4af01000f,45,23,white,middlegame,Bxh5,-736,-801,65,inaccuracy
788b6794-30e2-11f1-86e6-08a4af01000f,47,24,white,middlegame,Nd5,-829,-1034,205,mistake
6d30c45c-3052-11f1-b01d-5007f901000f,1,1,white,opening,e4,44,42,2,ok
6d30c45c-3052-11f1-b01d-5007f901000f,3,2,white,opening,d4,47,47,0,ok
6d30c45c-3052-11f1-b01d-5007f901000f,5,3,white,opening,d5,93,22,71,inaccuracy
6d30c45c-3052-11f1-b01d-5007f901000f,7,4,white,opening,exd5,51,51,0,ok
6d30c45c-3052-11f1-b01d-5007f901000f,9,5,white,opening,Nf3,65,31,34,ok
6d30c45c-3052-11f1-b01d-5007f901000f,11,6,white,opening,Bc4,26,17,9,ok
6d30c45c-3052-11f1-b01d-5007f901000f,13,7,white,opening,Be3,11,-75,86,inaccuracy
6d30c45c-3052-11f1-b01d-5007f901000f,15,8,white,opening,Nfd2,-81,-89,8,ok
6d30c45c-3052-11f1-b01d-5007f901000f,17,9,white,opening,Nb3,-47,-48,1,ok
6d30c45c-3052-11f1-b01d-5007f901000f,19,10,white,opening,Bd2,25,-286,311,blunder
6d30c45c-3052-11f1-b01d-5007f901000f,21,11,white,opening,Kxd2,-271,-301,30,ok
6d30c45c-3052-11f1-b01d-5007f901000f,23,12,white,middlegame,Ke3,-303,-361,58,inaccuracy
6d30c45c-3052-11f1-b01d-5007f901000f,25,13,white,middlegame,Kf3,-174,-99996,99822,blunder
6d30c45c-3052-11f1-b01d-5007f901000f,27,14,white,middlegame,Ke3,-382,-400,18,ok
6d30c45c-3052-11f1-b01d-5007f901000f,29,15,white,middlegame,Bd3,-334,-99998,99664,blunder
6d30c45c-3052-11f1-b01d-5007f901000f,31,16,white,middlegame,Kd4,-513,-99995,99482,blunder
6d30c45c-3052-11f1-b01d-5007f901000f,33,17,white,middlegame,Ke3,-1060,-1061,1,ok
6d30c45c-3052-11f1-b01d-5007f901000f,35,18,white,middlegame,Kd2,-795,-809,14,ok
6d30c45c-3052-11f1-b01d-5007f901000f,37,19,white,middlegame,Rxd1,-797,-833,36,ok
6d30c45c-3052-11f1-b01d-5007f901000f,39,20,white,middlegame,Nc3,-735,-99998,99263,blunder
6d30c45c-3052-11f1-b01d-5007f901000f,41,21,white,middlegame,Kc1,-710,-709,0,ok
6d30c45c-3052-11f1-b01d-5007f901000f,43,22,white,middlegame,h4,-731,-783,52,inaccuracy
6d30c45c-3052-11f1-b01d-5007f901000f,45,23,white,middlegame,Kb2,-761,-784,23,ok
6d30c45c-3052-11f1-b01d-5007f901000f,47,24,white,middlegame,Rxd3,-740,-730,0,ok
6d30c45c-3052-11f1-b01d-5007f901000f,49,25,white,middlegame,Nxe4,-721,-753,32,ok
6d30c45c-3052-11f1-b01d-5007f901000f,51,26,white,middlegame,Rad1,-758,-748,0,ok
6d30c45c-3052-11f1-b01d-5007f901000f,53,27,white,middlegame,Nd2,-722,-749,27,ok
6d30c45c-3052-11f1-b01d-5007f901000f,55,28,white,middlegame,Rh3,-703,-766,63,inaccuracy
f18e6007-3051-11f1-9111-c5406f01000f,2,1,black,opening,e5,-39,-38,0,ok
f18e6007-3051-11f1-9111-c5406f01000f,4,2,black,opening,Nc6,-36,-37,1,ok
f18e6007-3051-11f1-9111-c5406f01000f,6,3,black,opening,Qf6,-44,-81,37,ok
f18e6007-3051-11f1-9111-c5406f01000f,8,4,black,opening,Qxc6,24,-49,73,inaccuracy
f18e6007-3051-11f1-9111-c5406f01000f,10,5,black,opening,Nf6,4,-136,140,mistake
f18e6007-3051-11f1-9111-c5406f01000f,12,6,black,opening,d5,-42,-179,137,mistake
f18e6007-3051-11f1-9111-c5406f01000f,14,7,black,opening,Qe6,-173,-177,4,ok
f18e6007-3051-11f1-9111-c5406f01000f,16,8,black,opening,Bd6,-133,-138,5,ok
f18e6007-3051-11f1-9111-c5406f01000f,18,9,black,opening,dxe4,-15,-15,0,ok
f18e6007-3051-11f1-9111-c5406f01000f,20,10,black,opening,O-O,37,37,0,ok
f18e6007-3051-11f1-9111-c5406f01000f,22,11,black,middlegame,c5,50,35,15,ok
f18e6007-3051-11f1-9111-c5406f01000f,24,12,black,middlegame,Nxe4,112,116,0,ok
f18e6007-3051-11f1-9111-c5406f01000f,26,13,black,middlegame,Bxe5,102,-156,258,mistake
f18e6007-3051-11f1-9111-c5406f01000f,28,14,black,middlegame,cxd4,230,-155,385,blunder
f18e6007-3051-11f1-9111-c5406f01000f,30,15,black,middlegame,Rd8,-34,-148,114,mistake
f18e6007-3051-11f1-9111-c5406f01000f,32,16,black,middlegame,Bd7,-89,-456,367,blunder
f18e6007-3051-11f1-9111-c5406f01000f,34,17,black,middlegame,Qg6,-150,-113,0,ok
f18e6007-3051-11f1-9111-c5406f01000f,36,18,black,middlegame,Bf5,366,268,98,inaccuracy
f18e6007-3051-11f1-9111-c5406f01000f,38,19,black,middlegame,Bxe4,487,510,0,ok
721d3059-3048-11f1-b5ef-1aeed801000f,2,1,black,opening,e5,-43,-41,0,ok
721d3059-3048-11f1-b5ef-1aeed801000f,4,2,black,opening,Nc6,-39,-41,2,ok
721d3059-3048-11f1-b5ef-1aeed801000f,6,3,black,opening,Nf6,-29,-25,0,ok
721d3059-3048-11f1-b5ef-1aeed801000f,8,4,black,opening,Bc5,-30,-26,0,ok
721d3059-3048-11f1-b5ef-1aeed801000f,10,5,black,opening,d5,-17,-36,19,ok
721d3059-3048-11f1-b5ef-1aeed801000f,12,6,black,opening,Nxd5,49,46,3,ok
721d3059-3048-11f1-b5ef-1aeed801000f,14,7,black,opening,Qxd5,55,51,4,ok
721d3059-3048-11f1-b5ef-1aeed801000f,16,8,black,opening,O-O,74,69,5,ok
721d3059-3048-11f1-b5ef-1aeed801000f,18,9,black,opening,Qe6,70,76,0,ok
721d3059-3048-11f1-b5ef-1aeed801000f,20,10,black,opening,Bd6,80,-38,118,mistake
721d3059-3048-11f1-b5ef-1aeed801000f,22,11,black,middlegame,Qg6,-38,-34,0,ok
721d3059-3048-11f1-b5ef-1aeed801000f,24,12,black,middlegame,Bxh3,-58,-261,203,mistake
721d3059-3048-11f1-b5ef-1aeed801000f,26,13,black,middlegame,Nb4,225,217,8,ok
721d3059-3048-11f1-b5ef-1aeed801000f,28,14,black,middlegame,Bg4,357,382,0,ok
721d3059-3048-11f1-b5ef-1aeed801000f,30,15,black,middlegame,Qh5,369,287,82,inaccuracy
721d3059-3048-11f1-b5ef-1aeed801000f,32,16,black,middlegame,Bxe2,409,412,0,ok
721d3059-3048-11f1-b5ef-1aeed801000f,34,17,black,middlegame,Nxd5,404,429,0,ok
721d3059-3048-11f1-b5ef-1aeed801000f,36,18,black,middlegame,Qxe2,431,434,0,ok
721d3059-3048-11f1-b5ef-1aeed801000f,38,19,black,middlegame,Rfe8,479,429,50,inaccuracy
721d3059-3048-11f1-b5ef-1aeed801000f,40,20,black,middlegame,e4,438,382,56,inaccuracy
721d3059-3048-11f1-b5ef-1aeed801000f,42,21,black,middlegame,Bxg3,512,534,0,ok
721d3059-3048-11f1-b5ef-1aeed801000f,44,22,black,middlegame,Qxe3+,606,609,0,ok
721d3059-3048-11f1-b5ef-1aeed801000f,46,23,black,middlegame,Qxc3,603,549,54,inaccuracy
721d3059-3048-11f1-b5ef-1aeed801000f,48,24,black,middlegame,Qc2+,536,466,70,inaccuracy
721d3059-3048-11f1-b5ef-1aeed801000f,50,25,black,middlegame,Rf8,500,438,62,inaccuracy
721d3059-3048-11f1-b5ef-1aeed801000f,52,26,black,middlegame,g6,566,227,339,blunder
721d3059-3048-11f1-b5ef-1aeed801000f,54,27,black,middlegame,Kg7,225,224,1,ok
721d3059-3048-11f1-b5ef-1aeed801000f,56,28,black,middlegame,Qe2,226,-99998,100224,blunder
721d3059-3048-11f1-b5ef-1aeed801000f,58,29,black,middlegame,Kg8,-99999,-99999,0,ok
30de00c2-3048-11f1-9396-c9874a01000f,1,1,white,opening,e4,44,40,4,ok
30de00c2-3048-11f1-9396-c9874a01000f,3,2,white,opening,d4,43,25,18,ok
30de00c2-3048-11f1-9396-c9874a01000f,5,3,white,opening,Nf3,70,44,26,ok
30de00c2-3048-11f1-9396-c9874a01000f,7,4,white,opening,d5,185,194,0,ok
30de00c2-3048-11f1-9396-c9874a01000f,9,5,white,opening,c3,266,245,21,ok
30de00c2-3048-11f1-9396-c9874a01000f,11,6,white,opening,Bxa6,240,170,70,inaccuracy
30de00c2-3048-11f1-9396-c9874a01000f,13,7,white,opening,dxe6,178,148,30,ok
30de00c2-3048-11f1-9396-c9874a01000f,15,8,white,opening,Ne5,148,65,83,inaccuracy
30de00c2-3048-11f1-9396-c9874a01000f,17,9,white,opening,Bg5,61,67,0,ok
30de00c2-3048-11f1-9396-c9874a01000f,19,10,white,opening,Bxf6,216,162,54,inaccuracy
30de00c2-3048-11f1-9396-c9874a01000f,21,11,white,opening,Ng4,168,68,100,mistake
30de00c2-3048-11f1-9396-c9874a01000f,23,12,white,middlegame,Nxe5,776,793,0,ok
a1371308-303f-11f1-b5ef-1aeed801000f,2,1,black,opening,d5,-30,-31,1,ok
a1371308-303f-11f1-b5ef-1aeed801000f,4,2,black,opening,Nc6,-4,-55,51,inaccuracy
a1371308-303f-11f1-b5ef-1aeed801000f,6,3,black,opening,e5,-46,-105,59,inaccuracy
a1371308-303f-11f1-b5ef-1aeed801000f,8,4,black,opening,Nxe5,-113,-113,0,ok
a1371308-303f-11f1-b5ef-1aeed801000f,10,5,black,opening,Bd6,17,-111,128,mistake
a1371308-303f-11f1-b5ef-1aeed801000f,12,6,black,opening,Be6,77,-23,100,mistake
a1371308-303f-11f1-b5ef-1aeed801000f,14,7,black,opening,Qf6,-6,-3,0,ok
a1371308-303f-11f1-b5ef-1aeed801000f,16,8,black,opening,Bb4,398,-501,899,blunder
a1371308-303f-11f1-b5ef-1aeed801000f,18,9,black,opening,O-O-O,318,-487,805,blunder
a1371308-303f-11f1-b5ef-1aeed801000f,20,10,black,opening,Qf5,-474,-561,87,inaccuracy
a1371308-303f-11f1-b5ef-1aeed801000f,22,11,black,middlegame,Nf6,-514,-492,0,ok
a1371308-303f-11f1-b5ef-1aeed801000f,24,12,black,middlegame,Rxh8,-509,-505,0,ok
a1371308-303f-11f1-b5ef-1aeed801000f,26,13,black,middlegame,Qe5,-513,-582,69,inaccuracy
a1371308-303f-11f1-b5ef-1aeed801000f,28,14,black,middlegame,Qxe6,-526,-524,0,ok
a1371308-303f-11f1-b5ef-1aeed801000f,30,15,black,middlegame,h5,-532,-547,15,ok
a1371308-303f-11f1-b5ef-1aeed801000f,32,16,black,middlegame,c5,-576,-577,1,ok
a1371308-303f-11f1-b5ef-1aeed801000f,34,17,black,middlegame,Ng4,-562,-628,66,inaccuracy
a1371308-303f-11f1-b5ef-1aeed801000f,36,18,black,middlegame,Bc3,-579,-637,58,inaccuracy
a1371308-303f-11f1-b5ef-1aeed801000f,38,19,black,middlegame,Be5,-630,-739,109,mistake
a1371308-303f-11f1-b5ef-1aeed801000f,40,20,black,middlegame,a6,-559,-697,138,mistake
a1371308-303f-11f1-b5ef-1aeed801000f,42,21,black,middlegame,Nxe5,-678,-730,52,inaccuracy
a1371308-303f-11f1-b5ef-1aeed801000f,44,22,black,middlegame,h4,-763,-822,59,inaccuracy
a1371308-303f-11f1-b5ef-1aeed801000f,46,23,black,middlegame,Kb8,-855,-869,14,ok
a1371308-303f-11f1-b5ef-1aeed801000f,48,24,black,middlegame,hxg3,-690,-828,138,mistake
a1371308-303f-11f1-b5ef-1aeed801000f,50,25,black,middlegame,Qxe5,-840,-845,5,ok
ae5f18c5-302f-11f1-9111-c5406f01000f,1,1,white,opening,e4,43,42,1,ok
ae5f18c5-302f-11f1-9111-c5406f01000f,3,2,white,opening,d4,66,70,0,ok
ae5f18c5-302f-11f1-9111-c5406f01000f,5,3,white,opening,Nc3,72,76,0,ok
ae5f18c5-302f-11f1-9111-c5406f01000f,7,4,white,opening,Nf3,79,69,10,ok
ae5f18c5-302f-11f1-9111-c5406f01000f,9,5,white,opening,Bg5,64,56,8,ok
ae5f18c5-302f-11f1-9111-c5406f01000f,11,6,white,opening,Bc4,66,5,61,inaccuracy
ae5f18c5-302f-11f1-9111-c5406f01000f,13,7,white,opening,O-O,63,19,44,ok
ae5f18c5-302f-11f1-9111-c5406f01000f,15,8,white,opening,d5,16,-24,40,ok
ae5f18c5-302f-11f1-9111-c5406f01000f,17,9,white,opening,Qxf3,-11,-11,0,ok
ae5f18c5-302f-11f1-9111-c5406f01000f,19,10,white,opening,Qe2,-15,-14,0,ok
ae5f18c5-302f-11f1-9111-c5406f01000f,21,11,white,opening,a4,41,-14,55,inaccuracy
ae5f18c5-302f-11f1-9111-c5406f01000f,23,12,white,middlegame,Qxc4,-15,-11,0,ok
ae5f18c5-302f-11f1-9111-c5406f01000f,25,13,white,middlegame,Bh4,13,-18,31,ok
ae5f18c5-302f-11f1-9111-c5406f01000f,27,14,white,middlegame,Bg3,-11,10,0,ok
ae5f18c5-302f-11f1-9111-c5406f01000f,29,15,white,middlegame,Rfe1,33,9,24,ok
ae5f18c5-302f-11f1-9111-c5406f01000f,31,16,white,middlegame,dxc6,16,15,1,ok
ae5f18c5-302f-11f1-9111-c5406f01000f,33,17,white,middlegame,e5,5,-17,22,ok
ae5f18c5-302f-11f1-9111-c5406f01000f,35,18,white,middlegame,Rad1,69,42,27,ok
ae5f18c5-302f-11f1-9111-c5406f01000f,37,19,white,middlegame,Qd3,33,-100,133,mistake
ae5f18c5-302f-11f1-9111-c5406f01000f,39,20,white,middlegame,Rxd3,-99,-106,7,ok
ae5f18c5-302f-11f1-9111-c5406f01000f,41,21,white,endgame,Nxd5,3,-6,9,ok
ae5f18c5-302f-11f1-9111-c5406f01000f,43,22,white,endgame,Rxd5,-9,-5,0,ok
ae5f18c5-302f-11f1-9111-c5406f01000f,45,23,white,endgame,Rxd8,13,0,13,ok
ae5f18c5-302f-11f1-9111-c5406f01000f,47,24,white,endgame,h3,0,-20,20,ok
ae5f18c5-302f-11f1-9111-c5406f01000f,49,25,white,endgame,Rc1,1,-187,188,mistake
ae5f18c5-302f-11f1-9111-c5406f01000f,51,26,white,endgame,b4,-169,-172,3,ok
ae5f18c5-302f-11f1-9111-c5406f01000f,53,27,white,endgame,Re1,-65,-234,169,mistake
ae5f18c5-302f-11f1-9111-c5406f01000f,55,28,white,endgame,f3,-300,-333,33,ok
ae5f18c5-302f-11f1-9111-c5406f01000f,57,29,white,endgame,gxf3,-118,-166,48,ok
ae5f18c5-302f-11f1-9111-c5406f01000f,59,30,white,endgame,Rxe7,-4,-3,0,ok
ae5f18c5-302f-11f1-9111-c5406f01000f,61,31,white,endgame,b5,0,-34,34,ok
ae5f18c5-302f-11f1-9111-c5406f01000f,63,32,white,endgame,Bf2,191,-26,217,mistake
ae5f18c5-302f-11f1-9111-c5406f01000f,65,33,white,endgame,a5,-26,-248,222,mistake
ae5f18c5-302f-11f1-9111-c5406f01000f,67,34,white,endgame,Be1,-272,-317,45,ok
ae5f18c5-302f-11f1-9111-c5406f01000f,69,35,white,endgame,Bxc3,45,106,0,ok
ae5f18c5-302f-11f1-9111-c5406f01000f,71,36,white,endgame,a6,82,43,39,ok
ae5f18c5-302f-11f1-9111-c5406f01000f,73,37,white,endgame,a7,283,311,0,ok
ae5f18c5-302f-11f1-9111-c5406f01000f,75,38,white,endgame,Rb7,358,368,0,ok
ae5f18c5-302f-11f1-9111-c5406f01000f,77,39,white,endgame,Rb8+,380,372,8,ok
ae5f18c5-302f-11f1-9111-c5406f01000f,79,40,white,endgame,a8=Q,459,518,0,ok
ae5f18c5-302f-11f1-9111-c5406f01000f,81,41,white,endgame,Rxa8,500,513,0,ok
ae5f18c5-302f-11f1-9111-c5406f01000f,83,42,white,endgame,Rb8,506,514,0,ok
ae5f18c5-302f-11f1-9111-c5406f01000f,85,43,white,endgame,Rxb3,515,523,0,ok
ae5f18c5-302f-11f1-9111-c5406f01000f,87,44,white,endgame,Kg2,523,523,0,ok
ae5f18c5-302f-11f1-9111-c5406f01000f,89,45,white,endgame,Rb4+,525,521,4,ok
ae5f18c5-302f-11f1-9111-c5406f01000f,91,46,white,endgame,Kg3,520,521,0,ok
ae5f18c5-302f-11f1-9111-c5406f01000f,93,47,white,endgame,Kg4,567,564,3,ok
ae5f18c5-302f-11f1-9111-c5406f01000f,95,48,white,endgame,Kxg5,1016,8115,0,ok
ae5f18c5-302f-11f1-9111-c5406f01000f,97,49,white,endgame,Kxh5,8057,658,7399,blunder
ae5f18c5-302f-11f1-9111-c5406f01000f,99,50,white,endgame,Rb1,658,574,84,inaccuracy
ae5f18c5-302f-11f1-9111-c5406f01000f,101,51,white,endgame,Rf1,582,562,20,ok
ae5f18c5-302f-11f1-9111-c5406f01000f,103,52,white,endgame,Kg5,566,551,15,ok
ae5f18c5-302f-11f1-9111-c5406f01000f,105,53,white,endgame,Rxf2+,552,557,0,ok
ae5f18c5-302f-11f1-9111-c5406f01000f,107,54,white,endgame,h4,555,538,17,ok
ae5f18c5-302f-11f1-9111-c5406f01000f,109,55,white,endgame,h5,546,546,0,ok
ae5f18c5-302f-11f1-9111-c5406f01000f,111,56,white,endgame,h6,545,541,4,ok
ae5f18c5-302f-11f1-9111-c5406f01000f,113,57,white,endgame,h7,541,539,2,ok
ae5f18c5-302f-11f1-9111-c5406f01000f,115,58,white,endgame,h8=Q+,537,514,23,ok
ae5f18c5-302f-11f1-9111-c5406f01000f,117,59,white,endgame,Qe5+,99985,99986,0,ok
ae5f18c5-302f-11f1-9111-c5406f01000f,119,60,white,endgame,Kf5,99996,99995,1,ok
ae5f18c5-302f-11f1-9111-c5406f01000f,121,61,white,endgame,Kf4,99996,99997,0,ok
ae5f18c5-302f-11f1-9111-c5406f01000f,123,62,white,endgame,Qe3,99997,99997,0,ok
ae5f18c5-302f-11f1-9111-c5406f01000f,125,63,white,endgame,Qd2,99997,99998,0,ok
ae5f18c5-302f-11f1-9111-c5406f01000f,127,64,white,endgame,Kg3,99998,99999,0,ok
ae5f18c5-302f-11f1-9111-c5406f01000f,129,65,white,endgame,Qf2#,99999,100000,0,ok
a2b98c07-3028-11f1-b5ef-1aeed801000f,2,1,black,opening,e5,-34,-33,0,ok
a2b98c07-3028-11f1-b5ef-1aeed801000f,4,2,black,opening,Nf6,26,29,0,ok
a2b98c07-3028-11f1-b5ef-1aeed801000f,6,3,black,opening,d5,48,39,9,ok
a2b98c07-3028-11f1-b5ef-1aeed801000f,8,4,black,opening,Nc6,52,41,11,ok
a2b98c07-3028-11f1-b5ef-1aeed801000f,10,5,black,opening,d4,42,12,30,ok
a2b98c07-3028-11f1-b5ef-1aeed801000f,12,6,black,opening,Bb4,30,-35,65,inaccuracy
a2b98c07-3028-11f1-b5ef-1aeed801000f,14,7,black,opening,Qd6,0,-100,100,mistake
a2b98c07-3028-11f1-b5ef-1aeed801000f,16,8,black,opening,Bxd2,-98,-98,0,ok
a2b98c07-3028-11f1-b5ef-1aeed801000f,18,9,black,opening,Be6,-93,-103,10,ok
a2b98c07-3028-11f1-b5ef-1aeed801000f,20,10,black,opening,O-O-O,-42,-108,66,inaccuracy
a2b98c07-3028-11f1-b5ef-1aeed801000f,22,11,black,middlegame,h6,-29,-39,10,ok
a2b98c07-3028-11f1-b5ef-1aeed801000f,24,12,black,middlegame,g5,124,129,0,ok
a2b98c07-3028-11f1-b5ef-1aeed801000f,26,13,black,middlegame,h5,134,131,3,ok
a2b98c07-3028-11f1-b5ef-1aeed801000f,28,14,black,middlegame,Rdg8,147,134,13,ok
a2b98c07-3028-11f1-b5ef-1aeed801000f,30,15,black,middlegame,Qd7,170,151,19,ok
a2b98c07-3028-11f1-b5ef-1aeed801000f,32,16,black,middlegame,g4,320,173,147,mistake
a2b98c07-3028-11f1-b5ef-1aeed801000f,34,17,black,middlegame,gxf3,238,149,89,inaccuracy
a2b98c07-3028-11f1-b5ef-1aeed801000f,36,18,black,middlegame,Bxh3,153,-200,353,blunder
a2b98c07-3028-11f1-b5ef-1aeed801000f,38,19,black,middlegame,Rh7,-183,-210,27,ok
a2b98c07-3028-11f1-b5ef-1aeed801000f,40,20,black,middlegame,Qe6,-210,-279,69,inaccuracy
a2b98c07-3028-11f1-b5ef-1aeed801000f,42,21,black,middlegame,Rhg7,-230,-225,0,ok
a2b98c07-3028-11f1-b5ef-1aeed801000f,44,22,black,middlegame,Bxf1,224,232,0,ok
a2b98c07-3028-11f1-b5ef-1aeed801000f,46,23,black,middlegame,Qh3+,99995,99996,0,ok
a2b98c07-3028-11f1-b5ef-1aeed801000f,48,24,black,middlegame,Rxg3+,99996,99997,0,ok
a2b98c07-3028-11f1-b5ef-1aeed801000f,50,25,black,middlegame,Rxg3+,99998,99997,1,ok
a2b98c07-3028-11f1-b5ef-1aeed801000f,52,26,black,middlegame,Qh2+,99997,-234,100231,blunder
a2b98c07-3028-11f1-b5ef-1aeed801000f,54,27,black,middlegame,Qh4,-289,-285,0,ok
a2b98c07-3028-11f1-b5ef-1aeed801000f,56,28,black,middlegame,Rh3,-285,-347,62,inaccuracy
a2b98c07-3028-11f1-b5ef-1aeed801000f,58,29,black,middlegame,Qf4,-324,-408,84,inaccuracy
a2b98c07-3028-11f1-b5ef-1aeed801000f,60,30,black,middlegame,Qh4,-414,-403,0,ok
a2b98c07-3028-11f1-b5ef-1aeed801000f,62,31,black,middlegame,Ne7,-375,-397,22,ok
a2b98c07-3028-11f1-b5ef-1aeed801000f,64,32,black,middlegame,Ng6,-396,-401,5,ok
a2b98c07-3028-11f1-b5ef-1aeed801000f,66,33,black,middlegame,Nf4,-386,-391,5,ok
a2b98c07-3028-11f1-b5ef-1aeed801000f,68,34,black,middlegame,c5,-393,-443,50,inaccuracy
a2b98c07-3028-11f1-b5ef-1aeed801000f,70,35,black,middlegame,Rxh2,36,23,13,ok
a2b98c07-3028-11f1-b5ef-1aeed801000f,72,36,black,middlegame,b6,24,0,24,ok
a2b98c07-3028-11f1-b5ef-1aeed801000f,74,37,black,middlegame,Kb8,75,78,0,ok
a2b98c07-3028-11f1-b5ef-1aeed801000f,76,38,black,middlegame,Qd8,187,145,42,ok
a2b98c07-3028-11f1-b5ef-1aeed801000f,78,39,black,middlegame,h4,145,27,118,mistake
a2b98c07-3028-11f1-b5ef-1aeed801000f,80,40,black,middlegame,h3,126,-1,127,mistake
a2b98c07-3028-11f1-b5ef-1aeed801000f,82,41,black,middlegame,Rg2,455,462,0,ok
a2b98c07-3028-11f1-b5ef-1aeed801000f,84,42,black,middlegame,hxg2,641,659,0,ok
a2b98c07-3028-11f1-b5ef-1aeed801000f,86,43,black,middlegame,g1=Q+,648,649,0,ok
a2b98c07-3028-11f1-b5ef-1aeed801000f,88,44,black,middlegame,Qgg8,638,637,1,ok
a2b98c07-3028-11f1-b5ef-1aeed801000f,90,45,black,middlegame,f6+,764,738,26,ok
a2b98c07-3028-11f1-b5ef-1aeed801000f,92,46,black,middlegame,Qg1+,788,754,34,ok
a2b98c07-3028-11f1-b5ef-1aeed801000f,94,47,black,middlegame,Qf2+,843,896,0,ok
a2b98c07-3028-11f1-b5ef-1aeed801000f,96,48,black,middlegame,Nxd3,99991,959,99032,blunder
a2b98c07-3028-11f1-b5ef-1aeed801000f,98,49,black,middlegame,Nc1+,99998,99997,1,ok
a2b98c07-3028-11f1-b5ef-1aeed801000f,100,50,black,middlegame,Qfxd4+,99998,99998,0,ok
a2b98c07-3028-11f1-b5ef-1aeed801000f,102,51,black,middlegame,Qxb2+,99998,99998,0,ok
a2b98c07-3028-11f1-b5ef-1aeed801000f,104,52,black,middlegame,Qdd4#,99999,100000,0,ok
244ddda9-3022-11f1-be44-37a26601000f,2,1,black,opening,e5,-35,-41,6,ok
244ddda9-3022-11f1-be44-37a26601000f,4,2,black,opening,Nc6,9,8,1,ok
244ddda9-3022-11f1-be44-37a26601000f,6,3,black,opening,d5,3,-9,12,ok
244ddda9-3022-11f1-be44-37a26601000f,8,4,black,opening,dxe4,30,20,10,ok
244ddda9-3022-11f1-be44-37a26601000f,10,5,black,opening,Qxd1+,20,18,2,ok
244ddda9-3022-11f1-be44-37a26601000f,12,6,black,opening,Bg4,17,-17,34,ok
244ddda9-3022-11f1-be44-37a26601000f,14,7,black,opening,Nf6,5,-4,9,ok
244ddda9-3022-11f1-be44-37a26601000f,16,8,black,opening,O-O-O+,190,-15,205,mistake
244ddda9-3022-11f1-be44-37a26601000f,18,9,black,opening,Nxe4,237,235,2,ok
244ddda9-3022-11f1-be44-37a26601000f,20,10,black,opening,Nxf2+,263,282,0,ok
244ddda9-3022-11f1-be44-37a26601000f,22,11,black,endgame,Nxh1,298,293,5,ok
244ddda9-3022-11f1-be44-37a26601000f,24,12,black,endgame,Nf2,382,391,0,ok
244ddda9-3022-11f1-be44-37a26601000f,26,13,black,endgame,bxc6,372,393,0,ok
244ddda9-3022-11f1-be44-37a26601000f,28,14,black,endgame,Ne4,400,34,366,blunder
244ddda9-3022-11f1-be44-37a26601000f,30,15,black,endgame,Bc5,31,31,0,ok
244ddda9-3022-11f1-be44-37a26601000f,32,16,black,endgame,Bb6,29,30,0,ok
244ddda9-3022-11f1-be44-37a26601000f,34,17,black,endgame,Rxd8,46,62,0,ok
244ddda9-3022-11f1-be44-37a26601000f,36,18,black,endgame,a5,57,37,20,ok
244ddda9-3022-11f1-be44-37a26601000f,38,19,black,endgame,cxb5,143,141,2,ok
244ddda9-3022-11f1-be44-37a26601000f,40,20,black,endgame,Rd5,132,126,6,ok
244ddda9-3022-11f1-be44-37a26601000f,42,21,black,endgame,Rc5,187,53,134,mistake
244ddda9-3022-11f1-be44-37a26601000f,44,22,black,endgame,Nd6,82,25,57,inaccuracy
244ddda9-3022-11f1-be44-37a26601000f,46,23,black,endgame,Ne4,27,25,2,ok
244ddda9-3022-11f1-be44-37a26601000f,48,24,black,endgame,Re5,90,96,0,ok
244ddda9-3022-11f1-be44-37a26601000f,50,25,black,endgame,cxb6,97,93,4,ok
244ddda9-3022-11f1-be44-37a26601000f,52,26,black,endgame,Nc5+,196,204,0,ok
244ddda9-3022-11f1-be44-37a26601000f,54,27,black,endgame,Re2+,311,214,97,inaccuracy
244ddda9-3022-11f1-be44-37a26601000f,56,28,black,endgame,Rxg2,219,227,0,ok
244ddda9-3022-11f1-be44-37a26601000f,58,29,black,endgame,Kc7,265,288,0,ok
244ddda9-3022-11f1-be44-37a26601000f,60,30,black,endgame,Kb7,378,370,8,ok
244ddda9-3022-11f1-be44-37a26601000f,62,31,black,endgame,Rxg4,388,392,0,ok
244ddda9-3022-11f1-be44-37a26601000f,64,32,black,endgame,Rg1+,456,482,0,ok
244ddda9-3022-11f1-be44-37a26601000f,66,33,black,endgame,h5,454,181,273,mistake
244ddda9-3022-11f1-be44-37a26601000f,68,34,black,endgame,Rg2+,290,172,118,mistake
244ddda9-3022-11f1-be44-37a26601000f,70,35,black,endgame,Na4,435,254,181,mistake
244ddda9-3022-11f1-be44-37a26601000f,72,36,black,endgame,Rxg6,701,722,0,ok
76d197fe-3020-11f1-b01d-5007f901000f,1,1,white,opening,e4,33,38,0,ok
76d197fe-3020-11f1-b01d-5007f901000f,3,2,white,opening,Nf3,39,41,0,ok
76d197fe-3020-11f1-b01d-5007f901000f,5,3,white,opening,Nc3,29,15,14,ok
76d197fe-3020-11f1-b01d-5007f901000f,7,4,white,opening,Bb5,60,20,40,ok
76d197fe-3020-11f1-b01d-5007f901000f,9,5,white,opening,d4,104,45,59,inaccuracy
76d197fe-3020-11f1-b01d-5007f901000f,11,6,white,opening,Bxc6+,141,139,2,ok
76d197fe-3020-11f1-b01d-5007f901000f,13,7,white,opening,dxe5,128,143,0,ok
76d197fe-3020-11f1-b01d-5007f901000f,15,8,white,opening,Bg5,145,-229,374,blunder
76d197fe-3020-11f1-b01d-5007f901000f,17,9,white,opening,Nxg5,31,16,15,ok
76d197fe-3020-11f1-b01d-5007f901000f,19,10,white,opening,Rxd1,15,11,4,ok
76d197fe-3020-11f1-b01d-5007f901000f,21,11,white,opening,bxc3,11,20,0,ok
76d197fe-3020-11f1-b01d-5007f901000f,23,12,white,endgame,O-O,19,-15,34,ok
76d197fe-3020-11f1-b01d-5007f901000f,25,13,white,endgame,Rd3,-13,-14,1,ok
76d197fe-3020-11f1-b01d-5007f901000f,27,14,white,endgame,Rfd1,0,-42,42,ok
76d197fe-3020-11f1-b01d-5007f901000f,29,15,white,endgame,Nf3,0,0,0,ok
76d197fe-3020-11f1-b01d-5007f901000f,31,16,white,endgame,Nxe5,2,5,0,ok
76d197fe-3020-11f1-b01d-5007f901000f,33,17,white,endgame,Re3,37,-92,129,mistake
76d197fe-3020-11f1-b01d-5007f901000f,35,18,white,endgame,Rxc3,12,11,1,ok
76d197fe-3020-11f1-b01d-5007f901000f,37,19,white,endgame,Rxc6,7,17,0,ok
76d197fe-3020-11f1-b01d-5007f901000f,39,20,white,endgame,h3,18,-8,26,ok
76d197fe-3020-11f1-b01d-5007f901000f,41,21,white,endgame,Rxc7,19,24,0,ok
76d197fe-3020-11f1-b01d-5007f901000f,43,22,white,endgame,Rc6,21,17,4,ok
76d197fe-3020-11f1-b01d-5007f901000f,45,23,white,endgame,a4,115,34,81,inaccuracy
76d197fe-3020-11f1-b01d-5007f901000f,47,24,white,endgame,c4,28,-16,44,ok
76d197fe-3020-11f1-b01d-5007f901000f,49,25,white,endgame,Rc1,-4,0,0,ok
76d197fe-3020-11f1-b01d-5007f901000f,51,26,white,endgame,Rf1,0,0,0,ok
76d197fe-3020-11f1-b01d-5007f901000f,53,27,white,endgame,Rc5,0,0,0,ok
76d197fe-3020-11f1-b01d-5007f901000f,55,28,white,endgame,Rxa5,5,0,5,ok
76d197fe-3020-11f1-b01d-5007f901000f,57,29,white,endgame,Ra8,0,0,0,ok
76d197fe-3020-11f1-b01d-5007f901000f,59,30,white,endgame,a5,0,0,0,ok
76d197fe-3020-11f1-b01d-5007f901000f,61,31,white,endgame,Re1,5,0,5,ok
76d197fe-3020-11f1-b01d-5007f901000f,63,32,white,endgame,Rxa5,0,0,0,ok
76d197fe-3020-11f1-b01d-5007f901000f,65,33,white,endgame,g4,0,0,0,ok
76d197fe-3020-11f1-b01d-5007f901000f,67,34,white,endgame,Kg2,0,0,0,ok
76d197fe-3020-11f1-b01d-5007f901000f,69,35,white,endgame,f3,0,0,0,ok
76d197fe-3020-11f1-b01d-5007f901000f,71,36,white,endgame,Re4,0,-1,1,ok
76d197fe-3020-11f1-b01d-5007f901000f,73,37,white,endgame,fxg4,0,0,0,ok
76d197fe-3020-11f1-b01d-5007f901000f,75,38,white,endgame,Re2,0,0,0,ok
76d197fe-3020-11f1-b01d-5007f901000f,77,39,white,endgame,Rf2+,0,0,0,ok
76d197fe-3020-11f1-b01d-5007f901000f,79,40,white,endgame,Rf5,0,0,0,ok
76d197fe-3020-11f1-b01d-5007f901000f,81,41,white,endgame,Rf2,0,0,0,ok
76d197fe-3020-11f1-b01d-5007f901000f,83,42,white,endgame,Re2+,0,0,0,ok
76d197fe-3020-11f1-b01d-5007f901000f,85,43,white,endgame,Rf2+,0,0,0,ok
76d197fe-3020-11f1-b01d-5007f901000f,87,44,white,endgame,Re2+,0,0,0,ok
76d197fe-3020-11f1-b01d-5007f901000f,89,45,white,endgame,Rf2+,0,0,0,ok
97e69c72-2f83-11f1-bfba-a1fcda01000f,1,1,white,opening,e4,27,36,0,ok
97e69c72-2f83-11f1-bfba-a1fcda01000f,3,2,white,opening,d4,40,43,0,ok
97e69c72-2f83-11f1-bfba-a1fcda01000f,5,3,white,opening,Nc3,50,47,3,ok
97e69c72-2f83-11f1-bfba-a1fcda01000f,7,4,white,opening,exd5,123,119,4,ok
97e69c72-2f83-11f1-bfba-a1fcda01000f,9,5,white,opening,dxc5,121,136,0,ok
97e69c72-2f83-11f1-bfba-a1fcda01000f,11,6,white,opening,Nxd5,107,60,47,ok
97e69c72-2f83-11f1-bfba-a1fcda01000f,13,7,white,opening,Bc4,65,-64,129,mistake
97e69c72-2f83-11f1-bfba-a1fcda01000f,15,8,white,opening,Bxd5,178,178,0,ok
97e69c72-2f83-11f1-bfba-a1fcda01000f,17,9,white,opening,Qe2+,261,139,122,mistake
97e69c72-2f83-11f1-bfba-a1fcda01000f,19,10,white,opening,Nf3,143,62,81,inaccuracy
97e69c72-2f83-11f1-bfba-a1fcda01000f,21,11,white,opening,O-O,174,170,4,ok
97e69c72-2f83-11f1-bfba-a1fcda01000f,23,12,white,middlegame,Ng5,170,-419,589,blunder
97e69c72-2f83-11f1-bfba-a1fcda01000f,25,13,white,middlegame,Ne4,103,-96,199,mistake
97e69c72-2f83-11f1-bfba-a1fcda01000f,27,14,white,middlegame,Nxc5,218,-8,226,mistake
97e69c72-2f83-11f1-bfba-a1fcda01000f,29,15,white,middlegame,Qc4,-7,-8,1,ok
97e69c72-2f83-11f1-bfba-a1fcda01000f,31,16,white,middlegame,Nd7,42,-88,130,mistake
97e69c72-2f83-11f1-bfba-a1fcda01000f,33,17,white,middlegame,Qg4,-171,-267,96,inaccuracy
97e69c72-2f83-11f1-bfba-a1fcda01000f,35,18,white,middlegame,Qa4,-260,-287,27,ok
97e69c72-2f83-11f1-bfba-a1fcda01000f,37,19,white,middlegame,Be3,-171,-394,223,mistake
97e69c72-2f83-11f1-bfba-a1fcda01000f,39,20,white,middlegame,Qh4,-393,-438,45,ok
97e69c72-2f83-11f1-bfba-a1fcda01000f,41,21,white,middlegame,Rad1,-433,-412,0,ok
97e69c72-2f83-11f1-bfba-a1fcda01000f,43,22,white,middlegame,Rfe1,-415,-416,1,ok
97e69c72-2f83-11f1-bfba-a1fcda01000f,45,23,white,middlegame,Rxe3,-394,-415,21,ok
97e69c72-2f83-11f1-bfba-a1fcda01000f,47,24,white,middlegame,Rde1,-421,-429,8,ok
97e69c72-2f83-11f1-bfba-a1fcda01000f,49,25,white,middlegame,Qg3,-425,-444,19,ok
97e69c72-2f83-11f1-bfba-a1fcda01000f,51,26,white,middlegame,Qxe3,-429,-410,0,ok
97e69c72-2f83-11f1-bfba-a1fcda01000f,53,27,white,middlegame,Qc5,-395,-418,23,ok
97e69c72-2f83-11f1-bfba-a1fcda01000f,55,28,white,middlegame,Qxf5,-417,-411,0,ok
97e69c72-2f83-11f1-bfba-a1fcda01000f,57,29,white,middlegame,g3,4,-410,414,blunder
97e69c72-2f83-11f1-bfba-a1fcda01000f,59,30,white,middlegame,Qd7,-391,-461,70,inaccuracy
97e69c72-2f83-11f1-bfba-a1fcda01000f,61,31,white,middlegame,Qd4,-360,-402,42,ok
97e69c72-2f83-11f1-bfba-a1fcda01000f,63,32,white,middlegame,Qd2,-367,-454,87,inaccuracy
97e69c72-2f83-11f1-bfba-a1fcda01000f,65,33,white,middlegame,h4,-503,-1014,511,blunder
97e69c72-2f83-11f1-bfba-a1fcda01000f,67,34,white,middlegame,Qd5,-569,-99993,99424,blunder
97e69c72-2f83-11f1-bfba-a1fcda01000f,69,35,white,middlegame,Kf1,-750,-767,17,ok
97e69c72-2f83-11f1-bfba-a1fcda01000f,71,36,white,middlegame,Kxe1,-773,-799,26,ok
97e69c72-2f83-11f1-bfba-a1fcda01000f,73,37,white,middlegame,Kd1,-832,-1154,322,blunder
97e69c72-2f83-11f1-bfba-a1fcda01000f,75,38,white,middlegame,Kd2,-686,-99994,99308,blunder
97e69c72-2f83-11f1-bfba-a1fcda01000f,77,39,white,middlegame,Kc1,-99995,-99999,4,ok
97e69c72-2f83-11f1-bfba-a1fcda01000f,79,40,white,middlegame,b3,-99995,-99995,0,ok
97e69c72-2f83-11f1-bfba-a1fcda01000f,81,41,white,middlegame,Kb2,-99994,-99995,1,ok
97e69c72-2f83-11f1-bfba-a1fcda01000f,83,42,white,middlegame,Kb1,-99995,-99996,1,ok
97e69c72-2f83-11f1-bfba-a1fcda01000f,85,43,white,middlegame,Kb2,-99995,-99996,1,ok
97e69c72-2f83-11f1-bfba-a1fcda01000f,87,44,white,middlegame,Kb1,-99995,-99995,0,ok
97e69c72-2f83-11f1-bfba-a1fcda01000f,89,45,white,middlegame,Kb2,-99995,-99996,1,ok
97e69c72-2f83-11f1-bfba-a1fcda01000f,91,46,white,middlegame,Kb1,-99994,-99995,1,ok
97e69c72-2f83-11f1-bfba-a1fcda01000f,93,47,white,middlegame,Kb2,-99996,-99996,0,ok
97e69c72-2f83-11f1-bfba-a1fcda01000f,95,48,white,middlegame,b4,-99996,-99997,1,ok
97e69c72-2f83-11f1-bfba-a1fcda01000f,97,49,white,middlegame,c3,-99998,-99998,0,ok
97e69c72-2f83-11f1-bfba-a1fcda01000f,99,50,white,middlegame,Ka3,-99999,-99999,0,ok
97e69c72-2f83-11f1-bfba-a1fcda01000f,101,51,white,middlegame,Ka2,-99999,-99999,0,ok
befcaba3-2f82-11f1-b5ef-1aeed801000f,2,1,black,opening,e5,-16,-25,9,ok
befcaba3-2f82-11f1-b5ef-1aeed801000f,4,2,black,opening,Nf6,-15,-8,0,ok
befcaba3-2f82-11f1-b5ef-1aeed801000f,6,3,black,opening,d5,0,-29,29,ok
befcaba3-2f82-11f1-b5ef-1aeed801000f,8,4,black,opening,Nxd5,-28,-32,4,ok
befcaba3-2f82-11f1-b5ef-1aeed801000f,10,5,black,opening,Nxc3,-28,-42,14,ok
befcaba3-2f82-11f1-b5ef-1aeed801000f,12,6,black,opening,Bc5,-35,-43,8,ok
befcaba3-2f82-11f1-b5ef-1aeed801000f,14,7,black,opening,O-O,-35,-194,159,mistake
befcaba3-2f82-11f1-b5ef-1aeed801000f,16,8,black,opening,Bg4,43,-23,66,inaccuracy
befcaba3-2f82-11f1-b5ef-1aeed801000f,18,9,black,opening,Qf6,30,-44,74,inaccuracy
befcaba3-2f82-11f1-b5ef-1aeed801000f,20,10,black,opening,Bxf3,425,415,10,ok
befcaba3-2f82-11f1-b5ef-1aeed801000f,22,11,black,middlegame,Qxf3,427,445,0,ok
befcaba3-2f82-11f1-b5ef-1aeed801000f,24,12,black,middlegame,exd4,438,378,60,inaccuracy
befcaba3-2f82-11f1-b5ef-1aeed801000f,26,13,black,middlegame,Bb6,393,386,7,ok
befcaba3-2f82-11f1-b5ef-1aeed801000f,28,14,black,middlegame,Rd8,444,417,27,ok
befcaba3-2f82-11f1-b5ef-1aeed801000f,30,15,black,middlegame,c5,421,349,72,inaccuracy
befcaba3-2f82-11f1-b5ef-1aeed801000f,32,16,black,middlegame,Nxc6,535,574,0,ok
befcaba3-2f82-11f1-b5ef-1aeed801000f,34,17,black,middlegame,Bxf2+,873,935,0,ok
befcaba3-2f82-11f1-b5ef-1aeed801000f,36,18,black,middlegame,Rxd1+,967,997,0,ok
befcaba3-2f82-11f1-b5ef-1aeed801000f,38,19,black,middlegame,Qxd1+,1009,986,23,ok
befcaba3-2f82-11f1-b5ef-1aeed801000f,40,20,black,middlegame,Re8,1013,867,146,mistake
befcaba3-2f82-11f1-b5ef-1aeed801000f,42,21,black,middlegame,Rxe4,883,880,3,ok
e91323de-2f79-11f1-b12b-7bb0a301000f,1,1,white,opening,e4,32,28,4,ok
e91323de-2f79-11f1-b12b-7bb0a301000f,3,2,white,opening,Nf3,27,30,0,ok
e91323de-2f79-11f1-b12b-7bb0a301000f,5,3,white,opening,Nc3,61,31,30,ok
e91323de-2f79-11f1-b12b-7bb0a301000f,7,4,white,opening,d4,60,66,0,ok
e91323de-2f79-11f1-b12b-7bb0a301000f,9,5,white,opening,dxe5,70,23,47,ok
e91323de-2f79-11f1-b12b-7bb0a301000f,11,6,white,opening,Bc4,20,24,0,ok
e91323de-2f79-11f1-b12b-7bb0a301000f,13,7,white,opening,O-O,87,6,81,inaccuracy
e91323de-2f79-11f1-b12b-7bb0a301000f,15,8,white,opening,Be3,52,43,9,ok
e91323de-2f79-11f1-b12b-7bb0a301000f,17,9,white,opening,h3,106,76,30,ok
e91323de-2f79-11f1-b12b-7bb0a301000f,19,10,white,opening,Qxf3,105,115,0,ok
e91323de-2f79-11f1-b12b-7bb0a301000f,21,11,white,opening,Rad1,97,105,0,ok
e91323de-2f79-11f1-b12b-7bb0a301000f,23,12,white,middlegame,Rd3,103,7,96,inaccuracy
e91323de-2f79-11f1-b12b-7bb0a301000f,25,13,white,middlegame,Bb3,6,8,0,ok
e91323de-2f79-11f1-b12b-7bb0a301000f,27,14,white,middlegame,Bxc5,347,-33,380,blunder
e91323de-2f79-11f1-b12b-7bb0a301000f,29,15,white,middlegame,Rd2,-30,-23,0,ok
e91323de-2f79-11f1-b12b-7bb0a301000f,31,16,white,middlegame,Rfd1,-15,-44,29,ok
e91323de-2f79-11f1-b12b-7bb0a301000f,33,17,white,middlegame,Na4,-37,-30,0,ok
e91323de-2f79-11f1-b12b-7bb0a301000f,35,18,white,middlegame,Qf5,-28,-397,369,blunder
e91323de-2f79-11f1-b12b-7bb0a301000f,37,19,white,middlegame,Qxf6,349,-540,889,blunder
e91323de-2f79-11f1-b12b-7bb0a301000f,39,20,white,middlegame,Nc5,-566,-597,31,ok
e91323de-2f79-11f1-b12b-7bb0a301000f,41,21,white,middlegame,g4,-525,-584,59,inaccuracy
e91323de-2f79-11f1-b12b-7bb0a301000f,43,22,white,middlegame,Bxf7,-597,-629,32,ok
e91323de-2f79-11f1-b12b-7bb0a301000f,45,23,white,middlegame,f4,-657,-848,191,mistake
e91323de-2f79-11f1-b12b-7bb0a301000f,47,24,white,middlegame,Rxd2,-864,-835,0,ok
e91323de-2f79-11f1-b12b-7bb0a301000f,49,25,white,middlegame,fxe5,-865,-972,107,mistake
e91323de-2f79-11f1-b12b-7bb0a301000f,51,26,white,middlegame,Kg2,-1039,-1077,38,ok
e91323de-2f79-11f1-b12b-7bb0a301000f,53,27,white,middlegame,h4,-923,-99991,99068,blunder
e91323de-2f79-11f1-b12b-7bb0a301000f,55,28,white,middlegame,Rd7+,-99992,-99996,4,ok
e91323de-2f79-11f1-b12b-7bb0a301000f,57,29,white,middlegame,c4,-99997,-99999,2,ok
e91323de-2f79-11f1-b12b-7bb0a301000f,59,30,white,middlegame,Kh3,-99998,-99998,0,ok
e91323de-2f79-11f1-b12b-7bb0a301000f,61,31,white,middlegame,Rd8+,-99995,-99995,0,ok
e91323de-2f79-11f1-b12b-7bb0a301000f,63,32,white,middlegame,Rd3,-99996,-99998,2,ok
e91323de-2f79-11f1-b12b-7bb0a301000f,65,33,white,middlegame,Kg3,-99998,-99998,0,ok
bd9d0b86-2f79-11f1-9a2b-38c43401000f,2,1,black,opening,e5,-26,-30,4,ok
bd9d0b86-2f79-11f1-9a2b-38c43401000f,4,2,black,opening,Nc6,-24,-24,0,ok
bd9d0b86-2f79-11f1-9a2b-38c43401000f,6,3,black,opening,Qf6,-26,-83,57,inaccuracy
bd9d0b86-2f79-11f1-9a2b-38c43401000f,8,4,black,opening,Bb4,-75,-242,167,mistake
bd9d0b86-2f79-11f1-9a2b-38c43401000f,10,5,black,opening,Qxc6,7,-133,140,mistake
bd9d0b86-2f79-11f1-9a2b-38c43401000f,12,6,black,opening,Qe6,-29,-20,0,ok
bd9d0b86-2f79-11f1-9a2b-38c43401000f,14,7,black,opening,d6,93,92,1,ok
bd9d0b86-2f79-11f1-9a2b-38c43401000f,16,8,black,opening,Qxe5,382,364,18,ok
9a1ab49e-2f70-11f1-86e6-08a4af01000f,1,1,white,opening,e4,27,28,0,ok
9a1ab49e-2f70-11f1-86e6-08a4af01000f,3,2,white,opening,Nf3,32,26,6,ok
9a1ab49e-2f70-11f1-86e6-08a4af01000f,5,3,white,opening,Nc3,29,12,17,ok
9a1ab49e-2f70-11f1-86e6-08a4af01000f,7,4,white,opening,d4,13,4,9,ok
9a1ab49e-2f70-11f1-86e6-08a4af01000f,9,5,white,opening,Bb5,62,64,0,ok
9a1ab49e-2f70-11f1-86e6-08a4af01000f,11,6,white,opening,Bxc6,81,85,0,ok
9a1ab49e-2f70-11f1-86e6-08a4af01000f,13,7,white,opening,dxe5,91,-31,122,mistake
9a1ab49e-2f70-11f1-86e6-08a4af01000f,15,8,white,opening,exd6,9,-152,161,mistake
9a1ab49e-2f70-11f1-86e6-08a4af01000f,17,9,white,opening,Qe2,-75,-152,77,inaccuracy
9a1ab49e-2f70-11f1-86e6-08a4af01000f,19,10,white,opening,Nxe4,-118,-116,0,ok
9a1ab49e-2f70-11f1-86e6-08a4af01000f,21,11,white,opening,Ng5,-110,-361,251,mistake
9a1ab49e-2f70-11f1-86e6-08a4af01000f,23,12,white,middlegame,Rg1,-378,-375,0,ok
9a1ab49e-2f70-11f1-86e6-08a4af01000f,25,13,white,middlegame,Be3,-341,-338,0,ok
9a1ab49e-2f70-11f1-86e6-08a4af01000f,27,14,white,middlegame,O-O-O,-283,-278,0,ok
9a1ab49e-2f70-11f1-86e6-08a4af01000f,29,15,white,middlegame,Rxd8+,-305,-315,10,ok
9a1ab49e-2f70-11f1-86e6-08a4af01000f,31,16,white,middlegame,Rd1,-309,-403,94,inaccuracy
9a1ab49e-2f70-11f1-86e6-08a4af01000f,33,17,white,middlegame,Nxf7,-69,-232,163,mistake
9a1ab49e-2f70-11f1-86e6-08a4af01000f,35,18,white,middlegame,Qxd1,-247,-247,0,ok
9a1ab49e-2f70-11f1-86e6-08a4af01000f,37,19,white,middlegame,Qd8+,-172,-426,254,mistake
9a1ab49e-2f70-11f1-86e6-08a4af01000f,39,20,white,middlegame,Nxd8,-442,-443,1,ok
9a1ab49e-2f70-11f1-86e6-08a4af01000f,41,21,white,endgame,b3,-433,-474,41,ok
9a1ab49e-2f70-11f1-86e6-08a4af01000f,43,22,white,endgame,c4,-311,-316,5,ok
9a1ab49e-2f70-11f1-86e6-08a4af01000f,45,23,white,endgame,Ne6,-318,-313,0,ok
9a1ab49e-2f70-11f1-86e6-08a4af01000f,47,24,white,endgame,f4,-296,-281,0,ok
9a1ab49e-2f70-11f1-86e6-08a4af01000f,49,25,white,endgame,Kd2,-275,-400,125,mistake
9a1ab49e-2f70-11f1-86e6-08a4af01000f,51,26,white,endgame,Ke1,-292,-481,189,mistake
9a1ab49e-2f70-11f1-86e6-08a4af01000f,53,27,white,endgame,Nd4,-499,-534,35,ok
9a1ab49e-2f70-11f1-86e6-08a4af01000f,55,28,white,endgame,Ke2,-447,-456,9,ok
9a1ab49e-2f70-11f1-86e6-08a4af01000f,57,29,white,endgame,Bg1,-476,-483,7,ok
9a1ab49e-2f70-11f1-86e6-08a4af01000f,59,30,white,endgame,Bxh2,154,174,0,ok
9a1ab49e-2f70-11f1-86e6-08a4af01000f,61,31,white,endgame,Ke3,175,124,51,inaccuracy
9a1ab49e-2f70-11f1-86e6-08a4af01000f,63,32,white,endgame,Nf5,217,172,45,ok
9a1ab49e-2f70-11f1-86e6-08a4af01000f,65,33,white,endgame,Kf4,180,148,32,ok
9a1ab49e-2f70-11f1-86e6-08a4af01000f,67,34,white,endgame,Kg5,178,55,123,mistake
9a1ab49e-2f70-11f1-86e6-08a4af01000f,69,35,white,endgame,Kxh5,186,204,0,ok
9a1ab49e-2f70-11f1-86e6-08a4af01000f,71,36,white,endgame,Ne3,201,-19,220,mistake
9a1ab49e-2f70-11f1-86e6-08a4af01000f,73,37,white,endgame,Bxc7,-10,-510,500,blunder
9a1ab49e-2f70-11f1-86e6-08a4af01000f,75,38,white,middlegame,Bd6+,-630,-658,28,ok
9a1ab49e-2f70-11f1-86e6-08a4af01000f,77,39,white,middlegame,Be5+,-659,-766,107,mistake
9a1ab49e-2f70-11f1-86e6-08a4af01000f,79,40,white,middlegame,Bf4,-807,-1095,288,mistake
9a1ab49e-2f70-11f1-86e6-08a4af01000f,81,41,white,middlegame,a4,-742,-957,215,mistake
9a1ab49e-2f70-11f1-86e6-08a4af01000f,83,42,white,middlegame,Kh4,-99990,-99990,0,ok
9a1ab49e-2f70-11f1-86e6-08a4af01000f,85,43,white,middlegame,Kg3,-637,-99989,99352,blunder
9a1ab49e-2f70-11f1-86e6-08a4af01000f,87,44,white,middlegame,Ng4,-657,-690,33,ok
9a1ab49e-2f70-11f1-86e6-08a4af01000f,89,45,white,middlegame,Kh2,-698,-99996,99298,blunder
9a1ab49e-2f70-11f1-86e6-08a4af01000f,91,46,white,middlegame,Bb8,-721,-99995,99274,blunder
9a1ab49e-2f70-11f1-86e6-08a4af01000f,93,47,white,middlegame,Bxa7,-812,-99987,99175,blunder
9a1ab49e-2f70-11f1-86e6-08a4af01000f,95,48,white,middlegame,Bxb6,-978,-99994,99016,blunder
9a1ab49e-2f70-11f1-86e6-08a4af01000f,97,49,white,middlegame,Ne3,-786,-99990,99204,blunder
9a1ab49e-2f70-11f1-86e6-08a4af01000f,99,50,white,middlegame,Kg1,-99991,-99998,7,ok
9a1ab49e-2f70-11f1-86e6-08a4af01000f,101,51,white,middlegame,Kh2,-99996,-99996,0,ok
3b9287da-2f6f-11f1-bfba-a1fcda01000f,2,1,black,opening,e5,-25,-28,3,ok
3b9287da-2f6f-11f1-bfba-a1fcda01000f,4,2,black,opening,Nf6,11,10,1,ok
3b9287da-2f6f-11f1-bfba-a1fcda01000f,6,3,black,opening,d5,15,-55,70,inaccuracy
3b9287da-2f6f-11f1-bfba-a1fcda01000f,8,4,black,opening,Nxd5,-56,-59,3,ok
3b9287da-2f6f-11f1-bfba-a1fcda01000f,10,5,black,opening,Bd6,-15,-354,339,blunder
3b9287da-2f6f-11f1-bfba-a1fcda01000f,12,6,black,opening,O-O,-377,-362,0,ok
3b9287da-2f6f-11f1-bfba-a1fcda01000f,14,7,black,opening,Bxb7,-348,-354,6,ok
3b9287da-2f6f-11f1-bfba-a1fcda01000f,16,8,black,opening,Nd7,-350,-356,6,ok
3b9287da-2f6f-11f1-bfba-a1fcda01000f,18,9,black,opening,Nc5,-288,-335,47,ok
3b9287da-2f6f-11f1-bfba-a1fcda01000f,20,10,black,opening,Re8,-333,-349,16,ok
3b9287da-2f6f-11f1-bfba-a1fcda01000f,22,11,black,middlegame,e4,-365,-393,28,ok
3b9287da-2f6f-11f1-bfba-a1fcda01000f,24,12,black,middlegame,Nxe4,-419,-420,1,ok
3b9287da-2f6f-11f1-bfba-a1fcda01000f,26,13,black,middlegame,g6,-363,-370,7,ok
3b9287da-2f6f-11f1-bfba-a1fcda01000f,28,14,black,middlegame,Bc5,-357,-418,61,inaccuracy
3b9287da-2f6f-11f1-bfba-a1fcda01000f,30,15,black,middlegame,Nxf2,0,0,0,ok
3b9287da-2f6f-11f1-bfba-a1fcda01000f,32,16,black,middlegame,Qd1+,99998,99999,0,ok
96ae5dac-2ef9-11f1-9cba-64284d01000f,1,1,white,opening,e4,29,27,2,ok
96ae5dac-2ef9-11f1-9cba-64284d01000f,3,2,white,opening,Nf3,28,26,2,ok
96ae5dac-2ef9-11f1-9cba-64284d01000f,5,3,white,opening,Nc3,27,13,14,ok
96ae5dac-2ef9-11f1-9cba-64284d01000f,7,4,white,opening,Nxe5,65,69,0,ok
96ae5dac-2ef9-11f1-9cba-64284d01000f,9,5,white,opening,d4,65,72,0,ok
96ae5dac-2ef9-11f1-9cba-64284d01000f,11,6,white,opening,dxe5,182,176,6,ok
96ae5dac-2ef9-11f1-9cba-64284d01000f,13,7,white,opening,bxc3,187,186,1,ok
96ae5dac-2ef9-11f1-9cba-64284d01000f,15,8,white,opening,Bg5,205,132,73,inaccuracy
96ae5dac-2ef9-11f1-9cba-64284d01000f,17,9,white,opening,Bf4,144,115,29,ok
96ae5dac-2ef9-11f1-9cba-64284d01000f,19,10,white,opening,Bc4,114,106,8,ok
96ae5dac-2ef9-11f1-9cba-64284d01000f,21,11,white,opening,O-O,175,186,0,ok
96ae5dac-2ef9-11f1-9cba-64284d01000f,23,12,white,middlegame,Bd5,187,25,162,mistake
96ae5dac-2ef9-11f1-9cba-64284d01000f,25,13,white,middlegame,Bb3,179,224,0,ok
96ae5dac-2ef9-11f1-9cba-64284d01000f,27,14,white,middlegame,Qg4,387,400,0,ok
96ae5dac-2ef9-11f1-9cba-64284d01000f,29,15,white,middlegame,Bxh6,574,360,214,mistake
96ae5dac-2ef9-11f1-9cba-64284d01000f,31,16,white,middlegame,Qxg6+,850,855,0,ok
96ae5dac-2ef9-11f1-9cba-64284d01000f,33,17,white,middlegame,Qxh6+,867,873,0,ok
96ae5dac-2ef9-11f1-9cba-64284d01000f,35,18,white,middlegame,Rad1,869,823,46,ok
96ae5dac-2ef9-11f1-9cba-64284d01000f,37,19,white,middlegame,Rd4,921,528,393,blunder
96ae5dac-2ef9-11f1-9cba-64284d01000f,39,20,white,middlegame,Bxe6,858,878,0,ok
96ae5dac-2ef9-11f1-9cba-64284d01000f,41,21,white,middlegame,Rfd1,899,789,110,mistake
96ae5dac-2ef9-11f1-9cba-64284d01000f,43,22,white,middlegame,Qg5+,806,802,4,ok
96ae5dac-2ef9-11f1-9cba-64284d01000f,45,23,white,middlegame,Qxg7+,803,817,0,ok
96ae5dac-2ef9-11f1-9cba-64284d01000f,47,24,white,endgame,Rxd7+,824,830,0,ok
96ae5dac-2ef9-11f1-9cba-64284d01000f,49,25,white,endgame,Rxb7,853,831,22,ok
96ae5dac-2ef9-11f1-9cba-64284d01000f,51,26,white,endgame,f4,881,894,0,ok
96ae5dac-2ef9-11f1-9cba-64284d01000f,53,27,white,endgame,Rd6#,99999,100000,0,ok
2f85d417-2ef9-11f1-a67e-f3bb2d01000f,2,1,black,opening,e5,-20,-20,0,ok
2f85d417-2ef9-11f1-a67e-f3bb2d01000f,4,2,black,opening,d5,24,14,10,ok
2f85d417-2ef9-11f1-a67e-f3bb2d01000f,6,3,black,opening,e4,24,-169,193,mistake
2f85d417-2ef9-11f1-a67e-f3bb2d01000f,8,4,black,opening,dxe4,-171,-169,0,ok
2f85d417-2ef9-11f1-a67e-f3bb2d01000f,10,5,black,opening,Kxd8,-167,-174,7,ok
2f85d417-2ef9-11f1-a67e-f3bb2d01000f,12,6,black,opening,Nf6,-164,-176,12,ok
2f85d417-2ef9-11f1-a67e-f3bb2d01000f,14,7,black,opening,Bf5,-182,-356,174,mistake
2f85d417-2ef9-11f1-a67e-f3bb2d01000f,16,8,black,opening,Bxa3,-102,-166,64,inaccuracy
2f85d417-2ef9-11f1-a67e-f3bb2d01000f,18,9,black,opening,Bxc2,-107,-388,281,mistake
2f85d417-2ef9-11f1-a67e-f3bb2d01000f,20,10,black,opening,Re8,-60,-125,65,inaccuracy
2f85d417-2ef9-11f1-a67e-f3bb2d01000f,22,11,black,endgame,Rxe2,-60,-517,457,blunder
2f85d417-2ef9-11f1-a67e-f3bb2d01000f,24,12,black,endgame,Re6,-507,-498,0,ok
2f85d417-2ef9-11f1-a67e-f3bb2d01000f,26,13,black,endgame,fxe6,-472,-463,0,ok
2f85d417-2ef9-11f1-a67e-f3bb2d01000f,28,14,black,endgame,Be4,-453,-457,4,ok
2f85d417-2ef9-11f1-a67e-f3bb2d01000f,30,15,black,endgame,Bxa8,-454,-447,0,ok
e65abffa-2ef8-11f1-a67e-f3bb2d01000f,2,1,black,opening,d5,-39,-37,0,ok
e65abffa-2ef8-11f1-a67e-f3bb2d01000f,4,2,black,opening,Nc6,-16,-55,39,ok
e65abffa-2ef8-11f1-a67e-f3bb2d01000f,6,3,black,opening,Nf6,-49,-44,0,ok
e65abffa-2ef8-11f1-a67e-f3bb2d01000f,8,4,black,opening,e5,-43,-156,113,mistake
e65abffa-2ef8-11f1-a67e-f3bb2d01000f,10,5,black,opening,exf4,448,445,3,ok
e65abffa-2ef8-11f1-a67e-f3bb2d01000f,12,6,black,opening,bxc6,455,450,5,ok
e65abffa-2ef8-11f1-a67e-f3bb2d01000f,14,7,black,opening,Qe7+,441,418,23,ok
e65abffa-2ef8-11f1-a67e-f3bb2d01000f,16,8,black,opening,Qxe2+,470,469,1,ok
e65abffa-2ef8-11f1-a67e-f3bb2d01000f,18,9,black,opening,Bb4,465,448,17,ok
e65abffa-2ef8-11f1-a67e-f3bb2d01000f,20,10,black,opening,Bd6,454,458,0,ok
e65abffa-2ef8-11f1-a67e-f3bb2d01000f,22,11,black,endgame,O-O,458,463,0,ok
e65abffa-2ef8-11f1-a67e-f3bb2d01000f,24,12,black,endgame,Ba6,475,420,55,inaccuracy
e65abffa-2ef8-11f1-a67e-f3bb2d01000f,26,13,black,endgame,Rfe8,505,491,14,ok
691819e2-2eed-11f1-9cba-64284d01000f,1,1,white,opening,e4,33,33,0,ok
691819e2-2eed-11f1-9cba-64284d01000f,3,2,white,opening,Nf3,32,35,0,ok
691819e2-2eed-11f1-9cba-64284d01000f,5,3,white,opening,Nc3,64,42,22,ok
691819e2-2eed-11f1-9cba-64284d01000f,7,4,white,opening,Nd5,43,-1,44,ok
691819e2-2eed-11f1-9cba-64284d01000f,9,5,white,opening,c3,36,46,0,ok
691819e2-2eed-11f1-9cba-64284d01000f,11,6,white,opening,exd5,43,47,0,ok
691819e2-2eed-11f1-9cba-64284d01000f,13,7,white,opening,d4,79,74,5,ok
691819e2-2eed-11f1-9cba-64284d01000f,15,8,white,opening,dxe5,304,321,0,ok
691819e2-2eed-11f1-9cba-64284d01000f,17,9,white,opening,Bb5+,443,518,0,ok
691819e2-2eed-11f1-9cba-64284d01000f,19,10,white,opening,exd6,568,155,413,blunder
691819e2-2eed-11f1-9cba-64284d01000f,21,11,white,opening,O-O,166,168,0,ok
691819e2-2eed-11f1-9cba-64284d01000f,23,12,white,middlegame,Re1,155,159,0,ok
691819e2-2eed-11f1-9cba-64284d01000f,25,13,white,middlegame,Bxd7,162,128,34,ok
691819e2-2eed-11f1-9cba-64284d01000f,27,14,white,middlegame,Re3,129,52,77,inaccuracy
691819e2-2eed-11f1-9cba-64284d01000f,29,15,white,middlegame,Bd2,121,13,108,mistake
691819e2-2eed-11f1-9cba-64284d01000f,31,16,white,middlegame,Rd3,43,38,5,ok
691819e2-2eed-11f1-9cba-64284d01000f,33,17,white,middlegame,Rd4,92,92,0,ok
691819e2-2eed-11f1-9cba-64284d01000f,35,18,white,middlegame,Qxd2,203,178,25,ok
691819e2-2eed-11f1-9cba-64284d01000f,37,19,white,middlegame,b4,194,122,72,inaccuracy
691819e2-2eed-11f1-9cba-64284d01000f,39,20,white,middlegame,d6,166,178,0,ok
691819e2-2eed-11f1-9cba-64284d01000f,41,21,white,middlegame,Rd5,179,121,58,inaccuracy
691819e2-2eed-11f1-9cba-64284d01000f,43,22,white,middlegame,a4,177,-42,219,mistake
691819e2-2eed-11f1-9cba-64284d01000f,45,23,white,middlegame,Ne1,-24,-365,341,blunder
691819e2-2eed-11f1-9cba-64284d01000f,47,24,white,middlegame,Qxd5,-379,-386,7,ok
691819e2-2eed-11f1-9cba-64284d01000f,49,25,white,middlegame,axb5,-387,-398,11,ok
691819e2-2eed-11f1-9cba-64284d01000f,51,26,white,middlegame,Qf3,-407,-451,44,ok
691819e2-2eed-11f1-9cba-64284d01000f,53,27,white,middlegame,bxa6,-45,-44,0,ok
691819e2-2eed-11f1-9cba-64284d01000f,55,28,white,middlegame,Kf1,-35,-417,382,blunder
691819e2-2eed-11f1-9cba-64284d01000f,57,29,white,middlegame,Qg3,-402,-456,54,inaccuracy
691819e2-2eed-11f1-9cba-64284d01000f,59,30,white,middlegame,a7,-269,-264,0,ok
691819e2-2eed-11f1-9cba-64284d01000f,61,31,white,middlegame,Qb8+,-196,-506,310,blunder
691819e2-2eed-11f1-9cba-64284d01000f,63,32,white,middlegame,Qxa8,-535,-99999,99464,blunder
7ff26ef1-2eec-11f1-b857-c0df3201000f,2,1,black,opening,e5,13,21,0,ok
7ff26ef1-2eec-11f1-b857-c0df3201000f,4,2,black,opening,d5,74,81,0,ok
7ff26ef1-2eec-11f1-b857-c0df3201000f,6,3,black,opening,e4,77,-30,107,mistake
7ff26ef1-2eec-11f1-b857-c0df3201000f,8,4,black,opening,Nf6,54,31,23,ok
7ff26ef1-2eec-11f1-b857-c0df3201000f,10,5,black,opening,Nc6,35,36,0,ok
7ff26ef1-2eec-11f1-b857-c0df3201000f,12,6,black,opening,h5,88,73,15,ok
7ff26ef1-2eec-11f1-b857-c0df3201000f,14,7,black,opening,h4,262,281,0,ok
7ff26ef1-2eec-11f1-b857-c0df3201000f,16,8,black,opening,Qd6+,346,337,9,ok
7ff26ef1-2eec-11f1-b857-c0df3201000f,18,9,black,opening,Nxg4,362,390,0,ok
7ff26ef1-2eec-11f1-b857-c0df3201000f,20,10,black,opening,Bxg4,425,441,0,ok
7ff26ef1-2eec-11f1-b857-c0df3201000f,22,11,black,middlegame,h3,879,887,0,ok
7ff26ef1-2eec-11f1-b857-c0df3201000f,24,12,black,middlegame,hxg2+,99996,99997,0,ok
7ff26ef1-2eec-11f1-b857-c0df3201000f,26,13,black,middlegame,gxf1=Q+,99997,99997,0,ok
7ff26ef1-2eec-11f1-b857-c0df3201000f,28,14,black,middlegame,Rh1+,99997,99998,0,ok
7ff26ef1-2eec-11f1-b857-c0df3201000f,30,15,black,middlegame,Qf6+,99998,99994,4,ok
7ff26ef1-2eec-11f1-b857-c0df3201000f,32,16,black,middlegame,Qh4,99996,99995,1,ok
7ff26ef1-2eec-11f1-b857-c0df3201000f,34,17,black,middlegame,Qh3+,99998,99998,0,ok
7ff26ef1-2eec-11f1-b857-c0df3201000f,36,18,black,middlegame,Qh2+,99998,99999,0,ok
55fe3073-2eeb-11f1-9cba-64284d01000f,1,1,white,opening,e4,35,37,0,ok
55fe3073-2eeb-11f1-9cba-64284d01000f,3,2,white,opening,d4,39,37,2,ok
55fe3073-2eeb-11f1-9cba-64284d01000f,5,3,white,opening,exd5,37,28,9,ok
55fe3073-2eeb-11f1-9cba-64284d01000f,7,4,white,opening,Nc3,28,-2,30,ok
55fe3073-2eeb-11f1-9cba-64284d01000f,9,5,white,opening,Nf3,0,0,0,ok
55fe3073-2eeb-11f1-9cba-64284d01000f,11,6,white,opening,Bg5,16,-31,47,ok
55fe3073-2eeb-11f1-9cba-64284d01000f,13,7,white,opening,Bxf6,-39,-71,32,ok
55fe3073-2eeb-11f1-9cba-64284d01000f,15,8,white,opening,Bb5,-49,-70,21,ok
55fe3073-2eeb-11f1-9cba-64284d01000f,17,9,white,opening,Bxc6+,-45,-60,15,ok
55fe3073-2eeb-11f1-9cba-64284d01000f,19,10,white,opening,O-O,-69,-61,0,ok
55fe3073-2eeb-11f1-9cba-64284d01000f,21,11,white,opening,Re1+,35,35,0,ok
55fe3073-2eeb-11f1-9cba-64284d01000f,23,12,white,middlegame,Rb1,25,-30,55,inaccuracy
55fe3073-2eeb-11f1-9cba-64284d01000f,25,13,white,middlegame,Qxf3,37,30,7,ok
55fe3073-2eeb-11f1-9cba-64284d01000f,27,14,white,middlegame,Rbd1,109,-16,125,mistake
55fe3073-2eeb-11f1-9cba-64284d01000f,29,15,white,middlegame,Qe2,72,-38,110,mistake
55fe3073-2eeb-11f1-9cba-64284d01000f,31,16,white,middlegame,Na4,-38,-56,18,ok
55fe3073-2eeb-11f1-9cba-64284d01000f,33,17,white,middlegame,Qxb5,18,-232,250,mistake
55fe3073-2eeb-11f1-9cba-64284d01000f,35,18,white,endgame,Nc5,-241,-234,0,ok
55fe3073-2eeb-11f1-9cba-64284d01000f,37,19,white,endgame,Na6,-147,-483,336,blunder
55fe3073-2eeb-11f1-9cba-64284d01000f,39,20,white,endgame,Rxe7,-91,-80,0,ok
55fe3073-2eeb-11f1-9cba-64284d01000f,41,21,white,endgame,Rde1,-82,-383,301,blunder
55fe3073-2eeb-11f1-9cba-64284d01000f,43,22,white,endgame,Re8,-406,-481,75,inaccuracy
55fe3073-2eeb-11f1-9cba-64284d01000f,45,23,white,endgame,h4,-511,-512,1,ok
55fe3073-2eeb-11f1-9cba-64284d01000f,47,24,white,endgame,g4,-537,-541,4,ok
55fe3073-2eeb-11f1-9cba-64284d01000f,49,25,white,endgame,Rxf8+,-562,-633,71,inaccuracy
55fe3073-2eeb-11f1-9cba-64284d01000f,51,26,white,endgame,Rb1,-649,-660,11,ok
55fe3073-2eeb-11f1-9cba-64284d01000f,53,27,white,endgame,Kg2,-658,-674,16,ok
55fe3073-2eeb-11f1-9cba-64284d01000f,55,28,white,endgame,Kf3,-660,-690,30,ok
55fe3073-2eeb-11f1-9cba-64284d01000f,57,29,white,endgame,Ke3,-720,-733,13,ok
55fe3073-2eeb-11f1-9cba-64284d01000f,59,30,white,endgame,Ke2,-741,-849,108,mistake
55fe3073-2eeb-11f1-9cba-64284d01000f,61,31,white,endgame,Kxd2,-840,-832,0,ok
55fe3073-2eeb-11f1-9cba-64284d01000f,63,32,white,endgame,Kc2,-856,-853,0,ok
55fe3073-2eeb-11f1-9cba-64284d01000f,65,33,white,endgame,Kxb2,-801,-799,0,ok
55fe3073-2eeb-11f1-9cba-64284d01000f,67,34,white,endgame,Kc3,-796,-785,0,ok
55fe3073-2eeb-11f1-9cba-64284d01000f,69,35,white,endgame,Kd3,-811,-875,64,inaccuracy
55fe3073-2eeb-11f1-9cba-64284d01000f,71,36,white,endgame,h5,-861,-851,0,ok
55fe3073-2eeb-11f1-9cba-64284d01000f,73,37,white,endgame,h6,-854,-885,31,ok
55fe3073-2eeb-11f1-9cba-64284d01000f,75,38,white,endgame,Ke3,-776,-864,88,inaccuracy
55fe3073-2eeb-11f1-9cba-64284d01000f,77,39,white,endgame,Kf3,-893,-1075,182,mistake
55fe3073-2eeb-11f1-9cba-64284d01000f,79,40,white,endgame,Ke3,-878,-1253,375,blunder
55fe3073-2eeb-11f1-9cba-64284d01000f,81,41,white,endgame,Kd2,-886,-922,36,ok
55fe3073-2eeb-11f1-9cba-64284d01000f,83,42,white,endgame,Ke2,-99988,-99989,1,ok
55fe3073-2eeb-11f1-9cba-64284d01000f,85,43,white,endgame,Ke3,-99990,-99989,0,ok
55fe3073-2eeb-11f1-9cba-64284d01000f,87,44,white,endgame,Kf3,-99992,-99992,0,ok
55fe3073-2eeb-11f1-9cba-64284d01000f,89,45,white,endgame,Kf4,-99989,-99993,4,ok
55fe3073-2eeb-11f1-9cba-64284d01000f,91,46,white,endgame,Kf5,-99995,-99995,0,ok
55fe3073-2eeb-11f1-9cba-64284d01000f,93,47,white,endgame,Kf4,-99996,-99996,0,ok
55fe3073-2eeb-11f1-9cba-64284d01000f,95,48,white,middlegame,Kf5,-99997,-99997,0,ok
55fe3073-2eeb-11f1-9cba-64284d01000f,97,49,white,middlegame,Ke4,-99997,-99997,0,ok
55fe3073-2eeb-11f1-9cba-64284d01000f,99,50,white,middlegame,Kd3,-99997,-99997,0,ok
55fe3073-2eeb-11f1-9cba-64284d01000f,101,51,white,middlegame,Ke3,-99997,-99997,0,ok
55fe3073-2eeb-11f1-9cba-64284d01000f,103,52,white,middlegame,Ke2,-99997,-99997,0,ok
55fe3073-2eeb-11f1-9cba-64284d01000f,105,53,white,middlegame,Kd2,-99998,-99998,0,ok
55fe3073-2eeb-11f1-9cba-64284d01000f,107,54,white,middlegame,Kc2,-99999,-99999,0,ok
b7372c67-2ee9-11f1-8741-31d7cd01000f,2,1,black,opening,d5,-36,-32,0,ok
b7372c67-2ee9-11f1-8741-31d7cd01000f,4,2,black,opening,Nc6,-12,-52,40,ok
b7372c67-2ee9-11f1-8741-31d7cd01000f,6,3,black,opening,Nf6,-44,-47,3,ok
b7372c67-2ee9-11f1-8741-31d7cd01000f,8,4,black,opening,Bg4,-54,-45,0,ok
b7372c67-2ee9-11f1-8741-31d7cd01000f,10,5,black,opening,Bf5,-32,-92,60,inaccuracy
b7372c67-2ee9-11f1-8741-31d7cd01000f,12,6,black,opening,Bxd3,-32,-34,2,ok
b7372c67-2ee9-11f1-8741-31d7cd01000f,14,7,black,opening,Nb4,-34,-263,229,mistake
b7372c67-2ee9-11f1-8741-31d7cd01000f,16,8,black,opening,Nc6,-279,-322,43,ok
b7372c67-2ee9-11f1-8741-31d7cd01000f,18,9,black,opening,Rb8,-112,-111,0,ok
b7372c67-2ee9-11f1-8741-31d7cd01000f,20,10,black,opening,a6,-124,-122,0,ok
b7372c67-2ee9-11f1-8741-31d7cd01000f,22,11,black,middlegame,b5,-134,-150,16,ok
b7372c67-2ee9-11f1-8741-31d7cd01000f,24,12,black,middlegame,Nxe5,-143,-162,19,ok
b7372c67-2ee9-11f1-8741-31d7cd01000f,26,13,black,middlegame,Ne4,-38,-174,136,mistake
b7372c67-2ee9-11f1-8741-31d7cd01000f,28,14,black,middlegame,dxe4,-172,-163,0,ok
b7372c67-2ee9-11f1-8741-31d7cd01000f,30,15,black,middlegame,e6,-142,-143,1,ok
b7372c67-2ee9-11f1-8741-31d7cd01000f,32,16,black,middlegame,Bd6,-124,-116,0,ok
b7372c67-2ee9-11f1-8741-31d7cd01000f,34,17,black,middlegame,Rg8,-4,-1,0,ok
b7372c67-2ee9-11f1-8741-31d7cd01000f,36,18,black,middlegame,Rg6,244,-6,250,mistake
b7372c67-2ee9-11f1-8741-31d7cd01000f,38,19,black,middlegame,Qh4,-3,0,0,ok
b7372c67-2ee9-11f1-8741-31d7cd01000f,40,20,black,middlegame,Bxf4,47,-32,79,inaccuracy
b7372c67-2ee9-11f1-8741-31d7cd01000f,42,21,black,middlegame,Qxf4,-32,-32,0,ok
b7372c67-2ee9-11f1-8741-31d7cd01000f,44,22,black,middlegame,c6,-28,-42,14,ok
b7372c67-2ee9-11f1-8741-31d7cd01000f,46,23,black,middlegame,Qf6,57,-196,253,mistake
b7372c67-2ee9-11f1-8741-31d7cd01000f,48,24,black,middlegame,Ke7,-205,-310,105,mistake
b7372c67-2ee9-11f1-8741-31d7cd01000f,50,25,black,middlegame,Rbg8,-304,-428,124,mistake
b7372c67-2ee9-11f1-8741-31d7cd01000f,52,26,black,middlegame,Qxd4,-290,-305,15,ok
b7372c67-2ee9-11f1-8741-31d7cd01000f,54,27,black,middlegame,axb5,-285,-275,0,ok
b7372c67-2ee9-11f1-8741-31d7cd01000f,56,28,black,middlegame,Qd6,-139,-327,188,mistake
b7372c67-2ee9-11f1-8741-31d7cd01000f,58,29,black,middlegame,Kxd6,-327,-347,20,ok
b7372c67-2ee9-11f1-8741-31d7cd01000f,60,30,black,endgame,Ke5,-346,-398,52,inaccuracy
b7372c67-2ee9-11f1-8741-31d7cd01000f,62,31,black,endgame,Ke4,-405,-409,4,ok
b7372c67-2ee9-11f1-8741-31d7cd01000f,64,32,black,endgame,Kf3,-384,-453,69,inaccuracy
b7372c67-2ee9-11f1-8741-31d7cd01000f,66,33,black,endgame,f5,-461,-99998,99537,blunder
b7372c67-2ee9-11f1-8741-31d7cd01000f,68,34,black,endgame,Ke4,-99999,-99999,0,ok
b7372c67-2ee9-11f1-8741-31d7cd01000f,70,35,black,endgame,f4,-445,-506,61,inaccuracy
b7372c67-2ee9-11f1-8741-31d7cd01000f,72,36,black,endgame,h5,-431,-444,13,ok
b7372c67-2ee9-11f1-8741-31d7cd01000f,74,37,black,endgame,Kd5,-380,-407,27,ok
b7372c67-2ee9-11f1-8741-31d7cd01000f,76,38,black,endgame,Kc4,-315,-399,84,inaccuracy
b7372c67-2ee9-11f1-8741-31d7cd01000f,78,39,black,endgame,Kd4,-460,-459,0,ok
b7372c67-2ee9-11f1-8741-31d7cd01000f,80,40,black,endgame,hxg4,-442,-441,0,ok
b7372c67-2ee9-11f1-8741-31d7cd01000f,82,41,black,endgame,e5,-452,-99999,99547,blunder
b7372c67-2ee9-11f1-8741-31d7cd01000f,84,42,black,endgame,Kd5,-383,-397,14,ok
b7372c67-2ee9-11f1-8741-31d7cd01000f,86,43,black,endgame,Rh6+,-150,-145,0,ok
b7372c67-2ee9-11f1-8741-31d7cd01000f,88,44,black,endgame,Rgh8,-154,-147,0,ok
b7372c67-2ee9-11f1-8741-31d7cd01000f,90,45,black,endgame,Rh1+,99997,99998,0,ok
b7372c67-2ee9-11f1-8741-31d7cd01000f,92,46,black,endgame,R8h2+,99998,99999,0,ok
b7372c67-2ee9-11f1-8741-31d7cd01000f,94,47,black,endgame,Rd1#,99999,100000,0,ok
78a67053-2ee8-11f1-9cba-64284d01000f,1,1,white,opening,e4,37,33,4,ok
78a67053-2ee8-11f1-9cba-64284d01000f,3,2,white,opening,Nf3,30,27,3,ok
78a67053-2ee8-11f1-9cba-64284d01000f,5,3,white,opening,Nc3,31,14,17,ok
78a67053-2ee8-11f1-9cba-64284d01000f,7,4,white,opening,d4,66,69,0,ok
78a67053-2ee8-11f1-9cba-64284d01000f,9,5,white,opening,d5,105,84,21,ok
78a67053-2ee8-11f1-9cba-64284d01000f,11,6,white,opening,Be2,84,33,51,inaccuracy
78a67053-2ee8-11f1-9cba-64284d01000f,13,7,white,opening,Qxe2,35,30,5,ok
78a67053-2ee8-11f1-9cba-64284d01000f,15,8,white,opening,Qxf3,147,71,76,inaccuracy
78a67053-2ee8-11f1-9cba-64284d01000f,17,9,white,opening,Qd3,88,91,0,ok
78a67053-2ee8-11f1-9cba-64284d01000f,19,10,white,opening,Nb5,87,49,38,ok
78a67053-2ee8-11f1-9cba-64284d01000f,21,11,white,opening,Qxb5+,103,153,0,ok
78a67053-2ee8-11f1-9cba-64284d01000f,23,12,white,middlegame,Qxb7,151,146,5,ok
78a67053-2ee8-11f1-9cba-64284d01000f,25,13,white,middlegame,h4,141,-200,341,blunder
78a67053-2ee8-11f1-9cba-64284d01000f,27,14,white,middlegame,Be3,111,-75,186,mistake
78a67053-2ee8-11f1-9cba-64284d01000f,29,15,white,middlegame,O-O-O,-48,-160,112,mistake
78a67053-2ee8-11f1-9cba-64284d01000f,31,16,white,middlegame,f4,-171,-166,0,ok
78a67053-2ee8-11f1-9cba-64284d01000f,33,17,white,middlegame,g3,-160,-236,76,inaccuracy
78a67053-2ee8-11f1-9cba-64284d01000f,35,18,white,middlegame,Qb4,-247,-280,33,ok
78a67053-2ee8-11f1-9cba-64284d01000f,37,19,white,middlegame,Qe1,-275,-339,64,inaccuracy
78a67053-2ee8-11f1-9cba-64284d01000f,39,20,white,middlegame,Qe2,-329,-378,49,ok
78a67053-2ee8-11f1-9cba-64284d01000f,41,21,white,middlegame,Qxe3,-338,-346,8,ok
78a67053-2ee8-11f1-9cba-64284d01000f,43,22,white,middlegame,g4,-349,-756,407,blunder
78a67053-2ee8-11f1-9cba-64284d01000f,45,23,white,middlegame,Qxf4,-786,-786,0,ok
78a67053-2ee8-11f1-9cba-64284d01000f,47,24,white,middlegame,h5,-797,-822,25,ok
07e22f5e-2ee8-11f1-9cba-64284d01000f,1,1,white,opening,e4,36,30,6,ok
07e22f5e-2ee8-11f1-9cba-64284d01000f,3,2,white,opening,Nf3,31,30,1,ok
07e22f5e-2ee8-11f1-9cba-64284d01000f,5,3,white,opening,Nc3,34,14,20,ok
07e22f5e-2ee8-11f1-9cba-64284d01000f,7,4,white,opening,Bb5,56,23,33,ok
07e22f5e-2ee8-11f1-9cba-64284d01000f,9,5,white,opening,Bxc6,39,35,4,ok
07e22f5e-2ee8-11f1-9cba-64284d01000f,11,6,white,opening,Nxe5,39,48,0,ok
07e22f5e-2ee8-11f1-9cba-64284d01000f,13,7,white,opening,d4,179,142,37,ok
07e22f5e-2ee8-11f1-9cba-64284d01000f,15,8,white,opening,bxc3,225,235,0,ok
07e22f5e-2ee8-11f1-9cba-64284d01000f,17,9,white,opening,O-O,240,250,0,ok
07e22f5e-2ee8-11f1-9cba-64284d01000f,19,10,white,opening,Qh5,315,299,16,ok
07e22f5e-2ee8-11f1-9cba-64284d01000f,21,11,white,opening,cxd4,331,340,0,ok
07e22f5e-2ee8-11f1-9cba-64284d01000f,23,12,white,middlegame,Bg5,567,561,6,ok
07e22f5e-2ee8-11f1-9cba-64284d01000f,25,13,white,middlegame,Qxh6,889,828,61,inaccuracy
0fe9cea1-2ee7-11f1-8741-31d7cd01000f,2,1,black,opening,e5,-39,-37,0,ok
0fe9cea1-2ee7-11f1-8741-31d7cd01000f,4,2,black,opening,Nf6,18,18,0,ok
0fe9cea1-2ee7-11f1-8741-31d7cd01000f,6,3,black,opening,Nc6,41,8,33,ok
0fe9cea1-2ee7-11f1-8741-31d7cd01000f,8,4,black,opening,Be7,55,24,31,ok
0fe9cea1-2ee7-11f1-8741-31d7cd01000f,10,5,black,opening,Bxf6,46,52,0,ok
0fe9cea1-2ee7-11f1-8741-31d7cd01000f,12,6,black,opening,O-O,73,73,0,ok
0fe9cea1-2ee7-11f1-8741-31d7cd01000f,14,7,black,opening,d5,83,70,13,ok
0fe9cea1-2ee7-11f1-8741-31d7cd01000f,16,8,black,opening,Qxd5,86,93,0,ok
0fe9cea1-2ee7-11f1-8741-31d7cd01000f,18,9,black,opening,Qc5,95,50,45,ok
0fe9cea1-2ee7-11f1-8741-31d7cd01000f,20,10,black,opening,Bf5,91,44,47,ok
0fe9cea1-2ee7-11f1-8741-31d7cd01000f,22,11,black,middlegame,Qb6,121,-60,181,mistake
0fe9cea1-2ee7-11f1-8741-31d7cd01000f,24,12,black,middlegame,Rfe8,68,-222,290,mistake
0fe9cea1-2ee7-11f1-8741-31d7cd01000f,26,13,black,middlegame,e4,33,-35,68,inaccuracy
0fe9cea1-2ee7-11f1-8741-31d7cd01000f,28,14,black,middlegame,Bxe4,266,252,14,ok
0fe9cea1-2ee7-11f1-8741-31d7cd01000f,30,15,black,middlegame,Rxe4,251,3,248,mistake
0fe9cea1-2ee7-11f1-8741-31d7cd01000f,32,16,black,middlegame,Rae8,22,-9,31,ok
0fe9cea1-2ee7-11f1-8741-31d7cd01000f,34,17,black,middlegame,Nd4,15,20,0,ok
0fe9cea1-2ee7-11f1-8741-31d7cd01000f,36,18,black,middlegame,Bxd4,29,3,26,ok
0fe9cea1-2ee7-11f1-8741-31d7cd01000f,38,19,black,middlegame,Qf6,0,10,0,ok
0fe9cea1-2ee7-11f1-8741-31d7cd01000f,40,20,black,middlegame,Bc3,13,-492,505,blunder
0fe9cea1-2ee7-11f1-8741-31d7cd01000f,42,21,black,middlegame,Rxe1,647,705,0,ok
0fe9cea1-2ee7-11f1-8741-31d7cd01000f,44,22,black,middlegame,Rxe1+,874,900,0,ok
0fe9cea1-2ee7-11f1-8741-31d7cd01000f,46,23,black,middlegame,Bxe1,883,912,0,ok
0fe9cea1-2ee7-11f1-8741-31d7cd01000f,48,24,black,middlegame,Bc3,957,808,149,mistake
0fe9cea1-2ee7-11f1-8741-31d7cd01000f,50,25,black,middlegame,Qd4,851,837,14,ok
0fe9cea1-2ee7-11f1-8741-31d7cd01000f,52,26,black,middlegame,Qd1+,99998,99999,0,ok
0fe9cea1-2ee7-11f1-8741-31d7cd01000f,54,27,black,middlegame,Qe1#,99999,100000,0,ok
cf9abdbe-2ee1-11f1-8a8e-dfd12001000f,1,1,white,opening,e4,39,39,0,ok
cf9abdbe-2ee1-11f1-8a8e-dfd12001000f,3,2,white,opening,Nf3,36,35,1,ok
cf9abdbe-2ee1-11f1-8a8e-dfd12001000f,5,3,white,opening,Nc3,32,17,15,ok
cf9abdbe-2ee1-11f1-8a8e-dfd12001000f,7,4,white,opening,Nxe5,71,73,0,ok
cf9abdbe-2ee1-11f1-8a8e-dfd12001000f,9,5,white,opening,d4,69,76,0,ok
cf9abdbe-2ee1-11f1-8a8e-dfd12001000f,11,6,white,opening,dxe5,186,182,4,ok
cf9abdbe-2ee1-11f1-8a8e-dfd12001000f,13,7,white,opening,bxc3,206,200,6,ok
cf9abdbe-2ee1-11f1-8a8e-dfd12001000f,15,8,white,opening,Bf4,206,208,0,ok
cf9abdbe-2ee1-11f1-8a8e-dfd12001000f,17,9,white,opening,Bg3,278,287,0,ok
cf9abdbe-2ee1-11f1-8a8e-dfd12001000f,19,10,white,opening,h3,307,219,88,inaccuracy
cf9abdbe-2ee1-11f1-8a8e-dfd12001000f,21,11,white,opening,Bd3,331,199,132,mistake
cf9abdbe-2ee1-11f1-8a8e-dfd12001000f,23,12,white,middlegame,hxg4,373,418,0,ok
cf9abdbe-2ee1-11f1-8a8e-dfd12001000f,25,13,white,middlegame,e6,542,196,346,blunder
cf9abdbe-2ee1-11f1-8a8e-dfd12001000f,27,14,white,middlegame,O-O,463,-103,566,blunder
cf9abdbe-2ee1-11f1-8a8e-dfd12001000f,29,15,white,middlegame,c4,118,-70,188,mistake
cf9abdbe-2ee1-11f1-8a8e-dfd12001000f,31,16,white,middlegame,Rb1,-72,-126,54,inaccuracy
cf9abdbe-2ee1-11f1-8a8e-dfd12001000f,33,17,white,middlegame,Rb5,-138,-296,158,mistake
cf9abdbe-2ee1-11f1-8a8e-dfd12001000f,35,18,white,middlegame,cxb5,-316,-326,10,ok
cf9abdbe-2ee1-11f1-8a8e-dfd12001000f,37,19,white,middlegame,fxe3,217,237,0,ok
cf9abdbe-2ee1-11f1-8a8e-dfd12001000f,39,20,white,middlegame,Bf2,241,245,0,ok
cf9abdbe-2ee1-11f1-8a8e-dfd12001000f,41,21,white,middlegame,Bd4,444,434,10,ok
cf9abdbe-2ee1-11f1-8a8e-dfd12001000f,43,22,white,middlegame,Bxh8,469,452,17,ok
cf9abdbe-2ee1-11f1-8a8e-dfd12001000f,45,23,white,middlegame,Rxf7,480,460,20,ok
cf9abdbe-2ee1-11f1-8a8e-dfd12001000f,47,24,white,middlegame,Qf3,486,466,20,ok
cf9abdbe-2ee1-11f1-8a8e-dfd12001000f,49,25,white,middlegame,Rf6,499,447,52,inaccuracy
cf9abdbe-2ee1-11f1-8a8e-dfd12001000f,51,26,white,middlegame,Kh2,454,460,0,ok
cf9abdbe-2ee1-11f1-8a8e-dfd12001000f,53,27,white,middlegame,Rf8+,474,444,30,ok
cf9abdbe-2ee1-11f1-8a8e-dfd12001000f,55,28,white,middlegame,Qxf8+,454,456,0,ok
cf9abdbe-2ee1-11f1-8a8e-dfd12001000f,57,29,white,middlegame,Qf7+,451,455,0,ok
cf9abdbe-2ee1-11f1-8a8e-dfd12001000f,59,30,white,middlegame,Qf8+,459,455,4,ok
cf9abdbe-2ee1-11f1-8a8e-dfd12001000f,61,31,white,middlegame,Qf7+,459,448,11,ok
cf9abdbe-2ee1-11f1-8a8e-dfd12001000f,63,32,white,middlegame,b6,459,343,116,mistake
cf9abdbe-2ee1-11f1-8a8e-dfd12001000f,65,33,white,middlegame,Qf8+,430,417,13,ok
cf9abdbe-2ee1-11f1-8a8e-dfd12001000f,67,34,white,middlegame,Bb5+,430,0,430,blunder
cf9abdbe-2ee1-11f1-8a8e-dfd12001000f,69,35,white,middlegame,Bc4,310,268,42,ok
cf9abdbe-2ee1-11f1-8a8e-dfd12001000f,71,36,white,middlegame,Kg1,305,308,0,ok
cf9abdbe-2ee1-11f1-8a8e-dfd12001000f,73,37,white,middlegame,Qf1,301,349,0,ok
cf9abdbe-2ee1-11f1-8a8e-dfd12001000f,75,38,white,middlegame,Qf7+,431,425,6,ok
cf9abdbe-2ee1-11f1-8a8e-dfd12001000f,77,39,white,middlegame,Qxe6+,408,424,0,ok
cf9abdbe-2ee1-11f1-8a8e-dfd12001000f,79,40,white,middlegame,Bf1,424,423,1,ok
cf9abdbe-2ee1-11f1-8a8e-dfd12001000f,81,41,white,middlegame,Kh1,426,433,0,ok
cf9abdbe-2ee1-11f1-8a8e-dfd12001000f,83,42,white,middlegame,Qb3,849,410,439,blunder
cf9abdbe-2ee1-11f1-8a8e-dfd12001000f,85,43,white,middlegame,Qe6+,539,520,19,ok
cf9abdbe-2ee1-11f1-8a8e-dfd12001000f,87,44,white,middlegame,Qc4+,779,489,290,mistake
cf9abdbe-2ee1-11f1-8a8e-dfd12001000f,89,45,white,middlegame,Qxh4,481,482,0,ok
cf9abdbe-2ee1-11f1-8a8e-dfd12001000f,91,46,white,middlegame,Qe7+,580,648,0,ok
cf9abdbe-2ee1-11f1-8a8e-dfd12001000f,93,47,white,middlegame,Qxe3+,743,703,40,ok
cf9abdbe-2ee1-11f1-8a8e-dfd12001000f,95,48,white,endgame,g4,698,566,132,mistake
cf9abdbe-2ee1-11f1-8a8e-dfd12001000f,97,49,white,endgame,Be2,595,605,0,ok
cf9abdbe-2ee1-11f1-8a8e-dfd12001000f,99,50,white,endgame,Kg2,649,660,0,ok
cf9abdbe-2ee1-11f1-8a8e-dfd12001000f,101,51,white,endgame,Kg3,719,727,0,ok
cf9abdbe-2ee1-11f1-8a8e-dfd12001000f,103,52,white,endgame,Ba6,733,664,69,inaccuracy
cf9abdbe-2ee1-11f1-8a8e-dfd12001000f,105,53,white,endgame,Bb5,709,746,0,ok
cf9abdbe-2ee1-11f1-8a8e-dfd12001000f,107,54,white,endgame,Kh4,797,793,4,ok
cf9abdbe-2ee1-11f1-8a8e-dfd12001000f,109,55,white,endgame,g5+,821,1178,0,ok
cf9abdbe-2ee1-11f1-8a8e-dfd12001000f,111,56,white,endgame,Kg4,1181,8115,0,ok
cf9abdbe-2ee1-11f1-8a8e-dfd12001000f,113,57,white,endgame,Kf5,2736,1039,1697,blunder
cf9abdbe-2ee1-11f1-8a8e-dfd12001000f,115,58,white,endgame,g6+,3902,7223,0,ok
cf9abdbe-2ee1-11f1-8a8e-dfd12001000f,117,59,white,endgame,Kg5,6580,5432,1148,blunder
cf9abdbe-2ee1-11f1-8a8e-dfd12001000f,119,60,white,endgame,Kh6,99994,2652,97342,blunder
cf9abdbe-2ee1-11f1-8a8e-dfd12001000f,121,61,white,endgame,g7+,99998,99999,0,ok
cf9abdbe-2ee1-11f1-8a8e-dfd12001000f,123,62,white,endgame,Kg6,99999,99999,0,ok
cf9abdbe-2ee1-11f1-8a8e-dfd12001000f,125,63,white,endgame,Bc4#,99999,100000,0,ok
c60b6b6f-2ea3-11f1-9008-66fd0501000f,1,1,white,opening,e4,38,40,0,ok
c60b6b6f-2ea3-11f1-9008-66fd0501000f,3,2,white,opening,exd5,71,77,0,ok
c60b6b6f-2ea3-11f1-9008-66fd0501000f,5,3,white,opening,Nc3,75,69,6,ok
c60b6b6f-2ea3-11f1-9008-66fd0501000f,7,4,white,opening,Nf3,74,61,13,ok
c60b6b6f-2ea3-11f1-9008-66fd0501000f,9,5,white,opening,d4,73,75,0,ok
c60b6b6f-2ea3-11f1-9008-66fd0501000f,11,6,white,opening,Bf4,98,89,9,ok
c60b6b6f-2ea3-11f1-9008-66fd0501000f,13,7,white,opening,d5,116,115,1,ok
c60b6b6f-2ea3-11f1-9008-66fd0501000f,15,8,white,opening,Bxe5,124,79,45,ok
c60b6b6f-2ea3-11f1-9008-66fd0501000f,17,9,white,opening,Nxe5,89,75,14,ok
c60b6b6f-2ea3-11f1-9008-66fd0501000f,19,10,white,opening,Qe2,78,61,17,ok
c60b6b6f-2ea3-11f1-9008-66fd0501000f,21,11,white,opening,Qxe5+,149,149,0,ok
c60b6b6f-2ea3-11f1-9008-66fd0501000f,23,12,white,middlegame,Qxe7+,170,142,28,ok
c60b6b6f-2ea3-11f1-9008-66fd0501000f,25,13,white,endgame,Bc4,216,161,55,inaccuracy
c60b6b6f-2ea3-11f1-9008-66fd0501000f,27,14,white,endgame,O-O-O,189,202,0,ok
c60b6b6f-2ea3-11f1-9008-66fd0501000f,29,15,white,endgame,Rhe1,202,201,1,ok
c60b6b6f-2ea3-11f1-9008-66fd0501000f,31,16,white,endgame,d6,333,308,25,ok
c60b6b6f-2ea3-11f1-9008-66fd0501000f,33,17,white,endgame,Bxf7,480,508,0,ok
c60b6b6f-2ea3-11f1-9008-66fd0501000f,35,18,white,endgame,Rd2,575,513,62,inaccuracy
c60b6b6f-2ea3-11f1-9008-66fd0501000f,37,19,white,endgame,Rxe7,515,526,0,ok
c60b6b6f-2ea3-11f1-9008-66fd0501000f,39,20,white,endgame,Rxd7,525,516,9,ok
c60b6b6f-2ea3-11f1-9008-66fd0501000f,41,21,white,endgame,Bd5,528,529,0,ok
c60b6b6f-2ea3-11f1-9008-66fd0501000f,43,22,white,endgame,f3,553,552,1,ok
c60b6b6f-2ea3-11f1-9008-66fd0501000f,45,23,white,endgame,g4,560,550,10,ok
c60b6b6f-2ea3-11f1-9008-66fd0501000f,47,24,white,endgame,h4,603,564,39,ok
c60b6b6f-2ea3-11f1-9008-66fd0501000f,49,25,white,endgame,h5,571,568,3,ok
c60b6b6f-2ea3-11f1-9008-66fd0501000f,51,26,white,endgame,Re2,572,573,0,ok
c60b6b6f-2ea3-11f1-9008-66fd0501000f,53,27,white,endgame,a4,574,526,48,ok
c60b6b6f-2ea3-11f1-9008-66fd0501000f,55,28,white,endgame,Ne4,551,529,22,ok
c60b6b6f-2ea3-11f1-9008-66fd0501000f,57,29,white,endgame,Rxe4,627,601,26,ok
c60b6b6f-2ea3-11f1-9008-66fd0501000f,59,30,white,endgame,Rf4,649,628,21,ok
c60b6b6f-2ea3-11f1-9008-66fd0501000f,61,31,white,endgame,Rf7+,640,670,0,ok
c60b6b6f-2ea3-11f1-9008-66fd0501000f,63,32,white,endgame,Rxe7+,681,842,0,ok
c60b6b6f-2ea3-11f1-9008-66fd0501000f,65,33,white,endgame,Kd2,882,871,11,ok
c60b6b6f-2ea3-11f1-9008-66fd0501000f,67,34,white,endgame,Ke3,884,721,163,mistake
c60b6b6f-2ea3-11f1-9008-66fd0501000f,69,35,white,endgame,c4,924,761,163,mistake
c60b6b6f-2ea3-11f1-9008-66fd0501000f,71,36,white,endgame,Kd4,818,812,6,ok
c60b6b6f-2ea3-11f1-9008-66fd0501000f,73,37,white,endgame,Ke4,898,866,32,ok
c60b6b6f-2ea3-11f1-9008-66fd0501000f,75,38,white,endgame,f4,921,956,0,ok
c60b6b6f-2ea3-11f1-9008-66fd0501000f,77,39,white,endgame,hxg6,998,1059,0,ok
c60b6b6f-2ea3-11f1-9008-66fd0501000f,79,40,white,endgame,f5+,1592,940,652,blunder
c60b6b6f-2ea3-11f1-9008-66fd0501000f,81,41,white,endgame,Kf3,1007,881,126,mistake
c60b6b6f-2ea3-11f1-9008-66fd0501000f,83,42,white,endgame,Kf4,1003,1112,0,ok
c60b6b6f-2ea3-11f1-9008-66fd0501000f,85,43,white,endgame,b3,1492,1218,274,mistake
c60b6b6f-2ea3-11f1-9008-66fd0501000f,87,44,white,endgame,Be6,1368,1663,0,ok
c60b6b6f-2ea3-11f1-9008-66fd0501000f,89,45,white,endgame,c5,1663,1483,180,mistake
c60b6b6f-2ea3-11f1-9008-66fd0501000f,91,46,white,endgame,Ke5,1398,1348,50,inaccuracy
c60b6b6f-2ea3-11f1-9008-66fd0501000f,93,47,white,endgame,Kf6,99988,99987,1,ok
c60b6b6f-2ea3-11f1-9008-66fd0501000f,95,48,white,endgame,Kg7,99988,1437,98551,blunder
c60b6b6f-2ea3-11f1-9008-66fd0501000f,97,49,white,endgame,Bc4,1537,1590,0,ok
c60b6b6f-2ea3-11f1-9008-66fd0501000f,99,50,white,endgame,f6,99986,1590,98396,blunder
f551bcf9-2e97-11f1-8892-ad97f801000f,2,1,black,opening,e5,-40,-43,3,ok
f551bcf9-2e97-11f1-8892-ad97f801000f,4,2,black,opening,exd4,5,8,0,ok
f551bcf9-2e97-11f1-8892-ad97f801000f,6,3,black,opening,Nc6,5,-21,26,ok
f551bcf9-2e97-11f1-8892-ad97f801000f,8,4,black,opening,dxc3,13,10,3,ok
f551bcf9-2e97-11f1-8892-ad97f801000f,10,5,black,opening,Nf6,117,112,5,ok
f551bcf9-2e97-11f1-8892-ad97f801000f,12,6,black,opening,d5,109,103,6,ok
f551bcf9-2e97-11f1-8892-ad97f801000f,14,7,black,opening,Ne4,107,103,4,ok
f551bcf9-2e97-11f1-8892-ad97f801000f,16,8,black,opening,Bg4,99,86,13,ok
f551bcf9-2e97-11f1-8892-ad97f801000f,18,9,black,opening,Nxe5,96,-6,102,mistake
f551bcf9-2e97-11f1-8892-ad97f801000f,20,10,black,opening,dxe4,-1,-3,2,ok
f551bcf9-2e97-11f1-8892-ad97f801000f,22,11,black,middlegame,Qd7,24,29,0,ok
f551bcf9-2e97-11f1-8892-ad97f801000f,24,12,black,middlegame,Qxd3,26,27,0,ok
f551bcf9-2e97-11f1-8892-ad97f801000f,26,13,black,middlegame,Be7,35,-258,293,mistake
f551bcf9-2e97-11f1-8892-ad97f801000f,28,14,black,middlegame,f6,212,188,24,ok
f551bcf9-2e97-11f1-8892-ad97f801000f,30,15,black,middlegame,O-O,176,-36,212,mistake
f551bcf9-2e97-11f1-8892-ad97f801000f,32,16,black,middlegame,fxg5,-43,-41,0,ok
f551bcf9-2e97-11f1-8892-ad97f801000f,34,17,black,middlegame,Rae8,-19,-118,99,inaccuracy
f551bcf9-2e97-11f1-8892-ad97f801000f,36,18,black,middlegame,Qf5,-114,-185,71,inaccuracy
f551bcf9-2e97-11f1-8892-ad97f801000f,38,19,black,middlegame,g5,-181,-214,33,ok
f551bcf9-2e97-11f1-8892-ad97f801000f,40,20,black,middlegame,h5,-225,-310,85,inaccuracy
f551bcf9-2e97-11f1-8892-ad97f801000f,42,21,black,middlegame,Kh7,-330,-389,59,inaccuracy
f551bcf9-2e97-11f1-8892-ad97f801000f,44,22,black,middlegame,Rf7,-74,-55,0,ok
f551bcf9-2e97-11f1-8892-ad97f801000f,46,23,black,middlegame,h4,27,-56,83,inaccuracy
f551bcf9-2e97-11f1-8892-ad97f801000f,48,24,black,middlegame,Be2,71,62,9,ok
f551bcf9-2e97-11f1-8892-ad97f801000f,50,25,black,middlegame,Bb5,482,152,330,blunder
f551bcf9-2e97-11f1-8892-ad97f801000f,52,26,black,middlegame,Bxf1,518,498,20,ok
f551bcf9-2e97-11f1-8892-ad97f801000f,54,27,black,middlegame,Qxf2+,99997,99998,0,ok
f551bcf9-2e97-11f1-8892-ad97f801000f,56,28,black,middlegame,Re1+,99998,99999,0,ok
f551bcf9-2e97-11f1-8892-ad97f801000f,58,29,black,middlegame,Rexf1#,99999,100000,0,ok
89675a65-2e96-11f1-b017-c1719401000f,2,1,black,opening,e5,-43,-43,0,ok
89675a65-2e96-11f1-b017-c1719401000f,4,2,black,opening,Nc6,-19,-20,1,ok
89675a65-2e96-11f1-b017-c1719401000f,6,3,black,opening,Nf6,-23,-21,0,ok
89675a65-2e96-11f1-b017-c1719401000f,8,4,black,opening,Bb4,-15,-45,30,ok
89675a65-2e96-11f1-b017-c1719401000f,10,5,black,opening,Bxc3+,-20,-48,28,ok
89675a65-2e96-11f1-b017-c1719401000f,12,6,black,opening,Na5,-52,-51,0,ok
89675a65-2e96-11f1-b017-c1719401000f,14,7,black,opening,d6,-36,-35,0,ok
89675a65-2e96-11f1-b017-c1719401000f,16,8,black,opening,Bg4,21,-34,55,inaccuracy
89675a65-2e96-11f1-b017-c1719401000f,18,9,black,opening,c5,14,-130,144,mistake
89675a65-2e96-11f1-b017-c1719401000f,20,10,black,opening,O-O,125,-141,266,mistake
89675a65-2e96-11f1-b017-c1719401000f,22,11,black,middlegame,Qb6,-43,-159,116,mistake
89675a65-2e96-11f1-b017-c1719401000f,24,12,black,middlegame,Bxf3,0,-1,1,ok
89675a65-2e96-11f1-b017-c1719401000f,26,13,black,middlegame,Nh5,60,-408,468,blunder
89675a65-2e96-11f1-b017-c1719401000f,28,14,black,middlegame,g6,-414,-499,85,inaccuracy
89675a65-2e96-11f1-b017-c1719401000f,30,15,black,middlegame,f5,-434,-481,47,ok
89675a65-2e96-11f1-b017-c1719401000f,32,16,black,middlegame,fxe4,-485,-531,46,ok
89675a65-2e96-11f1-b017-c1719401000f,34,17,black,middlegame,Rf4,-535,-619,84,inaccuracy
89675a65-2e96-11f1-b017-c1719401000f,36,18,black,middlegame,Qd8,-629,-782,153,mistake
89675a65-2e96-11f1-b017-c1719401000f,38,19,black,middlegame,Qf6,-834,-833,0,ok
89675a65-2e96-11f1-b017-c1719401000f,40,20,black,middlegame,Rf8,-667,-703,36,ok
89675a65-2e96-11f1-b017-c1719401000f,42,21,black,middlegame,Nxc4,-712,-711,0,ok
89675a65-2e96-11f1-b017-c1719401000f,44,22,black,middlegame,Qe5,-511,-706,195,mistake
89675a65-2e96-11f1-b017-c1719401000f,46,23,black,middlegame,Qxg5,-692,-721,29,ok
89675a65-2e96-11f1-b017-c1719401000f,48,24,black,middlegame,h5,-570,-753,183,mistake
89675a65-2e96-11f1-b017-c1719401000f,50,25,black,middlegame,h4,-771,-814,43,ok
89675a65-2e96-11f1-b017-c1719401000f,52,26,black,middlegame,Qg4,-655,-757,102,mistake
89675a65-2e96-11f1-b017-c1719401000f,54,27,black,middlegame,Qh3,-779,-1267,488,blunder
89675a65-2e96-11f1-b017-c1719401000f,56,28,black,middlegame,hxg3,-880,-99998,99118,blunder
89675a65-2e96-11f1-b017-c1719401000f,58,29,black,middlegame,Kh8,-99999,-99999,0,ok
89675a65-2e96-11f1-b017-c1719401000f,60,30,black,middlegame,Qxh5,-901,-930,29,ok
89675a65-2e96-11f1-b017-c1719401000f,62,31,black,endgame,gxh2+,-938,-1061,123,mistake
89675a65-2e96-11f1-b017-c1719401000f,64,32,black,endgame,a5,-99989,-99991,2,ok
89675a65-2e96-11f1-b017-c1719401000f,66,33,black,endgame,Rg8,-1004,-1337,333,blunder
89675a65-2e96-11f1-b017-c1719401000f,68,34,black,endgame,Rf8,-1278,-99994,98716,blunder
89675a65-2e96-11f1-b017-c1719401000f,70,35,black,endgame,c4,-99993,-99994,1,ok
89675a65-2e96-11f1-b017-c1719401000f,72,36,black,endgame,a4,-1091,-99992,98901,blunder
89675a65-2e96-11f1-b017-c1719401000f,74,37,black,endgame,a3,-884,-950,66,inaccuracy
89675a65-2e96-11f1-b017-c1719401000f,76,38,black,endgame,c3,-1052,-99990,98938,blunder
89675a65-2e96-11f1-b017-c1719401000f,78,39,black,endgame,Rxf5,-892,-1246,354,blunder
48735a4a-2e95-11f1-836e-0dfb9c01000f,1,1,white,opening,e4,43,40,3,ok
48735a4a-2e95-11f1-836e-0dfb9c01000f,3,2,white,opening,Nf3,38,41,0,ok
48735a4a-2e95-11f1-836e-0dfb9c01000f,5,3,white,opening,Nc3,41,18,23,ok
48735a4a-2e95-11f1-836e-0dfb9c01000f,7,4,white,opening,d4,24,13,11,ok
48735a4a-2e95-11f1-836e-0dfb9c01000f,9,5,white,opening,Nxd4,14,14,0,ok
48735a4a-2e95-11f1-836e-0dfb9c01000f,11,6,white,opening,Qxd4,120,125,0,ok
48735a4a-2e95-11f1-836e-0dfb9c01000f,13,7,white,opening,Qd3,193,177,16,ok
48735a4a-2e95-11f1-836e-0dfb9c01000f,15,8,white,opening,Bg5,178,169,9,ok
48735a4a-2e95-11f1-836e-0dfb9c01000f,17,9,white,opening,O-O-O,167,167,0,ok
48735a4a-2e95-11f1-836e-0dfb9c01000f,19,10,white,opening,Bxe7,236,230,6,ok
48735a4a-2e95-11f1-836e-0dfb9c01000f,21,11,white,opening,Qxd6,244,169,75,inaccuracy
48735a4a-2e95-11f1-836e-0dfb9c01000f,23,12,white,middlegame,Bb5+,532,539,0,ok
48735a4a-2e95-11f1-836e-0dfb9c01000f,25,13,white,middlegame,Bxd7+,688,382,306,blunder
48735a4a-2e95-11f1-836e-0dfb9c01000f,27,14,white,middlegame,Qxe7+,389,400,0,ok
48735a4a-2e95-11f1-836e-0dfb9c01000f,29,15,white,endgame,Rhe1,405,279,126,mistake
48735a4a-2e95-11f1-836e-0dfb9c01000f,31,16,white,endgame,Rxd1,271,264,7,ok
48735a4a-2e95-11f1-836e-0dfb9c01000f,33,17,white,endgame,Nd5+,267,-287,554,blunder
48735a4a-2e95-11f1-836e-0dfb9c01000f,35,18,white,endgame,Nc7,377,219,158,mistake
48735a4a-2e95-11f1-836e-0dfb9c01000f,37,19,white,endgame,Bg4,219,235,0,ok
48735a4a-2e95-11f1-836e-0dfb9c01000f,39,20,white,endgame,Kxd1,228,209,19,ok
48735a4a-2e95-11f1-836e-0dfb9c01000f,41,21,white,endgame,Kc1,240,197,43,ok
48735a4a-2e95-11f1-836e-0dfb9c01000f,43,22,white,endgame,Nd5+,253,213,40,ok
48735a4a-2e95-11f1-836e-0dfb9c01000f,45,23,white,endgame,Bf3,295,298,0,ok
48735a4a-2e95-11f1-836e-0dfb9c01000f,47,24,white,endgame,b3,404,417,0,ok
48735a4a-2e95-11f1-836e-0dfb9c01000f,49,25,white,endgame,c3,507,-431,938,blunder
48735a4a-2e95-11f1-836e-0dfb9c01000f,51,26,white,endgame,cxd4,-419,-663,244,mistake
48735a4a-2e95-11f1-836e-0dfb9c01000f,53,27,white,endgame,Nf6+,-683,-755,72,inaccuracy
48735a4a-2e95-11f1-836e-0dfb9c01000f,55,28,white,endgame,dxc5,-772,-787,15,ok
48735a4a-2e95-11f1-836e-0dfb9c01000f,57,29,white,endgame,Kb2,-789,-794,5,ok
48735a4a-2e95-11f1-836e-0dfb9c01000f,59,30,white,endgame,Ka3,-799,-824,25,ok
48735a4a-2e95-11f1-836e-0dfb9c01000f,61,31,white,endgame,b4,-824,-930,106,mistake
48735a4a-2e95-11f1-836e-0dfb9c01000f,63,32,white,endgame,Ka4,-938,-99985,99047,blunder
48735a4a-2e95-11f1-836e-0dfb9c01000f,65,33,white,endgame,e5,-847,-99990,99143,blunder
48735a4a-2e95-11f1-836e-0dfb9c01000f,67,34,white,endgame,Ka5,-801,-99997,99196,blunder
48735a4a-2e95-11f1-836e-0dfb9c01000f,69,35,white,endgame,Kb6,-772,-816,44,ok
48735a4a-2e95-11f1-836e-0dfb9c01000f,71,36,white,endgame,Kxa6,-859,-99998,99139,blunder
48735a4a-2e95-11f1-836e-0dfb9c01000f,73,37,white,endgame,Ka5,-99994,-99997,3,ok
48735a4a-2e95-11f1-836e-0dfb9c01000f,75,38,white,endgame,h4,-798,-99995,99197,blunder
48735a4a-2e95-11f1-836e-0dfb9c01000f,77,39,white,endgame,Kxb4,-760,-835,75,inaccuracy
48735a4a-2e95-11f1-836e-0dfb9c01000f,79,40,white,endgame,Kc3,-728,-753,25,ok
48735a4a-2e95-11f1-836e-0dfb9c01000f,81,41,white,endgame,a4,-798,-1247,449,blunder
48735a4a-2e95-11f1-836e-0dfb9c01000f,83,42,white,endgame,Kd3,-99989,-99991,2,ok
48735a4a-2e95-11f1-836e-0dfb9c01000f,85,43,white,endgame,Kc3,-99990,-99990,0,ok
48735a4a-2e95-11f1-836e-0dfb9c01000f,87,44,white,endgame,Kd3,-99989,-99989,0,ok
48735a4a-2e95-11f1-836e-0dfb9c01000f,89,45,white,endgame,Kc3,-1144,-99988,98844,blunder
48735a4a-2e95-11f1-836e-0dfb9c01000f,91,46,white,endgame,Kd2,-99990,-99990,0,ok
48735a4a-2e95-11f1-836e-0dfb9c01000f,93,47,white,endgame,Kc2,-99989,-99991,2,ok
48735a4a-2e95-11f1-836e-0dfb9c01000f,95,48,white,endgame,Kb1,-99991,-99993,2,ok
48735a4a-2e95-11f1-836e-0dfb9c01000f,97,49,white,endgame,Kc2,-99996,-99996,0,ok
48735a4a-2e95-11f1-836e-0dfb9c01000f,99,50,white,endgame,Kd1,-99994,-99996,2,ok
48735a4a-2e95-11f1-836e-0dfb9c01000f,101,51,white,endgame,Ke1,-99996,-99996,0,ok
48735a4a-2e95-11f1-836e-0dfb9c01000f,103,52,white,endgame,Kf1,-99996,-99998,2,ok
48735a4a-2e95-11f1-836e-0dfb9c01000f,105,53,white,endgame,Kg1,-99996,-99998,2,ok
48735a4a-2e95-11f1-836e-0dfb9c01000f,107,54,white,endgame,Kh1,-99999,-99999,0,ok
f8c8d8bf-2e8b-11f1-8a8e-dfd12001000f,1,1,white,opening,e4,39,36,3,ok
f8c8d8bf-2e8b-11f1-8a8e-dfd12001000f,3,2,white,opening,Nf3,41,38,3,ok
f8c8d8bf-2e8b-11f1-8a8e-dfd12001000f,5,3,white,opening,Nc3,31,14,17,ok
f8c8d8bf-2e8b-11f1-8a8e-dfd12001000f,7,4,white,opening,d4,21,23,0,ok
f8c8d8bf-2e8b-11f1-8a8e-dfd12001000f,9,5,white,opening,Nxd4,25,23,2,ok
f8c8d8bf-2e8b-11f1-8a8e-dfd12001000f,11,6,white,opening,Qxd4,134,114,20,ok
f8c8d8bf-2e8b-11f1-8a8e-dfd12001000f,13,7,white,opening,Qe5+,186,150,36,ok
f8c8d8bf-2e8b-11f1-8a8e-dfd12001000f,15,8,white,opening,Bg5,157,131,26,ok
f8c8d8bf-2e8b-11f1-8a8e-dfd12001000f,17,9,white,opening,O-O-O,167,172,0,ok
f8c8d8bf-2e8b-11f1-8a8e-dfd12001000f,19,10,white,opening,Bxf6,176,174,2,ok
f8c8d8bf-2e8b-11f1-8a8e-dfd12001000f,21,11,white,opening,Qxc5,168,165,3,ok
f8c8d8bf-2e8b-11f1-8a8e-dfd12001000f,23,12,white,middlegame,Rxd6,218,175,43,ok
f8c8d8bf-2e8b-11f1-8a8e-dfd12001000f,25,13,white,middlegame,Bd3,160,44,116,mistake
f8c8d8bf-2e8b-11f1-8a8e-dfd12001000f,27,14,white,middlegame,Re1,392,-97,489,blunder
f8c8d8bf-2e8b-11f1-8a8e-dfd12001000f,29,15,white,middlegame,Qa3,105,122,0,ok
f8c8d8bf-2e8b-11f1-8a8e-dfd12001000f,31,16,white,middlegame,Nd5,461,468,0,ok
f8c8d8bf-2e8b-11f1-8a8e-dfd12001000f,33,17,white,middlegame,Nxf6+,541,593,0,ok
f8c8d8bf-2e8b-11f1-8a8e-dfd12001000f,35,18,white,middlegame,Rxd7,612,608,4,ok
f8c8d8bf-2e8b-11f1-8a8e-dfd12001000f,37,19,white,middlegame,Kb1,611,611,0,ok
f8c8d8bf-2e8b-11f1-8a8e-dfd12001000f,39,20,white,middlegame,Bc4,618,672,0,ok
f8c8d8bf-2e8b-11f1-8a8e-dfd12001000f,41,21,white,middlegame,Bxf7+,838,851,0,ok
f8c8d8bf-2e8b-11f1-8a8e-dfd12001000f,43,22,white,middlegame,Bxe8,879,855,24,ok
f8c8d8bf-2e8b-11f1-8a8e-dfd12001000f,45,23,white,middlegame,Red1,877,726,151,mistake
f8c8d8bf-2e8b-11f1-8a8e-dfd12001000f,47,24,white,middlegame,Qc3,99994,767,99227,blunder
d27972ae-2d64-11f1-8892-ad97f801000f,2,1,black,opening,d5,-38,-37,0,ok
d27972ae-2d64-11f1-8892-ad97f801000f,4,2,black,opening,Nc6,-17,-54,37,ok
d27972ae-2d64-11f1-8892-ad97f801000f,6,3,black,opening,Bf5,-60,-63,3,ok
d27972ae-2d64-11f1-8892-ad97f801000f,8,4,black,opening,dxc4,-60,-75,15,ok
d27972ae-2d64-11f1-8892-ad97f801000f,10,5,black,opening,e6,-76,-72,0,ok
d27972ae-2d64-11f1-8892-ad97f801000f,12,6,black,opening,Bb4+,-69,-93,24,ok
d27972ae-2d64-11f1-8892-ad97f801000f,14,7,black,opening,Nf6,-88,-87,0,ok
d27972ae-2d64-11f1-8892-ad97f801000f,16,8,black,opening,Bxc3+,-57,-52,0,ok
d27972ae-2d64-11f1-8892-ad97f801000f,18,9,black,opening,O-O,-48,-48,0,ok
d27972ae-2d64-11f1-8892-ad97f801000f,20,10,black,opening,b6,50,-44,94,inaccuracy
d27972ae-2d64-11f1-8892-ad97f801000f,22,11,black,middlegame,Ne4,35,-71,106,mistake
d27972ae-2d64-11f1-8892-ad97f801000f,24,12,black,middlegame,Nxe5,144,145,0,ok
6d5b85ad-2d64-11f1-8aee-1921a101000f,2,1,black,opening,e5,-27,-27,0,ok
6d5b85ad-2d64-11f1-8aee-1921a101000f,4,2,black,opening,Nf6,-23,-35,12,ok
6d5b85ad-2d64-11f1-8aee-1921a101000f,6,3,black,opening,e4,-27,-71,44,ok
6d5b85ad-2d64-11f1-8aee-1921a101000f,8,4,black,opening,Ng4,-64,-197,133,mistake
6d5b85ad-2d64-11f1-8aee-1921a101000f,10,5,black,opening,Bb4,-205,-265,60,inaccuracy
6d5b85ad-2d64-11f1-8aee-1921a101000f,12,6,black,opening,Qf6,-193,-697,504,blunder
6d5b85ad-2d64-11f1-8aee-1921a101000f,14,7,black,opening,Qe6,-466,-535,69,inaccuracy
6d5b85ad-2d64-11f1-8aee-1921a101000f,16,8,black,opening,Nf6,-537,-608,71,inaccuracy
6d5b85ad-2d64-11f1-8aee-1921a101000f,18,9,black,opening,Qxf6,-568,-577,9,ok
6d5b85ad-2d64-11f1-8aee-1921a101000f,20,10,black,opening,Qc6,-609,-99999,99390,blunder
318c3355-2d63-11f1-95dc-69785f01000f,1,1,white,opening,e4,35,32,3,ok
318c3355-2d63-11f1-95dc-69785f01000f,3,2,white,opening,Nf3,32,34,0,ok
318c3355-2d63-11f1-95dc-69785f01000f,5,3,white,opening,Nc3,35,23,12,ok
318c3355-2d63-11f1-95dc-69785f01000f,7,4,white,opening,d4,24,21,3,ok
318c3355-2d63-11f1-95dc-69785f01000f,9,5,white,opening,Nxd4,26,27,0,ok
318c3355-2d63-11f1-95dc-69785f01000f,11,6,white,opening,Bf4,175,56,119,mistake
318c3355-2d63-11f1-95dc-69785f01000f,13,7,white,opening,Nd5,115,9,106,mistake
318c3355-2d63-11f1-95dc-69785f01000f,15,8,white,opening,Qe2,286,160,126,mistake
318c3355-2d63-11f1-95dc-69785f01000f,17,9,white,opening,Bxe5,339,340,0,ok
318c3355-2d63-11f1-95dc-69785f01000f,19,10,white,opening,Qxe5+,366,368,0,ok
318c3355-2d63-11f1-95dc-69785f01000f,21,11,white,opening,Nxc7+,621,622,0,ok
318c3355-2d63-11f1-95dc-69785f01000f,23,12,white,middlegame,O-O-O,940,974,0,ok
318c3355-2d63-11f1-95dc-69785f01000f,25,13,white,middlegame,Nf5#,99999,100000,0,ok
11be07f0-2d61-11f1-9068-a534ec01000f,2,1,black,opening,d5,-37,-38,1,ok
11be07f0-2d61-11f1-9068-a534ec01000f,4,2,black,opening,dxc4,-38,-53,15,ok
11be07f0-2d61-11f1-9068-a534ec01000f,6,3,black,opening,Nf6,-39,-41,2,ok
11be07f0-2d61-11f1-9068-a534ec01000f,8,4,black,opening,Nc6,-38,-82,44,ok
11be07f0-2d61-11f1-9068-a534ec01000f,10,5,black,opening,Bg4,-92,-126,34,ok
11be07f0-2d61-11f1-9068-a534ec01000f,12,6,black,opening,e5,-68,-211,143,mistake
11be07f0-2d61-11f1-9068-a534ec01000f,14,7,black,opening,exd4,52,40,12,ok
11be07f0-2d61-11f1-9068-a534ec01000f,16,8,black,opening,Nxd4,36,40,0,ok
11be07f0-2d61-11f1-9068-a534ec01000f,18,9,black,opening,Qxd4,164,167,0,ok
11be07f0-2d61-11f1-9068-a534ec01000f,20,10,black,opening,Nxg4,204,157,47,ok
11be07f0-2d61-11f1-9068-a534ec01000f,22,11,black,middlegame,Be7,169,-2,171,mistake
11be07f0-2d61-11f1-9068-a534ec01000f,24,12,black,middlegame,Nxf2,130,-34,164,mistake
11be07f0-2d61-11f1-9068-a534ec01000f,26,13,black,middlegame,Bh4,-32,-34,2,ok
11be07f0-2d61-11f1-9068-a534ec01000f,28,14,black,middlegame,Qxh4+,638,623,15,ok
11be07f0-2d61-11f1-9068-a534ec01000f,30,15,black,middlegame,O-O-O,640,628,12,ok
11be07f0-2d61-11f1-9068-a534ec01000f,32,16,black,middlegame,Qc4+,647,628,19,ok
11be07f0-2d61-11f1-9068-a534ec01000f,34,17,black,middlegame,Rd1+,703,783,0,ok
11be07f0-2d61-11f1-9068-a534ec01000f,36,18,black,middlegame,Qf4+,811,-600,1411,blunder
11be07f0-2d61-11f1-9068-a534ec01000f,38,19,black,endgame,Rd3,-588,-611,23,ok
11be07f0-2d61-11f1-9068-a534ec01000f,40,20,black,endgame,c6,-603,-606,3,ok
11be07f0-2d61-11f1-9068-a534ec01000f,42,21,black,endgame,Rd4,-629,-640,11,ok
11be07f0-2d61-11f1-9068-a534ec01000f,44,22,black,endgame,f6,-652,-648,0,ok
11be07f0-2d61-11f1-9068-a534ec01000f,46,23,black,endgame,Rf8,-663,-666,3,ok
11be07f0-2d61-11f1-9068-a534ec01000f,48,24,black,endgame,Kd7,-667,-668,1,ok
11be07f0-2d61-11f1-9068-a534ec01000f,50,25,black,endgame,Rxd1,-627,-665,38,ok
11be07f0-2d61-11f1-9068-a534ec01000f,52,26,black,endgame,g5,-655,-653,0,ok
11be07f0-2d61-11f1-9068-a534ec01000f,54,27,black,endgame,Ke6,-641,-608,0,ok
11be07f0-2d61-11f1-9068-a534ec01000f,56,28,black,endgame,Kd5,-536,-630,94,inaccuracy
11be07f0-2d61-11f1-9068-a534ec01000f,58,29,black,endgame,Ke4,-607,-620,13,ok
11be07f0-2d61-11f1-9068-a534ec01000f,60,30,black,endgame,f5,-616,-678,62,inaccuracy
11be07f0-2d61-11f1-9068-a534ec01000f,62,31,black,endgame,f4,-609,-608,0,ok
11be07f0-2d61-11f1-9068-a534ec01000f,64,32,black,endgame,Rg8,-572,-589,17,ok
11be07f0-2d61-11f1-9068-a534ec01000f,66,33,black,endgame,Kf5,-579,-595,16,ok
11be07f0-2d61-11f1-9068-a534ec01000f,68,34,black,endgame,h5,-567,-583,16,ok
11be07f0-2d61-11f1-9068-a534ec01000f,70,35,black,endgame,g4,-547,-579,32,ok
11be07f0-2d61-11f1-9068-a534ec01000f,72,36,black,endgame,hxg4,-537,-531,0,ok
11be07f0-2d61-11f1-9068-a534ec01000f,74,37,black,endgame,Rh8+,-515,-500,0,ok
11be07f0-2d61-11f1-9068-a534ec01000f,76,38,black,endgame,f3+,-537,-523,0,ok
11be07f0-2d61-11f1-9068-a534ec01000f,78,39,black,endgame,Ra8,-542,-533,0,ok
11be07f0-2d61-11f1-9068-a534ec01000f,80,40,black,endgame,b5,-537,-568,31,ok
11be07f0-2d61-11f1-9068-a534ec01000f,82,41,black,endgame,Kg5,-546,-99990,99444,blunder
11be07f0-2d61-11f1-9068-a534ec01000f,84,42,black,endgame,cxb5,-573,-590,17,ok
11be07f0-2d61-11f1-9068-a534ec01000f,86,43,black,endgame,Rb8,-609,-609,0,ok
11be07f0-2d61-11f1-9068-a534ec01000f,88,44,black,endgame,Kf6,-554,-566,12,ok
11be07f0-2d61-11f1-9068-a534ec01000f,90,45,black,endgame,Ke6,-575,-584,9,ok
11be07f0-2d61-11f1-9068-a534ec01000f,92,46,black,endgame,Kd7,-513,-550,37,ok
11be07f0-2d61-11f1-9068-a534ec01000f,94,47,black,endgame,Kc6,-561,-591,30,ok
11be07f0-2d61-11f1-9068-a534ec01000f,96,48,black,endgame,Kd6,-576,-596,20,ok
11be07f0-2d61-11f1-9068-a534ec01000f,98,49,black,endgame,Ke6,-605,-597,0,ok
11be07f0-2d61-11f1-9068-a534ec01000f,100,50,black,endgame,Kf6,-605,-629,24,ok
11be07f0-2d61-11f1-9068-a534ec01000f,102,51,black,endgame,Rxb4,-467,-467,0,ok
11be07f0-2d61-11f1-9068-a534ec01000f,104,52,black,endgame,Rxg4,-197,-196,0,ok
11be07f0-2d61-11f1-9068-a534ec01000f,106,53,black,endgame,Kf5,-203,-195,0,ok
11be07f0-2d61-11f1-9068-a534ec01000f,108,54,black,endgame,Kg5,-200,-214,14,ok
11be07f0-2d61-11f1-9068-a534ec01000f,110,55,black,endgame,Rxg3+,-210,-211,1,ok
11be07f0-2d61-11f1-9068-a534ec01000f,112,56,black,endgame,Kh5,-210,-226,16,ok
11be07f0-2d61-11f1-9068-a534ec01000f,114,57,black,endgame,Kg6,-205,-201,0,ok
11be07f0-2d61-11f1-9068-a534ec01000f,116,58,black,endgame,Kf5,-190,-197,7,ok
11be07f0-2d61-11f1-9068-a534ec01000f,118,59,black,endgame,Ke4,-191,-193,2,ok
11be07f0-2d61-11f1-9068-a534ec01000f,120,60,black,endgame,Kf5,-186,-184,0,ok
11be07f0-2d61-11f1-9068-a534ec01000f,122,61,black,endgame,Kf6,-190,-189,0,ok
11be07f0-2d61-11f1-9068-a534ec01000f,124,62,black,endgame,Kf5,-184,-182,0,ok
11be07f0-2d61-11f1-9068-a534ec01000f,126,63,black,endgame,Ke6,-179,-190,11,ok
ea2740a0-2d5f-11f1-9cba-64284d01000f,1,1,white,opening,e4,36,38,0,ok
ea2740a0-2d5f-11f1-9cba-64284d01000f,3,2,white,opening,Nf3,36,40,0,ok
ea2740a0-2d5f-11f1-9cba-64284d01000f,5,3,white,opening,Nc3,40,18,22,ok
ea2740a0-2d5f-11f1-9cba-64284d01000f,7,4,white,opening,d4,25,26,0,ok
ea2740a0-2d5f-11f1-9cba-64284d01000f,9,5,white,opening,dxe5,43,-50,93,inaccuracy
ea2740a0-2d5f-11f1-9cba-64284d01000f,11,6,white,opening,Bd2,-55,-68,13,ok
ea2740a0-2d5f-11f1-9cba-64284d01000f,13,7,white,opening,Qxd2,14,4,10,ok
ea2740a0-2d5f-11f1-9cba-64284d01000f,15,8,white,opening,a3,1,-3,4,ok
ea2740a0-2d5f-11f1-9cba-64284d01000f,17,9,white,opening,Bd3,109,-16,125,mistake
ea2740a0-2d5f-11f1-9cba-64284d01000f,19,10,white,opening,exd6,2,-6,8,ok
ea2740a0-2d5f-11f1-9cba-64284d01000f,21,11,white,opening,Ng5,44,-106,150,mistake
ea2740a0-2d5f-11f1-9cba-64284d01000f,23,12,white,middlegame,O-O,39,-44,83,inaccuracy
ea2740a0-2d5f-11f1-9cba-64284d01000f,25,13,white,middlegame,Nd5,-34,-171,137,mistake
ea2740a0-2d5f-11f1-9cba-64284d01000f,27,14,white,middlegame,Qf4,13,-302,315,blunder
ea2740a0-2d5f-11f1-9cba-64284d01000f,29,15,white,middlegame,Nf6+,-211,-503,292,mistake
ea2740a0-2d5f-11f1-9cba-64284d01000f,31,16,white,middlegame,Qd4,-482,-665,183,mistake
ea2740a0-2d5f-11f1-9cba-64284d01000f,33,17,white,middlegame,Qh4,-474,-507,33,ok
ea2740a0-2d5f-11f1-9cba-64284d01000f,35,18,white,middlegame,cxd3,-485,-667,182,mistake
ea2740a0-2d5f-11f1-9cba-64284d01000f,37,19,white,middlegame,Ne4,-638,-801,163,mistake
00284cb8-2d5f-11f1-8ab1-a0da9901000f,2,1,black,opening,e5,-35,-39,4,ok
00284cb8-2d5f-11f1-8ab1-a0da9901000f,4,2,black,opening,Nc6,30,15,15,ok
00284cb8-2d5f-11f1-8ab1-a0da9901000f,6,3,black,opening,Nf6,18,17,1,ok
00284cb8-2d5f-11f1-8ab1-a0da9901000f,8,4,black,opening,Bc5,61,39,22,ok
00284cb8-2d5f-11f1-8ab1-a0da9901000f,10,5,black,opening,O-O,35,49,0,ok
00284cb8-2d5f-11f1-8ab1-a0da9901000f,12,6,black,opening,d6,180,-88,268,mistake
00284cb8-2d5f-11f1-8ab1-a0da9901000f,14,7,black,opening,Bg4,197,21,176,mistake
00284cb8-2d5f-11f1-8ab1-a0da9901000f,16,8,black,opening,a6,25,18,7,ok
00284cb8-2d5f-11f1-8ab1-a0da9901000f,18,9,black,opening,b5,76,-90,166,mistake
00284cb8-2d5f-11f1-8ab1-a0da9901000f,20,10,black,opening,cxb6,-88,-93,5,ok
00284cb8-2d5f-11f1-8ab1-a0da9901000f,22,11,black,middlegame,b5,88,-8,96,inaccuracy
00284cb8-2d5f-11f1-8ab1-a0da9901000f,24,12,black,middlegame,Qb6,159,-115,274,mistake
00284cb8-2d5f-11f1-8ab1-a0da9901000f,26,13,black,middlegame,Bf2+,-140,-557,417,blunder
00284cb8-2d5f-11f1-8ab1-a0da9901000f,28,14,black,middlegame,Qxf2+,-554,-596,42,ok
00284cb8-2d5f-11f1-8ab1-a0da9901000f,30,15,black,endgame,Nxg4+,-598,-604,6,ok
00284cb8-2d5f-11f1-8ab1-a0da9901000f,32,16,black,endgame,h5,-590,-599,9,ok
00284cb8-2d5f-11f1-8ab1-a0da9901000f,34,17,black,endgame,Rac8,-585,-598,13,ok
00284cb8-2d5f-11f1-8ab1-a0da9901000f,36,18,black,endgame,Ne7,-509,-534,25,ok
00284cb8-2d5f-11f1-8ab1-a0da9901000f,38,19,black,endgame,Nxd5,-548,-535,0,ok
00284cb8-2d5f-11f1-8ab1-a0da9901000f,40,20,black,endgame,Rfe8,-538,-593,55,inaccuracy
00284cb8-2d5f-11f1-8ab1-a0da9901000f,42,21,black,endgame,f5,-584,-597,13,ok
00284cb8-2d5f-11f1-8ab1-a0da9901000f,44,22,black,endgame,e4+,-351,-392,41,ok
00284cb8-2d5f-11f1-8ab1-a0da9901000f,46,23,black,endgame,fxe4+,-227,-529,302,blunder
00284cb8-2d5f-11f1-8ab1-a0da9901000f,48,24,black,endgame,Re5,-563,-664,101,mistake
00284cb8-2d5f-11f1-8ab1-a0da9901000f,50,25,black,endgame,Rf8+,-572,-572,0,ok
00284cb8-2d5f-11f1-8ab1-a0da9901000f,52,26,black,endgame,Nf2,-584,-634,50,inaccuracy
00284cb8-2d5f-11f1-8ab1-a0da9901000f,54,27,black,endgame,g5,-644,-749,105,mistake
00284cb8-2d5f-11f1-8ab1-a0da9901000f,56,28,black,endgame,Rxg5+,-741,-891,150,mistake
00284cb8-2d5f-11f1-8ab1-a0da9901000f,58,29,black,endgame,h4+,-927,-978,51,inaccuracy
00284cb8-2d5f-11f1-8ab1-a0da9901000f,60,30,black,endgame,Rf6,-1087,-99994,98907,blunder
00284cb8-2d5f-11f1-8ab1-a0da9901000f,62,31,black,endgame,Ne4+,-99995,-99996,1,ok
00284cb8-2d5f-11f1-8ab1-a0da9901000f,64,32,black,endgame,Kf8,-99997,-99998,1,ok
00284cb8-2d5f-11f1-8ab1-a0da9901000f,66,33,black,endgame,Kg8,-99998,-99998,0,ok
00284cb8-2d5f-11f1-8ab1-a0da9901000f,68,34,black,endgame,Kf8,-99999,-99999,0,ok
beef6e81-2d4d-11f1-a503-ecbe7e01000f,2,1,black,opening,e5,-37,-41,4,ok
beef6e81-2d4d-11f1-a503-ecbe7e01000f,4,2,black,opening,Nf6,71,71,0,ok
beef6e81-2d4d-11f1-a503-ecbe7e01000f,6,3,black,opening,Nc6,129,115,14,ok
beef6e81-2d4d-11f1-a503-ecbe7e01000f,8,4,black,opening,d5,122,53,69,inaccuracy
beef6e81-2d4d-11f1-a503-ecbe7e01000f,10,5,black,opening,Nxd5,44,51,0,ok
beef6e81-2d4d-11f1-a503-ecbe7e01000f,12,6,black,opening,Nxe5,130,73,57,inaccuracy
beef6e81-2d4d-11f1-a503-ecbe7e01000f,14,7,black,opening,Be6,83,65,18,ok
beef6e81-2d4d-11f1-a503-ecbe7e01000f,16,8,black,opening,Bd6,98,-114,212,mistake
beef6e81-2d4d-11f1-a503-ecbe7e01000f,18,9,black,opening,Rf8,-111,-169,58,inaccuracy
beef6e81-2d4d-11f1-a503-ecbe7e01000f,20,10,black,opening,Qe7,263,-55,318,blunder
beef6e81-2d4d-11f1-a503-ecbe7e01000f,22,11,black,middlegame,f5,34,-72,106,mistake
beef6e81-2d4d-11f1-a503-ecbe7e01000f,24,12,black,middlegame,f4,-56,-158,102,mistake
beef6e81-2d4d-11f1-a503-ecbe7e01000f,26,13,black,middlegame,Bg4+,218,-172,390,blunder
beef6e81-2d4d-11f1-a503-ecbe7e01000f,28,14,black,middlegame,Nxc3,-175,-154,0,ok
beef6e81-2d4d-11f1-a503-ecbe7e01000f,30,15,black,middlegame,Bxe7,-175,-164,0,ok
beef6e81-2d4d-11f1-a503-ecbe7e01000f,32,16,black,endgame,O-O-O,-177,-172,0,ok
beef6e81-2d4d-11f1-a503-ecbe7e01000f,34,17,black,endgame,Bf5,-163,-196,33,ok
beef6e81-2d4d-11f1-a503-ecbe7e01000f,36,18,black,endgame,Bc5,-43,-71,28,ok
beef6e81-2d4d-11f1-a503-ecbe7e01000f,38,19,black,endgame,Rd6,-58,-270,212,mistake
beef6e81-2d4d-11f1-a503-ecbe7e01000f,40,20,black,endgame,Bxc2,-144,-405,261,mistake
beef6e81-2d4d-11f1-a503-ecbe7e01000f,42,21,black,endgame,Re8+,-420,-537,117,mistake
beef6e81-2d4d-11f1-a503-ecbe7e01000f,44,22,black,endgame,Red8,-572,-575,3,ok
beef6e81-2d4d-11f1-a503-ecbe7e01000f,46,23,black,endgame,Kb8,-442,-457,15,ok
beef6e81-2d4d-11f1-a503-ecbe7e01000f,48,24,black,endgame,c6,-503,-542,39,ok
beef6e81-2d4d-11f1-a503-ecbe7e01000f,50,25,black,endgame,Bb6,-572,-552,0,ok
beef6e81-2d4d-11f1-a503-ecbe7e01000f,52,26,black,endgame,a6,-572,-576,4,ok
beef6e81-2d4d-11f1-a503-ecbe7e01000f,54,27,black,endgame,a5,-580,-584,4,ok
beef6e81-2d4d-11f1-a503-ecbe7e01000f,56,28,black,endgame,axb4,-530,-557,27,ok
beef6e81-2d4d-11f1-a503-ecbe7e01000f,58,29,black,endgame,c5,-562,-621,59,inaccuracy
beef6e81-2d4d-11f1-a503-ecbe7e01000f,60,30,black,endgame,cxb4,-485,-477,0,ok
beef6e81-2d4d-11f1-a503-ecbe7e01000f,62,31,black,endgame,Rd4,-497,-525,28,ok
beef6e81-2d4d-11f1-a503-ecbe7e01000f,64,32,black,endgame,Rxb4,-584,-573,0,ok
beef6e81-2d4d-11f1-a503-ecbe7e01000f,66,33,black,endgame,Rxb3,-593,-591,0,ok
beef6e81-2d4d-11f1-a503-ecbe7e01000f,68,34,black,endgame,Bxd8,-606,-649,43,ok
beef6e81-2d4d-11f1-a503-ecbe7e01000f,70,35,black,endgame,Rb2+,-556,-604,48,ok
beef6e81-2d4d-11f1-a503-ecbe7e01000f,72,36,black,endgame,Rb3+,-617,-630,13,ok
beef6e81-2d4d-11f1-a503-ecbe7e01000f,74,37,black,endgame,Rb6,-649,-814,165,mistake
beef6e81-2d4d-11f1-a503-ecbe7e01000f,76,38,black,endgame,Rc6+,-805,-911,106,mistake
beef6e81-2d4d-11f1-a503-ecbe7e01000f,78,39,black,endgame,Bf6,-907,-951,44,ok
beef6e81-2d4d-11f1-a503-ecbe7e01000f,80,40,black,endgame,Kc7,-651,-664,13,ok
beef6e81-2d4d-11f1-a503-ecbe7e01000f,82,41,black,middlegame,Rd6+,-700,-700,0,ok
beef6e81-2d4d-11f1-a503-ecbe7e01000f,84,42,black,middlegame,Rd4+,-716,-732,16,ok
beef6e81-2d4d-11f1-a503-ecbe7e01000f,86,43,black,middlegame,Bxh8,-688,-671,0,ok
beef6e81-2d4d-11f1-a503-ecbe7e01000f,88,44,black,endgame,Rd6,-677,-692,15,ok
beef6e81-2d4d-11f1-a503-ecbe7e01000f,90,45,black,endgame,Kc6,-676,-692,16,ok
beef6e81-2d4d-11f1-a503-ecbe7e01000f,92,46,black,endgame,b5,-701,-704,3,ok
beef6e81-2d4d-11f1-a503-ecbe7e01000f,94,47,black,endgame,b4,-708,-711,3,ok
beef6e81-2d4d-11f1-a503-ecbe7e01000f,96,48,black,endgame,Rxg6,-554,-566,12,ok
beef6e81-2d4d-11f1-a503-ecbe7e01000f,98,49,black,endgame,Kc5,-567,-698,131,mistake
beef6e81-2d4d-11f1-a503-ecbe7e01000f,100,50,black,endgame,Kd6,-1086,-1121,35,ok
beef6e81-2d4d-11f1-a503-ecbe7e01000f,102,51,black,endgame,Re6+,-545,-560,15,ok
beef6e81-2d4d-11f1-a503-ecbe7e01000f,104,52,black,endgame,Rh6,-577,-1054,477,blunder
beef6e81-2d4d-11f1-a503-ecbe7e01000f,106,53,black,endgame,Kc7,-99980,-8115,0,ok
beef6e81-2d4d-11f1-a503-ecbe7e01000f,108,54,black,endgame,Kxb8,-856,-99983,99127,blunder
beef6e81-2d4d-11f1-a503-ecbe7e01000f,110,55,black,endgame,Kc7,-99983,-6182,0,ok
beef6e81-2d4d-11f1-a503-ecbe7e01000f,112,56,black,endgame,Kd6,-7614,-8115,501,blunder
beef6e81-2d4d-11f1-a503-ecbe7e01000f,114,57,black,endgame,Ke7,-99984,-99987,3,ok
beef6e81-2d4d-11f1-a503-ecbe7e01000f,116,58,black,endgame,Kf7,-1124,-99992,98868,blunder
beef6e81-2d4d-11f1-a503-ecbe7e01000f,118,59,black,endgame,Ke7,-6052,-99988,93936,blunder
beef6e81-2d4d-11f1-a503-ecbe7e01000f,120,60,black,endgame,Kf7,-6605,-99992,93387,blunder
beef6e81-2d4d-11f1-a503-ecbe7e01000f,122,61,black,endgame,Kg7,-99990,-99990,0,ok
beef6e81-2d4d-11f1-a503-ecbe7e01000f,124,62,black,endgame,Kf7,-99993,-99993,0,ok
beef6e81-2d4d-11f1-a503-ecbe7e01000f,126,63,black,endgame,Kg7,-99991,-99994,3,ok
beef6e81-2d4d-11f1-a503-ecbe7e01000f,128,64,black,endgame,Kh6,-99995,-99998,3,ok
beef6e81-2d4d-11f1-a503-ecbe7e01000f,130,65,black,endgame,Kg6,-99988,-99988,0,ok
beef6e81-2d4d-11f1-a503-ecbe7e01000f,132,66,black,endgame,Kf6,-99993,-99993,0,ok
beef6e81-2d4d-11f1-a503-ecbe7e01000f,134,67,black,endgame,Kf7,-99994,-99994,0,ok
beef6e81-2d4d-11f1-a503-ecbe7e01000f,136,68,black,endgame,Kg7,-99995,-99995,0,ok
beef6e81-2d4d-11f1-a503-ecbe7e01000f,138,69,black,endgame,Kf8,-99996,-99996,0,ok
beef6e81-2d4d-11f1-a503-ecbe7e01000f,140,70,black,endgame,Kg8,-99995,-99995,0,ok
beef6e81-2d4d-11f1-a503-ecbe7e01000f,142,71,black,endgame,Kf8,-99995,-99995,0,ok
beef6e81-2d4d-11f1-a503-ecbe7e01000f,144,72,black,endgame,Ke8,-99994,-99994,0,ok
beef6e81-2d4d-11f1-a503-ecbe7e01000f,146,73,black,endgame,Kd8,-99995,-99995,0,ok
a62f5ba5-2d24-11f1-8a8e-dfd12001000f,1,1,white,opening,e4,41,38,3,ok
a62f5ba5-2d24-11f1-8a8e-dfd12001000f,3,2,white,opening,Nf3,40,42,0,ok
a62f5ba5-2d24-11f1-8a8e-dfd12001000f,5,3,white,opening,Nc3,44,30,14,ok
a62f5ba5-2d24-11f1-8a8e-dfd12001000f,7,4,white,opening,Bb5,24,21,3,ok
a62f5ba5-2d24-11f1-8a8e-dfd12001000f,9,5,white,opening,Bxc6,26,12,14,ok
a62f5ba5-2d24-11f1-8a8e-dfd12001000f,11,6,white,opening,dxc3,66,9,57,inaccuracy
a62f5ba5-2d24-11f1-8a8e-dfd12001000f,13,7,white,opening,Nxe5,12,7,5,ok
a62f5ba5-2d24-11f1-8a8e-dfd12001000f,15,8,white,opening,Nxf7,243,-267,510,blunder
a62f5ba5-2d24-11f1-8a8e-dfd12001000f,17,9,white,opening,Qf3+,-262,-336,74,inaccuracy
a62f5ba5-2d24-11f1-8a8e-dfd12001000f,19,10,white,opening,g4,-319,-364,45,ok
a62f5ba5-2d24-11f1-8a8e-dfd12001000f,21,11,white,opening,Be3,-348,-363,15,ok
a62f5ba5-2d24-11f1-8a8e-dfd12001000f,23,12,white,middlegame,O-O-O,-339,-347,8,ok
a62f5ba5-2d24-11f1-8a8e-dfd12001000f,25,13,white,middlegame,g5,-269,-265,0,ok
a62f5ba5-2d24-11f1-8a8e-dfd12001000f,27,14,white,middlegame,g6,-269,-343,74,inaccuracy
a62f5ba5-2d24-11f1-8a8e-dfd12001000f,29,15,white,middlegame,fxe3,11,-334,345,blunder
a62f5ba5-2d24-11f1-8a8e-dfd12001000f,31,16,white,middlegame,Qf7+,35,23,12,ok
a62f5ba5-2d24-11f1-8a8e-dfd12001000f,33,17,white,middlegame,Rhf1,21,-307,328,blunder
a62f5ba5-2d24-11f1-8a8e-dfd12001000f,35,18,white,middlegame,Qc4,-153,-354,201,mistake
a62f5ba5-2d24-11f1-8a8e-dfd12001000f,37,19,white,middlegame,Rxf8+,-340,-344,4,ok
a62f5ba5-2d24-11f1-8a8e-dfd12001000f,39,20,white,middlegame,Qd4,-344,-390,46,ok
a62f5ba5-2d24-11f1-8a8e-dfd12001000f,41,21,white,middlegame,Rg1,-360,-384,24,ok
a62f5ba5-2d24-11f1-8a8e-dfd12001000f,43,22,white,middlegame,b4,-374,-347,0,ok
a62f5ba5-2d24-11f1-8a8e-dfd12001000f,45,23,white,middlegame,Qxa7,-345,-336,0,ok
a62f5ba5-2d24-11f1-8a8e-dfd12001000f,47,24,white,middlegame,Qxc7,-292,-279,0,ok
a62f5ba5-2d24-11f1-8a8e-dfd12001000f,49,25,white,middlegame,Rd1,-277,-306,29,ok
a62f5ba5-2d24-11f1-8a8e-dfd12001000f,51,26,white,middlegame,Kb2,-292,-297,5,ok
a62f5ba5-2d24-11f1-8a8e-dfd12001000f,53,27,white,middlegame,Qd6,-268,-279,11,ok
a62f5ba5-2d24-11f1-8a8e-dfd12001000f,55,28,white,middlegame,Rc1,-226,-249,23,ok
a62f5ba5-2d24-11f1-8a8e-dfd12001000f,57,29,white,middlegame,Rd1,-244,-341,97,inaccuracy
a62f5ba5-2d24-11f1-8a8e-dfd12001000f,59,30,white,middlegame,a3,-205,-238,33,ok
a62f5ba5-2d24-11f1-8a8e-dfd12001000f,61,31,white,middlegame,Rd4,-228,-335,107,mistake
a62f5ba5-2d24-11f1-8a8e-dfd12001000f,63,32,white,middlegame,a4,-269,-286,17,ok
a62f5ba5-2d24-11f1-8a8e-dfd12001000f,65,33,white,middlegame,Qg3,-292,-309,17,ok
a62f5ba5-2d24-11f1-8a8e-dfd12001000f,67,34,white,middlegame,Qb8+,-211,-232,21,ok
a62f5ba5-2d24-11f1-8a8e-dfd12001000f,69,35,white,middlegame,Qb6,-231,-293,62,inaccuracy
a62f5ba5-2d24-11f1-8a8e-dfd12001000f,71,36,white,middlegame,a5,-299,-506,207,mistake
a62f5ba5-2d24-11f1-8a8e-dfd12001000f,73,37,white,middlegame,a6,-236,-238,2,ok
a62f5ba5-2d24-11f1-8a8e-dfd12001000f,75,38,white,middlegame,a7,-124,-131,7,ok
a62f5ba5-2d24-11f1-8a8e-dfd12001000f,77,39,white,middlegame,h4,0,-464,464,blunder
a62f5ba5-2d24-11f1-8a8e-dfd12001000f,79,40,white,middlegame,b5,-491,-572,81,inaccuracy
a62f5ba5-2d24-11f1-8a8e-dfd12001000f,81,41,white,middlegame,Rd1,-479,-502,23,ok
a62f5ba5-2d24-11f1-8a8e-dfd12001000f,83,42,white,middlegame,c4,-545,-643,98,inaccuracy
a62f5ba5-2d24-11f1-8a8e-dfd12001000f,85,43,white,middlegame,Re1,-590,-759,169,mistake
a62f5ba5-2d24-11f1-8a8e-dfd12001000f,87,44,white,middlegame,Qxb7,-749,-775,26,ok
a62f5ba5-2d24-11f1-8a8e-dfd12001000f,89,45,white,middlegame,Kc3,-795,-787,0,ok
a62f5ba5-2d24-11f1-8a8e-dfd12001000f,91,46,white,middlegame,h5,-854,-866,12,ok
a62f5ba5-2d24-11f1-8a8e-dfd12001000f,93,47,white,middlegame,Re7,-728,-824,96,inaccuracy
a62f5ba5-2d24-11f1-8a8e-dfd12001000f,95,48,white,middlegame,Kb4,-783,-1354,571,blunder
a62f5ba5-2d24-11f1-8a8e-dfd12001000f,97,49,white,middlegame,Kc5,-746,-752,6,ok
a62f5ba5-2d24-11f1-8a8e-dfd12001000f,99,50,white,middlegame,Kb6,-727,-786,59,inaccuracy
a62f5ba5-2d24-11f1-8a8e-dfd12001000f,101,51,white,middlegame,Kc5,-888,-1118,230,mistake
a62f5ba5-2d24-11f1-8a8e-dfd12001000f,103,52,white,middlegame,Kd6,-880,-927,47,ok
a62f5ba5-2d24-11f1-8a8e-dfd12001000f,105,53,white,middlegame,Ke5,-980,-99991,99011,blunder
a62f5ba5-2d24-11f1-8a8e-dfd12001000f,107,54,white,middlegame,Kd6,-1034,-1053,19,ok
a62f5ba5-2d24-11f1-8a8e-dfd12001000f,109,55,white,middlegame,Kc5,-1053,-1037,0,ok
a62f5ba5-2d24-11f1-8a8e-dfd12001000f,111,56,white,middlegame,Kb6,-1251,-1446,195,mistake
a62f5ba5-2d24-11f1-8a8e-dfd12001000f,113,57,white,middlegame,Kc5,-1287,-99987,98700,blunder
a62f5ba5-2d24-11f1-8a8e-dfd12001000f,115,58,white,middlegame,Kd6,-99996,-99997,1,ok
a62f5ba5-2d24-11f1-8a8e-dfd12001000f,117,59,white,middlegame,Kc7,-99998,-99998,0,ok
a62f5ba5-2d24-11f1-8a8e-dfd12001000f,119,60,white,middlegame,Kb6,-99999,-99999,0,ok
a62f5ba5-2d24-11f1-8a8e-dfd12001000f,121,61,white,middlegame,Ka5,-99999,-99999,0,ok
80c3dd9e-2d1c-11f1-8a8e-dfd12001000f,2,1,black,opening,e5,-43,-36,0,ok
80c3dd9e-2d1c-11f1-8a8e-dfd12001000f,4,2,black,opening,Nf6,-14,-17,3,ok
80c3dd9e-2d1c-11f1-8a8e-dfd12001000f,6,3,black,opening,Nxe4,-12,-28,16,ok
80c3dd9e-2d1c-11f1-8a8e-dfd12001000f,8,4,black,opening,d5,73,68,5,ok
80c3dd9e-2d1c-11f1-8a8e-dfd12001000f,10,5,black,opening,c6,91,93,0,ok
80c3dd9e-2d1c-11f1-8a8e-dfd12001000f,12,6,black,opening,Nxc6,190,189,1,ok
80c3dd9e-2d1c-11f1-8a8e-dfd12001000f,14,7,black,opening,Bb4,298,184,114,mistake
80c3dd9e-2d1c-11f1-8a8e-dfd12001000f,16,8,black,opening,Bxc3,207,107,100,mistake
80c3dd9e-2d1c-11f1-8a8e-dfd12001000f,18,9,black,opening,O-O,110,110,0,ok
80c3dd9e-2d1c-11f1-8a8e-dfd12001000f,20,10,black,opening,e4,196,16,180,mistake
80c3dd9e-2d1c-11f1-8a8e-dfd12001000f,22,11,black,middlegame,Re8,14,-44,58,inaccuracy
80c3dd9e-2d1c-11f1-8a8e-dfd12001000f,24,12,black,middlegame,Qf6,26,13,13,ok
80c3dd9e-2d1c-11f1-8a8e-dfd12001000f,26,13,black,middlegame,Re5,70,44,26,ok
80c3dd9e-2d1c-11f1-8a8e-dfd12001000f,28,14,black,middlegame,Bd7,55,9,46,ok
80c3dd9e-2d1c-11f1-8a8e-dfd12001000f,30,15,black,middlegame,Re7,39,-24,63,inaccuracy
80c3dd9e-2d1c-11f1-8a8e-dfd12001000f,32,16,black,middlegame,Re5,34,29,5,ok
80c3dd9e-2d1c-11f1-8a8e-dfd12001000f,34,17,black,middlegame,Rae8,28,17,11,ok
80c3dd9e-2d1c-11f1-8a8e-dfd12001000f,36,18,black,middlegame,R5e7,423,-48,471,blunder
80c3dd9e-2d1c-11f1-8a8e-dfd12001000f,38,19,black,middlegame,bxc6,-42,-117,75,inaccuracy
80c3dd9e-2d1c-11f1-8a8e-dfd12001000f,40,20,black,middlegame,Qg6,-94,-219,125,mistake
80c3dd9e-2d1c-11f1-8a8e-dfd12001000f,42,21,black,middlegame,Bg4,-220,-246,26,ok
80c3dd9e-2d1c-11f1-8a8e-dfd12001000f,44,22,black,middlegame,e3,-38,-40,2,ok
80c3dd9e-2d1c-11f1-8a8e-dfd12001000f,46,23,black,middlegame,e2,134,161,0,ok
80c3dd9e-2d1c-11f1-8a8e-dfd12001000f,48,24,black,middlegame,Re6,224,250,0,ok
80c3dd9e-2d1c-11f1-8a8e-dfd12001000f,50,25,black,middlegame,Bxh3,381,373,8,ok
bf56e40f-2ced-11f1-8892-ad97f801000f,1,1,white,opening,e4,45,39,6,ok
bf56e40f-2ced-11f1-8892-ad97f801000f,3,2,white,opening,Nf3,45,39,6,ok
bf56e40f-2ced-11f1-8892-ad97f801000f,5,3,white,opening,Nc3,77,47,30,ok
bf56e40f-2ced-11f1-8892-ad97f801000f,7,4,white,opening,Bc4,105,71,34,ok
bf56e40f-2ced-11f1-8892-ad97f801000f,9,5,white,opening,d4,177,81,96,inaccuracy
bf56e40f-2ced-11f1-8892-ad97f801000f,11,6,white,opening,Nd5,205,200,5,ok
bf56e40f-2ced-11f1-8892-ad97f801000f,13,7,white,opening,dxe5,189,179,10,ok
bf56e40f-2ced-11f1-8892-ad97f801000f,15,8,white,opening,exd6,186,151,35,ok
bf56e40f-2ced-11f1-8892-ad97f801000f,17,9,white,opening,Qd3,163,157,6,ok
bf56e40f-2ced-11f1-8892-ad97f801000f,19,10,white,opening,Bg5,177,178,0,ok
bf56e40f-2ced-11f1-8892-ad97f801000f,21,11,white,opening,Nxe5,261,300,0,ok
bf56e40f-2ced-11f1-8892-ad97f801000f,23,12,white,middlegame,Nxf6+,316,141,175,mistake
bf56e40f-2ced-11f1-8892-ad97f801000f,25,13,white,middlegame,Bxf6,181,154,27,ok
bf56e40f-2ced-11f1-8892-ad97f801000f,27,14,white,middlegame,Rd1,157,-299,456,blunder
bf56e40f-2ced-11f1-8892-ad97f801000f,29,15,white,middlegame,Rd2,93,-78,171,mistake
bf56e40f-2ced-11f1-8892-ad97f801000f,31,16,white,middlegame,Bxf7+,-81,-334,253,mistake
bf56e40f-2ced-11f1-8892-ad97f801000f,33,17,white,middlegame,Qc4+,-358,-407,49,ok
bf56e40f-2ced-11f1-8892-ad97f801000f,35,18,white,middlegame,Qxc7+,-286,-285,0,ok
bf56e40f-2ced-11f1-8892-ad97f801000f,37,19,white,middlegame,O-O,-275,-652,377,blunder
bf56e40f-2ced-11f1-8892-ad97f801000f,39,20,white,middlegame,Qb6,-644,-786,142,mistake
bf56e40f-2ced-11f1-8892-ad97f801000f,41,21,white,middlegame,f3,-644,-715,71,inaccuracy
bf56e40f-2ced-11f1-8892-ad97f801000f,43,22,white,middlegame,Qe3,-702,-703,1,ok
bf56e40f-2ced-11f1-8892-ad97f801000f,45,23,white,middlegame,e5,-688,-802,114,mistake
bf56e40f-2ced-11f1-8892-ad97f801000f,47,24,white,middlegame,g4,-708,-822,114,mistake
bf56e40f-2ced-11f1-8892-ad97f801000f,49,25,white,middlegame,Rf2,-826,-849,23,ok
bf56e40f-2ced-11f1-8892-ad97f801000f,51,26,white,middlegame,Kg2,-760,-858,98,inaccuracy
bf56e40f-2ced-11f1-8892-ad97f801000f,53,27,white,middlegame,h4,-698,-741,43,ok
bf56e40f-2ced-11f1-8892-ad97f801000f,55,28,white,middlegame,Qb3+,-725,-755,30,ok
bf56e40f-2ced-11f1-8892-ad97f801000f,57,29,white,middlegame,Qb2,-743,-809,66,inaccuracy
bf56e40f-2ced-11f1-8892-ad97f801000f,59,30,white,middlegame,h5,-752,-767,15,ok
bf56e40f-2ced-11f1-8892-ad97f801000f,61,31,white,middlegame,Qb6,-773,-856,83,inaccuracy
bf56e40f-2ced-11f1-8892-ad97f801000f,63,32,white,middlegame,Qd6,-790,-800,10,ok
bf56e40f-2ced-11f1-8892-ad97f801000f,65,33,white,middlegame,Qb6,-808,-867,59,inaccuracy
bf56e40f-2ced-11f1-8892-ad97f801000f,67,34,white,middlegame,h6,-719,-839,120,mistake
bf56e40f-2ced-11f1-8892-ad97f801000f,69,35,white,middlegame,hxg7,-742,-1119,377,blunder
bf56e40f-2ced-11f1-8892-ad97f801000f,71,36,white,middlegame,Qd4,-696,-710,14,ok
bf56e40f-2ced-11f1-8892-ad97f801000f,73,37,white,middlegame,Kf1,-702,-764,62,inaccuracy
bf56e40f-2ced-11f1-8892-ad97f801000f,75,38,white,middlegame,Kg2,-705,-717,12,ok
bf56e40f-2ced-11f1-8892-ad97f801000f,77,39,white,middlegame,Kh3,-677,-99996,99319,blunder
bf56e40f-2ced-11f1-8892-ad97f801000f,79,40,white,middlegame,Kg2,-99997,-99999,2,ok
d9951be9-2c8b-11f1-9cba-64284d01000f,1,1,white,opening,e4,36,33,3,ok
d9951be9-2c8b-11f1-9cba-64284d01000f,3,2,white,opening,Nf3,35,35,0,ok
d9951be9-2c8b-11f1-9cba-64284d01000f,5,3,white,opening,Nc3,33,26,7,ok
d9951be9-2c8b-11f1-9cba-64284d01000f,7,4,white,opening,Nxe5,75,71,4,ok
d9951be9-2c8b-11f1-9cba-64284d01000f,9,5,white,opening,d4,66,72,0,ok
d9951be9-2c8b-11f1-9cba-64284d01000f,11,6,white,opening,dxc5,304,304,0,ok
d9951be9-2c8b-11f1-9cba-64284d01000f,13,7,white,opening,cxd6,389,333,56,inaccuracy
d9951be9-2c8b-11f1-9cba-64284d01000f,15,8,white,opening,f3,548,515,33,ok
d9951be9-2c8b-11f1-9cba-64284d01000f,17,9,white,opening,dxc7,497,524,0,ok
d9951be9-2c8b-11f1-9cba-64284d01000f,19,10,white,opening,Bb5,541,534,7,ok
d9951be9-2c8b-11f1-9cba-64284d01000f,21,11,white,opening,Nd5,648,579,69,inaccuracy
d9951be9-2c8b-11f1-9cba-64284d01000f,23,12,white,middlegame,Bf4,669,661,8,ok
d9951be9-2c8b-11f1-9cba-64284d01000f,25,13,white,middlegame,Bxc6+,645,610,35,ok
d9951be9-2c8b-11f1-9cba-64284d01000f,27,14,white,middlegame,Nc3,620,586,34,ok
d9951be9-2c8b-11f1-9cba-64284d01000f,29,15,white,middlegame,Qd3,681,651,30,ok
d9951be9-2c8b-11f1-9cba-64284d01000f,31,16,white,middlegame,Bd6,695,744,0,ok
d9951be9-2c8b-11f1-9cba-64284d01000f,33,17,white,middlegame,e5,742,662,80,inaccuracy
d9951be9-2c8b-11f1-9cba-64284d01000f,35,18,white,middlegame,Nxd5,787,788,0,ok
d9951be9-2c8b-11f1-9cba-64284d01000f,37,19,white,middlegame,Qxd5,838,846,0,ok
d9951be9-2c8b-11f1-9cba-64284d01000f,39,20,white,middlegame,Qxa8,870,871,0,ok
d9951be9-2c8b-11f1-9cba-64284d01000f,41,21,white,middlegame,Qxc8#,99999,100000,0,ok
753156e2-2c8b-11f1-8892-ad97f801000f,2,1,black,opening,d5,-38,-38,0,ok
753156e2-2c8b-11f1-8892-ad97f801000f,4,2,black,opening,Nf6,2,-2,4,ok
753156e2-2c8b-11f1-8892-ad97f801000f,6,3,black,opening,Bg4,17,-56,73,inaccuracy
753156e2-2c8b-11f1-8892-ad97f801000f,8,4,black,opening,Nc6,13,-10,23,ok
753156e2-2c8b-11f1-8892-ad97f801000f,10,5,black,opening,Bxf3,5,-41,46,ok
753156e2-2c8b-11f1-8892-ad97f801000f,12,6,black,opening,e5,-39,-118,79,inaccuracy
753156e2-2c8b-11f1-8892-ad97f801000f,14,7,black,opening,Nxe5,-129,-123,0,ok
753156e2-2c8b-11f1-8892-ad97f801000f,16,8,black,opening,Nxd5,-132,-130,0,ok
753156e2-2c8b-11f1-8892-ad97f801000f,18,9,black,opening,Qxd5,-126,-127,1,ok
753156e2-2c8b-11f1-8892-ad97f801000f,20,10,black,opening,O-O-O,-126,-123,0,ok
753156e2-2c8b-11f1-8892-ad97f801000f,22,11,black,endgame,Bb4,-24,0,0,ok
753156e2-2c8b-11f1-8892-ad97f801000f,24,12,black,endgame,Bxc3,71,76,0,ok
753156e2-2c8b-11f1-8892-ad97f801000f,26,13,black,endgame,f5,78,54,24,ok
753156e2-2c8b-11f1-8892-ad97f801000f,28,14,black,endgame,Nc4,100,89,11,ok
753156e2-2c8b-11f1-8892-ad97f801000f,30,15,black,endgame,Nd2,328,316,12,ok
f7da9ea0-2c88-11f1-8892-ad97f801000f,1,1,white,opening,e4,37,35,2,ok
f7da9ea0-2c88-11f1-8892-ad97f801000f,3,2,white,opening,d4,56,54,2,ok
f7da9ea0-2c88-11f1-8892-ad97f801000f,5,3,white,opening,d5,147,147,0,ok
f7da9ea0-2c88-11f1-8892-ad97f801000f,7,4,white,opening,Bf4,200,98,102,mistake
f7da9ea0-2c88-11f1-8892-ad97f801000f,9,5,white,opening,g3,100,-31,131,mistake
f7da9ea0-2c88-11f1-8892-ad97f801000f,11,6,white,opening,gxf4,-27,-31,4,ok
f7da9ea0-2c88-11f1-8892-ad97f801000f,13,7,white,opening,e5,57,-7,64,inaccuracy
f7da9ea0-2c88-11f1-8892-ad97f801000f,15,8,white,opening,Nf3,182,140,42,ok
f7da9ea0-2c88-11f1-8892-ad97f801000f,17,9,white,opening,Nc3,385,284,101,mistake
f7da9ea0-2c88-11f1-8892-ad97f801000f,19,10,white,opening,Bb5+,469,455,14,ok
f7da9ea0-2c88-11f1-8892-ad97f801000f,21,11,white,opening,Qd3,453,375,78,inaccuracy
f7da9ea0-2c88-11f1-8892-ad97f801000f,23,12,white,middlegame,Nxe5,463,456,7,ok
f7da9ea0-2c88-11f1-8892-ad97f801000f,25,13,white,middlegame,Ne4,526,563,0,ok
f7da9ea0-2c88-11f1-8892-ad97f801000f,27,14,white,middlegame,Nxf6+,593,607,0,ok
f7da9ea0-2c88-11f1-8892-ad97f801000f,29,15,white,middlegame,Nxd7,586,597,0,ok
f7da9ea0-2c88-11f1-8892-ad97f801000f,31,16,white,middlegame,Bxd7+,600,626,0,ok
f7da9ea0-2c88-11f1-8892-ad97f801000f,33,17,white,middlegame,O-O-O,620,572,48,ok
f7da9ea0-2c88-11f1-8892-ad97f801000f,35,18,white,middlegame,Qb5+,589,573,16,ok
f7da9ea0-2c88-11f1-8892-ad97f801000f,37,19,white,middlegame,Rhe1,564,533,31,ok
f7da9ea0-2c88-11f1-8892-ad97f801000f,39,20,white,middlegame,Qd7,569,545,24,ok
f7da9ea0-2c88-11f1-8892-ad97f801000f,41,21,white,middlegame,Qxc7,528,536,0,ok
f7da9ea0-2c88-11f1-8892-ad97f801000f,43,22,white,middlegame,Qxb6,535,518,17,ok
f7da9ea0-2c88-11f1-8892-ad97f801000f,45,23,white,middlegame,Qxa5,515,532,0,ok
f7da9ea0-2c88-11f1-8892-ad97f801000f,47,24,white,middlegame,b3,557,551,6,ok
f7da9ea0-2c88-11f1-8892-ad97f801000f,49,25,white,middlegame,Rxe7,556,4,552,blunder
f7da9ea0-2c88-11f1-8892-ad97f801000f,51,26,white,endgame,d6,4,3,1,ok
f7da9ea0-2c88-11f1-8892-ad97f801000f,53,27,white,endgame,Re4,41,0,41,ok
f7da9ea0-2c88-11f1-8892-ad97f801000f,55,28,white,endgame,Kb1,43,39,4,ok
f7da9ea0-2c88-11f1-8892-ad97f801000f,57,29,white,endgame,d7,41,38,3,ok
f7da9ea0-2c88-11f1-8892-ad97f801000f,59,30,white,endgame,Red4,38,45,0,ok
f7da9ea0-2c88-11f1-8892-ad97f801000f,61,31,white,endgame,Rd5,57,64,0,ok
f7da9ea0-2c88-11f1-8892-ad97f801000f,63,32,white,endgame,c4,53,58,0,ok
f7da9ea0-2c88-11f1-8892-ad97f801000f,65,33,white,endgame,c5,80,81,0,ok
f7da9ea0-2c88-11f1-8892-ad97f801000f,67,34,white,endgame,c6,65,46,19,ok
f7da9ea0-2c88-11f1-8892-ad97f801000f,69,35,white,endgame,Rc5,60,61,0,ok
f7da9ea0-2c88-11f1-8892-ad97f801000f,71,36,white,endgame,b4,59,0,59,inaccuracy
f7da9ea0-2c88-11f1-8892-ad97f801000f,73,37,white,endgame,b5,391,384,7,ok
f7da9ea0-2c88-11f1-8892-ad97f801000f,75,38,white,endgame,Rc4,429,124,305,blunder
f7da9ea0-2c88-11f1-8892-ad97f801000f,77,39,white,endgame,a4,112,83,29,ok
f7da9ea0-2c88-11f1-8892-ad97f801000f,79,40,white,endgame,Rc3,78,0,78,inaccuracy
f7da9ea0-2c88-11f1-8892-ad97f801000f,81,41,white,endgame,Ra3,28,36,0,ok
f7da9ea0-2c88-11f1-8892-ad97f801000f,83,42,white,endgame,Rc1,49,-9,58,inaccuracy
f7da9ea0-2c88-11f1-8892-ad97f801000f,85,43,white,endgame,Rb3,3,-7,10,ok
f7da9ea0-2c88-11f1-8892-ad97f801000f,87,44,white,endgame,Re1,1,0,1,ok
f7da9ea0-2c88-11f1-8892-ad97f801000f,89,45,white,endgame,Rd3,245,0,245,mistake
f7da9ea0-2c88-11f1-8892-ad97f801000f,91,46,white,endgame,Ra3,0,-196,196,mistake
f7da9ea0-2c88-11f1-8892-ad97f801000f,93,47,white,endgame,Ra2,104,-93,197,mistake
f7da9ea0-2c88-11f1-8892-ad97f801000f,95,48,white,endgame,Re8,-85,-197,112,mistake
f7da9ea0-2c88-11f1-8892-ad97f801000f,97,49,white,endgame,Rxd8,-69,-97,28,ok
f7da9ea0-2c88-11f1-8892-ad97f801000f,99,50,white,endgame,Re2,-124,-59,0,ok
f7da9ea0-2c88-11f1-8892-ad97f801000f,101,51,white,endgame,Re8,-37,-13,0,ok
f7da9ea0-2c88-11f1-8892-ad97f801000f,103,52,white,endgame,Kc2,0,0,0,ok
f7da9ea0-2c88-11f1-8892-ad97f801000f,105,53,white,endgame,d8=Q+,11,-448,459,blunder
f7da9ea0-2c88-11f1-8892-ad97f801000f,107,54,white,endgame,Rxd8,-494,-508,14,ok
f7da9ea0-2c88-11f1-8892-ad97f801000f,109,55,white,endgame,Kd3,-519,-537,18,ok
f7da9ea0-2c88-11f1-8892-ad97f801000f,111,56,white,endgame,Rc8,-539,-535,0,ok
f7da9ea0-2c88-11f1-8892-ad97f801000f,113,57,white,endgame,Kd4,-476,-494,18,ok
f7da9ea0-2c88-11f1-8892-ad97f801000f,115,58,white,endgame,Rf8+,948,871,77,inaccuracy
f7da9ea0-2c88-11f1-8892-ad97f801000f,117,59,white,endgame,Kxe5,99990,99991,0,ok
f7da9ea0-2c88-11f1-8892-ad97f801000f,119,60,white,endgame,c7,99991,99992,0,ok
f7da9ea0-2c88-11f1-8892-ad97f801000f,121,61,white,endgame,c8=Q+,99995,99993,2,ok
f7da9ea0-2c88-11f1-8892-ad97f801000f,123,62,white,endgame,Qc7+,99994,99995,0,ok
f7da9ea0-2c88-11f1-8892-ad97f801000f,125,63,white,endgame,Qd6+,99995,99996,0,ok
f7da9ea0-2c88-11f1-8892-ad97f801000f,127,64,white,endgame,Qf6+,99997,99998,0,ok
f7da9ea0-2c88-11f1-8892-ad97f801000f,129,65,white,endgame,Kxf5,99998,99999,0,ok
f7da9ea0-2c88-11f1-8892-ad97f801000f,131,66,white,endgame,Qh8#,99999,100000,0,ok
3acd0aea-2c09-11f1-9cba-64284d01000f,2,1,black,opening,e5,-28,-32,4,ok
3acd0aea-2c09-11f1-9cba-64284d01000f,4,2,black,opening,d5,32,35,0,ok
3acd0aea-2c09-11f1-9cba-64284d01000f,6,3,black,opening,Nc6,54,39,15,ok
3acd0aea-2c09-11f1-9cba-64284d01000f,8,4,black,opening,d4,77,18,59,inaccuracy
3acd0aea-2c09-11f1-9cba-64284d01000f,10,5,black,opening,Bb4,41,4,37,ok
3acd0aea-2c09-11f1-9cba-64284d01000f,12,6,black,opening,Bxd2+,34,11,23,ok
3acd0aea-2c09-11f1-9cba-64284d01000f,14,7,black,opening,Be6,8,-22,30,ok
3acd0aea-2c09-11f1-9cba-64284d01000f,16,8,black,opening,Qf6,12,-2,14,ok
3acd0aea-2c09-11f1-9cba-64284d01000f,18,9,black,opening,O-O-O,34,25,9,ok
3acd0aea-2c09-11f1-9cba-64284d01000f,20,10,black,opening,Qg6,103,-20,123,mistake
3acd0aea-2c09-11f1-9cba-64284d01000f,22,11,black,middlegame,Qg5,98,53,45,ok
3acd0aea-2c09-11f1-9cba-64284d01000f,24,12,black,middlegame,Qf4,110,50,60,inaccuracy
3acd0aea-2c09-11f1-9cba-64284d01000f,26,13,black,middlegame,Qf6,112,112,0,ok
3acd0aea-2c09-11f1-9cba-64284d01000f,28,14,black,middlegame,g5,108,111,0,ok
3acd0aea-2c09-11f1-9cba-64284d01000f,30,15,black,middlegame,h5,117,89,28,ok
3acd0aea-2c09-11f1-9cba-64284d01000f,32,16,black,middlegame,g4,140,141,0,ok
3acd0aea-2c09-11f1-9cba-64284d01000f,34,17,black,middlegame,gxh3,139,157,0,ok
3acd0aea-2c09-11f1-9cba-64284d01000f,36,18,black,middlegame,Nh6,147,20,127,mistake
3acd0aea-2c09-11f1-9cba-64284d01000f,38,19,black,middlegame,Rdg8,197,123,74,inaccuracy
3acd0aea-2c09-11f1-9cba-64284d01000f,40,20,black,middlegame,Ng4+,323,214,109,mistake
3acd0aea-2c09-11f1-9cba-64284d01000f,42,21,black,middlegame,Bxg4,206,93,113,mistake
3acd0aea-2c09-11f1-9cba-64284d01000f,44,22,black,middlegame,Qxg5,455,452,3,ok
3acd0aea-2c09-11f1-9cba-64284d01000f,46,23,black,middlegame,Rxg5,453,455,0,ok
3acd0aea-2c09-11f1-9cba-64284d01000f,48,24,black,endgame,Nxe5,446,459,0,ok
3acd0aea-2c09-11f1-9cba-64284d01000f,50,25,black,endgame,Kd7,463,431,32,ok
3acd0aea-2c09-11f1-9cba-64284d01000f,52,26,black,endgame,Ke6,450,388,62,inaccuracy
3acd0aea-2c09-11f1-9cba-64284d01000f,54,27,black,endgame,Ke7,420,414,6,ok
3acd0aea-2c09-11f1-9cba-64284d01000f,56,28,black,endgame,Bxf5,706,384,322,blunder
3acd0aea-2c09-11f1-9cba-64284d01000f,58,29,black,endgame,Rxf5,389,418,0,ok
3acd0aea-2c09-11f1-9cba-64284d01000f,60,30,black,endgame,Ke6,418,334,84,inaccuracy
3acd0aea-2c09-11f1-9cba-64284d01000f,62,31,black,endgame,c5,344,350,0,ok
3acd0aea-2c09-11f1-9cba-64284d01000f,64,32,black,endgame,c4,364,358,6,ok
3acd0aea-2c09-11f1-9cba-64284d01000f,66,33,black,endgame,cxd3,490,507,0,ok
3acd0aea-2c09-11f1-9cba-64284d01000f,68,34,black,endgame,Nxd3,493,534,0,ok
3acd0aea-2c09-11f1-9cba-64284d01000f,70,35,black,endgame,a5,551,447,104,mistake
3acd0aea-2c09-11f1-9cba-64284d01000f,72,36,black,endgame,Nc1,508,525,0,ok
3acd0aea-2c09-11f1-9cba-64284d01000f,74,37,black,endgame,Ke5,522,528,0,ok
3acd0aea-2c09-11f1-9cba-64284d01000f,76,38,black,endgame,axb4,599,520,79,inaccuracy
3acd0aea-2c09-11f1-9cba-64284d01000f,78,39,black,endgame,Kxe4,498,480,18,ok
3acd0aea-2c09-11f1-9cba-64284d01000f,80,40,black,endgame,Ke3,500,477,23,ok
3acd0aea-2c09-11f1-9cba-64284d01000f,82,41,black,endgame,d3,493,469,24,ok
3acd0aea-2c09-11f1-9cba-64284d01000f,84,42,black,endgame,Kd2,471,444,27,ok
3acd0aea-2c09-11f1-9cba-64284d01000f,86,43,black,endgame,Ra8,459,463,0,ok
3acd0aea-2c09-11f1-9cba-64284d01000f,88,44,black,endgame,Kd1,476,447,29,ok
3acd0aea-2c09-11f1-9cba-64284d01000f,90,45,black,endgame,d2,481,496,0,ok
3acd0aea-2c09-11f1-9cba-64284d01000f,92,46,black,endgame,Kc2,632,502,130,mistake
3acd0aea-2c09-11f1-9cba-64284d01000f,94,47,black,endgame,Kb3,515,485,30,ok
3acd0aea-2c09-11f1-9cba-64284d01000f,96,48,black,endgame,Rh8+,475,442,33,ok
3acd0aea-2c09-11f1-9cba-64284d01000f,98,49,black,endgame,Rh1,468,-1,469,blunder
3acd0aea-2c09-11f1-9cba-64284d01000f,100,50,black,endgame,d1=Q,452,471,0,ok
3acd0aea-2c09-11f1-9cba-64284d01000f,102,51,black,endgame,Rxd1,463,442,21,ok
3acd0aea-2c09-11f1-9cba-64284d01000f,104,52,black,endgame,Rd8,456,455,1,ok
3acd0aea-2c09-11f1-9cba-64284d01000f,106,53,black,endgame,Ra8,470,471,0,ok
3acd0aea-2c09-11f1-9cba-64284d01000f,108,54,black,endgame,Rxa7,473,481,0,ok
3acd0aea-2c09-11f1-9cba-64284d01000f,110,55,black,endgame,Nd3,492,464,28,ok
3acd0aea-2c09-11f1-9cba-64284d01000f,112,56,black,endgame,Nc5,462,461,1,ok
3acd0aea-2c09-11f1-9cba-64284d01000f,114,57,black,endgame,Ne4+,484,463,21,ok
3acd0aea-2c09-11f1-9cba-64284d01000f,116,58,black,endgame,Nd6+,471,488,0,ok
3acd0aea-2c09-11f1-9cba-64284d01000f,118,59,black,endgame,Ne8,478,493,0,ok
3acd0aea-2c09-11f1-9cba-64284d01000f,120,60,black,endgame,Rg7,491,482,9,ok
3acd0aea-2c09-11f1-9cba-64284d01000f,122,61,black,endgame,Kc4,490,491,0,ok
3acd0aea-2c09-11f1-9cba-64284d01000f,124,62,black,endgame,Kd5,493,491,2,ok
3acd0aea-2c09-11f1-9cba-64284d01000f,126,63,black,endgame,Ke6,727,483,244,mistake
3acd0aea-2c09-11f1-9cba-64284d01000f,128,64,black,endgame,Kf6,99989,99989,0,ok
3acd0aea-2c09-11f1-9cba-64284d01000f,130,65,black,endgame,Rxg6,99989,99991,0,ok
3acd0aea-2c09-11f1-9cba-64284d01000f,132,66,black,endgame,Kf5,99991,99992,0,ok
3acd0aea-2c09-11f1-9cba-64284d01000f,134,67,black,endgame,Kf4,99995,99996,0,ok
3acd0aea-2c09-11f1-9cba-64284d01000f,136,68,black,endgame,Kf3,99996,99997,0,ok
3acd0aea-2c09-11f1-9cba-64284d01000f,138,69,black,endgame,Kf2,99998,99999,0,ok
3acd0aea-2c09-11f1-9cba-64284d01000f,140,70,black,endgame,Rh6#,99999,100000,0,ok
372506f7-2c08-11f1-b72b-e0e8fe01000f,2,1,black,opening,e5,-37,-37,0,ok
372506f7-2c08-11f1-b72b-e0e8fe01000f,4,2,black,opening,Nc6,-34,-32,0,ok
372506f7-2c08-11f1-b72b-e0e8fe01000f,6,3,black,opening,Nf6,-35,-34,0,ok
372506f7-2c08-11f1-b72b-e0e8fe01000f,8,4,black,opening,Nxe4,-36,-37,1,ok
372506f7-2c08-11f1-b72b-e0e8fe01000f,10,5,black,opening,Nxf2,-35,-211,176,mistake
372506f7-2c08-11f1-b72b-e0e8fe01000f,12,6,black,opening,Bc5+,-234,-231,0,ok
372506f7-2c08-11f1-b72b-e0e8fe01000f,14,7,black,opening,Qf6,-237,-397,160,mistake
372506f7-2c08-11f1-b72b-e0e8fe01000f,16,8,black,opening,bxc6,-416,-449,33,ok
372506f7-2c08-11f1-b72b-e0e8fe01000f,18,9,black,opening,Be7,-365,-368,3,ok
372506f7-2c08-11f1-b72b-e0e8fe01000f,20,10,black,opening,c5,-363,-449,86,inaccuracy
372506f7-2c08-11f1-b72b-e0e8fe01000f,22,11,black,middlegame,Qd6,-569,-701,132,mistake
372506f7-2c08-11f1-b72b-e0e8fe01000f,24,12,black,middlegame,Kf8,-623,-614,0,ok
372506f7-2c08-11f1-b72b-e0e8fe01000f,26,13,black,middlegame,c4,-590,-722,132,mistake
372506f7-2c08-11f1-b72b-e0e8fe01000f,28,14,black,middlegame,Ba6,-601,-624,23,ok
372506f7-2c08-11f1-b72b-e0e8fe01000f,30,15,black,middlegame,f6,-624,-631,7,ok
372506f7-2c08-11f1-b72b-e0e8fe01000f,32,16,black,middlegame,g5,-631,-654,23,ok
372506f7-2c08-11f1-b72b-e0e8fe01000f,34,17,black,middlegame,Qb4,-652,-693,41,ok
372506f7-2c08-11f1-b72b-e0e8fe01000f,36,18,black,middlegame,Qxb2,-686,-766,80,inaccuracy
372506f7-2c08-11f1-b72b-e0e8fe01000f,38,19,black,middlegame,c6,-663,-742,79,inaccuracy
372506f7-2c08-11f1-b72b-e0e8fe01000f,40,20,black,middlegame,h6,-749,-870,121,mistake
372506f7-2c08-11f1-b72b-e0e8fe01000f,42,21,black,middlegame,Kg7,-803,-99993,99190,blunder
372506f7-2c08-11f1-b72b-e0e8fe01000f,44,22,black,middlegame,Kh7,-821,-1044,223,mistake
372506f7-2c08-11f1-b72b-e0e8fe01000f,46,23,black,middlegame,Rxh8,-930,-99992,99062,blunder
372506f7-2c08-11f1-b72b-e0e8fe01000f,48,24,black,middlegame,Kg6,-99993,-99998,5,ok
372506f7-2c08-11f1-b72b-e0e8fe01000f,50,25,black,middlegame,Kf6,-99992,-99996,4,ok
372506f7-2c08-11f1-b72b-e0e8fe01000f,52,26,black,middlegame,Qb6,-927,-99996,99069,blunder
372506f7-2c08-11f1-b72b-e0e8fe01000f,54,27,black,middlegame,Qxc6,-871,-928,57,inaccuracy
76c9cf2c-2c02-11f1-a6bf-4abd5e01000f,1,1,white,opening,e4,39,37,2,ok
76c9cf2c-2c02-11f1-a6bf-4abd5e01000f,3,2,white,opening,Nf3,40,45,0,ok
76c9cf2c-2c02-11f1-a6bf-4abd5e01000f,5,3,white,opening,Nc3,101,71,30,ok
76c9cf2c-2c02-11f1-a6bf-4abd5e01000f,7,4,white,opening,d4,135,144,0,ok
76c9cf2c-2c02-11f1-a6bf-4abd5e01000f,9,5,white,opening,dxe5,501,460,41,ok
76c9cf2c-2c02-11f1-a6bf-4abd5e01000f,11,6,white,opening,Nxe5,457,494,0,ok
76c9cf2c-2c02-11f1-a6bf-4abd5e01000f,13,7,white,opening,Bf4,583,496,87,inaccuracy
76c9cf2c-2c02-11f1-a6bf-4abd5e01000f,15,8,white,opening,Nf3,492,475,17,ok
76c9cf2c-2c02-11f1-a6bf-4abd5e01000f,17,9,white,opening,Qd4,506,428,78,inaccuracy
76c9cf2c-2c02-11f1-a6bf-4abd5e01000f,19,10,white,opening,e5,446,263,183,mistake
76c9cf2c-2c02-11f1-a6bf-4abd5e01000f,21,11,white,opening,Bxe5,350,-40,390,blunder
76c9cf2c-2c02-11f1-a6bf-4abd5e01000f,23,12,white,middlegame,Qf4,-36,-173,137,mistake
76c9cf2c-2c02-11f1-a6bf-4abd5e01000f,25,13,white,middlegame,gxf3,-188,-182,0,ok
76c9cf2c-2c02-11f1-a6bf-4abd5e01000f,27,14,white,middlegame,O-O-O,-90,-83,0,ok
76c9cf2c-2c02-11f1-a6bf-4abd5e01000f,29,15,white,middlegame,Qf5,-74,-73,0,ok
76c9cf2c-2c02-11f1-a6bf-4abd5e01000f,31,16,white,middlegame,Qf4,-54,-71,17,ok
76c9cf2c-2c02-11f1-a6bf-4abd5e01000f,33,17,white,middlegame,Qg4,-11,-13,2,ok
76c9cf2c-2c02-11f1-a6bf-4abd5e01000f,35,18,white,middlegame,Rg1,69,76,0,ok
76c9cf2c-2c02-11f1-a6bf-4abd5e01000f,37,19,white,middlegame,Qxh5,348,410,0,ok
76c9cf2c-2c02-11f1-a6bf-4abd5e01000f,39,20,white,middlegame,Rg2,637,340,297,mistake
76c9cf2c-2c02-11f1-a6bf-4abd5e01000f,41,21,white,middlegame,Kb1,335,353,0,ok
76c9cf2c-2c02-11f1-a6bf-4abd5e01000f,43,22,white,middlegame,Qg4,457,203,254,mistake
76c9cf2c-2c02-11f1-a6bf-4abd5e01000f,45,23,white,middlegame,Be2,508,434,74,inaccuracy
76c9cf2c-2c02-11f1-a6bf-4abd5e01000f,47,24,white,middlegame,Ne4,499,509,0,ok
76c9cf2c-2c02-11f1-a6bf-4abd5e01000f,49,25,white,middlegame,Rg3,515,388,127,mistake
76c9cf2c-2c02-11f1-a6bf-4abd5e01000f,51,26,white,middlegame,Rf3,446,393,53,inaccuracy
76c9cf2c-2c02-11f1-a6bf-4abd5e01000f,53,27,white,middlegame,h4,449,376,73,inaccuracy
76c9cf2c-2c02-11f1-a6bf-4abd5e01000f,55,28,white,middlegame,Qf4,367,369,0,ok
76c9cf2c-2c02-11f1-a6bf-4abd5e01000f,57,29,white,middlegame,Ng5+,407,396,11,ok
76c9cf2c-2c02-11f1-a6bf-4abd5e01000f,59,30,white,middlegame,Bd3,407,412,0,ok
76c9cf2c-2c02-11f1-a6bf-4abd5e01000f,61,31,white,middlegame,Bc4,486,383,103,mistake
76c9cf2c-2c02-11f1-a6bf-4abd5e01000f,63,32,white,middlegame,a3,424,397,27,ok
76c9cf2c-2c02-11f1-a6bf-4abd5e01000f,65,33,white,middlegame,Bd3,469,471,0,ok
76c9cf2c-2c02-11f1-a6bf-4abd5e01000f,67,34,white,middlegame,Qd4+,481,519,0,ok
76c9cf2c-2c02-11f1-a6bf-4abd5e01000f,69,35,white,middlegame,Re3,653,704,0,ok
76c9cf2c-2c02-11f1-a6bf-4abd5e01000f,71,36,white,middlegame,Ne6+,734,746,0,ok
76c9cf2c-2c02-11f1-a6bf-4abd5e01000f,73,37,white,middlegame,Nxd8+,936,1011,0,ok
76c9cf2c-2c02-11f1-a6bf-4abd5e01000f,75,38,white,middlegame,Qc4+,1241,814,427,blunder
76c9cf2c-2c02-11f1-a6bf-4abd5e01000f,77,39,white,middlegame,Re7+,935,99990,0,ok
76c9cf2c-2c02-11f1-a6bf-4abd5e01000f,79,40,white,middlegame,Rde1,99995,836,99159,blunder
76c9cf2c-2c02-11f1-a6bf-4abd5e01000f,81,41,white,middlegame,R1e6,99995,883,99112,blunder
76c9cf2c-2c02-11f1-a6bf-4abd5e01000f,83,42,white,middlegame,Rxb7,99995,1054,98941,blunder
76c9cf2c-2c02-11f1-a6bf-4abd5e01000f,85,43,white,middlegame,Rf6+,1049,99993,0,ok
76c9cf2c-2c02-11f1-a6bf-4abd5e01000f,87,44,white,middlegame,Qxc6+,99998,99999,0,ok
76c9cf2c-2c02-11f1-a6bf-4abd5e01000f,89,45,white,middlegame,Rf8#,99999,100000,0,ok
697bd1c1-2b7b-11f1-9a89-b334ad01000f,2,1,black,opening,e5,-42,-48,6,ok
697bd1c1-2b7b-11f1-9a89-b334ad01000f,4,2,black,opening,Nf6,-16,-13,0,ok
697bd1c1-2b7b-11f1-9a89-b334ad01000f,6,3,black,opening,Bc5,-2,-28,26,ok
697bd1c1-2b7b-11f1-9a89-b334ad01000f,8,4,black,opening,Nc6,3,-28,31,ok
697bd1c1-2b7b-11f1-9a89-b334ad01000f,10,5,black,opening,d5,-30,-42,12,ok
697bd1c1-2b7b-11f1-9a89-b334ad01000f,12,6,black,opening,Nxd5,-38,-39,1,ok
697bd1c1-2b7b-11f1-9a89-b334ad01000f,14,7,black,opening,O-O,-40,-41,1,ok
697bd1c1-2b7b-11f1-9a89-b334ad01000f,16,8,black,opening,Re8,-37,-99,62,inaccuracy
697bd1c1-2b7b-11f1-9a89-b334ad01000f,18,9,black,opening,h6,-54,-40,0,ok
697bd1c1-2b7b-11f1-9a89-b334ad01000f,20,10,black,opening,Nf4,39,-87,126,mistake
697bd1c1-2b7b-11f1-9a89-b334ad01000f,22,11,black,middlegame,exf4,-76,-78,2,ok
697bd1c1-2b7b-11f1-9a89-b334ad01000f,24,12,black,middlegame,Qxe8,-78,-77,0,ok
697bd1c1-2b7b-11f1-9a89-b334ad01000f,26,13,black,middlegame,Bf5,-1,-78,77,inaccuracy
697bd1c1-2b7b-11f1-9a89-b334ad01000f,28,14,black,middlegame,Rd8,-73,-83,10,ok
697bd1c1-2b7b-11f1-9a89-b334ad01000f,30,15,black,middlegame,Bb6,-88,-159,71,inaccuracy
697bd1c1-2b7b-11f1-9a89-b334ad01000f,32,16,black,middlegame,Be4,-117,-203,86,inaccuracy
697bd1c1-2b7b-11f1-9a89-b334ad01000f,34,17,black,middlegame,Bxf3,-143,-185,42,ok
697bd1c1-2b7b-11f1-9a89-b334ad01000f,36,18,black,middlegame,a6,-204,-260,56,inaccuracy
697bd1c1-2b7b-11f1-9a89-b334ad01000f,38,19,black,middlegame,Ba7,-172,-396,224,mistake
697bd1c1-2b7b-11f1-9a89-b334ad01000f,40,20,black,middlegame,b5,94,94,0,ok
697bd1c1-2b7b-11f1-9a89-b334ad01000f,42,21,black,middlegame,axb5,71,89,0,ok
697bd1c1-2b7b-11f1-9a89-b334ad01000f,44,22,black,middlegame,Rb8,98,65,33,ok
697bd1c1-2b7b-11f1-9a89-b334ad01000f,46,23,black,middlegame,Rxb2,221,235,0,ok
697bd1c1-2b7b-11f1-9a89-b334ad01000f,48,24,black,middlegame,Nxe5,462,460,2,ok
697bd1c1-2b7b-11f1-9a89-b334ad01000f,50,25,black,middlegame,Nd3,529,524,5,ok
697bd1c1-2b7b-11f1-9a89-b334ad01000f,52,26,black,middlegame,Rxf2,545,45,500,blunder
697bd1c1-2b7b-11f1-9a89-b334ad01000f,54,27,black,middlegame,Qe1+,27,-5,32,ok
697bd1c1-2b7b-11f1-9a89-b334ad01000f,56,28,black,middlegame,Qe3+,0,0,0,ok
697bd1c1-2b7b-11f1-9a89-b334ad01000f,58,29,black,middlegame,g5,0,-331,331,blunder
697bd1c1-2b7b-11f1-9a89-b334ad01000f,60,30,black,middlegame,Qg3+,0,-14,14,ok
697bd1c1-2b7b-11f1-9a89-b334ad01000f,62,31,black,middlegame,Ne1,-17,-566,549,blunder
697bd1c1-2b7b-11f1-9a89-b334ad01000f,64,32,black,middlegame,Kg7,-196,-219,23,ok
697bd1c1-2b7b-11f1-9a89-b334ad01000f,66,33,black,middlegame,h5,-1,-498,497,blunder
697bd1c1-2b7b-11f1-9a89-b334ad01000f,68,34,black,middlegame,Nd3,26,27,0,ok
697bd1c1-2b7b-11f1-9a89-b334ad01000f,70,35,black,middlegame,Qe1#,99999,100000,0,ok
0a66fffe-2b7b-11f1-9e75-8f4de601000f,1,1,white,opening,e4,48,46,2,ok
0a66fffe-2b7b-11f1-9e75-8f4de601000f,3,2,white,opening,exd5,73,73,0,ok
0a66fffe-2b7b-11f1-9e75-8f4de601000f,5,3,white,opening,dxc6,102,93,9,ok
0a66fffe-2b7b-11f1-9e75-8f4de601000f,7,4,white,opening,Bb5,222,141,81,inaccuracy
0a66fffe-2b7b-11f1-9e75-8f4de601000f,9,5,white,opening,Qf3,126,29,97,inaccuracy
0a66fffe-2b7b-11f1-9e75-8f4de601000f,11,6,white,opening,Nc3,90,29,61,inaccuracy
0a66fffe-2b7b-11f1-9e75-8f4de601000f,13,7,white,opening,Bxc6+,326,374,0,ok
0a66fffe-2b7b-11f1-9e75-8f4de601000f,15,8,white,opening,Qxc6+,376,376,0,ok
0a66fffe-2b7b-11f1-9e75-8f4de601000f,17,9,white,opening,Qxd6,501,493,8,ok
0a66fffe-2b7b-11f1-9e75-8f4de601000f,19,10,white,opening,d4,544,536,8,ok
0a66fffe-2b7b-11f1-9e75-8f4de601000f,21,11,white,opening,Nxe4,718,728,0,ok
25a1492c-2b79-11f1-9a89-b334ad01000f,1,1,white,opening,e4,47,42,5,ok
25a1492c-2b79-11f1-9a89-b334ad01000f,3,2,white,opening,d4,48,56,0,ok
25a1492c-2b79-11f1-9a89-b334ad01000f,5,3,white,opening,Nc3,58,56,2,ok
25a1492c-2b79-11f1-9a89-b334ad01000f,7,4,white,opening,exd5,80,39,41,ok
25a1492c-2b79-11f1-9a89-b334ad01000f,9,5,white,opening,Nf3,45,39,6,ok
25a1492c-2b79-11f1-9a89-b334ad01000f,11,6,white,opening,Bd3,48,40,8,ok
25a1492c-2b79-11f1-9a89-b334ad01000f,13,7,white,opening,O-O,38,-25,63,inaccuracy
25a1492c-2b79-11f1-9a89-b334ad01000f,15,8,white,opening,Bb5+,51,-15,66,inaccuracy
25a1492c-2b79-11f1-9a89-b334ad01000f,17,9,white,opening,Bf4,-8,-113,105,mistake
25a1492c-2b79-11f1-9a89-b334ad01000f,19,10,white,opening,h3,-105,-117,12,ok
25a1492c-2b79-11f1-9a89-b334ad01000f,21,11,white,opening,Qxf3,-127,-131,4,ok
25a1492c-2b79-11f1-9a89-b334ad01000f,23,12,white,middlegame,Qd3,-128,-125,0,ok
25a1492c-2b79-11f1-9a89-b334ad01000f,25,13,white,middlegame,Bxc6+,420,-160,580,blunder
25a1492c-2b79-11f1-9a89-b334ad01000f,27,14,white,middlegame,Qb5,-165,-185,20,ok
25a1492c-2b79-11f1-9a89-b334ad01000f,29,15,white,middlegame,Qxb7,-150,-209,59,inaccuracy
25a1492c-2b79-11f1-9a89-b334ad01000f,31,16,white,middlegame,bxc3,-78,-82,4,ok
25a1492c-2b79-11f1-9a89-b334ad01000f,33,17,white,middlegame,Rfd1,-72,-114,42,ok
25a1492c-2b79-11f1-9a89-b334ad01000f,35,18,white,middlegame,Bd6,-121,-127,6,ok
25a1492c-2b79-11f1-9a89-b334ad01000f,37,19,white,middlegame,c4,-118,-157,39,ok
25a1492c-2b79-11f1-9a89-b334ad01000f,39,20,white,middlegame,Rab1,-73,-125,52,inaccuracy
25a1492c-2b79-11f1-9a89-b334ad01000f,41,21,white,middlegame,Qb2,-88,-76,0,ok
25a1492c-2b79-11f1-9a89-b334ad01000f,43,22,white,middlegame,Be5,-87,-432,345,blunder
25a1492c-2b79-11f1-9a89-b334ad01000f,45,23,white,middlegame,Rd6,-457,-480,23,ok
25a1492c-2b79-11f1-9a89-b334ad01000f,47,24,white,middlegame,Rbd1,-450,-460,10,ok
25a1492c-2b79-11f1-9a89-b334ad01000f,49,25,white,middlegame,Qd4,-459,-440,0,ok
25a1492c-2b79-11f1-9a89-b334ad01000f,51,26,white,middlegame,h4,-431,-490,59,inaccuracy
25a1492c-2b79-11f1-9a89-b334ad01000f,53,27,white,middlegame,h5,-468,-652,184,mistake
25a1492c-2b79-11f1-9a89-b334ad01000f,55,28,white,middlegame,Qf4,-624,-682,58,inaccuracy
25a1492c-2b79-11f1-9a89-b334ad01000f,57,29,white,middlegame,Rxd6,-686,-675,0,ok
25a1492c-2b79-11f1-9a89-b334ad01000f,59,30,white,middlegame,Kh2,-695,-686,0,ok
25a1492c-2b79-11f1-9a89-b334ad01000f,61,31,white,middlegame,Rd7,-646,-680,34,ok
25a1492c-2b79-11f1-9a89-b334ad01000f,63,32,white,middlegame,Qh4,-685,-775,90,inaccuracy
25a1492c-2b79-11f1-9a89-b334ad01000f,65,33,white,middlegame,g3,-722,-750,28,ok
25a1492c-2b79-11f1-9a89-b334ad01000f,67,34,white,middlegame,Rxa7,-802,-941,139,mistake
25a1492c-2b79-11f1-9a89-b334ad01000f,69,35,white,middlegame,Qc4,-942,-1074,132,mistake
25a1492c-2b79-11f1-9a89-b334ad01000f,71,36,white,middlegame,Ra8,-922,-1093,171,mistake
25a1492c-2b79-11f1-9a89-b334ad01000f,73,37,white,middlegame,Kg2,-99991,-99993,2,ok
25a1492c-2b79-11f1-9a89-b334ad01000f,75,38,white,middlegame,Qxd5,-899,-1055,156,mistake
25a1492c-2b79-11f1-9a89-b334ad01000f,77,39,white,endgame,Ra1,-1046,-1321,275,mistake
25a1492c-2b79-11f1-9a89-b334ad01000f,79,40,white,middlegame,Rxc1,-1354,-1280,0,ok
25a1492c-2b79-11f1-9a89-b334ad01000f,81,41,white,endgame,f4,-1152,-99991,98839,blunder
25a1492c-2b79-11f1-9a89-b334ad01000f,83,42,white,endgame,g4,-99992,-99997,5,ok
25a1492c-2b79-11f1-9a89-b334ad01000f,85,43,white,endgame,g5,-99993,-99993,0,ok
25a1492c-2b79-11f1-9a89-b334ad01000f,87,44,white,endgame,gxh6,-99994,-99995,1,ok
25a1492c-2b79-11f1-9a89-b334ad01000f,89,45,white,endgame,f5,-99996,-99997,1,ok
25a1492c-2b79-11f1-9a89-b334ad01000f,91,46,white,middlegame,f6,-99998,-99998,0,ok
25a1492c-2b79-11f1-9a89-b334ad01000f,93,47,white,middlegame,Kg3,-99997,-99998,1,ok
25a1492c-2b79-11f1-9a89-b334ad01000f,95,48,white,middlegame,Kg4,-99999,-99999,0,ok
25a1492c-2b79-11f1-9a89-b334ad01000f,97,49,white,middlegame,Kf4,-99999,-99999,0,ok
df5343e0-2b75-11f1-b5fb-2c299f01000f,2,1,black,opening,d5,-38,-37,0,ok
df5343e0-2b75-11f1-b5fb-2c299f01000f,4,2,black,opening,Nc6,-24,-58,34,ok
df5343e0-2b75-11f1-b5fb-2c299f01000f,6,3,black,opening,Nf6,-56,-53,0,ok
df5343e0-2b75-11f1-b5fb-2c299f01000f,8,4,black,opening,e5,-32,-152,120,mistake
df5343e0-2b75-11f1-b5fb-2c299f01000f,10,5,black,opening,Ne4,-161,-158,0,ok
df5343e0-2b75-11f1-b5fb-2c299f01000f,12,6,black,opening,dxe4,-154,-148,0,ok
df5343e0-2b75-11f1-b5fb-2c299f01000f,14,7,black,opening,Bb4,-61,-141,80,inaccuracy
df5343e0-2b75-11f1-b5fb-2c299f01000f,16,8,black,opening,Bc5,-154,-204,50,inaccuracy
df5343e0-2b75-11f1-b5fb-2c299f01000f,18,9,black,opening,Bf5,-148,-207,59,inaccuracy
df5343e0-2b75-11f1-b5fb-2c299f01000f,20,10,black,opening,Qd3,-143,-153,10,ok
df5343e0-2b75-11f1-b5fb-2c299f01000f,22,11,black,middlegame,exd3,-144,-146,2,ok
df5343e0-2b75-11f1-b5fb-2c299f01000f,24,12,black,endgame,Bb6,-134,-143,9,ok
df5343e0-2b75-11f1-b5fb-2c299f01000f,26,13,black,endgame,Bg6,-69,-170,101,mistake
df5343e0-2b75-11f1-b5fb-2c299f01000f,28,14,black,endgame,bxc6,-174,-172,0,ok
df5343e0-2b75-11f1-b5fb-2c299f01000f,30,15,black,endgame,Rd8,-172,-198,26,ok
df5343e0-2b75-11f1-b5fb-2c299f01000f,32,16,black,endgame,c5,-172,-189,17,ok
df5343e0-2b75-11f1-b5fb-2c299f01000f,34,17,black,endgame,d2+,180,185,0,ok
df5343e0-2b75-11f1-b5fb-2c299f01000f,36,18,black,endgame,Rxd2,161,163,0,ok
df5343e0-2b75-11f1-b5fb-2c299f01000f,38,19,black,endgame,O-O,146,-404,550,blunder
df5343e0-2b75-11f1-b5fb-2c299f01000f,40,20,black,endgame,Kh8,-413,-410,0,ok
df5343e0-2b75-11f1-b5fb-2c299f01000f,42,21,black,endgame,hxg6,-407,-406,0,ok
df5343e0-2b75-11f1-b5fb-2c299f01000f,44,22,black,endgame,Rd8,-396,-399,3,ok
df5343e0-2b75-11f1-b5fb-2c299f01000f,46,23,black,endgame,c4,-378,-364,0,ok
df5343e0-2b75-11f1-b5fb-2c299f01000f,48,24,black,endgame,f5,-375,-432,57,inaccuracy
df5343e0-2b75-11f1-b5fb-2c299f01000f,50,25,black,endgame,gxf6,-420,-418,0,ok
df5343e0-2b75-11f1-b5fb-2c299f01000f,52,26,black,endgame,g5,-408,-410,2,ok
df5343e0-2b75-11f1-b5fb-2c299f01000f,54,27,black,endgame,Kg7,-400,-425,25,ok
df5343e0-2b75-11f1-b5fb-2c299f01000f,56,28,black,endgame,Rxd1,-440,-437,0,ok
df5343e0-2b75-11f1-b5fb-2c299f01000f,58,29,black,endgame,Bf2,-443,-530,87,inaccuracy
df5343e0-2b75-11f1-b5fb-2c299f01000f,60,30,black,endgame,a6,-525,-533,8,ok
df5343e0-2b75-11f1-b5fb-2c299f01000f,62,31,black,endgame,cxb3,-533,-531,0,ok
df5343e0-2b75-11f1-b5fb-2c299f01000f,64,32,black,endgame,Bc5,-529,-538,9,ok
df5343e0-2b75-11f1-b5fb-2c299f01000f,66,33,black,endgame,Be3,-527,-557,30,ok
df5343e0-2b75-11f1-b5fb-2c299f01000f,68,34,black,endgame,Kf7,-540,-543,3,ok
df5343e0-2b75-11f1-b5fb-2c299f01000f,70,35,black,endgame,axb5,-535,-539,4,ok
df5343e0-2b75-11f1-b5fb-2c299f01000f,72,36,black,endgame,Ke7,-539,-539,0,ok
df5343e0-2b75-11f1-b5fb-2c299f01000f,74,37,black,endgame,Kd7,-527,-531,4,ok
df5343e0-2b75-11f1-b5fb-2c299f01000f,76,38,black,endgame,Bc5,-521,-534,13,ok
df5343e0-2b75-11f1-b5fb-2c299f01000f,78,39,black,endgame,Kc6,-529,-525,0,ok
df5343e0-2b75-11f1-b5fb-2c299f01000f,80,40,black,endgame,Bxb6,-558,-758,200,mistake
df5343e0-2b75-11f1-b5fb-2c299f01000f,82,41,black,endgame,Kxb6,-780,-1012,232,mistake
df5343e0-2b75-11f1-b5fb-2c299f01000f,84,42,black,endgame,Kc7,-1218,-1244,26,ok
df5343e0-2b75-11f1-b5fb-2c299f01000f,86,43,black,endgame,Kd8,-1636,-1555,0,ok
df5343e0-2b75-11f1-b5fb-2c299f01000f,88,44,black,endgame,g4,-1622,-1481,0,ok
df5343e0-2b75-11f1-b5fb-2c299f01000f,90,45,black,endgame,Ke8,-1083,-1405,322,blunder
df5343e0-2b75-11f1-b5fb-2c299f01000f,92,46,black,endgame,Kf8,-99990,-99990,0,ok
df5343e0-2b75-11f1-b5fb-2c299f01000f,94,47,black,endgame,Kg8,-1530,-99990,98460,blunder
df5343e0-2b75-11f1-b5fb-2c299f01000f,96,48,black,endgame,Kf8,-1580,-1617,37,ok
df5343e0-2b75-11f1-b5fb-2c299f01000f,98,49,black,endgame,Kg8,-99988,-99995,7,ok
df5343e0-2b75-11f1-b5fb-2c299f01000f,100,50,black,endgame,Kf8,-99990,-99991,1,ok
df5343e0-2b75-11f1-b5fb-2c299f01000f,102,51,black,endgame,Kg8,-99992,-99998,6,ok
df5343e0-2b75-11f1-b5fb-2c299f01000f,104,52,black,endgame,Kf8,-99995,-99995,0,ok
df5343e0-2b75-11f1-b5fb-2c299f01000f,106,53,black,endgame,Kg8,-99992,-99998,6,ok
df5343e0-2b75-11f1-b5fb-2c299f01000f,108,54,black,endgame,Kh8,-99999,-99999,0,ok
df5343e0-2b75-11f1-b5fb-2c299f01000f,110,55,black,endgame,Kh7,-99997,-99997,0,ok
df5343e0-2b75-11f1-b5fb-2c299f01000f,112,56,black,endgame,Kh6,-99995,-99995,0,ok
df5343e0-2b75-11f1-b5fb-2c299f01000f,114,57,black,endgame,Kh5,-99996,-99998,2,ok
df5343e0-2b75-11f1-b5fb-2c299f01000f,116,58,black,middlegame,Kg4,-99997,-99997,0,ok
df5343e0-2b75-11f1-b5fb-2c299f01000f,118,59,black,middlegame,Kh5,-99997,-99999,2,ok
71fad2e5-2b74-11f1-98c6-5b5cab01000f,2,1,black,opening,e5,-39,-46,7,ok
71fad2e5-2b74-11f1-98c6-5b5cab01000f,4,2,black,opening,Nc6,41,40,1,ok
71fad2e5-2b74-11f1-98c6-5b5cab01000f,6,3,black,opening,g6,38,30,8,ok
71fad2e5-2b74-11f1-98c6-5b5cab01000f,8,4,black,opening,Nf6,32,32,0,ok
71fad2e5-2b74-11f1-98c6-5b5cab01000f,10,5,black,opening,Bc5,89,-4,93,inaccuracy
71fad2e5-2b74-11f1-98c6-5b5cab01000f,12,6,black,opening,Bb6,44,-92,136,mistake
71fad2e5-2b74-11f1-98c6-5b5cab01000f,14,7,black,opening,a5,-53,-146,93,inaccuracy
71fad2e5-2b74-11f1-98c6-5b5cab01000f,16,8,black,opening,Ne7,-79,-449,370,blunder
71fad2e5-2b74-11f1-98c6-5b5cab01000f,18,9,black,opening,c6,-109,-455,346,blunder
71fad2e5-2b74-11f1-98c6-5b5cab01000f,20,10,black,opening,Rf8,-466,-467,1,ok
71fad2e5-2b74-11f1-98c6-5b5cab01000f,22,11,black,middlegame,d5,-393,-415,22,ok
71fad2e5-2b74-11f1-98c6-5b5cab01000f,24,12,black,middlegame,cxd5,-389,-397,8,ok
71fad2e5-2b74-11f1-98c6-5b5cab01000f,26,13,black,middlegame,Bc5,-280,-435,155,mistake
71fad2e5-2b74-11f1-98c6-5b5cab01000f,28,14,black,middlegame,Be6,-364,-419,55,inaccuracy
71fad2e5-2b74-11f1-98c6-5b5cab01000f,30,15,black,middlegame,Bxd5,-418,-453,35,ok
71fad2e5-2b74-11f1-98c6-5b5cab01000f,32,16,black,middlegame,Bb4+,-442,-450,8,ok
71fad2e5-2b74-11f1-98c6-5b5cab01000f,34,17,black,middlegame,Nxd5,-472,-493,21,ok
71fad2e5-2b74-11f1-98c6-5b5cab01000f,36,18,black,middlegame,Ne7,-460,-553,93,inaccuracy
71fad2e5-2b74-11f1-98c6-5b5cab01000f,38,19,black,middlegame,Bc3,-520,-661,141,mistake
71fad2e5-2b74-11f1-98c6-5b5cab01000f,40,20,black,middlegame,Bxd4,-619,-775,156,mistake
71fad2e5-2b74-11f1-98c6-5b5cab01000f,42,21,black,middlegame,Rc8,-790,-99985,99195,blunder
71fad2e5-2b74-11f1-98c6-5b5cab01000f,44,22,black,middlegame,Qxc8,-99987,-99999,12,ok
19e6c23e-2b74-11f1-9e75-8f4de601000f,1,1,white,opening,e4,45,48,0,ok
19e6c23e-2b74-11f1-9e75-8f4de601000f,3,2,white,opening,Nf3,45,48,0,ok
19e6c23e-2b74-11f1-9e75-8f4de601000f,5,3,white,opening,Nc3,46,32,14,ok
19e6c23e-2b74-11f1-9e75-8f4de601000f,7,4,white,opening,Bb5,27,18,9,ok
19e6c23e-2b74-11f1-9e75-8f4de601000f,9,5,white,opening,Bxc6+,74,42,32,ok
19e6c23e-2b74-11f1-9e75-8f4de601000f,11,6,white,opening,d4,38,44,0,ok
19e6c23e-2b74-11f1-9e75-8f4de601000f,13,7,white,opening,Qxd4,71,42,29,ok
19e6c23e-2b74-11f1-9e75-8f4de601000f,15,8,white,opening,Qc4,51,25,26,ok
19e6c23e-2b74-11f1-9e75-8f4de601000f,17,9,white,opening,Nd5,32,4,28,ok
19e6c23e-2b74-11f1-9e75-8f4de601000f,19,10,white,opening,Nxf6+,84,57,27,ok
19e6c23e-2b74-11f1-9e75-8f4de601000f,21,11,white,opening,Qa6,50,42,8,ok
19e6c23e-2b74-11f1-9e75-8f4de601000f,23,12,white,middlegame,Qxc6+,638,622,16,ok
19e6c23e-2b74-11f1-9e75-8f4de601000f,25,13,white,middlegame,Qxa8+,635,633,2,ok
19e6c23e-2b74-11f1-9e75-8f4de601000f,27,14,white,middlegame,Bg5,869,883,0,ok
5a23942b-2a99-11f1-b5fb-2c299f01000f,2,1,black,opening,e5,-41,-36,0,ok
5a23942b-2a99-11f1-b5fb-2c299f01000f,4,2,black,opening,Nf6,-18,-22,4,ok
5a23942b-2a99-11f1-b5fb-2c299f01000f,6,3,black,opening,exf4,26,-70,96,inaccuracy
5a23942b-2a99-11f1-b5fb-2c299f01000f,8,4,black,opening,Qe7,-62,-197,135,mistake
5a23942b-2a99-11f1-b5fb-2c299f01000f,10,5,black,opening,d6,-33,-31,0,ok
5a23942b-2a99-11f1-b5fb-2c299f01000f,12,6,black,opening,Bg4,-26,-63,37,ok
5a23942b-2a99-11f1-b5fb-2c299f01000f,14,7,black,opening,Bxf3,-11,-373,362,blunder
5a23942b-2a99-11f1-b5fb-2c299f01000f,16,8,black,opening,dxe5,-39,-120,81,inaccuracy
5a23942b-2a99-11f1-b5fb-2c299f01000f,18,9,black,opening,e4,-27,-267,240,mistake
5a23942b-2a99-11f1-b5fb-2c299f01000f,20,10,black,opening,Nxe4,-164,-374,210,mistake
5a23942b-2a99-11f1-b5fb-2c299f01000f,22,11,black,middlegame,Qxe4,-427,-462,35,ok
5a23942b-2a99-11f1-b5fb-2c299f01000f,24,12,black,middlegame,Qxe1+,-457,-470,13,ok
5a23942b-2a99-11f1-b5fb-2c299f01000f,26,13,black,middlegame,Be7,-478,-474,0,ok
5a23942b-2a99-11f1-b5fb-2c299f01000f,28,14,black,middlegame,Nc6,-478,-477,0,ok
5a23942b-2a99-11f1-b5fb-2c299f01000f,30,15,black,middlegame,Nxd4,-385,-461,76,inaccuracy
5a23942b-2a99-11f1-b5fb-2c299f01000f,32,16,black,middlegame,Rc8,-193,-416,223,mistake
5a23942b-2a99-11f1-b5fb-2c299f01000f,34,17,black,middlegame,Nf5,-431,-471,40,ok
5a23942b-2a99-11f1-b5fb-2c299f01000f,36,18,black,middlegame,Nxe7,-463,-452,0,ok
5a23942b-2a99-11f1-b5fb-2c299f01000f,38,19,black,middlegame,Rc7,-425,-466,41,ok
5a23942b-2a99-11f1-b5fb-2c299f01000f,40,20,black,middlegame,Rc6,-476,-513,37,ok
5a23942b-2a99-11f1-b5fb-2c299f01000f,42,21,black,middlegame,Rg8,-498,-478,0,ok
5a23942b-2a99-11f1-b5fb-2c299f01000f,44,22,black,middlegame,Rcg6,-473,-472,0,ok
5a23942b-2a99-11f1-b5fb-2c299f01000f,46,23,black,middlegame,Nf5,-463,-463,0,ok
5a23942b-2a99-11f1-b5fb-2c299f01000f,48,24,black,middlegame,Kf8,-469,-468,0,ok
5a23942b-2a99-11f1-b5fb-2c299f01000f,50,25,black,middlegame,Nxg3,-460,-529,69,inaccuracy
5a23942b-2a99-11f1-b5fb-2c299f01000f,52,26,black,middlegame,Rxg3+,-477,-584,107,mistake
5a23942b-2a99-11f1-b5fb-2c299f01000f,54,27,black,middlegame,Rg2+,-576,-577,1,ok
5a23942b-2a99-11f1-b5fb-2c299f01000f,56,28,black,middlegame,R8g3+,-552,-726,174,mistake
5a23942b-2a99-11f1-b5fb-2c299f01000f,58,29,black,middlegame,Rg4+,-557,-607,50,inaccuracy
5a23942b-2a99-11f1-b5fb-2c299f01000f,60,30,black,middlegame,R2g3+,-754,-763,9,ok
5a23942b-2a99-11f1-b5fb-2c299f01000f,62,31,black,middlegame,Rg2+,-846,-830,0,ok
5a23942b-2a99-11f1-b5fb-2c299f01000f,64,32,black,middlegame,a5,-887,-99979,99092,blunder
5a23942b-2a99-11f1-b5fb-2c299f01000f,66,33,black,middlegame,Rg8,-1215,-1150,0,ok
5a23942b-2a99-11f1-b5fb-2c299f01000f,68,34,black,middlegame,R8g6,-654,-1231,577,blunder
5a23942b-2a99-11f1-b5fb-2c299f01000f,70,35,black,middlegame,Kg7,-579,-628,49,ok
5a23942b-2a99-11f1-b5fb-2c299f01000f,72,36,black,middlegame,R2g5,-579,-590,11,ok
5a23942b-2a99-11f1-b5fb-2c299f01000f,74,37,black,middlegame,Rb5+,-571,-593,22,ok
5a23942b-2a99-11f1-b5fb-2c299f01000f,76,38,black,middlegame,Rg2+,-603,-605,2,ok
5a23942b-2a99-11f1-b5fb-2c299f01000f,78,39,black,middlegame,Rd5+,-624,-627,3,ok
5a23942b-2a99-11f1-b5fb-2c299f01000f,80,40,black,middlegame,Rdg5,-644,-671,27,ok
5a23942b-2a99-11f1-b5fb-2c299f01000f,82,41,black,middlegame,R2g4+,-650,-656,6,ok
5a23942b-2a99-11f1-b5fb-2c299f01000f,84,42,black,middlegame,Rf4,-670,-670,0,ok
5a23942b-2a99-11f1-b5fb-2c299f01000f,86,43,black,middlegame,Rff5,-678,-682,4,ok
5a23942b-2a99-11f1-b5fb-2c299f01000f,88,44,black,middlegame,Rd5,-667,-711,44,ok
5a23942b-2a99-11f1-b5fb-2c299f01000f,90,45,black,middlegame,Kg6,-626,-727,101,mistake
5a23942b-2a99-11f1-b5fb-2c299f01000f,92,46,black,middlegame,f6,-734,-787,53,inaccuracy
5a23942b-2a99-11f1-b5fb-2c299f01000f,94,47,black,middlegame,Kf5,-645,-788,143,mistake
5a23942b-2a99-11f1-b5fb-2c299f01000f,96,48,black,middlegame,Ke4,-717,-895,178,mistake
5a23942b-2a99-11f1-b5fb-2c299f01000f,98,49,black,middlegame,Rxd5,-774,-796,22,ok
5a23942b-2a99-11f1-b5fb-2c299f01000f,100,50,black,middlegame,f5,-850,-1030,180,mistake
5a23942b-2a99-11f1-b5fb-2c299f01000f,102,51,black,middlegame,f4,-1040,-99990,98950,blunder
5a23942b-2a99-11f1-b5fb-2c299f01000f,104,52,black,middlegame,f3,-99991,-99995,4,ok
5a23942b-2a99-11f1-b5fb-2c299f01000f,106,53,black,middlegame,f2,-99996,-99997,1,ok
5a23942b-2a99-11f1-b5fb-2c299f01000f,108,54,black,middlegame,Kd3,-99996,-99999,3,ok
57cbc9a5-2a96-11f1-9cba-64284d01000f,1,1,white,opening,e4,42,44,0,ok
57cbc9a5-2a96-11f1-9cba-64284d01000f,3,2,white,opening,d4,54,52,2,ok
57cbc9a5-2a96-11f1-9cba-64284d01000f,5,3,white,opening,Nf3,83,83,0,ok
57cbc9a5-2a96-11f1-9cba-64284d01000f,7,4,white,opening,Nc3,113,113,0,ok
57cbc9a5-2a96-11f1-9cba-64284d01000f,9,5,white,opening,e5,123,112,11,ok
57cbc9a5-2a96-11f1-9cba-64284d01000f,11,6,white,opening,exd6,143,45,98,inaccuracy
57cbc9a5-2a96-11f1-9cba-64284d01000f,13,7,white,opening,d5,64,-38,102,mistake
57cbc9a5-2a96-11f1-9cba-64284d01000f,15,8,white,opening,Nxe5,38,12,26,ok
57cbc9a5-2a96-11f1-9cba-64284d01000f,17,9,white,opening,Bd2,9,4,5,ok
57cbc9a5-2a96-11f1-9cba-64284d01000f,19,10,white,opening,Bc4,2,-103,105,mistake
57cbc9a5-2a96-11f1-9cba-64284d01000f,21,11,white,opening,Qf3,-33,-212,179,mistake
57cbc9a5-2a96-11f1-9cba-64284d01000f,23,12,white,middlegame,Bxc3,-40,-54,14,ok
57cbc9a5-2a96-11f1-9cba-64284d01000f,25,13,white,middlegame,Bxf6,-59,-42,0,ok
57cbc9a5-2a96-11f1-9cba-64284d01000f,27,14,white,middlegame,Qxf6,36,53,0,ok
57cbc9a5-2a96-11f1-9cba-64284d01000f,29,15,white,endgame,Bxd5,41,38,3,ok
57cbc9a5-2a96-11f1-9cba-64284d01000f,31,16,white,endgame,Bf3,50,35,15,ok
57cbc9a5-2a96-11f1-9cba-64284d01000f,33,17,white,endgame,Be2,37,-97,134,mistake
57cbc9a5-2a96-11f1-9cba-64284d01000f,35,18,white,endgame,f3,-21,-23,2,ok
57cbc9a5-2a96-11f1-9cba-64284d01000f,37,19,white,endgame,O-O-O,-18,-445,427,blunder
57cbc9a5-2a96-11f1-9cba-64284d01000f,39,20,white,endgame,Rhe1,-447,-593,146,mistake
57cbc9a5-2a96-11f1-9cba-64284d01000f,41,21,white,endgame,Re7,-499,-727,228,mistake
57cbc9a5-2a96-11f1-9cba-64284d01000f,43,22,white,endgame,Kb1,-745,-749,4,ok
57cbc9a5-2a96-11f1-9cba-64284d01000f,45,23,white,endgame,Re4,-746,-745,0,ok
57cbc9a5-2a96-11f1-9cba-64284d01000f,47,24,white,endgame,fxe4,-744,-731,0,ok
57cbc9a5-2a96-11f1-9cba-64284d01000f,49,25,white,endgame,Rd7,-717,-747,30,ok
57cbc9a5-2a96-11f1-9cba-64284d01000f,51,26,white,endgame,b4,-722,-749,27,ok
57cbc9a5-2a96-11f1-9cba-64284d01000f,53,27,white,endgame,Kc2,-748,-748,0,ok
57cbc9a5-2a96-11f1-9cba-64284d01000f,55,28,white,endgame,Rd6,-740,-750,10,ok
57cbc9a5-2a96-11f1-9cba-64284d01000f,57,29,white,endgame,Kb3,-712,-722,10,ok
57cbc9a5-2a96-11f1-9cba-64284d01000f,59,30,white,endgame,Rxf6,-742,-866,124,mistake
57cbc9a5-2a96-11f1-9cba-64284d01000f,61,31,white,endgame,Kb4,-694,-746,52,inaccuracy
57cbc9a5-2a96-11f1-9cba-64284d01000f,63,32,white,endgame,Kxb5,-680,-771,91,inaccuracy
57cbc9a5-2a96-11f1-9cba-64284d01000f,65,33,white,endgame,Kb4,-801,-909,108,mistake
57cbc9a5-2a96-11f1-9cba-64284d01000f,67,34,white,endgame,Rf1,-973,-1254,281,mistake
57cbc9a5-2a96-11f1-9cba-64284d01000f,69,35,white,endgame,Kc3,-1348,-1261,0,ok
57cbc9a5-2a96-11f1-9cba-64284d01000f,71,36,white,endgame,Rxb1,-99988,-99994,6,ok
57cbc9a5-2a96-11f1-9cba-64284d01000f,73,37,white,middlegame,Kd4,-99995,-99995,0,ok
57cbc9a5-2a96-11f1-9cba-64284d01000f,75,38,white,middlegame,Kc3,-99993,-99995,2,ok
57cbc9a5-2a96-11f1-9cba-64284d01000f,77,39,white,middlegame,Kb3,-99992,-99993,1,ok
57cbc9a5-2a96-11f1-9cba-64284d01000f,79,40,white,middlegame,Kc3,-99997,-99997,0,ok
57cbc9a5-2a96-11f1-9cba-64284d01000f,81,41,white,middlegame,Kd2,-99998,-99998,0,ok
57cbc9a5-2a96-11f1-9cba-64284d01000f,83,42,white,middlegame,Ke1,-99999,-99999,0,ok
09d37942-29fb-11f1-b1b4-1970cc01000f,2,1,black,opening,e5,-46,-45,0,ok
09d37942-29fb-11f1-b1b4-1970cc01000f,4,2,black,opening,exd4,-1,0,0,ok
09d37942-29fb-11f1-b1b4-1970cc01000f,6,3,black,opening,Nc6,114,113,1,ok
09d37942-29fb-11f1-b1b4-1970cc01000f,8,4,black,opening,Nf6,118,53,65,inaccuracy
09d37942-29fb-11f1-b1b4-1970cc01000f,10,5,black,opening,Bb4+,62,23,39,ok
09d37942-29fb-11f1-b1b4-1970cc01000f,12,6,black,opening,d5,62,50,12,ok
09d37942-29fb-11f1-b1b4-1970cc01000f,14,7,black,opening,Qe7,50,11,39,ok
09d37942-29fb-11f1-b1b4-1970cc01000f,16,8,black,opening,Ne4,-10,-20,10,ok
09d37942-29fb-11f1-b1b4-1970cc01000f,18,9,black,opening,Qxb4,29,24,5,ok
09d37942-29fb-11f1-b1b4-1970cc01000f,20,10,black,opening,Bg4,97,35,62,inaccuracy
09d37942-29fb-11f1-b1b4-1970cc01000f,22,11,black,middlegame,Bxf3,87,94,0,ok
09d37942-29fb-11f1-b1b4-1970cc01000f,24,12,black,middlegame,Nd2,96,-185,281,mistake
09d37942-29fb-11f1-b1b4-1970cc01000f,26,13,black,middlegame,Qxd2,-180,-185,5,ok
09d37942-29fb-11f1-b1b4-1970cc01000f,28,14,black,middlegame,Qe3+,-175,-305,130,mistake
09d37942-29fb-11f1-b1b4-1970cc01000f,30,15,black,middlegame,O-O,-271,-287,16,ok
09d37942-29fb-11f1-b1b4-1970cc01000f,32,16,black,middlegame,Nxe5,77,-415,492,blunder
09d37942-29fb-11f1-b1b4-1970cc01000f,34,17,black,middlegame,Qg3,-430,-527,97,inaccuracy
09d37942-29fb-11f1-b1b4-1970cc01000f,36,18,black,middlegame,Rae8,-504,-831,327,blunder
3b636bff-29ef-11f1-9341-525d3d01000f,2,1,black,opening,e5,-46,-41,0,ok
3b636bff-29ef-11f1-9341-525d3d01000f,4,2,black,opening,Nc6,-7,-24,17,ok
3b636bff-29ef-11f1-9341-525d3d01000f,6,3,black,opening,exf4,74,39,35,ok
3b636bff-29ef-11f1-9341-525d3d01000f,8,4,black,opening,Nf6,20,16,4,ok
3b636bff-29ef-11f1-9341-525d3d01000f,10,5,black,opening,d5,59,64,0,ok
3b636bff-29ef-11f1-9341-525d3d01000f,12,6,black,opening,Nxd5,68,65,3,ok
3b636bff-29ef-11f1-9341-525d3d01000f,14,7,black,opening,Be7,130,136,0,ok
3b636bff-29ef-11f1-9341-525d3d01000f,16,8,black,opening,Qxd5,144,140,4,ok
3b636bff-29ef-11f1-9341-525d3d01000f,18,9,black,opening,Qd4,126,72,54,inaccuracy
3b636bff-29ef-11f1-9341-525d3d01000f,20,10,black,opening,Bg4,109,67,42,ok
3b636bff-29ef-11f1-9341-525d3d01000f,22,11,black,middlegame,Qxe4+,54,42,12,ok
3b636bff-29ef-11f1-9341-525d3d01000f,24,12,black,endgame,O-O-O,39,-24,63,inaccuracy
3b636bff-29ef-11f1-9341-525d3d01000f,26,13,black,endgame,Nxe7,-20,-23,3,ok
3b636bff-29ef-11f1-9341-525d3d01000f,28,14,black,endgame,Bf5,-7,-1,0,ok
3b636bff-29ef-11f1-9341-525d3d01000f,30,15,black,endgame,Bg6,11,-15,26,ok
3b636bff-29ef-11f1-9341-525d3d01000f,32,16,black,endgame,Nd5,11,-10,21,ok
3b636bff-29ef-11f1-9341-525d3d01000f,34,17,black,endgame,Rhe8,-8,-18,10,ok
3b636bff-29ef-11f1-9341-525d3d01000f,36,18,black,endgame,f5,424,424,0,ok
3b636bff-29ef-11f1-9341-525d3d01000f,38,19,black,endgame,fxe4,431,454,0,ok
3b636bff-29ef-11f1-9341-525d3d01000f,40,20,black,endgame,Rxe4,447,446,1,ok
3b636bff-29ef-11f1-9341-525d3d01000f,42,21,black,endgame,Kb8,453,446,7,ok
3b636bff-29ef-11f1-9341-525d3d01000f,44,22,black,endgame,Ne3,491,501,0,ok
3b636bff-29ef-11f1-9341-525d3d01000f,46,23,black,endgame,Nxg2,499,498,1,ok
3b636bff-29ef-11f1-9341-525d3d01000f,48,24,black,endgame,Bxe4,515,506,9,ok
3b636bff-29ef-11f1-9341-525d3d01000f,50,25,black,endgame,Nxe1,805,807,0,ok
76aa9e6e-2933-11f1-9341-525d3d01000f,1,1,white,opening,e4,38,35,3,ok
76aa9e6e-2933-11f1-9341-525d3d01000f,3,2,white,opening,Nf3,35,42,0,ok
76aa9e6e-2933-11f1-9341-525d3d01000f,5,3,white,opening,Nc3,142,129,13,ok
76aa9e6e-2933-11f1-9341-525d3d01000f,7,4,white,opening,d4,212,214,0,ok
76aa9e6e-2933-11f1-9341-525d3d01000f,9,5,white,opening,Bd2,288,139,149,mistake
76aa9e6e-2933-11f1-9341-525d3d01000f,11,6,white,opening,e5,137,53,84,inaccuracy
76aa9e6e-2933-11f1-9341-525d3d01000f,13,7,white,opening,Nxd4,240,106,134,mistake
76aa9e6e-2933-11f1-9341-525d3d01000f,15,8,white,opening,Bxc3,224,238,0,ok
76aa9e6e-2933-11f1-9341-525d3d01000f,17,9,white,opening,Bd3,234,174,60,inaccuracy
76aa9e6e-2933-11f1-9341-525d3d01000f,19,10,white,opening,exf6,435,505,0,ok
76aa9e6e-2933-11f1-9341-525d3d01000f,21,11,white,opening,Qh5+,492,348,144,mistake
76aa9e6e-2933-11f1-9341-525d3d01000f,23,12,white,middlegame,Qg4,473,271,202,mistake
76aa9e6e-2933-11f1-9341-525d3d01000f,25,13,white,middlegame,Nxc6,510,425,85,inaccuracy
76aa9e6e-2933-11f1-9341-525d3d01000f,27,14,white,middlegame,O-O-O,492,199,293,mistake
76aa9e6e-2933-11f1-9341-525d3d01000f,29,15,white,middlegame,Rhe1,460,-479,939,blunder
76aa9e6e-2933-11f1-9341-525d3d01000f,31,16,white,middlegame,Bxh8,-525,-591,66,inaccuracy
76aa9e6e-2933-11f1-9341-525d3d01000f,33,17,white,middlegame,Kxd1,-579,-629,50,inaccuracy
76aa9e6e-2933-11f1-9341-525d3d01000f,35,18,white,middlegame,Be5,-554,-606,52,inaccuracy
76aa9e6e-2933-11f1-9341-525d3d01000f,37,19,white,middlegame,h4,-564,-589,25,ok
76aa9e6e-2933-11f1-9341-525d3d01000f,39,20,white,middlegame,h5,-613,-668,55,inaccuracy
76aa9e6e-2933-11f1-9341-525d3d01000f,41,21,white,middlegame,cxd3,-687,-694,7,ok
76aa9e6e-2933-11f1-9341-525d3d01000f,43,22,white,middlegame,Bh2,-697,-709,12,ok
76aa9e6e-2933-11f1-9341-525d3d01000f,45,23,white,middlegame,f3,-725,-782,57,inaccuracy
76aa9e6e-2933-11f1-9341-525d3d01000f,47,24,white,middlegame,f4,-824,-99999,99175,blunder
50f7a3e6-2913-11f1-9050-52d7e501000f,1,1,white,opening,e4,42,38,4,ok
50f7a3e6-2913-11f1-9050-52d7e501000f,3,2,white,opening,Nf3,71,40,31,ok
50f7a3e6-2913-11f1-9050-52d7e501000f,5,3,white,opening,e5,107,113,0,ok
50f7a3e6-2913-11f1-9050-52d7e501000f,7,4,white,opening,Bc4,112,43,69,inaccuracy
50f7a3e6-2913-11f1-9050-52d7e501000f,9,5,white,opening,Bxd5,84,-24,108,mistake
50f7a3e6-2913-11f1-9050-52d7e501000f,11,6,white,opening,d4,-20,-17,0,ok
50f7a3e6-2913-11f1-9050-52d7e501000f,13,7,white,opening,Nc3,21,24,0,ok
50f7a3e6-2913-11f1-9050-52d7e501000f,15,8,white,opening,Bd2,79,15,64,inaccuracy
50f7a3e6-2913-11f1-9050-52d7e501000f,17,9,white,opening,Bxc3,11,8,3,ok
50f7a3e6-2913-11f1-9050-52d7e501000f,19,10,white,opening,Qd3,3,1,2,ok
50f7a3e6-2913-11f1-9050-52d7e501000f,21,11,white,opening,exd6,-1,-89,88,inaccuracy
50f7a3e6-2913-11f1-9050-52d7e501000f,23,12,white,middlegame,Ne5,-95,-408,313,blunder
50f7a3e6-2913-11f1-9050-52d7e501000f,25,13,white,middlegame,dxe5,2,-4,6,ok
50f7a3e6-2913-11f1-9050-52d7e501000f,27,14,white,middlegame,O-O-O,7,-15,22,ok
50f7a3e6-2913-11f1-9050-52d7e501000f,29,15,white,middlegame,Rhe1,-19,-236,217,mistake
50f7a3e6-2913-11f1-9050-52d7e501000f,31,16,white,middlegame,Qxd5,50,52,0,ok
50f7a3e6-2913-11f1-9050-52d7e501000f,33,17,white,middlegame,Rxd5,45,43,2,ok
50f7a3e6-2913-11f1-9050-52d7e501000f,35,18,white,endgame,f3,136,25,111,mistake
50f7a3e6-2913-11f1-9050-52d7e501000f,37,19,white,endgame,Re5,28,-80,108,mistake
50f7a3e6-2913-11f1-9050-52d7e501000f,39,20,white,endgame,Rxe8+,-5,-9,4,ok
50f7a3e6-2913-11f1-9050-52d7e501000f,41,21,white,endgame,fxe4,-8,-10,2,ok
50f7a3e6-2913-11f1-9050-52d7e501000f,43,22,white,endgame,g4,0,-22,22,ok
50f7a3e6-2913-11f1-9050-52d7e501000f,45,23,white,endgame,h4,-12,-23,11,ok
50f7a3e6-2913-11f1-9050-52d7e501000f,47,24,white,endgame,g5,-11,-37,26,ok
50f7a3e6-2913-11f1-9050-52d7e501000f,49,25,white,endgame,hxg5,-33,-33,0,ok
50f7a3e6-2913-11f1-9050-52d7e501000f,51,26,white,endgame,a4,-9,-83,74,inaccuracy
50f7a3e6-2913-11f1-9050-52d7e501000f,53,27,white,endgame,b4,0,-96,96,inaccuracy
50f7a3e6-2913-11f1-9050-52d7e501000f,55,28,white,endgame,Re3,-94,-190,96,inaccuracy
50f7a3e6-2913-11f1-9050-52d7e501000f,57,29,white,endgame,Bxb4,-222,-220,0,ok
50f7a3e6-2913-11f1-9050-52d7e501000f,59,30,white,endgame,Kd1,-239,-237,0,ok
50f7a3e6-2913-11f1-9050-52d7e501000f,61,31,white,endgame,Bd6,-153,-160,7,ok
50f7a3e6-2913-11f1-9050-52d7e501000f,63,32,white,endgame,Bc7,-171,-160,0,ok
50f7a3e6-2913-11f1-9050-52d7e501000f,65,33,white,endgame,Bxb6,-153,-151,0,ok
50f7a3e6-2913-11f1-9050-52d7e501000f,67,34,white,endgame,Bc5,-97,-232,135,mistake
50f7a3e6-2913-11f1-9050-52d7e501000f,69,35,white,endgame,Rc3,-115,-169,54,inaccuracy
50f7a3e6-2913-11f1-9050-52d7e501000f,71,36,white,endgame,Ke2,-73,-86,13,ok
50f7a3e6-2913-11f1-9050-52d7e501000f,73,37,white,endgame,Ke3,-80,-85,5,ok
50f7a3e6-2913-11f1-9050-52d7e501000f,75,38,white,endgame,Kf4,-93,-98,5,ok
50f7a3e6-2913-11f1-9050-52d7e501000f,77,39,white,endgame,Ke5,-103,-104,1,ok
50f7a3e6-2913-11f1-9050-52d7e501000f,79,40,white,endgame,Be3,-114,-142,28,ok
50f7a3e6-2913-11f1-9050-52d7e501000f,81,41,white,endgame,Rc7+,-81,-65,0,ok
50f7a3e6-2913-11f1-9050-52d7e501000f,83,42,white,endgame,Bd4,-71,-76,5,ok
50f7a3e6-2913-11f1-9050-52d7e501000f,85,43,white,endgame,Kf4,-63,-121,58,inaccuracy
50f7a3e6-2913-11f1-9050-52d7e501000f,87,44,white,endgame,Kg5,-1,0,0,ok
50f7a3e6-2913-11f1-9050-52d7e501000f,89,45,white,endgame,Rc8+,6,3,3,ok
50f7a3e6-2913-11f1-9050-52d7e501000f,91,46,white,endgame,Rc7+,1,1,0,ok
50f7a3e6-2913-11f1-9050-52d7e501000f,93,47,white,endgame,Rc8+,0,0,0,ok
50f7a3e6-2913-11f1-9050-52d7e501000f,95,48,white,endgame,Rb8,0,-377,377,blunder
50f7a3e6-2913-11f1-9050-52d7e501000f,97,49,white,endgame,Kf4,-465,-474,9,ok
50f7a3e6-2913-11f1-9050-52d7e501000f,99,50,white,endgame,Ke5,-245,-251,6,ok
50f7a3e6-2913-11f1-9050-52d7e501000f,101,51,white,endgame,Rxb1,-5,0,0,ok
50f7a3e6-2913-11f1-9050-52d7e501000f,103,52,white,endgame,Rg1,0,0,0,ok
50f7a3e6-2913-11f1-9050-52d7e501000f,105,53,white,endgame,Kf4,0,-3,3,ok
50f7a3e6-2913-11f1-9050-52d7e501000f,107,54,white,endgame,Rxg3,0,-1,1,ok
50f7a3e6-2913-11f1-9050-52d7e501000f,109,55,white,endgame,Kxg3,-3,-1,0,ok
50f7a3e6-2913-11f1-9050-52d7e501000f,111,56,white,endgame,Be3+,-1,0,0,ok
50f7a3e6-2913-11f1-9050-52d7e501000f,113,57,white,endgame,Kf4,0,0,0,ok
50f7a3e6-2913-11f1-9050-52d7e501000f,115,58,white,endgame,Bd4+,0,0,0,ok
50f7a3e6-2913-11f1-9050-52d7e501000f,117,59,white,endgame,Bc3,0,0,0,ok
8ad5e6c7-2912-11f1-90d9-5b88c201000f,1,1,white,opening,e4,38,37,1,ok
8ad5e6c7-2912-11f1-90d9-5b88c201000f,3,2,white,opening,Nf3,43,37,6,ok
8ad5e6c7-2912-11f1-90d9-5b88c201000f,5,3,white,opening,exd5,31,27,4,ok
8ad5e6c7-2912-11f1-90d9-5b88c201000f,7,4,white,opening,Nc3,31,-2,33,ok
8ad5e6c7-2912-11f1-90d9-5b88c201000f,9,5,white,opening,d4,6,0,6,ok
8ad5e6c7-2912-11f1-90d9-5b88c201000f,11,6,white,opening,Bf4,0,-30,30,ok
8ad5e6c7-2912-11f1-90d9-5b88c201000f,13,7,white,opening,Qd3,-7,-64,57,inaccuracy
8ad5e6c7-2912-11f1-90d9-5b88c201000f,15,8,white,opening,Qxf3,-6,-3,0,ok
8ad5e6c7-2912-11f1-90d9-5b88c201000f,17,9,white,opening,Qd3,39,39,0,ok
8ad5e6c7-2912-11f1-90d9-5b88c201000f,19,10,white,opening,Nxd5,132,117,15,ok
8ad5e6c7-2912-11f1-90d9-5b88c201000f,21,11,white,opening,Nxf6+,476,113,363,blunder
8ad5e6c7-2912-11f1-90d9-5b88c201000f,23,12,white,middlegame,Qxd8+,210,55,155,mistake
8ad5e6c7-2912-11f1-90d9-5b88c201000f,25,13,white,endgame,Bc7,58,45,13,ok
8ad5e6c7-2912-11f1-90d9-5b88c201000f,27,14,white,endgame,Bb6,44,27,17,ok
8ad5e6c7-2912-11f1-90d9-5b88c201000f,29,15,white,endgame,Rd1,15,19,0,ok
8ad5e6c7-2912-11f1-90d9-5b88c201000f,31,16,white,endgame,Ke2,13,20,0,ok
8ad5e6c7-2912-11f1-90d9-5b88c201000f,33,17,white,endgame,Kxd1,28,30,0,ok
8ad5e6c7-2912-11f1-90d9-5b88c201000f,35,18,white,endgame,a3,36,11,25,ok
8ad5e6c7-2912-11f1-90d9-5b88c201000f,37,19,white,endgame,g4,35,-43,78,inaccuracy
8ad5e6c7-2912-11f1-90d9-5b88c201000f,39,20,white,endgame,h3,0,-17,17,ok
8ad5e6c7-2912-11f1-90d9-5b88c201000f,41,21,white,endgame,Bg2,-4,-3,0,ok
8ad5e6c7-2912-11f1-90d9-5b88c201000f,43,22,white,endgame,hxg4,10,5,5,ok
8ad5e6c7-2912-11f1-90d9-5b88c201000f,45,23,white,endgame,Bxh1,5,4,1,ok
8ad5e6c7-2912-11f1-90d9-5b88c201000f,47,24,white,endgame,Bxb7,150,136,14,ok
8ad5e6c7-2912-11f1-90d9-5b88c201000f,49,25,white,endgame,Ke2,400,347,53,inaccuracy
8ad5e6c7-2912-11f1-90d9-5b88c201000f,51,26,white,endgame,Bxa6,380,29,351,blunder
8ad5e6c7-2912-11f1-90d9-5b88c201000f,53,27,white,endgame,Bb5+,115,139,0,ok
8ad5e6c7-2912-11f1-90d9-5b88c201000f,55,28,white,endgame,a4,143,160,0,ok
8ad5e6c7-2912-11f1-90d9-5b88c201000f,57,29,white,endgame,a5,209,231,0,ok
8ad5e6c7-2912-11f1-90d9-5b88c201000f,59,30,white,endgame,a6,251,474,0,ok
8ad5e6c7-2912-11f1-90d9-5b88c201000f,61,31,white,endgame,Bxd7,543,553,0,ok
8ad5e6c7-2912-11f1-90d9-5b88c201000f,63,32,white,endgame,a7,617,636,0,ok
f8730964-2910-11f1-90d9-5b88c201000f,2,1,black,opening,d5,-38,-33,0,ok
f8730964-2910-11f1-90d9-5b88c201000f,4,2,black,opening,Nf6,55,61,0,ok
f8730964-2910-11f1-90d9-5b88c201000f,6,3,black,opening,Nc6,140,66,74,inaccuracy
f8730964-2910-11f1-90d9-5b88c201000f,8,4,black,opening,e5,186,186,0,ok
f8730964-2910-11f1-90d9-5b88c201000f,10,5,black,opening,e4,197,139,58,inaccuracy
f8730964-2910-11f1-90d9-5b88c201000f,12,6,black,opening,dxe4,132,100,32,ok
f8730964-2910-11f1-90d9-5b88c201000f,14,7,black,opening,Bf5,108,106,2,ok
f8730964-2910-11f1-90d9-5b88c201000f,16,8,black,opening,Bd6,186,190,0,ok
f8730964-2910-11f1-90d9-5b88c201000f,18,9,black,opening,Bd7,260,179,81,inaccuracy
f8730964-2910-11f1-90d9-5b88c201000f,20,10,black,opening,O-O,325,273,52,inaccuracy
f8730964-2910-11f1-90d9-5b88c201000f,22,11,black,middlegame,Na5,278,249,29,ok
f8730964-2910-11f1-90d9-5b88c201000f,24,12,black,middlegame,a6,242,181,61,inaccuracy
f8730964-2910-11f1-90d9-5b88c201000f,26,13,black,middlegame,Bb5,202,81,121,mistake
f8730964-2910-11f1-90d9-5b88c201000f,28,14,black,middlegame,Nxe4,109,128,0,ok
f8730964-2910-11f1-90d9-5b88c201000f,30,15,black,middlegame,Bxe2,137,-88,225,mistake
f8730964-2910-11f1-90d9-5b88c201000f,32,16,black,middlegame,Re8,-85,-77,0,ok
f8730964-2910-11f1-90d9-5b88c201000f,34,17,black,middlegame,Nc4,22,16,6,ok
f8730964-2910-11f1-90d9-5b88c201000f,36,18,black,middlegame,Qe7,118,19,99,inaccuracy
f8730964-2910-11f1-90d9-5b88c201000f,38,19,black,middlegame,Ne3,69,-406,475,blunder
f8730964-2910-11f1-90d9-5b88c201000f,40,20,black,middlegame,Bxe5,-390,-441,51,inaccuracy
f8730964-2910-11f1-90d9-5b88c201000f,42,21,black,middlegame,Qxe5,-468,-465,0,ok
f8730964-2910-11f1-90d9-5b88c201000f,44,22,black,middlegame,Qe6,-456,-479,23,ok
f8730964-2910-11f1-90d9-5b88c201000f,46,23,black,middlegame,Re7,-503,-580,77,inaccuracy
f8730964-2910-11f1-90d9-5b88c201000f,48,24,black,middlegame,Rd7,-483,-490,7,ok
f8730964-2910-11f1-90d9-5b88c201000f,50,25,black,middlegame,Re8,-405,-420,15,ok
f8730964-2910-11f1-90d9-5b88c201000f,52,26,black,middlegame,Qe5,-374,-430,56,inaccuracy
f8730964-2910-11f1-90d9-5b88c201000f,54,27,black,middlegame,Qxh2,-430,-512,82,inaccuracy
f8730964-2910-11f1-90d9-5b88c201000f,56,28,black,middlegame,Qxg2,-492,-611,119,mistake
f8730964-2910-11f1-90d9-5b88c201000f,58,29,black,middlegame,Rxe2,-446,-596,150,mistake
f8730964-2910-11f1-90d9-5b88c201000f,60,30,black,middlegame,Qg5+,-641,-846,205,mistake
f8730964-2910-11f1-90d9-5b88c201000f,62,31,black,middlegame,Qg6+,-926,-951,25,ok
f8730964-2910-11f1-90d9-5b88c201000f,64,32,black,middlegame,Rd8,-994,-99998,99004,blunder
12d2c739-283f-11f1-879f-479f4801000f,2,1,black,opening,e5,-41,-44,3,ok
12d2c739-283f-11f1-879f-479f4801000f,4,2,black,opening,Nf6,-8,-18,10,ok
12d2c739-283f-11f1-879f-479f4801000f,6,3,black,opening,Nc6,-13,-30,17,ok
12d2c739-283f-11f1-879f-479f4801000f,8,4,black,opening,d5,15,15,0,ok
12d2c739-283f-11f1-879f-479f4801000f,10,5,black,opening,dxe4,197,189,8,ok
12d2c739-283f-11f1-879f-479f4801000f,12,6,black,opening,Qxd1+,193,188,5,ok
12d2c739-283f-11f1-879f-479f4801000f,14,7,black,opening,Nxe4,194,192,2,ok
12d2c739-283f-11f1-879f-479f4801000f,16,8,black,opening,Bc5,190,182,8,ok
12d2c739-283f-11f1-879f-479f4801000f,18,9,black,opening,Bxe3,220,220,0,ok
12d2c739-283f-11f1-879f-479f4801000f,20,10,black,opening,Bg4,217,169,48,ok
12d2c739-283f-11f1-879f-479f4801000f,22,11,black,endgame,O-O-O,208,175,33,ok
12d2c739-283f-11f1-879f-479f4801000f,24,12,black,endgame,Bxf3,242,135,107,mistake
12d2c739-283f-11f1-879f-479f4801000f,26,13,black,endgame,Nd2,144,-13,157,mistake
12d2c739-283f-11f1-879f-479f4801000f,28,14,black,endgame,Rxd2,-2,0,0,ok
12d2c739-283f-11f1-879f-479f4801000f,30,15,black,endgame,bxc6,0,0,0,ok
12d2c739-283f-11f1-879f-479f4801000f,32,16,black,endgame,Rxb2,4,0,4,ok
12d2c739-283f-11f1-879f-479f4801000f,34,17,black,endgame,Kb7,0,-7,7,ok
12d2c739-283f-11f1-879f-479f4801000f,36,18,black,endgame,Rg8,2,-3,5,ok
12d2c739-283f-11f1-879f-479f4801000f,38,19,black,endgame,Rc2,-8,-34,26,ok
12d2c739-283f-11f1-879f-479f4801000f,40,20,black,endgame,Kc8,-29,-33,4,ok
12d2c739-283f-11f1-879f-479f4801000f,42,21,black,endgame,Rxc3,0,-28,28,ok
12d2c739-283f-11f1-879f-479f4801000f,44,22,black,endgame,Rc2,-7,-1,0,ok
12d2c739-283f-11f1-879f-479f4801000f,46,23,black,endgame,Rxa2,2,-12,14,ok
12d2c739-283f-11f1-879f-479f4801000f,48,24,black,endgame,c5,-20,-14,0,ok
12d2c739-283f-11f1-879f-479f4801000f,50,25,black,endgame,Ra5,0,-74,74,inaccuracy
12d2c739-283f-11f1-879f-479f4801000f,52,26,black,endgame,Re8,-86,-125,39,ok
12d2c739-283f-11f1-879f-479f4801000f,54,27,black,endgame,Rxc5,-66,-52,0,ok
12d2c739-283f-11f1-879f-479f4801000f,56,28,black,endgame,Rxe4,-38,-41,3,ok
12d2c739-283f-11f1-879f-479f4801000f,58,29,black,endgame,Kb7,-38,-254,216,mistake
12d2c739-283f-11f1-879f-479f4801000f,60,30,black,endgame,Rb4,-260,-298,38,ok
12d2c739-283f-11f1-879f-479f4801000f,62,31,black,endgame,Kb6,-303,-358,55,inaccuracy
12d2c739-283f-11f1-879f-479f4801000f,64,32,black,endgame,a5,-50,-29,0,ok
12d2c739-283f-11f1-879f-479f4801000f,66,33,black,endgame,a4,-14,-10,0,ok
12d2c739-283f-11f1-879f-479f4801000f,68,34,black,endgame,Ka6,0,-590,590,blunder
12d2c739-283f-11f1-879f-479f4801000f,70,35,black,endgame,Rb8,-661,-733,72,inaccuracy
12d2c739-283f-11f1-879f-479f4801000f,72,36,black,endgame,Kb5,-668,-705,37,ok
12d2c739-283f-11f1-879f-479f4801000f,74,37,black,endgame,Rb6,-727,-735,8,ok
12d2c739-283f-11f1-879f-479f4801000f,76,38,black,middlegame,Rf6+,-785,-850,65,inaccuracy
12d2c739-283f-11f1-879f-479f4801000f,78,39,black,middlegame,a3,-868,-99992,99124,blunder
12d2c739-283f-11f1-879f-479f4801000f,80,40,black,middlegame,Ka6,-99993,-99999,6,ok
12d2c739-283f-11f1-879f-479f4801000f,82,41,black,middlegame,Kb6,-99994,-99994,0,ok
12d2c739-283f-11f1-879f-479f4801000f,84,42,black,middlegame,Kc6,-99994,-99994,0,ok
12d2c739-283f-11f1-879f-479f4801000f,86,43,black,middlegame,Kd7,-99996,-99996,0,ok
12d2c739-283f-11f1-879f-479f4801000f,88,44,black,middlegame,c5,-99997,-99998,1,ok
12d2c739-283f-11f1-879f-479f4801000f,90,45,black,middlegame,Kc7,-99997,-99997,0,ok
12d2c739-283f-11f1-879f-479f4801000f,92,46,black,middlegame,Kb7,-99998,-99998,0,ok
12d2c739-283f-11f1-879f-479f4801000f,94,47,black,middlegame,Ka8,-99999,-99999,0,ok
7a1ef188-2793-11f1-9cba-64284d01000f,1,1,white,opening,e4,44,39,5,ok
7a1ef188-2793-11f1-9cba-64284d01000f,3,2,white,opening,Nf3,37,45,0,ok
7a1ef188-2793-11f1-9cba-64284d01000f,5,3,white,opening,Nxe5,175,163,12,ok
7a1ef188-2793-11f1-9cba-64284d01000f,7,4,white,opening,Qf3,229,151,78,inaccuracy
7a1ef188-2793-11f1-9cba-64284d01000f,9,5,white,opening,g3,156,24,132,mistake
7a1ef188-2793-11f1-9cba-64284d01000f,11,6,white,opening,d4,135,-508,643,blunder
7a1ef188-2793-11f1-9cba-64284d01000f,13,7,white,opening,Ke2,-500,-542,42,ok
7a1ef188-2793-11f1-9cba-64284d01000f,15,8,white,opening,Nd2,-513,-509,0,ok
7a1ef188-2793-11f1-9cba-64284d01000f,17,9,white,opening,Nc4,-445,-591,146,mistake
7a1ef188-2793-11f1-9cba-64284d01000f,19,10,white,opening,Qxe4+,-446,-455,9,ok
7a1ef188-2793-11f1-9cba-64284d01000f,21,11,white,opening,Nxe4,-443,-457,14,ok
7a1ef188-2793-11f1-9cba-64284d01000f,23,12,white,endgame,Bh3,-119,-448,329,blunder
7a1ef188-2793-11f1-9cba-64284d01000f,25,13,white,endgame,f3,-289,-436,147,mistake
7a1ef188-2793-11f1-9cba-64284d01000f,27,14,white,endgame,Rhd1,-267,-474,207,mistake
7a1ef188-2793-11f1-9cba-64284d01000f,29,15,white,endgame,Bxc8,-62,-66,4,ok
7a1ef188-2793-11f1-9cba-64284d01000f,31,16,white,endgame,d5,-70,-162,92,inaccuracy
7a1ef188-2793-11f1-9cba-64284d01000f,33,17,white,endgame,a3,-50,-54,4,ok
7a1ef188-2793-11f1-9cba-64284d01000f,35,18,white,endgame,h4,306,-38,344,blunder
7a1ef188-2793-11f1-9cba-64284d01000f,37,19,white,endgame,Nxa5,95,101,0,ok
7a1ef188-2793-11f1-9cba-64284d01000f,39,20,white,endgame,h5,438,222,216,mistake
7a1ef188-2793-11f1-9cba-64284d01000f,41,21,white,endgame,Kf2,245,242,3,ok
7a1ef188-2793-11f1-9cba-64284d01000f,43,22,white,endgame,Rh1,251,231,20,ok
7a1ef188-2793-11f1-9cba-64284d01000f,45,23,white,endgame,Ke3,236,33,203,mistake
7a1ef188-2793-11f1-9cba-64284d01000f,47,24,white,endgame,Kd4,25,21,4,ok
7a1ef188-2793-11f1-9cba-64284d01000f,49,25,white,endgame,Ng5,29,-252,281,mistake
7a1ef188-2793-11f1-9cba-64284d01000f,51,26,white,endgame,Ne4,-157,-152,0,ok
7a1ef188-2793-11f1-9cba-64284d01000f,53,27,white,endgame,Kd3,-34,-31,0,ok
7a1ef188-2793-11f1-9cba-64284d01000f,55,28,white,endgame,Kc3,-25,-130,105,mistake
7a1ef188-2793-11f1-9cba-64284d01000f,57,29,white,endgame,Kd4,-4,-37,33,ok
7a1ef188-2793-11f1-9cba-64284d01000f,59,30,white,endgame,Rae1,-40,-68,28,ok
7a1ef188-2793-11f1-9cba-64284d01000f,61,31,white,endgame,Kd5,-74,-78,4,ok
7a1ef188-2793-11f1-9cba-64284d01000f,63,32,white,endgame,Kd4,-79,-75,0,ok
7a1ef188-2793-11f1-9cba-64284d01000f,65,33,white,endgame,Nc6,-1,0,0,ok
7a1ef188-2793-11f1-9cba-64284d01000f,67,34,white,endgame,f4,-8,-101,93,inaccuracy
7a1ef188-2793-11f1-9cba-64284d01000f,69,35,white,endgame,Rhf1,-111,-114,3,ok
7a1ef188-2793-11f1-9cba-64284d01000f,71,36,white,endgame,Kd5,-39,-31,0,ok
7a1ef188-2793-11f1-9cba-64284d01000f,73,37,white,endgame,Rg1,-40,-146,106,mistake
7a1ef188-2793-11f1-9cba-64284d01000f,75,38,white,endgame,Kd4,-144,-158,14,ok
7a1ef188-2793-11f1-9cba-64284d01000f,77,39,white,endgame,Nf6+,186,72,114,mistake
7a1ef188-2793-11f1-9cba-64284d01000f,79,40,white,endgame,Rxe8+,66,45,21,ok
7a1ef188-2793-11f1-9cba-64284d01000f,81,41,white,endgame,Rh1,44,0,44,ok
7a1ef188-2793-11f1-9cba-64284d01000f,83,42,white,endgame,Rxh3,0,0,0,ok
7a1ef188-2793-11f1-9cba-64284d01000f,85,43,white,endgame,Rxh5+,0,0,0,ok
7a1ef188-2793-11f1-9cba-64284d01000f,87,44,white,endgame,Rh3,0,-30,30,ok
7a1ef188-2793-11f1-9cba-64284d01000f,89,45,white,endgame,Rg3+,-39,-32,0,ok
7a1ef188-2793-11f1-9cba-64284d01000f,91,46,white,endgame,Rh3,-36,-118,82,inaccuracy
7a1ef188-2793-11f1-9cba-64284d01000f,93,47,white,endgame,Rg3+,-33,-28,0,ok
7a1ef188-2793-11f1-9cba-64284d01000f,95,48,white,endgame,Rh3+,-11,-60,49,ok
7a1ef188-2793-11f1-9cba-64284d01000f,97,49,white,endgame,Rg3+,-70,-79,9,ok
7a1ef188-2793-11f1-9cba-64284d01000f,99,50,white,endgame,Rg7,-77,-85,8,ok
7a1ef188-2793-11f1-9cba-64284d01000f,101,51,white,endgame,Kc3,-12,-8,0,ok
7a1ef188-2793-11f1-9cba-64284d01000f,103,52,white,endgame,Kb4,-2,-95,93,inaccuracy
7a1ef188-2793-11f1-9cba-64284d01000f,105,53,white,endgame,Rxf7,238,-7,245,mistake
7a1ef188-2793-11f1-9cba-64284d01000f,107,54,white,endgame,Rxc7,8,7,1,ok
7a1ef188-2793-11f1-9cba-64284d01000f,109,55,white,endgame,Ne7+,506,527,0,ok
7a1ef188-2793-11f1-9cba-64284d01000f,111,56,white,endgame,Nxd5,573,598,0,ok
7a1ef188-2793-11f1-9cba-64284d01000f,113,57,white,endgame,Rf7,623,776,0,ok
7a1ef188-2793-11f1-9cba-64284d01000f,115,58,white,endgame,Rxf5+,827,603,224,mistake
7a1ef188-2793-11f1-9cba-64284d01000f,117,59,white,endgame,Ne3+,645,11,634,blunder
7a1ef188-2793-11f1-9cba-64284d01000f,119,60,white,endgame,Nd1,0,0,0,ok
7a1ef188-2793-11f1-9cba-64284d01000f,121,61,white,endgame,Ka5,0,0,0,ok
7a1ef188-2793-11f1-9cba-64284d01000f,123,62,white,endgame,Kxa6,0,0,0,ok
7a1ef188-2793-11f1-9cba-64284d01000f,125,63,white,endgame,Ka5,0,0,0,ok
7a1ef188-2793-11f1-9cba-64284d01000f,127,64,white,endgame,Nb2+,0,0,0,ok
7a1ef188-2793-11f1-9cba-64284d01000f,129,65,white,endgame,Nd3+,551,0,551,blunder
7a1ef188-2793-11f1-9cba-64284d01000f,131,66,white,endgame,Ne5+,0,0,0,ok
7a1ef188-2793-11f1-9cba-64284d01000f,133,67,white,endgame,Nd3,540,0,540,blunder
7a1ef188-2793-11f1-9cba-64284d01000f,135,68,white,endgame,Ne5+,0,0,0,ok
7a1ef188-2793-11f1-9cba-64284d01000f,137,69,white,endgame,Kxb5,0,0,0,ok
7a1ef188-2793-11f1-9cba-64284d01000f,139,70,white,endgame,Kc4,0,0,0,ok
7a1ef188-2793-11f1-9cba-64284d01000f,141,71,white,endgame,Kxd4,0,0,0,ok
85ed4dac-277e-11f1-9cba-64284d01000f,2,1,black,opening,e5,-37,-38,1,ok
85ed4dac-277e-11f1-9cba-64284d01000f,4,2,black,opening,Nc6,-40,-37,0,ok
85ed4dac-277e-11f1-9cba-64284d01000f,6,3,black,opening,Nf6,-29,-32,3,ok
85ed4dac-277e-11f1-9cba-64284d01000f,8,4,black,opening,Nxe4,-33,-200,167,mistake
85ed4dac-277e-11f1-9cba-64284d01000f,10,5,black,opening,d5,124,118,6,ok
85ed4dac-277e-11f1-9cba-64284d01000f,12,6,black,opening,dxe4,138,131,7,ok
85ed4dac-277e-11f1-9cba-64284d01000f,14,7,black,opening,bxc6,132,124,8,ok
85ed4dac-277e-11f1-9cba-64284d01000f,16,8,black,opening,Bf5,156,75,81,inaccuracy
85ed4dac-277e-11f1-9cba-64284d01000f,18,9,black,opening,Qd5,165,193,0,ok
85ed4dac-277e-11f1-9cba-64284d01000f,20,10,black,opening,cxd5,274,283,0,ok
85ed4dac-277e-11f1-9cba-64284d01000f,22,11,black,endgame,exd3,445,424,21,ok
85ed4dac-277e-11f1-9cba-64284d01000f,24,12,black,endgame,e4,436,143,293,mistake
85ed4dac-277e-11f1-9cba-64284d01000f,26,13,black,endgame,dxe4,173,80,93,inaccuracy
85ed4dac-277e-11f1-9cba-64284d01000f,28,14,black,endgame,Bb4+,94,75,19,ok
85ed4dac-277e-11f1-9cba-64284d01000f,30,15,black,endgame,O-O,86,38,48,ok
85ed4dac-277e-11f1-9cba-64284d01000f,32,16,black,endgame,Rad8,88,28,60,inaccuracy
85ed4dac-277e-11f1-9cba-64284d01000f,34,17,black,endgame,Rxd8,20,19,1,ok
85ed4dac-277e-11f1-9cba-64284d01000f,36,18,black,endgame,Rxd1+,38,27,11,ok
85ed4dac-277e-11f1-9cba-64284d01000f,38,19,black,endgame,c5,88,7,81,inaccuracy
85ed4dac-277e-11f1-9cba-64284d01000f,40,20,black,endgame,Ba5,6,2,4,ok
85ed4dac-277e-11f1-9cba-64284d01000f,42,21,black,endgame,e3,-2,-218,216,mistake
85ed4dac-277e-11f1-9cba-64284d01000f,44,22,black,endgame,h5,-36,-263,227,mistake
85ed4dac-277e-11f1-9cba-64284d01000f,46,23,black,endgame,Bc7,-258,-259,1,ok
85ed4dac-277e-11f1-9cba-64284d01000f,48,24,black,endgame,h4,-274,-276,2,ok
85ed4dac-277e-11f1-9cba-64284d01000f,50,25,black,endgame,hxg3,-266,-279,13,ok
85ed4dac-277e-11f1-9cba-64284d01000f,52,26,black,endgame,Ba5,-288,-346,58,inaccuracy
85ed4dac-277e-11f1-9cba-64284d01000f,54,27,black,endgame,Bc7,-73,-345,272,mistake
85ed4dac-277e-11f1-9cba-64284d01000f,56,28,black,endgame,Be5,-309,-601,292,mistake
85ed4dac-277e-11f1-9cba-64284d01000f,58,29,black,endgame,Kh7,-660,-665,5,ok
85ed4dac-277e-11f1-9cba-64284d01000f,60,30,black,endgame,Kg6,-668,-674,6,ok
155e6998-277d-11f1-9341-525d3d01000f,1,1,white,opening,e4,35,39,0,ok
155e6998-277d-11f1-9341-525d3d01000f,3,2,white,opening,d4,39,50,0,ok
155e6998-277d-11f1-9341-525d3d01000f,5,3,white,opening,e5,53,37,16,ok
155e6998-277d-11f1-9341-525d3d01000f,7,4,white,opening,Nf3,46,-2,48,ok
155e6998-277d-11f1-9341-525d3d01000f,9,5,white,opening,Nxd4,-2,0,0,ok
155e6998-277d-11f1-9341-525d3d01000f,11,6,white,opening,Nc3,51,31,20,ok
155e6998-277d-11f1-9341-525d3d01000f,13,7,white,opening,Be3,136,53,83,inaccuracy
155e6998-277d-11f1-9341-525d3d01000f,15,8,white,opening,b3,111,-91,202,mistake
155e6998-277d-11f1-9341-525d3d01000f,17,9,white,opening,Ncb5,264,-252,516,blunder
155e6998-277d-11f1-9341-525d3d01000f,19,10,white,opening,Nd6+,177,-258,435,blunder
155e6998-277d-11f1-9341-525d3d01000f,21,11,white,opening,exd6,-268,-267,0,ok
155e6998-277d-11f1-9341-525d3d01000f,23,12,white,middlegame,c3,-201,-218,17,ok
155e6998-277d-11f1-9341-525d3d01000f,25,13,white,middlegame,Bd3,-185,-222,37,ok
155e6998-277d-11f1-9341-525d3d01000f,27,14,white,middlegame,Qh5,-210,-398,188,mistake
155e6998-277d-11f1-9341-525d3d01000f,29,15,white,middlegame,Qg5,-426,-448,22,ok
155e6998-277d-11f1-9341-525d3d01000f,31,16,white,middlegame,Bxd4,-447,-509,62,inaccuracy
155e6998-277d-11f1-9341-525d3d01000f,33,17,white,middlegame,cxd4,-528,-505,0,ok
155e6998-277d-11f1-9341-525d3d01000f,35,18,white,middlegame,Ke2,-493,-563,70,inaccuracy
155e6998-277d-11f1-9341-525d3d01000f,37,19,white,middlegame,h4,-471,-755,284,mistake
155e6998-277d-11f1-9341-525d3d01000f,39,20,white,middlegame,Kf3,-791,-859,68,inaccuracy
155e6998-277d-11f1-9341-525d3d01000f,41,21,white,middlegame,Kf4,-883,-99999,99116,blunder
155e6998-277d-11f1-9341-525d3d01000f,43,22,white,middlegame,Qxf5,-706,-715,9,ok
155e6998-277d-11f1-9341-525d3d01000f,45,23,white,endgame,Rhe1,-712,-731,19,ok
155e6998-277d-11f1-9341-525d3d01000f,47,24,white,endgame,Rxe1,-750,-744,0,ok
155e6998-277d-11f1-9341-525d3d01000f,49,25,white,endgame,g4,-751,-752,1,ok
155e6998-277d-11f1-9341-525d3d01000f,51,26,white,endgame,h5,-754,-760,6,ok
155e6998-277d-11f1-9341-525d3d01000f,53,27,white,endgame,gxh5,-763,-751,0,ok
155e6998-277d-11f1-9341-525d3d01000f,55,28,white,endgame,Ke5,-709,-825,116,mistake
1399b5e0-277a-11f1-b5fb-2c299f01000f,1,1,white,opening,e4,43,42,1,ok
1399b5e0-277a-11f1-b5fb-2c299f01000f,3,2,white,opening,d4,45,60,0,ok
1399b5e0-277a-11f1-b5fb-2c299f01000f,5,3,white,opening,Nc3,56,57,0,ok
1399b5e0-277a-11f1-b5fb-2c299f01000f,7,4,white,opening,e5,95,17,78,inaccuracy
1399b5e0-277a-11f1-b5fb-2c299f01000f,9,5,white,opening,dxe5,24,25,0,ok
1399b5e0-277a-11f1-b5fb-2c299f01000f,11,6,white,opening,Nxd1,26,13,13,ok
1399b5e0-277a-11f1-b5fb-2c299f01000f,13,7,white,opening,Nc3,63,-77,140,mistake
1399b5e0-277a-11f1-b5fb-2c299f01000f,15,8,white,opening,Bf4,-73,-81,8,ok
1399b5e0-277a-11f1-b5fb-2c299f01000f,17,9,white,opening,O-O-O,-85,-88,3,ok
1399b5e0-277a-11f1-b5fb-2c299f01000f,19,10,white,opening,Rxd7,-84,-343,259,mistake
1399b5e0-277a-11f1-b5fb-2c299f01000f,21,11,white,opening,Bxe5,203,195,8,ok
1399b5e0-277a-11f1-b5fb-2c299f01000f,23,12,white,endgame,Bc7,209,127,82,inaccuracy
1399b5e0-277a-11f1-b5fb-2c299f01000f,25,13,white,endgame,Bd3,182,123,59,inaccuracy
1399b5e0-277a-11f1-b5fb-2c299f01000f,27,14,white,endgame,Nf3,178,188,0,ok
1399b5e0-277a-11f1-b5fb-2c299f01000f,29,15,white,endgame,Bg3,215,187,28,ok
1399b5e0-277a-11f1-b5fb-2c299f01000f,31,16,white,endgame,Rd1,189,174,15,ok
1399b5e0-277a-11f1-b5fb-2c299f01000f,33,17,white,endgame,Ne4,174,129,45,ok
1399b5e0-277a-11f1-b5fb-2c299f01000f,35,18,white,endgame,Be2,136,-55,191,mistake
1399b5e0-277a-11f1-b5fb-2c299f01000f,37,19,white,endgame,Bxd1,-55,-91,36,ok
1399b5e0-277a-11f1-b5fb-2c299f01000f,39,20,white,endgame,Nfd2,87,-225,312,blunder
1399b5e0-277a-11f1-b5fb-2c299f01000f,41,21,white,endgame,f4,26,-21,47,ok
1399b5e0-277a-11f1-b5fb-2c299f01000f,43,22,white,endgame,Bxf4,0,3,0,ok
1399b5e0-277a-11f1-b5fb-2c299f01000f,45,23,white,endgame,Ng5,16,-118,134,mistake
1399b5e0-277a-11f1-b5fb-2c299f01000f,47,24,white,endgame,Bh5,-115,-182,67,inaccuracy
1399b5e0-277a-11f1-b5fb-2c299f01000f,49,25,white,endgame,Be2,-174,-191,17,ok
1399b5e0-277a-11f1-b5fb-2c299f01000f,51,26,white,endgame,Bxg5,-75,-46,0,ok
1399b5e0-277a-11f1-b5fb-2c299f01000f,53,27,white,endgame,Kd1,-43,-48,5,ok
1399b5e0-277a-11f1-b5fb-2c299f01000f,55,28,white,endgame,h4,-55,-47,0,ok
1399b5e0-277a-11f1-b5fb-2c299f01000f,57,29,white,endgame,Bf4,-44,-39,0,ok
1399b5e0-277a-11f1-b5fb-2c299f01000f,59,30,white,endgame,Bxh6,103,102,1,ok
1399b5e0-277a-11f1-b5fb-2c299f01000f,61,31,white,endgame,Bg5+,144,155,0,ok
1399b5e0-277a-11f1-b5fb-2c299f01000f,63,32,white,endgame,Bf3,154,29,125,mistake
1399b5e0-277a-11f1-b5fb-2c299f01000f,65,33,white,endgame,Nxf3,24,24,0,ok
1399b5e0-277a-11f1-b5fb-2c299f01000f,67,34,white,endgame,Bd2,20,-3,23,ok
1399b5e0-277a-11f1-b5fb-2c299f01000f,69,35,white,endgame,Ng5+,29,22,7,ok
1399b5e0-277a-11f1-b5fb-2c299f01000f,71,36,white,endgame,Nh7+,29,0,29,ok
1399b5e0-277a-11f1-b5fb-2c299f01000f,73,37,white,endgame,Ng5,23,28,0,ok
1399b5e0-277a-11f1-b5fb-2c299f01000f,75,38,white,endgame,b3,640,0,640,blunder
1399b5e0-277a-11f1-b5fb-2c299f01000f,77,39,white,endgame,Nh7+,0,0,0,ok
1399b5e0-277a-11f1-b5fb-2c299f01000f,79,40,white,endgame,Ke2,0,-42,42,ok
1399b5e0-277a-11f1-b5fb-2c299f01000f,81,41,white,endgame,Ng5,-20,-15,0,ok
1399b5e0-277a-11f1-b5fb-2c299f01000f,83,42,white,endgame,c3,48,-190,238,mistake
1399b5e0-277a-11f1-b5fb-2c299f01000f,85,43,white,endgame,Nf3,-186,-202,16,ok
1399b5e0-277a-11f1-b5fb-2c299f01000f,87,44,white,endgame,Kd3,-134,-157,23,ok
1399b5e0-277a-11f1-b5fb-2c299f01000f,89,45,white,endgame,Nxg5,47,0,47,ok
1399b5e0-277a-11f1-b5fb-2c299f01000f,91,46,white,endgame,cxb4,28,-5,33,ok
1399b5e0-277a-11f1-b5fb-2c299f01000f,93,47,white,endgame,Nh7+,0,-426,426,blunder
1399b5e0-277a-11f1-b5fb-2c299f01000f,95,48,white,endgame,Ng5,-468,-525,57,inaccuracy
1399b5e0-277a-11f1-b5fb-2c299f01000f,97,49,white,endgame,Ke2,-542,-540,0,ok
1399b5e0-277a-11f1-b5fb-2c299f01000f,99,50,white,endgame,Kxd2,-676,-886,210,mistake
1399b5e0-277a-11f1-b5fb-2c299f01000f,101,51,white,endgame,Ke3,-896,-1280,384,blunder
1399b5e0-277a-11f1-b5fb-2c299f01000f,103,52,white,endgame,Kf2,-902,-1085,183,mistake
1399b5e0-277a-11f1-b5fb-2c299f01000f,105,53,white,endgame,Kg2,-1309,-1302,0,ok
1399b5e0-277a-11f1-b5fb-2c299f01000f,107,54,white,endgame,Kf2,-1257,-99989,98732,blunder
1399b5e0-277a-11f1-b5fb-2c299f01000f,109,55,white,endgame,Kf1,-99990,-99990,0,ok
1399b5e0-277a-11f1-b5fb-2c299f01000f,111,56,white,endgame,Ke1,-99991,-99995,4,ok
1399b5e0-277a-11f1-b5fb-2c299f01000f,113,57,white,endgame,Kf1,-99996,-99996,0,ok
1399b5e0-277a-11f1-b5fb-2c299f01000f,115,58,white,endgame,Kxf2,-1141,-1338,197,mistake
1399b5e0-277a-11f1-b5fb-2c299f01000f,117,59,white,endgame,Ke3,-8115,-1275,0,ok
1399b5e0-277a-11f1-b5fb-2c299f01000f,119,60,white,endgame,Kd4,-8001,-1642,0,ok
1399b5e0-277a-11f1-b5fb-2c299f01000f,121,61,white,endgame,Kc4,-3468,-6718,3250,blunder
1399b5e0-277a-11f1-b5fb-2c299f01000f,123,62,white,endgame,Kb5,-4641,-7422,2781,blunder
1399b5e0-277a-11f1-b5fb-2c299f01000f,125,63,white,endgame,Kxa5,-672,-792,120,mistake
1399b5e0-277a-11f1-b5fb-2c299f01000f,127,64,white,endgame,Ka4,-648,-7860,7212,blunder
1399b5e0-277a-11f1-b5fb-2c299f01000f,129,65,white,endgame,Ka3,-1065,-99990,98925,blunder
1399b5e0-277a-11f1-b5fb-2c299f01000f,131,66,white,endgame,Ka4,-769,-5755,4986,blunder
1399b5e0-277a-11f1-b5fb-2c299f01000f,133,67,white,endgame,Ka3,-5357,-99997,94640,blunder
1399b5e0-277a-11f1-b5fb-2c299f01000f,135,68,white,endgame,Ka4,-99998,-99998,0,ok
1399b5e0-277a-11f1-b5fb-2c299f01000f,137,69,white,endgame,Ka5,-99996,-99998,2,ok
1399b5e0-277a-11f1-b5fb-2c299f01000f,139,70,white,endgame,Ka6,-99998,-99998,0,ok
1399b5e0-277a-11f1-b5fb-2c299f01000f,141,71,white,endgame,Ka7,-99998,-99998,0,ok
1399b5e0-277a-11f1-b5fb-2c299f01000f,143,72,white,endgame,Ka8,-99999,-99999,0,ok
7f6921ca-2702-11f1-9341-525d3d01000f,2,1,black,opening,e5,-41,-39,0,ok
7f6921ca-2702-11f1-9341-525d3d01000f,4,2,black,opening,Nc6,-38,-40,2,ok
7f6921ca-2702-11f1-9341-525d3d01000f,6,3,black,opening,d6,-22,-97,75,inaccuracy
7f6921ca-2702-11f1-9341-525d3d01000f,8,4,black,opening,dxe5,-54,-54,0,ok
7f6921ca-2702-11f1-9341-525d3d01000f,10,5,black,opening,Nxd8,-59,-187,128,mistake
7f6921ca-2702-11f1-9341-525d3d01000f,12,6,black,opening,Bd6,-175,-201,26,ok
7f6921ca-2702-11f1-9341-525d3d01000f,14,7,black,opening,f6,-45,-167,122,mistake
7f6921ca-2702-11f1-9341-525d3d01000f,16,8,black,opening,Bxf4,-171,-171,0,ok
7f6921ca-2702-11f1-9341-525d3d01000f,18,9,black,opening,Nc6,-171,-227,56,inaccuracy
7f6921ca-2702-11f1-9341-525d3d01000f,20,10,black,opening,Bd7,-210,-197,0,ok
7f6921ca-2702-11f1-9341-525d3d01000f,22,11,black,endgame,O-O-O,-202,-209,7,ok
7f6921ca-2702-11f1-9341-525d3d01000f,24,12,black,endgame,Bxc6,-173,-164,0,ok
7f6921ca-2702-11f1-9341-525d3d01000f,26,13,black,endgame,g6,-157,-194,37,ok
7f6921ca-2702-11f1-9341-525d3d01000f,28,14,black,endgame,Re8,-172,-173,1,ok
7f6921ca-2702-11f1-9341-525d3d01000f,30,15,black,endgame,Bxe4,-183,-260,77,inaccuracy
7f6921ca-2702-11f1-9341-525d3d01000f,32,16,black,endgame,Kb8,-19,-224,205,mistake
7f6921ca-2702-11f1-9341-525d3d01000f,34,17,black,endgame,f5,-237,-234,0,ok
7f6921ca-2702-11f1-9341-525d3d01000f,36,18,black,endgame,c6,-14,-49,35,ok
7f6921ca-2702-11f1-9341-525d3d01000f,38,19,black,endgame,Re7,327,339,0,ok
7f6921ca-2702-11f1-9341-525d3d01000f,40,20,black,endgame,cxb5,339,341,0,ok
7f6921ca-2702-11f1-9341-525d3d01000f,42,21,black,endgame,Kxc7,567,568,0,ok
7f6921ca-2702-11f1-9341-525d3d01000f,44,22,black,endgame,a6,570,414,156,mistake
7f6921ca-2702-11f1-9341-525d3d01000f,46,23,black,endgame,Bxc2,421,295,126,mistake
7f6921ca-2702-11f1-9341-525d3d01000f,48,24,black,endgame,Nxe7,297,283,14,ok
7f6921ca-2702-11f1-9341-525d3d01000f,50,25,black,endgame,h5,303,308,0,ok
7f6921ca-2702-11f1-9341-525d3d01000f,52,26,black,endgame,Kd6,311,313,0,ok
7f6921ca-2702-11f1-9341-525d3d01000f,54,27,black,endgame,b4,336,335,1,ok
7f6921ca-2702-11f1-9341-525d3d01000f,56,28,black,endgame,a5,464,386,78,inaccuracy
7f6921ca-2702-11f1-9341-525d3d01000f,58,29,black,endgame,Bb1,391,387,4,ok
7f6921ca-2702-11f1-9341-525d3d01000f,60,30,black,endgame,Bxa2,489,524,0,ok
7f6921ca-2702-11f1-9341-525d3d01000f,62,31,black,endgame,a4,525,514,11,ok
7f6921ca-2702-11f1-9341-525d3d01000f,64,32,black,endgame,axb3,536,398,138,mistake
7f6921ca-2702-11f1-9341-525d3d01000f,66,33,black,endgame,b2,865,991,0,ok
