uuid,url,datetime_utc,time_class,time_control,rated,my_color,opponent,my_rating,opponent_rating,rating_diff,outcome,termination_reason,eco_code,opening_name,opening_family,num_plies,num_full_moves,first_move_mine,castled,castle_side,castle_move_number,datetime_local,day_of_week,hour_of_day
fc24bc47-6bd7-11ed-a6e4-78ac4409ff3c,https://www.chess.com/game/live/63019821639,2022-11-24 09:12:13+00:00,rapid,600,True,white,heomal,294,369,-75,loss,Checkmate,C20,Kings Pawn Opening 1...e5,Kings Pawn Opening,122,61,e4,True,kingside,16.0,2022-11-24 12:12:13+00:00,Thursday,12
abb2b92a-6bdb-11ed-a6e4-78ac4409ff3c,https://www.chess.com/game/live/63021601043,2022-11-24 09:38:04+00:00,rapid,600,True,black,heomal,170,376,-206,loss,Abandoned,C40,Kings Pawn Opening Kings Knight Variation,Kings Pawn Opening Kings Knight Variation,15,8,e5,False,,,2022-11-24 12:38:04+00:00,Thursday,12
9857521c-6bdc-11ed-a6e4-78ac4409ff3c,https://www.chess.com/game/live/63022161203,2022-11-24 09:45:33+00:00,rapid,600,True,white,heomal,351,364,-13,win,Checkmate,A40,Queens Pawn Opening Mikenas Defense,Queens Pawn Opening Mikenas Defense,87,44,d4,True,kingside,33.0,2022-11-24 12:45:33+00:00,Thursday,12
39c91e8d-6c87-11ed-a6e4-78ac4409ff3c,https://www.chess.com/game/live/63095370247,2022-11-25 06:06:40+00:00,rapid,600,True,white,heomal,437,332,105,win,Checkmate,C41,Philidor Defense,Philidor Defense,77,39,e4,False,,,2022-11-25 09:06:40+00:00,Friday,9
d152d74f-8941-11ed-b5e4-78ac4409ff3c,https://www.chess.com/game/live/66253992729,2022-12-31 19:32:15+00:00,rapid,600,True,black,PeerNic,518,462,56,win,Resignation,A00,Unclassified,Unclassified,16,8,d5,True,kingside,6.0,2022-12-31 22:32:15+00:00,Saturday,22
df24c934-8942-11ed-b5e4-78ac4409ff3c,https://www.chess.com/game/live/66254538411,2022-12-31 19:39:48+00:00,rapid,600,True,black,AnthonyJW,534,611,-77,draw,Stalemate,C40,Kings Pawn Opening Kings Knight Gunderam Defense,Kings Pawn Opening Kings Knight Gunderam Defense,80,40,e5,False,,,2022-12-31 22:39:48+00:00,Saturday,22
ddaf071b-8944-11ed-b5e4-78ac4409ff3c,https://www.chess.com/game/live/66255611439,2022-12-31 19:54:16+00:00,rapid,600,True,white,thanh140842,582,491,91,win,Timeout,A00,Van Geet Opening Reversed Nimzowitsch Napoleon Attack,Van Geet Opening Reversed Nimzowitsch Napoleon Attack,61,31,d4,False,,,2022-12-31 22:54:16+00:00,Saturday,22
4f09e5c9-8949-11ed-b5e4-78ac4409ff3c,https://www.chess.com/game/live/66257449257,2022-12-31 20:26:00+00:00,rapid,600,True,white,Hendex20,619,510,109,win,Resignation,C77,Ruy Lopez Opening Morphy Defense Wormald Attack 5...b5 6.Bb3,Ruy Lopez Opening Morphy Defense Wormald Attack,59,30,e4,True,kingside,9.0,2022-12-31 23:26:00+00:00,Saturday,23
ea3cc66d-894a-11ed-b5e4-78ac4409ff3c,https://www.chess.com/game/live/66258079459,2022-12-31 20:37:23+00:00,rapid,600,True,black,quannodrilla,576,611,-35,loss,Checkmate,C20,Kings Pawn Opening Leonardis Variation 2...Nf6 3.Nf3,Kings Pawn Opening Leonardis Variation,45,23,e5,True,kingside,10.0,2022-12-31 23:37:23+00:00,Saturday,23
f8a46830-894b-11ed-b5e4-78ac4409ff3c,https://www.chess.com/game/live/66258628589,2022-12-31 20:45:09+00:00,rapid,600,True,white,Mussahmed,536,557,-21,loss,Checkmate,D00,Queens Pawn Opening Chigorin Variation 2...c6,Queens Pawn Opening Chigorin Variation,50,25,d4,True,kingside,10.0,2022-12-31 23:45:09+00:00,Saturday,23
c0afc66f-8974-11ed-b5e4-78ac4409ff3c,https://www.chess.com/game/live/66276048611,2023-01-01 01:37:01+00:00,rapid,600,True,black,daleelhagy1,529,465,64,draw,Time vs insufficient material,C55,Italian Game Two Knights Defense 4.O O,Italian Game Two Knights Defense,130,65,e5,True,kingside,11.0,2023-01-01 04:37:01+00:00,Sunday,4
a35d0874-8977-11ed-b5e4-78ac4409ff3c,https://www.chess.com/game/live/66277257053,2023-01-01 01:57:41+00:00,rapid,600,True,white,disabled_guy,526,497,29,draw,Time vs insufficient material,A46,Indian Game Tartakower Defense,Indian Game Tartakower Defense,93,47,d4,True,kingside,14.0,2023-01-01 04:57:41+00:00,Sunday,4
33535d3e-897a-11ed-b5e4-78ac4409ff3c,https://www.chess.com/game/live/66278432311,2023-01-01 02:15:46+00:00,rapid,600,True,black,Krumbed,500,570,-70,loss,Checkmate,C20,Kings Pawn Opening Leonardis Variation 2...Nf6,Kings Pawn Opening Leonardis Variation,101,51,e5,True,kingside,8.0,2023-01-01 05:15:46+00:00,Sunday,5
f742cd63-89f0-11ed-b5e4-78ac4409ff3c,https://www.chess.com/game/live/66329459269,2023-01-01 16:26:02+00:00,rapid,600,True,white,TqvenDedasSheveci,519,366,153,win,Checkmate,D02,Queens Pawn Opening Zukertort Chigorin Variation,Queens Pawn Opening Zukertort Chigorin Variation,73,37,d4,False,,,2023-01-01 19:26:02+00:00,Sunday,19
5bacb8fb-8a31-11ed-b5e4-78ac4409ff3c,https://www.chess.com/game/live/66357059303,2023-01-02 00:07:02+00:00,rapid,600,True,black,zenzlord,495,537,-42,loss,Checkmate,A40,Englund Gambit,Englund Gambit,53,27,e5,False,,,2023-01-02 03:07:02+00:00,Monday,3
cdce989e-8a32-11ed-b5e4-78ac4409ff3c,https://www.chess.com/game/live/66357664137,2023-01-02 00:17:19+00:00,rapid,600,True,black,Cryoxn,514,419,95,win,Checkmate,A00,Van t Kruijs Opening 1...d5,Van t Kruijs Opening,42,21,d5,False,,,2023-01-02 03:17:19+00:00,Monday,3
bd1f37e8-8a36-11ed-b5e4-78ac4409ff3c,https://www.chess.com/game/live/66359431911,2023-01-02 00:45:37+00:00,rapid,600,True,white,brainieck,534,475,59,win,Checkmate,A04,Reti Opening Kingside Fianchetto Variation 2.e4,Reti Opening Kingside Fianchetto Variation,67,34,e4,True,kingside,10.0,2023-01-02 03:45:37+00:00,Monday,3
66508d9c-8a38-11ed-b5e4-78ac4409ff3c,https://www.chess.com/game/live/66360062467,2023-01-02 00:57:18+00:00,rapid,600,True,white,HDFossil,551,460,91,win,Checkmate,B01,Scandinavian Defense,Scandinavian Defense,33,17,e4,False,,,2023-01-02 03:57:18+00:00,Monday,3
ba17e362-8a39-11ed-b5e4-78ac4409ff3c,https://www.chess.com/game/live/66360653281,2023-01-02 01:07:11+00:00,rapid,600,True,black,ThaZiki,565,441,124,win,Checkmate,D00,Queens Pawn Opening 1...d5 2.e3,Queens Pawn Opening,142,71,d5,False,,,2023-01-02 04:07:11+00:00,Monday,4
5001353a-8a4b-11ed-b5e4-78ac4409ff3c,https://www.chess.com/game/live/66367936289,2023-01-02 03:12:43+00:00,rapid,600,True,white,mikeymove,550,636,-86,loss,Checkmate,C50,Italian Game,Italian Game,20,10,e4,True,kingside,9.0,2023-01-02 06:12:43+00:00,Monday,6
ad748bde-8a4b-11ed-b5e4-78ac4409ff3c,https://www.chess.com/game/live/66368425627,2023-01-02 03:15:22+00:00,rapid,600,True,black,kaiinotbad,535,639,-104,loss,Checkmate,D00,Queens Pawn Opening Chigorin Variation,Queens Pawn Opening Chigorin Variation,29,15,d5,False,,,2023-01-02 06:15:22+00:00,Monday,6
97ef29d4-8acf-11ed-b5e4-78ac4409ff3c,https://www.chess.com/game/live/66424962269,2023-01-02 18:59:38+00:00,rapid,600,True,white,PetoBenak,515,491,24,loss,Checkmate,C57,Italian Game Knight Attack Fritz Variation,Italian Game Knight Attack Fritz Variation,48,24,e4,True,kingside,14.0,2023-01-02 21:59:38+00:00,Monday,21
eb1fbe09-8ad0-11ed-b5e4-78ac4409ff3c,https://www.chess.com/game/live/66425547883,2023-01-02 19:09:14+00:00,rapid,600,True,black,robertoalcantar,535,583,-48,win,Timeout,D02,Queens Pawn Opening Zukertort Chigorin Variation 3.e3,Queens Pawn Opening Zukertort Chigorin Variation,70,35,d5,False,,,2023-01-02 22:09:14+00:00,Monday,22
f5221f9f-8b72-11ed-b5e4-78ac4409ff3c,https://www.chess.com/game/live/66495136047,2023-01-03 14:29:00+00:00,rapid,600,True,white,E_Wisener,555,608,-53,win,Resignation,C50,Italian Game,Italian Game,51,26,e4,False,,,2023-01-03 17:29:00+00:00,Tuesday,17
052b14fa-8b74-11ed-b5e4-78ac4409ff3c,https://www.chess.com/game/live/66495678011,2023-01-03 14:36:48+00:00,rapid,600,True,black,MelaniaEpiskoposyan,572,598,-26,win,Timeout,B01,Scandinavian Defense,Scandinavian Defense,84,42,d5,False,,,2023-01-03 17:36:48+00:00,Tuesday,17
5e946a9e-8b76-11ed-b5e4-78ac4409ff3c,https://www.chess.com/game/live/66496798933,2023-01-03 14:53:38+00:00,rapid,600,True,black,Yaterr,582,426,156,win,Checkmate,A00,Mieses Opening 1...d5,Mieses Opening,96,48,d5,False,,,2023-01-03 17:53:38+00:00,Tuesday,17
eba2cd8a-8bda-11ed-b5e4-78ac4409ff3c,https://www.chess.com/game/live/66539550985,2023-01-04 02:53:12+00:00,rapid,600,True,white,AddictedToChess46,599,646,-47,win,Resignation,B01,Scandinavian Defense,Scandinavian Defense,49,25,e4,False,,,2023-01-04 05:53:12+00:00,Wednesday,5
7715b2f5-8bdc-11ed-b5e4-78ac4409ff3c,https://www.chess.com/game/live/66540610451,2023-01-04 03:04:24+00:00,rapid,600,True,white,Freestyler2406,611,547,64,win,Timeout,C57,Italian Game Knight Attack Normal Variation,Italian Game Knight Attack Normal Variation,75,38,e4,False,,,2023-01-04 06:04:24+00:00,Wednesday,6
5d97432a-8c80-11ed-b5e4-78ac4409ff3c,https://www.chess.com/game/live/66610894231,2023-01-04 22:37:36+00:00,rapid,600,True,black,goldymoment12,624,601,23,win,Timeout,D00,Queens Pawn Opening Accelerated London System,Queens Pawn Opening Accelerated London System,70,35,d5,True,kingside,10.0,2023-01-05 01:37:36+00:00,Thursday,1
ccc84f30-8c82-11ed-b5e4-78ac4409ff3c,https://www.chess.com/game/live/66612032503,2023-01-04 22:55:00+00:00,rapid,600,True,white,resultanthippo,637,622,15,win,Resignation,C40,Kings Pawn Opening Latvian Mayet Attack 3...fxe4 4.Nxe5,Kings Pawn Opening Latvian Mayet Attack,41,21,e4,True,kingside,10.0,2023-01-05 01:55:00+00:00,Thursday,1
8b4c9624-8c83-11ed-b5e4-78ac4409ff3c,https://www.chess.com/game/live/66612152355,2023-01-04 23:00:29+00:00,rapid,600,True,black,PTxMiguel04,626,692,-66,loss,Checkmate,B01,Scandinavian Defense Closed,Scandinavian Defense Closed,111,56,d5,True,kingside,20.0,2023-01-05 02:00:29+00:00,Thursday,2
fda91e60-8c98-11ed-b5e4-78ac4409ff3c,https://www.chess.com/game/live/66621603743,2023-01-05 01:33:47+00:00,rapid,600,True,black,seif68,615,667,-52,loss,Resignation,B01,Scandinavian Defense 2.exd5,Scandinavian Defense,9,5,d5,False,,,2023-01-05 04:33:47+00:00,Thursday,4
17812d3e-8c99-11ed-b5e4-78ac4409ff3c,https://www.chess.com/game/live/66621615915,2023-01-05 01:34:34+00:00,rapid,600,True,white,MessiRuiz,612,535,77,draw,Stalemate,C42,Petrovs Defense,Petrovs Defense,93,47,e4,False,,,2023-01-05 04:34:34+00:00,Thursday,4
f44f6790-8c9a-11ed-b5e4-78ac4409ff3c,https://www.chess.com/game/live/66622271665,2023-01-05 01:47:51+00:00,rapid,600,True,black,thatsalotofdama,614,682,-68,draw,Repetition,A00,Saragossa Opening 1...d5,Saragossa Opening,139,70,d5,False,,,2023-01-05 04:47:51+00:00,Thursday,4
5df45167-8c9d-11ed-b5e4-78ac4409ff3c,https://www.chess.com/game/live/66623425085,2023-01-05 02:05:15+00:00,rapid,600,True,white,badatthegame2601,616,682,-66,draw,Stalemate,C55,Italian Game Two Knights Defense,Italian Game Two Knights Defense,120,60,e4,True,kingside,12.0,2023-01-05 05:05:15+00:00,Thursday,5
2a18a309-8cda-11ed-b5e4-78ac4409ff3c,https://www.chess.com/game/live/66649315559,2023-01-05 09:20:19+00:00,rapid,600,True,black,Jona332q,607,690,-83,loss,Checkmate,C20,Kings Pawn Opening 1...e5,Kings Pawn Opening,7,4,e5,False,,,2023-01-05 12:20:19+00:00,Thursday,12
48c591c1-8cda-11ed-b5e4-78ac4409ff3c,https://www.chess.com/game/live/66649330193,2023-01-05 09:21:11+00:00,rapid,600,True,black,alekssej,595,566,29,loss,Checkmate,B01,Scandinavian Defense Closed 2...dxe4 3.Nxe4,Scandinavian Defense Closed,41,21,d5,True,queenside,9.0,2023-01-05 12:21:11+00:00,Thursday,12
4b5632a6-8cdb-11ed-b5e4-78ac4409ff3c,https://www.chess.com/game/live/66649883829,2023-01-05 09:28:27+00:00,rapid,600,True,white,johnnychessplaya,608,684,-76,win,Checkmate,A40,Englund Gambit,Englund Gambit,43,22,d4,False,,,2023-01-05 12:28:27+00:00,Thursday,12
fe58da54-8cf7-11ed-b9f6-78ac4409ff3c,https://www.chess.com/game/live/66662376975,2023-01-05 12:53:53+00:00,rapid,600,True,black,coltonbateman,600,695,-95,loss,Resignation,C50,Giuoco Piano Game Four Knights Game,Giuoco Piano Game Four Knights Game,29,15,e5,True,kingside,7.0,2023-01-05 15:53:53+00:00,Thursday,15
b3c7ac47-8d0a-11ed-b9f6-78ac4409ff3c,https://www.chess.com/game/live/66670287453,2023-01-05 15:07:43+00:00,rapid,600,True,black,dariuslmao,592,668,-76,loss,Checkmate,C42,Petrovs Defense Classical Damiano Variation Kholmov Gambit 5.Qxe4,Petrovs Defense Classical Damiano Variation Kholmov Gambit,79,40,e5,False,,,2023-01-05 18:07:43+00:00,Thursday,18
9d2e30a1-8d0b-11ed-b9f6-78ac4409ff3c,https://www.chess.com/game/live/66670794197,2023-01-05 15:14:17+00:00,rapid,600,True,white,MollyMuennink,601,537,64,win,Timeout,C24,Bishops Opening Berlin Defense,Bishops Opening Berlin Defense,109,55,e4,True,kingside,19.0,2023-01-05 18:14:17+00:00,Thursday,18
c3371935-8d0e-11ed-b9f6-78ac4409ff3c,https://www.chess.com/game/live/66672065679,2023-01-05 15:37:00+00:00,rapid,600,True,white,smith_22,593,667,-74,loss,Checkmate,A04,Reti Opening Kingside Fianchetto Variation 2.e4 Bg7,Reti Opening Kingside Fianchetto Variation,72,36,e4,False,,,2023-01-05 18:37:00+00:00,Thursday,18
d80a1a95-8d0f-11ed-b9f6-78ac4409ff3c,https://www.chess.com/game/live/66672603499,2023-01-05 15:44:34+00:00,rapid,600,True,white,Fer542,585,650,-65,loss,Abandoned,C24,Bishops Opening Berlin Defense,Bishops Opening Berlin Defense,40,20,e4,False,,,2023-01-05 18:44:34+00:00,Thursday,18
5f4e61a1-8db6-11ed-b9f6-78ac4409ff3c,https://www.chess.com/game/live/66744034351,2023-01-06 11:36:52+00:00,rapid,600,True,white,LauPek,587,652,-65,draw,Stalemate,B02,Alekhines Defense,Alekhines Defense,138,69,e4,False,,,2023-01-06 14:36:52+00:00,Friday,14
fe91a4f7-8db8-11ed-b9f6-78ac4409ff3c,https://www.chess.com/game/live/66745209565,2023-01-06 11:55:28+00:00,rapid,600,True,black,Darieman,594,520,74,win,Checkmate,C21,Center Game,Center Game,48,24,e5,True,kingside,9.0,2023-01-06 14:55:28+00:00,Friday,14
181b5e79-8dbf-11ed-8ad3-b7691d01000f,https://www.chess.com/game/live/66748167920,2023-01-06 12:38:53+00:00,rapid,600,False,black,Laithwm,594,315,279,win,Checkmate,A00,Van t Kruijs Opening 1...d5,Van t Kruijs Opening,48,24,d5,True,queenside,11.0,2023-01-06 15:38:53+00:00,Friday,15
be8e7352-8dbf-11ed-8ad3-b7691d01000f,https://www.chess.com/game/live/66748852652,2023-01-06 12:43:15+00:00,rapid,600,False,white,Laithwm,594,315,279,win,Checkmate,B02,Alekhines Defense,Alekhines Defense,115,58,e4,True,queenside,15.0,2023-01-06 15:43:15+00:00,Friday,15
9f856faa-8dc1-11ed-99fa-857c9001000f,https://www.chess.com/game/live/66749368056,2023-01-06 12:56:57+00:00,rapid,600,False,black,Laithwm,594,315,279,win,Checkmate,A00,Van t Kruijs Opening 1...e5,Van t Kruijs Opening,52,26,e5,True,kingside,7.0,2023-01-06 15:56:57+00:00,Friday,15
8ae26ccf-8dc2-11ed-a76f-aa393d01000f,https://www.chess.com/game/live/66749533060,2023-01-06 13:04:57+00:00,rapid,600,False,white,Laithwm,594,315,279,win,Abandoned,B01,Scandinavian Defense Mieses Kotrc Variation,Scandinavian Defense Mieses Kotrc Variation,33,17,e4,False,,,2023-01-06 16:04:57+00:00,Friday,16
88965752-8de3-11ed-99fa-857c9001000f,https://www.chess.com/game/live/66763424596,2023-01-06 16:59:47+00:00,bullet,60,False,white,Laithwm,800,400,400,loss,Timeout,B01,Scandinavian Defense 2.exd5,Scandinavian Defense,58,29,e4,True,queenside,18.0,2023-01-06 19:59:47+00:00,Friday,19
e3f6fb3c-8de3-11ed-8ad3-b7691d01000f,https://www.chess.com/game/live/66763806144,2023-01-06 17:02:16+00:00,bullet,60,False,black,Laithwm,800,400,400,win,Timeout,A06,Reti Opening 1...d5,Reti Opening,98,49,d5,False,,,2023-01-06 20:02:16+00:00,Friday,20
3cfc492e-8de4-11ed-a76f-aa393d01000f,https://www.chess.com/game/live/66763861436,2023-01-06 17:04:43+00:00,bullet,60,False,white,Laithwm,800,400,400,loss,Checkmate,B00,Nimzowitsch Defense,Nimzowitsch Defense,58,29,e4,True,kingside,27.0,2023-01-06 20:04:43+00:00,Friday,20
9af5cf8d-8e72-11ed-b9f6-78ac4409ff3c,https://www.chess.com/game/live/66824973851,2023-01-07 10:04:07+00:00,rapid,600,True,black,23rodd23,602,548,54,win,Resignation,B01,Scandinavian Defense Mieses Kotrc Variation 3.Nc3 Qe5 4.Be2,Scandinavian Defense Mieses Kotrc Variation,34,17,d5,False,,,2023-01-07 13:04:07+00:00,Saturday,13
7b734ae0-8e73-11ed-b9f6-78ac4409ff3c,https://www.chess.com/game/live/66825092285,2023-01-07 10:10:20+00:00,rapid,600,True,white,Fajar120802,611,601,10,win,Resignation,B20,Sicilian Defense,Sicilian Defense,7,4,e4,False,,,2023-01-07 13:10:20+00:00,Saturday,13
20b02b0d-8e74-11ed-b9f6-78ac4409ff3c,https://www.chess.com/game/live/66825592021,2023-01-07 10:14:59+00:00,rapid,600,True,black,Matty551,603,627,-24,loss,Checkmate,C20,Kings Pawn Opening 1...e5,Kings Pawn Opening,37,19,e5,False,,,2023-01-07 13:14:59+00:00,Saturday,13
c233f9e8-8e74-11ed-b9f6-78ac4409ff3c,https://www.chess.com/game/live/66825679227,2023-01-07 10:19:30+00:00,rapid,600,True,white,moiseevv_bugattito,610,452,158,win,Checkmate,C20,Kings Pawn Opening 1...e5,Kings Pawn Opening,33,17,e4,True,kingside,13.0,2023-01-07 13:19:30+00:00,Saturday,13
277382a6-8e76-11ed-b9f6-78ac4409ff3c,https://www.chess.com/game/live/66826280899,2023-01-07 10:29:37+00:00,rapid,600,True,black,siripanlop,617,523,94,win,Checkmate,A40,Englund Gambit Mosquito Gambit,Englund Gambit Mosquito Gambit,110,55,e5,True,kingside,19.0,2023-01-07 13:29:37+00:00,Saturday,13
c847c0ce-8e8a-11ed-b9f6-78ac4409ff3c,https://www.chess.com/game/live/66835253637,2023-01-07 12:57:16+00:00,rapid,600,True,white,hvrun,625,485,140,win,Checkmate,B20,Sicilian Defense,Sicilian Defense,93,47,e4,True,queenside,17.0,2023-01-07 15:57:16+00:00,Saturday,15
c7ed01cc-8e8b-11ed-b9f6-78ac4409ff3c,https://www.chess.com/game/live/66835786637,2023-01-07 13:04:29+00:00,rapid,600,True,black,Neofita68,626,656,-30,draw,Stalemate,C25,Vienna Game,Vienna Game,158,79,e5,True,kingside,16.0,2023-01-07 16:04:29+00:00,Saturday,16
71d3a7cb-8e8e-11ed-b9f6-78ac4409ff3c,https://www.chess.com/game/live/66836965109,2023-01-07 13:23:20+00:00,rapid,600,True,black,Maniek0207,632,539,93,win,Abandoned,C23,Bishops Opening,Bishops Opening,12,6,e5,False,,,2023-01-07 16:23:20+00:00,Saturday,16
f5eb9e30-8ea9-11ed-b9f6-78ac4409ff3c,https://www.chess.com/game/live/66848564305,2023-01-07 16:40:22+00:00,rapid,600,False,white,Laithwm,632,321,311,win,Resignation,C20,Kings Pawn Opening 1...e5,Kings Pawn Opening,7,4,e4,False,,,2023-01-07 19:40:22+00:00,Saturday,19
28baab72-8eaa-11ed-b9f6-78ac4409ff3c,https://www.chess.com/game/live/66848604387,2023-01-07 16:41:44+00:00,rapid,600,True,black,kumasury,642,499,143,win,Resignation,A00,Van t Kruijs Opening 1...e5,Van t Kruijs Opening,12,6,e5,False,,,2023-01-07 19:41:44+00:00,Saturday,19
6ef68ee3-8eaa-11ed-b9f6-78ac4409ff3c,https://www.chess.com/game/live/66848978825,2023-01-07 16:43:47+00:00,rapid,600,True,white,Airomero,650,584,66,win,Checkmate,B00,Kings Pawn Opening,Kings Pawn Opening,63,32,e4,False,,,2023-01-07 19:43:47+00:00,Saturday,19
1fedc6ed-8eb3-11ed-b9f6-78ac4409ff3c,https://www.chess.com/game/live/66852643119,2023-01-07 17:45:56+00:00,rapid,600,True,black,brentkiley3,644,734,-90,loss,Checkmate,C40,Kings Pawn Opening Kings Knight Variation,Kings Pawn Opening Kings Knight Variation,27,14,e5,False,,,2023-01-07 20:45:56+00:00,Saturday,20
8cce8c64-8eb3-11ed-b9f6-78ac4409ff3c,https://www.chess.com/game/live/66852731307,2023-01-07 17:49:11+00:00,rapid,600,True,white,ktecz00nio,652,624,28,win,Checkmate,C20,Kings Pawn Opening 1...e5,Kings Pawn Opening,111,56,e4,False,,,2023-01-07 20:49:11+00:00,Saturday,20
4d4922f3-8f44-11ed-b9f6-78ac4409ff3c,https://www.chess.com/game/live/66915000339,2023-01-08 11:05:31+00:00,rapid,600,True,white,Cku1701,643,600,43,loss,Resignation,B00,Nimzowitsch Defense,Nimzowitsch Defense,96,48,e4,False,,,2023-01-08 14:05:31+00:00,Sunday,14
a38891de-8f52-11ed-b9f6-78ac4409ff3c,https://www.chess.com/game/live/66921070863,2023-01-08 12:47:54+00:00,rapid,600,True,white,EchoSung,653,719,-66,win,Checkmate,C20,Kings Pawn Opening 1...e5,Kings Pawn Opening,65,33,e4,True,kingside,20.0,2023-01-08 15:47:54+00:00,Sunday,15
6b33878b-8f78-11ed-b9f6-78ac4409ff3c,https://www.chess.com/game/live/66937311211,2023-01-08 17:18:44+00:00,rapid,600,True,black,Krintel00,644,616,28,loss,Checkmate,C20,Kings Pawn Opening 1...e5,Kings Pawn Opening,119,60,e5,True,kingside,16.0,2023-01-08 20:18:44+00:00,Sunday,20
eb847006-8f89-11ed-b9f6-78ac4409ff3c,https://www.chess.com/game/live/66944972817,2023-01-08 19:23:33+00:00,rapid,600,True,black,MikailSakalov,652,606,46,win,Resignation,B07,Pirc Defense Modern Defense Geller System 2...Nf6 3.Nc3 e5,Pirc Defense Modern Defense Geller System,50,25,e5,False,,,2023-01-08 22:23:33+00:00,Sunday,22
eeda5c4c-8f8a-11ed-b9f6-78ac4409ff3c,https://www.chess.com/game/live/66945183103,2023-01-08 19:30:44+00:00,rapid,600,True,white,Amir945694,659,577,82,win,Resignation,B01,Scandinavian Defense,Scandinavian Defense,17,9,e4,False,,,2023-01-08 22:30:44+00:00,Sunday,22
43a3aefb-8f8b-11ed-b9f6-78ac4409ff3c,https://www.chess.com/game/live/66945562605,2023-01-08 19:33:04+00:00,rapid,600,True,black,slugeh,668,666,2,win,Abandoned,C20,Kings Pawn Opening Leonardis Variation,Kings Pawn Opening Leonardis Variation,68,34,e5,True,kingside,6.0,2023-01-08 22:33:04+00:00,Sunday,22
f9df3ea8-903f-11ed-b9f6-78ac4409ff3c,https://www.chess.com/game/live/67023069433,2023-01-09 17:06:40+00:00,rapid,600,True,black,xentross,675,518,157,win,Checkmate,A40,Englund Gambit,Englund Gambit,44,22,e5,False,,,2023-01-09 20:06:40+00:00,Monday,20
04c31141-9041-11ed-b9f6-78ac4409ff3c,https://www.chess.com/game/live/67023594479,2023-01-09 17:14:07+00:00,rapid,600,True,black,DIEGOCORONADO124,669,768,-99,loss,Checkmate,A40,Englund Gambit 2.dxe5,Englund Gambit,37,19,e5,True,kingside,8.0,2023-01-09 20:14:07+00:00,Monday,20
4285594a-9042-11ed-b9f6-78ac4409ff3c,https://www.chess.com/game/live/67024161077,2023-01-09 17:23:01+00:00,rapid,600,True,black,NinjaPro01,663,749,-86,loss,Checkmate,C20,Kings Pawn Opening 1...e5,Kings Pawn Opening,31,16,e5,False,,,2023-01-09 20:23:01+00:00,Monday,20
e415d276-9042-11ed-b9f6-78ac4409ff3c,https://www.chess.com/game/live/67024296679,2023-01-09 17:27:34+00:00,rapid,600,True,white,avoidsosa,654,658,-4,loss,Checkmate,C20,Kings Pawn Opening 1...e5,Kings Pawn Opening,38,19,e4,True,kingside,15.0,2023-01-09 20:27:34+00:00,Monday,20
b2065fd1-90a1-11ed-b9f6-78ac4409ff3c,https://www.chess.com/game/live/67065000193,2023-01-10 04:46:22+00:00,rapid,600,True,white,Azertilog,661,608,53,win,Abandoned,B01,Scandinavian Defense Modern Icelandic Palme Gambit,Scandinavian Defense Modern Icelandic Palme Gambit,41,21,e4,True,kingside,15.0,2023-01-10 07:46:22+00:00,Tuesday,7
94a70a32-90a2-11ed-b9f6-78ac4409ff3c,https://www.chess.com/game/live/67065544979,2023-01-10 04:52:22+00:00,rapid,600,True,white,Zelayr,655,761,-106,loss,Checkmate,C42,Petrovs Defense Classical Variation,Petrovs Defense Classical Variation,116,58,e4,True,kingside,15.0,2023-01-10 07:52:22+00:00,Tuesday,7
1c225a7f-9109-11ed-b9f6-78ac4409ff3c,https://www.chess.com/game/live/67109460891,2023-01-10 17:06:40+00:00,rapid,600,True,white,bisovp,647,680,-33,loss,Checkmate,B07,Pirc Defense Modern Defense Geller System,Pirc Defense Modern Defense Geller System,76,38,e4,False,,,2023-01-10 20:06:40+00:00,Tuesday,20
6dc6582e-9111-11ed-b9f6-78ac4409ff3c,https://www.chess.com/game/live/67113048449,2023-01-10 18:06:13+00:00,rapid,600,True,white,casborghijs,654,544,110,win,Checkmate,C30,Kings Gambit,Kings Gambit,139,70,e4,True,queenside,21.0,2023-01-10 21:06:13+00:00,Tuesday,21
2d76b0b0-9114-11ed-b9f6-78ac4409ff3c,https://www.chess.com/game/live/67114240755,2023-01-10 18:25:42+00:00,rapid,600,True,white,eckoneyo,662,658,4,win,Checkmate,B01,Scandinavian Defense Mieses Kotrc Variation,Scandinavian Defense Mieses Kotrc Variation,87,44,e4,True,queenside,16.0,2023-01-10 21:25:42+00:00,Tuesday,21
e39fabfb-9165-11ed-a521-0f015a01000f,https://www.chess.com/game/live/67149597480,2023-01-11 04:10:38+00:00,rapid,600,False,white,saado11,662,657,5,loss,Checkmate,B20,Sicilian Defense,Sicilian Defense,44,22,e4,False,,,2023-01-11 07:10:38+00:00,Wednesday,7
070b8d54-9167-11ed-b9f6-78ac4409ff3c,https://www.chess.com/game/live/67149637925,2023-01-11 04:18:56+00:00,rapid,600,True,black,saado11,654,783,-129,loss,Resignation,C45,Scotch Game,Scotch Game,65,33,e5,False,,,2023-01-11 07:18:56+00:00,Wednesday,7
f70750c4-917b-11ed-b9f6-78ac4409ff3c,https://www.chess.com/game/live/67158637363,2023-01-11 06:48:51+00:00,rapid,600,True,white,I-L0VE-MANG0S,655,206,449,win,Resignation,B02,Alekhines Defense,Alekhines Defense,54,27,e4,True,kingside,15.0,2023-01-11 09:48:51+00:00,Wednesday,9
884ba7b8-9341-11ed-90fb-78ac4409ff3c,https://www.chess.com/game/live/67353656997,2023-01-13 12:55:29+00:00,rapid,600,True,black,DaniBanani06,657,728,-71,draw,Time vs insufficient material,C20,Kings Pawn Opening 1...e5,Kings Pawn Opening,126,63,e5,True,kingside,15.0,2023-01-13 15:55:29+00:00,Friday,15
6e78c186-9344-11ed-90fb-78ac4409ff3c,https://www.chess.com/game/live/67354879609,2023-01-13 13:16:12+00:00,rapid,600,True,black,RanieBot,663,564,99,win,Resignation,C24,Bishops Opening Berlin Defense,Bishops Opening Berlin Defense,34,17,e5,False,,,2023-01-13 16:16:12+00:00,Friday,16
1d3e1273-9374-11ed-90fb-78ac4409ff3c,https://www.chess.com/game/live/67375333295,2023-01-13 18:57:28+00:00,rapid,600,True,black,killkawala,673,723,-50,win,Abandoned,C20,Kings Pawn Opening 1...e5,Kings Pawn Opening,6,3,e5,False,,,2023-01-13 21:57:28+00:00,Friday,21
7d074076-9374-11ed-90fb-78ac4409ff3c,https://www.chess.com/game/live/67375418421,2023-01-13 19:00:15+00:00,rapid,600,True,white,ZroYen,679,588,91,win,Abandoned,C20,Kings Pawn Opening 1...e5,Kings Pawn Opening,47,24,e4,False,,,2023-01-13 22:00:15+00:00,Friday,22
8b3ae767-9385-11ed-90fb-78ac4409ff3c,https://www.chess.com/game/live/67382661339,2023-01-13 21:02:17+00:00,rapid,600,True,black,Trimone27,687,666,21,win,Resignation,B20,Kings Pawn Opening Speers Variation,Kings Pawn Opening Speers Variation,60,30,e5,True,kingside,5.0,2023-01-14 00:02:17+00:00,Saturday,0
32558995-9404-11ed-90fb-78ac4409ff3c,https://www.chess.com/game/live/67437134901,2023-01-14 12:08:53+00:00,rapid,600,True,black,Streetboy99,681,787,-106,loss,Checkmate,C20,Kings Pawn Opening 1...e5,Kings Pawn Opening,45,23,e5,False,,,2023-01-14 15:08:53+00:00,Saturday,15
1ed64725-9405-11ed-90fb-78ac4409ff3c,https://www.chess.com/game/live/67437654219,2023-01-14 12:15:25+00:00,rapid,600,True,black,FIFIfrede,673,681,-8,loss,Checkmate,A40,Englund Gambit,Englund Gambit,57,29,e5,True,queenside,15.0,2023-01-14 15:15:25+00:00,Saturday,15
0e9fecdf-9411-11ed-90fb-78ac4409ff3c,https://www.chess.com/game/live/67442602061,2023-01-14 13:40:53+00:00,rapid,600,True,white,GrandMasterOfKoper,683,696,-13,win,Checkmate,C20,Kings Pawn Opening 1...e5,Kings Pawn Opening,7,4,e4,False,,,2023-01-14 16:40:53+00:00,Saturday,16
31e6afd2-9411-11ed-90fb-78ac4409ff3c,https://www.chess.com/game/live/67442627981,2023-01-14 13:41:53+00:00,rapid,600,True,white,seanda21uno,689,586,103,win,Checkmate,C20,Kings Pawn Opening 1...e5,Kings Pawn Opening,9,5,e4,False,,,2023-01-14 16:41:53+00:00,Saturday,16
5945450b-9411-11ed-90fb-78ac4409ff3c,https://www.chess.com/game/live/67442656931,2023-01-14 13:42:58+00:00,rapid,600,True,white,vanluu05,696,620,76,win,Resignation,C20,Kings Pawn Opening 1...e5,Kings Pawn Opening,7,4,e4,False,,,2023-01-14 16:42:58+00:00,Saturday,16
72844848-9411-11ed-90fb-78ac4409ff3c,https://www.chess.com/game/live/67443012305,2023-01-14 13:43:43+00:00,rapid,600,True,white,Op_Shreyas123,687,645,42,loss,Resignation,B01,Scandinavian Defense,Scandinavian Defense,36,18,e4,False,,,2023-01-14 16:43:43+00:00,Saturday,16
30397f4f-9412-11ed-90fb-78ac4409ff3c,https://www.chess.com/game/live/67443152491,2023-01-14 13:49:04+00:00,rapid,600,True,white,L0rdJames,695,675,20,win,Resignation,B01,Scandinavian Defense Mieses Kotrc Variation 3.Nc3,Scandinavian Defense Mieses Kotrc Variation,37,19,e4,True,kingside,12.0,2023-01-14 16:49:04+00:00,Saturday,16
b7f2b345-943f-11ed-90fb-78ac4409ff3c,https://www.chess.com/game/live/67462848663,2023-01-14 19:14:54+00:00,rapid,600,True,black,kilobeuga,702,646,56,win,Resignation,A40,Englund Gambit Mosquito Gambit,Englund Gambit Mosquito Gambit,22,11,e5,False,,,2023-01-14 22:14:54+00:00,Saturday,22
28150f9d-9440-11ed-90fb-78ac4409ff3c,https://www.chess.com/game/live/67462941369,2023-01-14 19:18:40+00:00,rapid,600,True,black,Aestheticswagboy,696,787,-91,loss,Checkmate,C21,Center Game,Center Game,105,53,e5,True,kingside,18.0,2023-01-14 22:18:40+00:00,Saturday,22
41d47bff-9442-11ed-90fb-78ac4409ff3c,https://www.chess.com/game/live/67463688569,2023-01-14 19:33:04+00:00,rapid,600,True,white,Babiii70,688,710,-22,loss,Resignation,B01,Scandinavian Defense Mieses Kotrc Variation 3.Nc3 Qd8,Scandinavian Defense Mieses Kotrc Variation,66,33,e4,True,kingside,17.0,2023-01-14 22:33:04+00:00,Saturday,22
ed99cac5-945a-11ed-90fb-78ac4409ff3c,https://www.chess.com/game/live/67474366137,2023-01-14 22:29:42+00:00,rapid,600,True,black,Roblopa,698,748,-50,win,Resignation,C40,Kings Pawn Opening Kings Knight Gunderam Defense 3.Bc4,Kings Pawn Opening Kings Knight Gunderam Defense,22,11,e5,False,,,2023-01-15 01:29:42+00:00,Sunday,1
4253b4a8-945b-11ed-90fb-78ac4409ff3c,https://www.chess.com/game/live/67474426255,2023-01-14 22:32:02+00:00,rapid,600,True,black,Turtlqd,688,668,20,loss,Checkmate,A40,Englund Gambit,Englund Gambit,31,16,e5,True,queenside,12.0,2023-01-15 01:32:02+00:00,Sunday,1
f0b8539c-945b-11ed-90fb-78ac4409ff3c,https://www.chess.com/game/live/67474893031,2023-01-14 22:37:10+00:00,rapid,600,True,black,JEMMMM26,696,659,37,win,Resignation,A40,Englund Gambit,Englund Gambit,72,36,e5,False,,,2023-01-15 01:37:10+00:00,Sunday,1
89f1c650-94ad-11ed-90fb-78ac4409ff3c,https://www.chess.com/game/live/67509736949,2023-01-15 08:21:09+00:00,rapid,600,True,white,AsbeelO1,688,692,-4,loss,Checkmate,C20,Kings Pawn Opening 1...e5,Kings Pawn Opening,32,16,e4,True,kingside,13.0,2023-01-15 11:21:09+00:00,Sunday,11
24aa3cbd-94ae-11ed-90fb-78ac4409ff3c,https://www.chess.com/game/live/67510240341,2023-01-15 08:25:20+00:00,rapid,600,True,white,vrooomvromm,694,593,101,win,Resignation,C20,Kings Pawn Opening 1...e5,Kings Pawn Opening,13,7,e4,False,,,2023-01-15 11:25:20+00:00,Sunday,11
646f4f77-94ae-11ed-90fb-78ac4409ff3c,https://www.chess.com/game/live/67510271341,2023-01-15 08:27:18+00:00,rapid,600,True,black,Austrianathan,684,604,80,loss,Checkmate,C20,Kings Pawn Opening 1...e5,Kings Pawn Opening,91,46,e5,True,kingside,4.0,2023-01-15 11:27:18+00:00,Sunday,11
e927073c-94af-11ed-90fb-78ac4409ff3c,https://www.chess.com/game/live/67510887743,2023-01-15 08:38:02+00:00,rapid,600,True,black,chessmatricks,678,778,-100,loss,Checkmate,C40,Kings Pawn Opening Kings Knight Variation,Kings Pawn Opening Kings Knight Variation,37,19,e5,True,kingside,10.0,2023-01-15 11:38:02+00:00,Sunday,11
476d3174-94d0-11ed-90fb-78ac4409ff3c,https://www.chess.com/game/live/67524762207,2023-01-15 12:29:42+00:00,rapid,600,True,white,DuBeAl35,687,656,31,win,Resignation,B20,Sicilian Defense,Sicilian Defense,9,5,e4,False,,,2023-01-15 15:29:42+00:00,Sunday,15
a82af83e-94d0-11ed-90fb-78ac4409ff3c,https://www.chess.com/game/live/67524829735,2023-01-15 12:32:27+00:00,rapid,600,True,white,lennic987,681,798,-117,loss,Abandoned,B02,Alekhines Defense,Alekhines Defense,20,10,e4,False,,,2023-01-15 15:32:27+00:00,Sunday,15
125b9c25-94d2-11ed-90fb-78ac4409ff3c,https://www.chess.com/game/live/67525433975,2023-01-15 12:42:33+00:00,rapid,600,True,black,chessprolegen,690,723,-33,win,Resignation,C23,Bishops Opening,Bishops Opening,6,3,e5,False,,,2023-01-15 15:42:33+00:00,Sunday,15
35b5722f-94d2-11ed-90fb-78ac4409ff3c,https://www.chess.com/game/live/67525808177,2023-01-15 12:43:33+00:00,rapid,600,True,white,MadeFake0,696,587,109,win,Resignation,C20,Kings Pawn Opening 1...e5,Kings Pawn Opening,19,10,e4,False,,,2023-01-15 15:43:33+00:00,Sunday,15
896df160-94d2-11ed-90fb-78ac4409ff3c,https://www.chess.com/game/live/67525867293,2023-01-15 12:46:05+00:00,rapid,600,True,white,SRVZVK,705,725,-20,win,Resignation,C20,Kings Pawn Opening 1...e5,Kings Pawn Opening,67,34,e4,True,kingside,15.0,2023-01-15 15:46:05+00:00,Sunday,15
248ef00e-94d7-11ed-90fb-78ac4409ff3c,https://www.chess.com/game/live/67527747545,2023-01-15 13:18:55+00:00,rapid,600,True,black,Caramelink,699,795,-96,loss,Checkmate,C20,Kings Pawn Opening 1...e5,Kings Pawn Opening,37,19,e5,True,kingside,4.0,2023-01-15 16:18:55+00:00,Sunday,16
faf8015a-94d7-11ed-90fb-78ac4409ff3c,https://www.chess.com/game/live/67528242981,2023-01-15 13:24:49+00:00,rapid,600,True,black,alex_exterminador,707,712,-5,win,Resignation,C23,Bishops Opening,Bishops Opening,18,9,e5,False,,,2023-01-15 16:24:49+00:00,Sunday,16
30cbe995-94d8-11ed-90fb-78ac4409ff3c,https://www.chess.com/game/live/67528283249,2023-01-15 13:26:23+00:00,rapid,600,True,black,Froddii,700,934,-234,loss,Resignation,A40,Englund Gambit,Englund Gambit,47,24,e5,True,kingside,13.0,2023-01-15 16:26:23+00:00,Sunday,16
e5e461e5-94e3-11ed-90fb-78ac4409ff3c,https://www.chess.com/game/live/67533197441,2023-01-15 14:50:10+00:00,rapid,600,True,white,stefanoorio,693,763,-70,loss,Abandoned,C20,Kings Pawn Opening 1...e5,Kings Pawn Opening,28,14,e4,False,,,2023-01-15 17:50:10+00:00,Sunday,17
a1819701-95bf-11ed-90fb-78ac4409ff3c,https://www.chess.com/game/live/67627507253,2023-01-16 17:03:04+00:00,rapid,600,True,black,moriiichee,686,757,-71,loss,Resignation,C42,Petrovs Defense Classical Variation,Petrovs Defense Classical Variation,73,37,e5,True,kingside,9.0,2023-01-16 20:03:04+00:00,Monday,20
d6e959f6-95c0-11ed-90fb-78ac4409ff3c,https://www.chess.com/game/live/67628063767,2023-01-16 17:11:54+00:00,rapid,600,True,black,faustog1910,678,704,-26,loss,Checkmate,A40,Englund Gambit Mosquito Gambit,Englund Gambit Mosquito Gambit,95,48,e5,True,kingside,19.0,2023-01-16 20:11:54+00:00,Monday,20
75999468-95e2-11ed-90fb-78ac4409ff3c,https://www.chess.com/game/live/67642472467,2023-01-16 21:12:22+00:00,rapid,600,True,white,Bartolo365,686,685,1,win,Checkmate,C20,Kings Pawn Opening 1...e5,Kings Pawn Opening,31,16,e4,True,kingside,8.0,2023-01-17 00:12:22+00:00,Tuesday,0
fe4a8ec8-95e2-11ed-90fb-78ac4409ff3c,https://www.chess.com/game/live/67642887527,2023-01-16 21:16:25+00:00,rapid,600,True,white,gigachad_96,693,596,97,win,Checkmate,C20,Kings Pawn Opening 1...e5,Kings Pawn Opening,129,65,e4,True,kingside,9.0,2023-01-17 00:16:25+00:00,Tuesday,0
4b4e7075-9613-11ed-90fb-78ac4409ff3c,https://www.chess.com/game/live/67663353583,2023-01-17 03:01:55+00:00,rapid,600,True,black,0xbaz,683,609,74,loss,Resignation,C20,Kings Pawn Opening 1...e5,Kings Pawn Opening,53,27,e5,True,queenside,16.0,2023-01-17 06:01:55+00:00,Tuesday,6
fd581e4a-961a-11ed-90fb-78ac4409ff3c,https://www.chess.com/game/live/67666864191,2023-01-17 03:57:03+00:00,rapid,600,True,white,Flaze2023,693,745,-52,win,Checkmate,C20,Kings Pawn Opening 1...e5,Kings Pawn Opening,9,5,e4,False,,,2023-01-17 06:57:03+00:00,Tuesday,6
2dc98bb3-961b-11ed-90fb-78ac4409ff3c,https://www.chess.com/game/live/67666886829,2023-01-17 03:58:24+00:00,rapid,600,True,black,hikarunaka_alt99,701,703,-2,win,Resignation,C20,Kings Pawn Opening 1...e5,Kings Pawn Opening,8,4,e5,False,,,2023-01-17 06:58:24+00:00,Tuesday,6
5c440bc5-961b-11ed-90fb-78ac4409ff3c,https://www.chess.com/game/live/67666908611,2023-01-17 03:59:58+00:00,rapid,600,True,white,Sudip110,693,724,-31,loss,Checkmate,C20,Kings Pawn Opening 1...e5,Kings Pawn Opening,98,49,e4,True,kingside,11.0,2023-01-17 06:59:58+00:00,Tuesday,6
3fefa08d-961d-11ed-90fb-78ac4409ff3c,https://www.chess.com/game/live/67667565267,2023-01-17 04:13:12+00:00,rapid,600,True,white,Jestin08,701,688,13,win,Resignation,B02,Alekhines Defense Scandinavian Variation 3.exd5 Nxd5 4.Nxd5 Qxd5 5.Nf3,Alekhines Defense Scandinavian Variation,21,11,e4,False,,,2023-01-17 07:13:12+00:00,Tuesday,7
ad56389a-968c-11ed-90fb-78ac4409ff3c,https://www.chess.com/game/live/67715656363,2023-01-17 17:30:52+00:00,rapid,600,True,black,CutieGeorge,708,637,71,win,Resignation,C34,Kings Gambit Accepted Kings Knight Gambit,Kings Gambit Accepted Kings Knight Gambit,68,34,e5,True,queenside,18.0,2023-01-17 20:30:52+00:00,Tuesday,20
52afaaa9-968e-11ed-90fb-78ac4409ff3c,https://www.chess.com/game/live/67716318473,2023-01-17 17:42:44+00:00,rapid,600,True,white,please_mercy,701,759,-58,loss,Checkmate,B01,Scandinavian Defense Mieses Kotrc Variation 3.Nf3,Scandinavian Defense Mieses Kotrc Variation,104,52,e4,False,,,2023-01-17 20:42:44+00:00,Tuesday,20
c75e77f5-968f-11ed-90fb-78ac4409ff3c,https://www.chess.com/game/live/67716927049,2023-01-17 17:53:07+00:00,rapid,600,True,black,Antonio26000,710,758,-48,win,Checkmate,C23,Bishops Opening,Bishops Opening,108,54,e5,False,,,2023-01-17 20:53:07+00:00,Tuesday,20
153fa405-96e6-11ed-90fb-78ac4409ff3c,https://www.chess.com/game/live/67753927405,2023-01-18 04:10:56+00:00,rapid,600,True,black,michaelantolakis,715,551,164,win,Resignation,C21,Center Game,Center Game,40,20,e5,False,,,2023-01-18 07:10:56+00:00,Wednesday,7
1edaf047-96e7-11ed-90fb-78ac4409ff3c,https://www.chess.com/game/live/67754484793,2023-01-18 04:18:19+00:00,rapid,600,True,white,Rishyrish,706,698,8,loss,Abandoned,C20,Kings Pawn Opening 1...e5,Kings Pawn Opening,36,18,e4,False,,,2023-01-18 07:18:19+00:00,Wednesday,7
dd430b64-9711-11ed-90fb-78ac4409ff3c,https://www.chess.com/game/live/67773023245,2023-01-18 09:24:26+00:00,rapid,600,True,white,chespronoob132,710,480,230,win,Checkmate,C20,Kings Pawn Opening 1...e5,Kings Pawn Opening,61,31,e4,True,kingside,9.0,2023-01-18 12:24:26+00:00,Wednesday,12
14fd49fb-9713-11ed-90fb-78ac4409ff3c,https://www.chess.com/game/live/67773214863,2023-01-18 09:33:15+00:00,rapid,600,True,black,chespronoob132,713,477,236,win,Checkmate,C23,Bishops Opening,Bishops Opening,8,4,e5,False,,,2023-01-18 12:33:15+00:00,Wednesday,12
417c9622-9713-11ed-90fb-78ac4409ff3c,https://www.chess.com/game/live/67773622897,2023-01-18 09:34:13+00:00,rapid,600,True,white,chespronoob132,716,474,242,win,Checkmate,C20,Kings Pawn Opening 1...e5,Kings Pawn Opening,7,4,e4,False,,,2023-01-18 12:34:13+00:00,Wednesday,12
85176958-9713-11ed-90fb-78ac4409ff3c,https://www.chess.com/game/live/67773665377,2023-01-18 09:36:18+00:00,rapid,600,True,black,chespronoob132,703,487,216,loss,Checkmate,C20,Bishops Opening Boi Variation 3.Nf3,Bishops Opening Boi Variation,79,40,e5,False,,,2023-01-18 12:36:18+00:00,Wednesday,12
d57c6529-9715-11ed-90fb-78ac4409ff3c,https://www.chess.com/game/live/67774415911,2023-01-18 09:52:45+00:00,rapid,600,True,white,chespronoob132,691,499,192,loss,Checkmate,C20,Kings Pawn Opening 1...e5,Kings Pawn Opening,48,24,e4,True,kingside,9.0,2023-01-18 12:52:45+00:00,Wednesday,12
516b4600-9717-11ed-90fb-78ac4409ff3c,https://www.chess.com/game/live/67775030009,2023-01-18 10:03:19+00:00,rapid,600,True,black,chespronoob132,679,511,168,loss,Checkmate,C20,Kings Pawn Opening 1...e5,Kings Pawn Opening,21,11,e5,False,,,2023-01-18 13:03:19+00:00,Wednesday,13
f847bb0e-9758-11ed-90fb-78ac4409ff3c,https://www.chess.com/game/live/67803347653,2023-01-18 17:53:14+00:00,rapid,600,True,white,huyanhhh,673,784,-111,loss,Checkmate,C20,Kings Pawn Opening 1...e5,Kings Pawn Opening,34,17,e4,False,,,2023-01-18 20:53:14+00:00,Wednesday,20
767313ca-9759-11ed-90fb-78ac4409ff3c,https://www.chess.com/game/live/67803719961,2023-01-18 17:56:47+00:00,rapid,600,True,black,ViProdozadrez,667,779,-112,loss,Abandoned,C40,Kings Pawn Opening Kings Knight Variation,Kings Pawn Opening Kings Knight Variation,29,15,e5,False,,,2023-01-18 20:56:47+00:00,Wednesday,20
9bde3c15-9764-11ed-90fb-78ac4409ff3c,https://www.chess.com/game/live/67808510539,2023-01-18 19:16:34+00:00,rapid,600,True,white,iliasgkoumanis,674,572,102,win,Resignation,B00,Nimzowitsch Defense,Nimzowitsch Defense,45,23,e4,False,,,2023-01-18 22:16:34+00:00,Wednesday,22
85dcbb65-9765-11ed-90fb-78ac4409ff3c,https://www.chess.com/game/live/67808731975,2023-01-18 19:23:05+00:00,rapid,600,True,black,The_SplashKING,681,614,67,win,Resignation,C40,Kings Pawn Opening Kings Knight Variation,Kings Pawn Opening Kings Knight Variation,11,6,e5,False,,,2023-01-18 22:23:05+00:00,Wednesday,22
ba0a1f61-9765-11ed-90fb-78ac4409ff3c,https://www.chess.com/game/live/67809042215,2023-01-18 19:24:32+00:00,rapid,600,True,black,IsamudinB,671,611,60,loss,Checkmate,A00,Van t Kruijs Opening 1...e5,Van t Kruijs Opening,19,10,e5,True,kingside,6.0,2023-01-18 22:24:32+00:00,Wednesday,22
01d9c2be-9766-11ed-90fb-78ac4409ff3c,https://www.chess.com/game/live/67809110799,2023-01-18 19:26:36+00:00,rapid,600,True,white,Zomxie,679,633,46,win,Checkmate,C20,Kings Pawn Opening 1...e5,Kings Pawn Opening,51,26,e4,False,,,2023-01-18 22:26:36+00:00,Wednesday,22
ed7f3ac0-9766-11ed-90fb-78ac4409ff3c,https://www.chess.com/game/live/67809334539,2023-01-18 19:33:16+00:00,rapid,600,True,black,camaron7704,685,586,99,win,Checkmate,C40,Kings Pawn Opening Kings Knight Variation,Kings Pawn Opening Kings Knight Variation,56,28,e5,False,,,2023-01-18 22:33:16+00:00,Wednesday,22
4c41699c-97c5-11ed-90fb-78ac4409ff3c,https://www.chess.com/game/live/67849895959,2023-01-19 06:48:42+00:00,rapid,600,True,white,chespronoob132,674,537,137,loss,Resignation,C20,Kings Pawn Opening 1...e5,Kings Pawn Opening,12,6,e4,False,,,2023-01-19 09:48:42+00:00,Thursday,9
8b3e987b-97c5-11ed-90fb-78ac4409ff3c,https://www.chess.com/game/live/67849927007,2023-01-19 06:50:27+00:00,rapid,600,True,black,Kuyamarty,668,775,-107,loss,Checkmate,C40,Kings Pawn Opening Kings Knight Variation,Kings Pawn Opening Kings Knight Variation,11,6,e5,False,,,2023-01-19 09:50:27+00:00,Thursday,9
ba06631a-97c7-11ed-90fb-78ac4409ff3c,https://www.chess.com/game/live/67851052653,2023-01-19 07:06:20+00:00,rapid,600,True,white,chespronoob132,673,532,141,win,Checkmate,A02,Birds Opening Froms Gambit 2.fxe5,Birds Opening Froms Gambit,41,21,f4,False,,,2023-01-19 10:06:20+00:00,Thursday,10
df60ce6a-97c8-11ed-90fb-78ac4409ff3c,https://www.chess.com/game/live/67851620921,2023-01-19 07:14:18+00:00,rapid,600,True,black,chespronoob132,678,527,151,win,Resignation,C23,Bishops Opening,Bishops Opening,36,18,e5,False,,,2023-01-19 10:14:18+00:00,Thursday,10
df204d7d-97c9-11ed-90fb-78ac4409ff3c,https://www.chess.com/game/live/67851750735,2023-01-19 07:21:30+00:00,rapid,600,True,white,chespronoob132,667,538,129,loss,Checkmate,C20,Kings Pawn Opening 1...e5,Kings Pawn Opening,48,24,e4,True,kingside,18.0,2023-01-19 10:21:30+00:00,Thursday,10
1acce17c-97db-11ed-90fb-78ac4409ff3c,https://www.chess.com/game/live/67859435585,2023-01-19 09:24:52+00:00,rapid,600,True,black,davidolmos2,657,614,43,loss,Resignation,C20,Kings Pawn Opening 1...e5,Kings Pawn Opening,85,43,e5,True,kingside,14.0,2023-01-19 12:24:52+00:00,Thursday,12
ee2db59d-97f8-11ed-bcea-78ac4409ff3c,https://www.chess.com/game/live/67872168973,2023-01-19 12:58:31+00:00,rapid,600,True,white,dumzik,649,688,-39,loss,Checkmate,C20,Kings Pawn Opening 1...e5,Kings Pawn Opening,84,42,e4,True,queenside,12.0,2023-01-19 15:58:31+00:00,Thursday,15
523d991e-97fa-11ed-bcea-78ac4409ff3c,https://www.chess.com/game/live/67872775341,2023-01-19 13:08:17+00:00,rapid,600,True,black,0Cel,647,572,75,draw,Stalemate,C20,Kings Pawn Opening 1...e5,Kings Pawn Opening,90,45,e5,True,queenside,15.0,2023-01-19 16:08:17+00:00,Thursday,16
849c3b49-97fb-11ed-bcea-78ac4409ff3c,https://www.chess.com/game/live/67873335133,2023-01-19 13:16:47+00:00,rapid,600,True,black,KubciLand,655,629,26,win,Abandoned,C20,Kings Pawn Opening 1...e5,Kings Pawn Opening,16,8,e5,False,,,2023-01-19 16:16:47+00:00,Thursday,16
1e7e26e7-97fc-11ed-bcea-78ac4409ff3c,https://www.chess.com/game/live/67873462785,2023-01-19 13:21:07+00:00,rapid,600,True,black,Moonsef,648,692,-44,loss,Checkmate,C20,Bishops Opening Boi Variation 3.Nf3,Bishops Opening Boi Variation,45,23,e5,True,kingside,11.0,2023-01-19 16:21:07+00:00,Thursday,16
d8e8a014-97fc-11ed-bcea-78ac4409ff3c,https://www.chess.com/game/live/67873922567,2023-01-19 13:26:17+00:00,rapid,600,True,white,LustoYuriy,656,634,22,win,Checkmate,C20,Kings Pawn Opening 1...e5,Kings Pawn Opening,11,6,e4,False,,,2023-01-19 16:26:17+00:00,Thursday,16
00c7fe1e-97fd-11ed-bcea-78ac4409ff3c,https://www.chess.com/game/live/67873956505,2023-01-19 13:27:29+00:00,rapid,600,True,white,iwillgetyah,649,694,-45,loss,Resignation,C20,Kings Pawn Opening 1...e5,Kings Pawn Opening,30,15,e4,False,,,2023-01-19 16:27:29+00:00,Thursday,16
916811ce-97fd-11ed-bcea-78ac4409ff3c,https://www.chess.com/game/live/67874077289,2023-01-19 13:31:35+00:00,rapid,600,True,white,tostbrott,641,653,-12,loss,Timeout,B00,Nimzowitsch Defense Declined 2...d5 3.exd5 Qxd5 4.Nc3,Nimzowitsch Defense Declined,82,41,e4,True,kingside,8.0,2023-01-19 16:31:35+00:00,Thursday,16
4de03988-981c-11ed-bcea-78ac4409ff3c,https://www.chess.com/game/live/67887297571,2023-01-19 17:11:34+00:00,rapid,600,True,black,Rohith_Gummaraju,635,728,-93,loss,Checkmate,C20,Kings Pawn Opening 1...e5,Kings Pawn Opening,49,25,e5,False,,,2023-01-19 20:11:34+00:00,Thursday,20
3aa9230d-981d-11ed-bcea-78ac4409ff3c,https://www.chess.com/game/live/67887787013,2023-01-19 17:18:20+00:00,rapid,600,True,black,dungnho,633,565,68,draw,Stalemate,A40,Englund Gambit Mosquito Gambit,Englund Gambit Mosquito Gambit,87,44,e5,False,,,2023-01-19 20:18:20+00:00,Thursday,20
26fa2812-981f-11ed-bcea-78ac4409ff3c,https://www.chess.com/game/live/67888515593,2023-01-19 17:32:11+00:00,rapid,600,True,white,manas0704,633,648,-15,draw,Repetition,C20,Kings Pawn Opening 1...e5,Kings Pawn Opening,192,96,e4,True,queenside,11.0,2023-01-19 20:32:11+00:00,Thursday,20
52f57984-982e-11ed-bcea-78ac4409ff3c,https://www.chess.com/game/live/67895072269,2023-01-19 19:20:27+00:00,rapid,600,True,white,guiavalido,640,543,97,win,Checkmate,C20,Kings Pawn Opening 1...e5,Kings Pawn Opening,19,10,e4,False,,,2023-01-19 22:20:27+00:00,Thursday,22
9e0a5c08-982e-11ed-bcea-78ac4409ff3c,https://www.chess.com/game/live/67895142731,2023-01-19 19:22:36+00:00,rapid,600,True,white,DeathStalker8ij,649,582,67,win,Resignation,C20,Kings Pawn Opening 1...e5,Kings Pawn Opening,27,14,e4,False,,,2023-01-19 22:22:36+00:00,Thursday,22
3d0ab4fc-982f-11ed-bcea-78ac4409ff3c,https://www.chess.com/game/live/67895551695,2023-01-19 19:27:05+00:00,rapid,600,True,black,TAU701,642,691,-49,loss,Checkmate,C40,Kings Pawn Opening Kings Knight Variation,Kings Pawn Opening Kings Knight Variation,21,11,e5,False,,,2023-01-19 22:27:05+00:00,Thursday,22
05e4fd24-9897-11ed-bcea-78ac4409ff3c,https://www.chess.com/game/live/67939979203,2023-01-20 07:49:57+00:00,rapid,600,True,white,Plachcio,652,661,-9,win,Checkmate,C25,Vienna Game Max Lange Defense 3.Bc4 Nf6,Vienna Game Max Lange Defense,71,36,e4,True,kingside,9.0,2023-01-20 10:49:57+00:00,Friday,10
ab7b16dc-98b0-11ed-bcea-78ac4409ff3c,https://www.chess.com/game/live/67950893463,2023-01-20 10:53:34+00:00,rapid,600,True,black,Rayke045,643,738,-95,loss,Checkmate,A00,Grob Opening Grob Gambit with 2 Bg2,Grob Opening Grob Gambit with,103,52,e5,True,kingside,7.0,2023-01-20 13:53:34+00:00,Friday,13
973c1e27-98b7-11ed-bcea-78ac4409ff3c,https://www.chess.com/game/live/67953895799,2023-01-20 11:43:05+00:00,rapid,600,True,black,LtrlMe,652,664,-12,win,Resignation,C40,Kings Pawn Opening Kings Knight Variation,Kings Pawn Opening Kings Knight Variation,27,14,e5,False,,,2023-01-20 14:43:05+00:00,Friday,14
1312d8cf-98b8-11ed-bcea-78ac4409ff3c,https://www.chess.com/game/live/67954323863,2023-01-20 11:46:32+00:00,rapid,600,True,black,albingill,644,738,-94,loss,Checkmate,A40,Englund Gambit,Englund Gambit,43,22,e5,True,kingside,14.0,2023-01-20 14:46:32+00:00,Friday,14
b6e3a550-98b8-11ed-bcea-78ac4409ff3c,https://www.chess.com/game/live/67954447593,2023-01-20 11:51:06+00:00,rapid,600,True,white,strahinja220507,650,540,110,win,Checkmate,C20,Kings Pawn Opening 1...e5,Kings Pawn Opening,23,12,e4,True,kingside,5.0,2023-01-20 14:51:06+00:00,Friday,14
2283389c-98b9-11ed-bcea-78ac4409ff3c,https://www.chess.com/game/live/67954529057,2023-01-20 11:54:07+00:00,rapid,600,True,black,DeclanB06,659,633,26,win,Checkmate,A00,Unclassified,Unclassified,14,7,e5,False,,,2023-01-20 14:54:07+00:00,Friday,14
5d82fb45-98b9-11ed-bcea-78ac4409ff3c,https://www.chess.com/game/live/67954902679,2023-01-20 11:55:46+00:00,rapid,600,True,black,adnana1022,669,705,-36,win,Checkmate,C25,Vienna Game,Vienna Game,14,7,e5,False,,,2023-01-20 14:55:46+00:00,Friday,14
9758bbf5-98b9-11ed-bcea-78ac4409ff3c,https://www.chess.com/game/live/67954945663,2023-01-20 11:57:43+00:00,rapid,600,True,white,torsteinbo,662,738,-76,loss,Checkmate,C20,Kings Pawn Opening 1...e5,Kings Pawn Opening,98,49,e4,False,,,2023-01-20 14:57:43+00:00,Friday,14
fc92f0dd-98ee-11ed-bcea-78ac4409ff3c,https://www.chess.com/game/live/67977845607,2023-01-20 18:19:54+00:00,rapid,600,True,black,skateboardings,651,548,103,loss,Checkmate,C23,Bishops Opening,Bishops Opening,97,49,e5,False,,,2023-01-20 21:19:54+00:00,Friday,21
a1bd679a-9963-11ed-bcea-78ac4409ff3c,https://www.chess.com/game/live/68028070239,2023-01-21 08:14:47+00:00,rapid,600,True,white,eleni121,644,688,-44,loss,Resignation,B01,Scandinavian Defense Mieses Kotrc Variation 3.Nc3 Qd8 4.Bc4,Scandinavian Defense Mieses Kotrc Variation,58,29,e4,False,,,2023-01-21 11:14:47+00:00,Saturday,11
91bc27e6-9964-11ed-bcea-78ac4409ff3c,https://www.chess.com/game/live/68028194413,2023-01-21 08:21:16+00:00,rapid,600,True,white,lekelekelulu,653,660,-7,win,Resignation,C20,Kings Pawn Opening 1...e5,Kings Pawn Opening,15,8,e4,False,,,2023-01-21 11:21:16+00:00,Saturday,11
e828dfb5-998b-11ed-bcea-78ac4409ff3c,https://www.chess.com/game/live/68045091373,2023-01-21 13:02:54+00:00,rapid,600,True,white,goats1234567,661,640,21,win,Resignation,B01,Scandinavian Defense Mieses Kotrc Variation 3.Nc3 Qe5 4.Be2,Scandinavian Defense Mieses Kotrc Variation,73,37,e4,True,kingside,12.0,2023-01-21 16:02:54+00:00,Saturday,16
bb728935-998c-11ed-bcea-78ac4409ff3c,https://www.chess.com/game/live/68045584527,2023-01-21 13:08:48+00:00,rapid,600,True,black,jaaack_w,653,649,4,loss,Resignation,C25,Vienna Game,Vienna Game,13,7,e5,False,,,2023-01-21 16:08:48+00:00,Saturday,16
ec097fe6-998c-11ed-bcea-78ac4409ff3c,https://www.chess.com/game/live/68045621069,2023-01-21 13:10:14+00:00,rapid,600,True,black,Haadi09_23,661,654,7,win,Resignation,C25,Vienna Game Anderssen Defense 3.Nf3,Vienna Game Anderssen Defense,26,13,e5,True,kingside,6.0,2023-01-21 16:10:14+00:00,Saturday,16
e31957a9-999c-11ed-bcea-78ac4409ff3c,https://www.chess.com/game/live/68052369721,2023-01-21 15:04:38+00:00,rapid,600,True,white,jaoxadrez0,655,747,-92,loss,Abandoned,C20,Kings Pawn Opening 1...e5,Kings Pawn Opening,90,45,e4,True,kingside,15.0,2023-01-21 18:04:38+00:00,Saturday,18
5c638eb4-9a46-11ed-bcea-78ac4409ff3c,https://www.chess.com/game/live/68125345757,2023-01-22 11:17:40+00:00,rapid,600,True,black,Samyyag,662,613,49,win,Timeout,A00,Van t Kruijs Opening 1...e5,Van t Kruijs Opening,50,25,e5,False,,,2023-01-22 14:17:40+00:00,Sunday,14
762dc788-9a56-11ed-bcea-78ac4409ff3c,https://www.chess.com/game/live/68132103913,2023-01-22 13:12:49+00:00,rapid,600,True,white,vladimirbadjorov,671,704,-33,win,Checkmate,C20,Kings Pawn Opening 1...e5,Kings Pawn Opening,7,4,e4,False,,,2023-01-22 16:12:49+00:00,Sunday,16
c734e230-9a56-11ed-bcea-78ac4409ff3c,https://www.chess.com/game/live/68132485167,2023-01-22 13:15:15+00:00,rapid,600,True,black,Laithwm,673,338,335,win,Checkmate,A40,Englund Gambit,Englund Gambit,66,33,e5,True,queenside,20.0,2023-01-22 16:15:15+00:00,Sunday,16
fa26c395-9a57-11ed-bcea-78ac4409ff3c,https://www.chess.com/game/live/68132729689,2023-01-22 13:23:43+00:00,rapid,600,True,white,Laithwm,675,336,339,win,Checkmate,B02,Alekhines Defense,Alekhines Defense,7,4,e4,False,,,2023-01-22 16:23:43+00:00,Sunday,16
0e9d1b46-9a58-11ed-bcea-78ac4409ff3c,https://www.chess.com/game/live/68132746247,2023-01-22 13:24:26+00:00,rapid,600,True,black,Laithwm,661,350,311,loss,Checkmate,A40,Englund Gambit 2.dxe5,Englund Gambit,95,48,e5,True,kingside,17.0,2023-01-22 16:24:26+00:00,Sunday,16
3c83a31a-9a59-11ed-bcea-78ac4409ff3c,https://www.chess.com/game/live/68133305059,2023-01-22 13:32:58+00:00,rapid,600,True,white,Laithwm,663,348,315,win,Checkmate,B02,Alekhines Defense,Alekhines Defense,47,24,e4,False,,,2023-01-22 16:32:58+00:00,Sunday,16
5e3d1959-9a5a-11ed-bcea-78ac4409ff3c,https://www.chess.com/game/live/68133852585,2023-01-22 13:40:53+00:00,rapid,600,True,black,Laithwm,665,346,319,win,Abandoned,A40,Englund Gambit,Englund Gambit,8,4,e5,False,,,2023-01-22 16:40:53+00:00,Sunday,16
722e11a6-9aa0-11ed-bcea-78ac4409ff3c,https://www.chess.com/game/live/68163893453,2023-01-22 22:02:25+00:00,rapid,600,True,white,Quodmetuid,672,604,68,win,Checkmate,B01,Scandinavian Defense 2.exd5 e5 3.dxe6,Scandinavian Defense,23,12,e4,False,,,2023-01-23 01:02:25+00:00,Monday,1
962af2dd-9ad2-11ed-bcea-78ac4409ff3c,https://www.chess.com/game/live/68185387375,2023-01-23 04:01:29+00:00,rapid,600,True,white,JMcDonnell1017,681,708,-27,win,Checkmate,B07,Pirc Defense 2.Bc4,Pirc Defense,53,27,e4,True,kingside,12.0,2023-01-23 07:01:29+00:00,Monday,7
4c24a489-9b42-11ed-bcea-78ac4409ff3c,https://www.chess.com/game/live/68233499879,2023-01-23 17:21:08+00:00,rapid,600,True,black,parsabahman,691,731,-40,win,Abandoned,C45,Scotch Game 3...exd4,Scotch Game,86,43,e5,True,queenside,19.0,2023-01-23 20:21:08+00:00,Monday,20
8cff9f71-9b43-11ed-bcea-78ac4409ff3c,https://www.chess.com/game/live/68234063577,2023-01-23 17:30:25+00:00,rapid,600,True,white,Synsepalowiec,685,768,-83,loss,Checkmate,C20,Kings Pawn Opening 1...e5,Kings Pawn Opening,156,78,e4,True,kingside,7.0,2023-01-23 20:30:25+00:00,Monday,20
609e106b-9b94-11ed-bcea-78ac4409ff3c,https://www.chess.com/game/live/68268745395,2023-01-24 03:08:32+00:00,rapid,600,True,black,BateNiki15,678,758,-80,loss,Abandoned,C40,Kings Pawn Opening Kings Knight Variation,Kings Pawn Opening Kings Knight Variation,27,14,e5,False,,,2023-01-24 06:08:32+00:00,Tuesday,6
242af686-9bb3-11ed-bcea-78ac4409ff3c,https://www.chess.com/game/live/68281947363,2023-01-24 06:48:47+00:00,rapid,600,True,white,Baseball2729,687,702,-15,win,Checkmate,C20,Kings Pawn Opening 1...e5,Kings Pawn Opening,13,7,e4,False,,,2023-01-24 09:48:47+00:00,Tuesday,9
69260b4c-9bb5-11ed-bcea-78ac4409ff3c,https://www.chess.com/game/live/68283078369,2023-01-24 07:05:03+00:00,rapid,600,True,white,SkySky13,694,535,159,win,Abandoned,B07,Pirc Defense 2.Bc4,Pirc Defense,15,8,e4,False,,,2023-01-24 10:05:03+00:00,Tuesday,10
f856fe76-9bb5-11ed-bcea-78ac4409ff3c,https://www.chess.com/game/live/68283154311,2023-01-24 07:09:04+00:00,rapid,600,True,black,mdazizurrahmansiddiqui,687,749,-62,loss,Checkmate,C20,Bishops Opening Boi Variation,Bishops Opening Boi Variation,27,14,e5,True,kingside,5.0,2023-01-24 10:09:04+00:00,Tuesday,10
cda26b68-9bb6-11ed-bcea-78ac4409ff3c,https://www.chess.com/game/live/68283677807,2023-01-24 07:15:12+00:00,rapid,600,True,black,pheonic098,679,749,-70,loss,Checkmate,C25,Vienna Game,Vienna Game,53,27,e5,True,kingside,9.0,2023-01-24 10:15:12+00:00,Tuesday,10
4361568b-9bbd-11ed-bcea-78ac4409ff3c,https://www.chess.com/game/live/68286209901,2023-01-24 08:01:14+00:00,rapid,600,True,black,JacksonOro,685,590,95,win,Checkmate,C20,Kings Pawn Opening 1...e5,Kings Pawn Opening,26,13,e5,False,,,2023-01-24 11:01:14+00:00,Tuesday,11
c4ef0e7e-9bcf-11ed-bcea-78ac4409ff3c,https://www.chess.com/game/live/68294099233,2023-01-24 10:13:42+00:00,rapid,600,True,black,Shnorpus,695,557,138,win,Checkmate,C20,Kings Pawn Opening Leonardis Variation,Kings Pawn Opening Leonardis Variation,8,4,e5,False,,,2023-01-24 13:13:42+00:00,Tuesday,13
ed1b544c-9bcf-11ed-bcea-78ac4409ff3c,https://www.chess.com/game/live/68294476281,2023-01-24 10:14:50+00:00,rapid,600,True,white,RitzNero,701,600,101,win,Checkmate,C20,Kings Pawn Opening 1...e5,Kings Pawn Opening,11,6,e4,False,,,2023-01-24 13:14:50+00:00,Tuesday,13
3f4b5e59-9bd0-11ed-bcea-78ac4409ff3c,https://www.chess.com/game/live/68294534473,2023-01-24 10:17:27+00:00,rapid,600,True,white,Nipid999,707,612,95,win,Resignation,C20,Kings Pawn Opening 1...e5,Kings Pawn Opening,71,36,e4,True,kingside,9.0,2023-01-24 13:17:27+00:00,Tuesday,13
ee8b9b3e-9bd1-11ed-bcea-78ac4409ff3c,https://www.chess.com/game/live/68295186571,2023-01-24 10:29:18+00:00,rapid,600,True,white,Gender_Less,699,796,-97,loss,Abandoned,B20,Kings Pawn Opening Speers Variation,Kings Pawn Opening Speers Variation,44,22,e4,False,,,2023-01-24 13:29:18+00:00,Tuesday,13
228d06d3-9cd8-11ed-bcea-78ac4409ff3c,https://www.chess.com/game/live/68407925989,2023-01-25 17:46:14+00:00,rapid,600,True,white,kumpol3,691,777,-86,loss,Checkmate,C20,Kings Pawn Opening 1...e5,Kings Pawn Opening,80,40,e4,True,kingside,15.0,2023-01-25 20:46:14+00:00,Wednesday,20
1641e2dd-9cdf-11ed-bcea-78ac4409ff3c,https://www.chess.com/game/live/68410916609,2023-01-25 18:35:59+00:00,rapid,600,True,black,boydjenno,700,705,-5,win,Checkmate,C20,Kings Pawn Opening 1...e5,Kings Pawn Opening,78,39,e5,True,kingside,7.0,2023-01-25 21:35:59+00:00,Wednesday,21
5fc8417b-9ce0-11ed-bcea-78ac4409ff3c,https://www.chess.com/game/live/68411488397,2023-01-25 18:45:08+00:00,rapid,600,True,white,gdfklgdfjgldjgpfp,693,773,-80,loss,Checkmate,C20,Kings Pawn Opening 1...e5,Kings Pawn Opening,124,62,e4,True,kingside,11.0,2023-01-25 21:45:08+00:00,Wednesday,21
336b85f8-9ce2-11ed-bcea-78ac4409ff3c,https://www.chess.com/game/live/68412197457,2023-01-25 18:58:10+00:00,rapid,600,True,black,kainoatouhuni,701,700,1,win,Resignation,C20,Kings Pawn Opening 1...e5,Kings Pawn Opening,16,8,e5,True,kingside,4.0,2023-01-25 21:58:10+00:00,Wednesday,21
6cdae4dc-9ce2-11ed-bcea-78ac4409ff3c,https://www.chess.com/game/live/68412253133,2023-01-25 18:59:44+00:00,rapid,600,True,black,JMZ19,709,690,19,win,Checkmate,A40,Englund Gambit 2.dxe5,Englund Gambit,80,40,e5,True,queenside,21.0,2023-01-25 21:59:44+00:00,Wednesday,21
fd4ca0d7-9ce3-11ed-bcea-78ac4409ff3c,https://www.chess.com/game/live/68412894015,2023-01-25 19:10:57+00:00,rapid,600,True,black,WiktorBanan920,718,573,145,win,Checkmate,C25,Vienna Game Anderssen Defense,Vienna Game Anderssen Defense,8,4,e5,False,,,2023-01-25 22:10:57+00:00,Wednesday,22
166c3502-9ce4-11ed-bcea-78ac4409ff3c,https://www.chess.com/game/live/68412918687,2023-01-25 19:11:47+00:00,rapid,600,True,white,Vuksrbljanin,725,649,76,win,Checkmate,C20,Kings Pawn Opening 1...e5,Kings Pawn Opening,83,42,e4,False,,,2023-01-25 22:11:47+00:00,Wednesday,22
b276cd66-9ce4-11ed-bcea-78ac4409ff3c,https://www.chess.com/game/live/68413321377,2023-01-25 19:15:59+00:00,rapid,600,True,black,aleke12,718,755,-37,loss,Checkmate,A00,Van t Kruijs Opening 1...e5,Van t Kruijs Opening,29,15,e5,True,kingside,6.0,2023-01-25 22:15:59+00:00,Wednesday,22
21357aa0-9ce5-11ed-bcea-78ac4409ff3c,https://www.chess.com/game/live/68413430635,2023-01-25 19:19:09+00:00,rapid,600,True,white,sertancantepe,726,718,8,win,Checkmate,C20,Kings Pawn Opening 1...e5,Kings Pawn Opening,31,16,e4,True,kingside,13.0,2023-01-25 22:19:09+00:00,Wednesday,22
16c65d86-9dba-11ed-bcea-78ac4409ff3c,https://www.chess.com/game/live/68504791701,2023-01-26 20:43:45+00:00,rapid,600,True,white,Rom1978,736,794,-58,win,Resignation,C20,Kings Pawn Opening 1...e5,Kings Pawn Opening,94,47,e4,False,,,2023-01-26 23:43:45+00:00,Thursday,23
db984d1c-9dbb-11ed-bcea-78ac4409ff3c,https://www.chess.com/game/live/68505729081,2023-01-26 20:56:16+00:00,rapid,600,True,black,2RockStar2,730,844,-114,loss,Checkmate,C20,Bishops Opening Boi Variation 3.Nf3,Bishops Opening Boi Variation,31,16,e5,True,kingside,4.0,2023-01-26 23:56:16+00:00,Thursday,23
45439766-9e60-11ed-ab9a-78ac4409ff3c,https://www.chess.com/game/live/68576199497,2023-01-27 16:33:06+00:00,rapid,600,True,white,PapaBurk,740,758,-18,win,Checkmate,C20,Kings Pawn Opening 1...e5,Kings Pawn Opening,7,4,e4,False,,,2023-01-27 19:33:06+00:00,Friday,19
54d72c7e-9e60-11ed-ab9a-78ac4409ff3c,https://www.chess.com/game/live/68576216207,2023-01-27 16:33:37+00:00,rapid,600,True,black,PercaFluviatilis,733,947,-214,loss,Checkmate,C20,Kings Pawn Opening Leonardis Variation,Kings Pawn Opening Leonardis Variation,39,20,e5,True,queenside,13.0,2023-01-27 19:33:37+00:00,Friday,19
000cf9c7-9e61-11ed-ab9a-78ac4409ff3c,https://www.chess.com/game/live/68576620781,2023-01-27 16:38:20+00:00,rapid,600,True,white,DaBR0DY,739,654,85,win,Checkmate,C20,Kings Pawn Opening 1...e5,Kings Pawn Opening,21,11,e4,False,,,2023-01-27 19:38:20+00:00,Friday,19
468179a7-9e61-11ed-ab9a-78ac4409ff3c,https://www.chess.com/game/live/68576695259,2023-01-27 16:40:39+00:00,rapid,600,True,black,notdanny17,732,771,-39,loss,Checkmate,C40,Kings Pawn Opening Kings Knight Variation,Kings Pawn Opening Kings Knight Variation,99,50,e5,True,kingside,10.0,2023-01-27 19:40:39+00:00,Friday,19
83169c04-9e81-11ed-ab9a-78ac4409ff3c,https://www.chess.com/game/live/68590502853,2023-01-27 20:31:15+00:00,rapid,600,True,black,sherwan1989,725,944,-219,loss,Checkmate,C21,Center Game Accepted Kieseritzky Variation,Center Game Accepted Kieseritzky Variation,77,39,e5,True,kingside,13.0,2023-01-27 23:31:15+00:00,Friday,23
18fe59ad-9e83-11ed-ab9a-78ac4409ff3c,https://www.chess.com/game/live/68591150183,2023-01-27 20:42:26+00:00,rapid,600,True,white,CAGSM,732,691,41,win,Checkmate,C20,Kings Pawn Opening 1...e5,Kings Pawn Opening,15,8,e4,False,,,2023-01-27 23:42:26+00:00,Friday,23
53ca3ae9-9e83-11ed-ab9a-78ac4409ff3c,https://www.chess.com/game/live/68591206753,2023-01-27 20:44:10+00:00,rapid,600,True,black,masonkinzie,741,738,3,win,Checkmate,A04,Reti Opening,Reti Opening,90,45,e5,True,queenside,19.0,2023-01-27 23:44:10+00:00,Friday,23
b6512410-9eea-11ed-ab9a-78ac4409ff3c,https://www.chess.com/game/live/68635493353,2023-01-28 09:04:10+00:00,rapid,600,True,black,Chutiya_pawn,748,667,81,win,Checkmate,C20,Bishops Opening Boi Variation 3.Nc3,Bishops Opening Boi Variation,16,8,e5,False,,,2023-01-28 12:04:10+00:00,Saturday,12
1b0c5714-9eeb-11ed-ab9a-78ac4409ff3c,https://www.chess.com/game/live/68635938645,2023-01-28 09:07:14+00:00,rapid,600,True,white,royanhudaya,747,701,46,draw,Insufficient material,B00,Nimzowitsch Defense,Nimzowitsch Defense,111,56,e4,False,,,2023-01-28 12:07:14+00:00,Saturday,12
190fb746-9f00-11ed-ab9a-78ac4409ff3c,https://www.chess.com/game/live/68644956481,2023-01-28 11:37:12+00:00,rapid,600,True,white,newdiwaso,757,824,-67,win,Resignation,B01,Scandinavian Defense Mieses Kotrc Gubinsky Melts Defense,Scandinavian Defense Mieses Kotrc Gubinsky Melts Defense,15,8,e4,False,,,2023-01-28 14:37:12+00:00,Saturday,14
798f3d0a-9f00-11ed-ab9a-78ac4409ff3c,https://www.chess.com/game/live/68645031497,2023-01-28 11:39:57+00:00,rapid,600,True,black,iLordRyk,765,748,17,win,Resignation,A40,Englund Gambit 2.dxe5,Englund Gambit,54,27,e5,True,kingside,16.0,2023-01-28 14:39:57+00:00,Saturday,14
95d4861e-9f01-11ed-ab9a-78ac4409ff3c,https://www.chess.com/game/live/68645575105,2023-01-28 11:47:51+00:00,rapid,600,True,white,vrtxChrome,774,812,-38,win,Checkmate,C20,Kings Pawn Opening 1...e5,Kings Pawn Opening,7,4,e4,False,,,2023-01-28 14:47:51+00:00,Saturday,14
a55ea48a-9f01-11ed-ab9a-78ac4409ff3c,https://www.chess.com/game/live/68645587157,2023-01-28 11:48:41+00:00,rapid,600,True,black,JAHIIN,780,670,110,win,Checkmate,C21,Center Game Accepted 3.Qxd4,Center Game Accepted,94,47,e5,True,kingside,12.0,2023-01-28 14:48:41+00:00,Saturday,14
e0f49653-9f02-11ed-ab9a-78ac4409ff3c,https://www.chess.com/game/live/68646154881,2023-01-28 11:57:07+00:00,rapid,600,True,white,christianverrel,786,650,136,win,Resignation,C00,French Defense,French Defense,7,4,e4,False,,,2023-01-28 14:57:07+00:00,Saturday,14
054b6a3e-9f03-11ed-ab9a-78ac4409ff3c,https://www.chess.com/game/live/68646183163,2023-01-28 11:58:20+00:00,rapid,600,True,white,ZeusTrap1,792,702,90,win,Checkmate,C20,Kings Pawn Opening 1...e5,Kings Pawn Opening,51,26,e4,True,kingside,7.0,2023-01-28 14:58:20+00:00,Saturday,14
351b002e-9f2d-11ed-ab9a-78ac4409ff3c,https://www.chess.com/game/live/68664274857,2023-01-28 17:00:29+00:00,rapid,600,True,white,krisantonio,800,791,9,win,Checkmate,B01,Scandinavian Defense Mieses Kotrc Main Line 4.Bc4,Scandinavian Defense Mieses Kotrc Main Line,109,55,e4,True,queenside,8.0,2023-01-28 20:00:29+00:00,Saturday,20
8f35c11b-9f2e-11ed-ab9a-78ac4409ff3c,https://www.chess.com/game/live/68664864495,2023-01-28 17:09:49+00:00,rapid,600,True,black,ehhwhateve,794,890,-96,loss,Checkmate,A00,Unclassified,Unclassified,35,18,e5,True,kingside,8.0,2023-01-28 20:09:49+00:00,Saturday,20
00582896-9f54-11ed-ab9a-78ac4409ff3c,https://www.chess.com/game/live/68680984323,2023-01-28 21:37:48+00:00,rapid,600,True,black,evilosul,800,699,101,win,Abandoned,A40,Englund Gambit,Englund Gambit,14,7,e5,False,,,2023-01-29 00:37:48+00:00,Sunday,0
7307bf39-9f54-11ed-ab9a-78ac4409ff3c,https://www.chess.com/game/live/68681084545,2023-01-28 21:40:59+00:00,rapid,600,True,white,erook03,807,745,62,win,Resignation,B01,Scandinavian Defense Mieses Kotrc Main Line 4.Bc4 c6,Scandinavian Defense Mieses Kotrc Main Line,28,14,e4,False,,,2023-01-29 00:40:59+00:00,Sunday,0
e6aeae2e-9f54-11ed-ab9a-78ac4409ff3c,https://www.chess.com/game/live/68681185859,2023-01-28 21:44:34+00:00,rapid,600,True,black,DaviChessPlayer,800,881,-81,loss,Checkmate,C40,Kings Pawn Opening Kings Knight Variation,Kings Pawn Opening Kings Knight Variation,111,56,e5,True,kingside,14.0,2023-01-29 00:44:34+00:00,Sunday,0
875cab08-9f5f-11ed-ab9a-78ac4409ff3c,https://www.chess.com/game/live/68685843613,2023-01-28 23:00:22+00:00,rapid,600,True,black,behnam989898,807,740,67,win,Resignation,C45,Scotch Game Classical Variation 5.Be3 Qf6 6.c3 Nge7,Scotch Game Classical Variation,24,12,e5,False,,,2023-01-29 02:00:22+00:00,Sunday,2
082bac97-9f60-11ed-ab9a-78ac4409ff3c,https://www.chess.com/game/live/68685941567,2023-01-28 23:03:54+00:00,rapid,600,True,black,gxrdonxo,798,762,36,loss,Checkmate,C50,Giuoco Piano Game Giuoco Pianissimo Variation,Giuoco Piano Game Giuoco Pianissimo Variation,21,11,e5,False,,,2023-01-29 02:03:54+00:00,Sunday,2
62446646-9f60-11ed-ab9a-78ac4409ff3c,https://www.chess.com/game/live/68686335343,2023-01-28 23:06:28+00:00,rapid,600,True,white,RegentBulb,805,747,58,win,Timeout,C20,Kings Pawn Opening 1...e5,Kings Pawn Opening,143,72,e4,False,,,2023-01-29 02:06:28+00:00,Sunday,2
e6d4d2c7-9fce-11ed-ab9a-78ac4409ff3c,https://www.chess.com/game/live/68733769677,2023-01-29 12:17:47+00:00,rapid,600,True,black,Serik1704,797,814,-17,loss,Checkmate,A40,Englund Gambit 2.dxe5,Englund Gambit,151,76,e5,True,kingside,17.0,2023-01-29 15:17:47+00:00,Sunday,15
8b046c1e-9fd0-11ed-ab9a-78ac4409ff3c,https://www.chess.com/game/live/68734421287,2023-01-29 12:29:21+00:00,rapid,600,True,white,chessmanstan4,803,721,82,win,Abandoned,B01,Scandinavian Defense Mieses Kotrc Variation 3.Nc3 Qd8 4.Bc4,Scandinavian Defense Mieses Kotrc Variation,23,12,e4,False,,,2023-01-29 15:29:21+00:00,Sunday,15
e4d7436f-9fd0-11ed-ab9a-78ac4409ff3c,https://www.chess.com/game/live/68734495317,2023-01-29 12:31:59+00:00,rapid,600,True,white,AditSaraff,811,794,17,win,Resignation,B01,Scandinavian Defense Modern Variation,Scandinavian Defense Modern Variation,33,17,e4,True,kingside,11.0,2023-01-29 15:31:59+00:00,Sunday,15
2b462e75-9fda-11ed-ab9a-78ac4409ff3c,https://www.chess.com/game/live/68738595519,2023-01-29 13:38:26+00:00,rapid,600,True,white,Th3brongards,802,798,4,loss,Checkmate,B01,Scandinavian Defense Mieses Kotrc Variation 3.Nc3 Qe5,Scandinavian Defense Mieses Kotrc Variation,102,51,e4,False,,,2023-01-29 16:38:26+00:00,Sunday,16
caac0a3d-9fdb-11ed-ab9a-78ac4409ff3c,https://www.chess.com/game/live/68739247327,2023-01-29 13:50:12+00:00,rapid,600,True,white,Toman_gang_leader,794,804,-10,loss,Checkmate,C20,Kings Pawn Opening 1...e5,Kings Pawn Opening,88,44,e4,True,queenside,12.0,2023-01-29 16:50:12+00:00,Sunday,16
80017055-9fdd-11ed-ab9a-78ac4409ff3c,https://www.chess.com/game/live/68739919095,2023-01-29 14:02:15+00:00,rapid,600,True,black,sono7,803,730,73,win,Resignation,A00,Polish Opening 1...e5 2.Bb2,Polish Opening,42,21,e5,True,queenside,16.0,2023-01-29 17:02:15+00:00,Sunday,17
1b115dc2-a0ae-11ed-ab9a-78ac4409ff3c,https://www.chess.com/game/live/68829708313,2023-01-30 14:55:20+00:00,rapid,600,True,black,Tor723,810,765,45,win,Abandoned,C20,Kings Pawn Opening Leonardis Variation,Kings Pawn Opening Leonardis Variation,20,10,e5,False,,,2023-01-30 17:55:20+00:00,Monday,17
b5f3f193-a0ae-11ed-ab9a-78ac4409ff3c,https://www.chess.com/game/live/68829864347,2023-01-30 14:59:39+00:00,rapid,600,True,black,sofix_92,801,804,-3,loss,Checkmate,A40,Queens Pawn Opening Horwitz Defense,Queens Pawn Opening Horwitz Defense,41,21,e6,True,kingside,13.0,2023-01-30 17:59:39+00:00,Monday,17
b982b5e2-a0b1-11ed-ab9a-78ac4409ff3c,https://www.chess.com/game/live/68831126901,2023-01-30 15:21:22+00:00,rapid,600,True,white,Canchoreloj15,793,828,-35,loss,Checkmate,C20,Kings Pawn Opening 1...e5,Kings Pawn Opening,144,72,e4,True,kingside,12.0,2023-01-30 18:21:22+00:00,Monday,18
6d4c78a9-a110-11ed-ab9a-78ac4409ff3c,https://www.chess.com/game/live/68871781301,2023-01-31 02:39:10+00:00,rapid,600,True,black,jdl0972,802,820,-18,win,Resignation,C45,Scotch Game Scotch Gambit Haxo Sarratt Variation 5...Nh6,Scotch Game Scotch Gambit Haxo Sarratt Variation,74,37,e5,True,kingside,6.0,2023-01-31 05:39:10+00:00,Tuesday,5
dd67673c-a16a-11ed-9668-78ac4409ff3c,https://www.chess.com/game/live/68910570481,2023-01-31 13:26:40+00:00,rapid,600,True,black,Lkrisz,809,698,111,win,Checkmate,A00,Kings Fianchetto Opening 1...e5 2.Bg2,Kings Fianchetto Opening,92,46,e5,True,kingside,12.0,2023-01-31 16:26:40+00:00,Tuesday,16
c8171201-a189-11ed-9668-78ac4409ff3c,https://www.chess.com/game/live/68923845291,2023-01-31 17:07:55+00:00,rapid,600,True,white,x-1482928693,803,888,-85,loss,Resignation,C20,Kings Pawn Opening 1...e5,Kings Pawn Opening,72,36,e4,False,,,2023-01-31 20:07:55+00:00,Tuesday,20
e34e4702-a18a-11ed-9668-78ac4409ff3c,https://www.chess.com/game/live/68924365963,2023-01-31 17:15:43+00:00,rapid,600,True,black,shreyassaladi,810,720,90,win,Abandoned,C20,Bishops Opening Boi Variation,Bishops Opening Boi Variation,8,4,e5,False,,,2023-01-31 20:15:43+00:00,Tuesday,20
613d599f-a18b-11ed-9668-78ac4409ff3c,https://www.chess.com/game/live/68924730559,2023-01-31 17:19:14+00:00,rapid,600,True,white,jakeandbake28,817,723,94,win,Checkmate,B00,Nimzowitsch Defense,Nimzowitsch Defense,11,6,e4,False,,,2023-01-31 20:19:14+00:00,Tuesday,20
c532cc65-a18b-11ed-9668-78ac4409ff3c,https://www.chess.com/game/live/68924832385,2023-01-31 17:22:03+00:00,rapid,600,True,white,orsdoczi,826,831,-5,win,Checkmate,B00,Kings Pawn Opening,Kings Pawn Opening,7,4,e4,False,,,2023-01-31 20:22:03+00:00,Tuesday,20
f8f9a5fd-a18b-11ed-9668-78ac4409ff3c,https://www.chess.com/game/live/68924885503,2023-01-31 17:23:31+00:00,rapid,600,True,black,Uzeyir0104,835,837,-2,win,Resignation,C50,Giuoco Piano Game Four Knights Game,Giuoco Piano Game Four Knights Game,16,8,e5,True,kingside,5.0,2023-01-31 20:23:31+00:00,Tuesday,20
678f47b9-a18c-11ed-9668-78ac4409ff3c,https://www.chess.com/game/live/68924998693,2023-01-31 17:26:36+00:00,rapid,600,True,white,goldenseyn,844,828,16,win,Resignation,C24,Bishops Opening Berlin Defense,Bishops Opening Berlin Defense,17,9,e4,False,,,2023-01-31 20:26:36+00:00,Tuesday,20
b6070534-a18c-11ed-9668-78ac4409ff3c,https://www.chess.com/game/live/68925313659,2023-01-31 17:29:05+00:00,rapid,600,True,white,Cullan27,843,818,25,draw,Stalemate,C24,Bishops Opening Berlin Defense,Bishops Opening Berlin Defense,117,59,e4,True,queenside,16.0,2023-01-31 20:29:05+00:00,Tuesday,20
5ad268ad-a18e-11ed-9668-78ac4409ff3c,https://www.chess.com/game/live/68925976919,2023-01-31 17:40:33+00:00,rapid,600,True,black,BashSquared,834,809,25,loss,Checkmate,A00,Van Geet Opening Reversed Nimzowitsch Variation,Van Geet Opening Reversed Nimzowitsch Variation,21,11,e5,False,,,2023-01-31 20:40:33+00:00,Tuesday,20
4e0b0983-a246-11ed-8d9d-78ac4409ff3c,https://www.chess.com/game/live/69004953491,2023-02-01 15:38:09+00:00,rapid,600,True,white,yaksanth,827,900,-73,loss,Checkmate,B01,Scandinavian Defense Mieses Kotrc Variation 3.Nc3,Scandinavian Defense Mieses Kotrc Variation,164,82,e4,True,queenside,15.0,2023-02-01 18:38:09+00:00,Wednesday,18
2b829c03-a30f-11ed-8d9d-78ac4409ff3c,https://www.chess.com/game/live/69091269391,2023-02-02 15:35:13+00:00,rapid,600,True,black,TedSandyman,831,909,-78,loss,Checkmate,C50,Giuoco Piano Game Four Knights Game,Giuoco Piano Game Four Knights Game,45,23,e5,True,kingside,5.0,2023-02-02 18:35:13+00:00,Thursday,18
1905adcf-a310-11ed-8d9d-78ac4409ff3c,https://www.chess.com/game/live/69091508711,2023-02-02 15:41:48+00:00,rapid,600,True,black,HeSacrificedTheRook1,823,868,-45,loss,Checkmate,C40,Kings Pawn Opening Kings Knight Variation,Kings Pawn Opening Kings Knight Variation,53,27,e5,True,kingside,13.0,2023-02-02 18:41:48+00:00,Thursday,18
5fbbbabc-a321-11ed-8d9d-78ac4409ff3c,https://www.chess.com/game/live/69099083127,2023-02-02 17:45:31+00:00,rapid,600,True,black,Matnkia,831,794,37,win,Checkmate,C22,Center Game Accepted Normal Variation,Center Game Accepted Normal Variation,44,22,e5,True,queenside,20.0,2023-02-02 20:45:31+00:00,Thursday,20
0254a321-a322-11ed-8d9d-78ac4409ff3c,https://www.chess.com/game/live/69099251751,2023-02-02 17:50:11+00:00,rapid,600,True,white,Matnkia,822,803,19,loss,Checkmate,C20,Kings Pawn Opening 1...e5,Kings Pawn Opening,98,49,e4,False,,,2023-02-02 20:50:11+00:00,Thursday,20
c7046476-a323-11ed-8d9d-78ac4409ff3c,https://www.chess.com/game/live/69099950807,2023-02-02 18:02:43+00:00,rapid,600,True,white,aroussii,830,796,34,win,Checkmate,C24,Bishops Opening Berlin Defense,Bishops Opening Berlin Defense,15,8,e4,True,kingside,7.0,2023-02-02 21:02:43+00:00,Thursday,21
0ca0ad20-a324-11ed-8d9d-78ac4409ff3c,https://www.chess.com/game/live/69100252403,2023-02-02 18:04:40+00:00,rapid,600,True,black,692581xxx,839,849,-10,win,Resignation,C42,Petrovs Defense Classical Variation,Petrovs Defense Classical Variation,82,41,e5,False,,,2023-02-02 21:04:40+00:00,Thursday,21
2b467ac1-a325-11ed-8d9d-78ac4409ff3c,https://www.chess.com/game/live/69100548177,2023-02-02 18:12:42+00:00,rapid,600,True,black,jessie904,832,935,-103,loss,Resignation,A40,Englund Gambit 2.dxe5,Englund Gambit,16,8,e5,False,,,2023-02-02 21:12:42+00:00,Thursday,21
9a004829-a334-11ed-8d9d-78ac4409ff3c,https://www.chess.com/game/live/69107156389,2023-02-02 20:03:22+00:00,rapid,600,False,white,Laithwm,832,417,415,win,Resignation,B02,Alekhines Defense Scandinavian Variation 3.exd5 Nxd5,Alekhines Defense Scandinavian Variation,75,38,e4,False,,,2023-02-02 23:03:22+00:00,Thursday,23
6acea0f0-a39e-11ed-8d9d-78ac4409ff3c,https://www.chess.com/game/live/69152586193,2023-02-03 08:40:35+00:00,rapid,600,True,white,hoanchim,840,841,-1,win,Checkmate,B01,Scandinavian Defense Mieses Kotrc Variation 3.Nc3,Scandinavian Defense Mieses Kotrc Variation,27,14,e4,True,kingside,9.0,2023-02-03 11:40:35+00:00,Friday,11
d3a72505-a39e-11ed-8d9d-78ac4409ff3c,https://www.chess.com/game/live/69152659351,2023-02-03 08:43:30+00:00,rapid,600,True,white,Puska2,830,756,74,loss,Checkmate,C50,Italian Game,Italian Game,30,15,e4,True,kingside,5.0,2023-02-03 11:43:30+00:00,Friday,11
741416b2-a491-11ed-8eba-78ac4409ff3c,https://www.chess.com/game/live/69257169895,2023-02-04 13:40:35+00:00,rapid,600,True,white,hgofidcucvbvhnfyi,822,855,-33,loss,Checkmate,C55,Italian Game Two Knights Modern Bishops Opening,Italian Game Two Knights Modern Bishops Opening,136,68,e4,True,queenside,16.0,2023-02-04 16:40:35+00:00,Saturday,16
810fd75e-a493-11ed-8eba-78ac4409ff3c,https://www.chess.com/game/live/69257915149,2023-02-04 13:55:14+00:00,rapid,600,True,black,AaronVolt23,821,791,30,draw,Stalemate,A40,Englund Gambit 2.dxe5,Englund Gambit,107,54,e5,True,kingside,13.0,2023-02-04 16:55:14+00:00,Saturday,16
20b32762-a4d3-11ed-8eba-78ac4409ff3c,https://www.chess.com/game/live/69285376611,2023-02-04 21:30:48+00:00,rapid,600,True,black,antonio12369,829,800,29,win,Timeout,C28,Vienna Game Falkbeer Vienna Gambit,Vienna Game Falkbeer Vienna Gambit,50,25,e5,True,queenside,11.0,2023-02-05 00:30:48+00:00,Sunday,0
8b76676d-a4d7-11ed-8eba-78ac4409ff3c,https://www.chess.com/game/live/69287213177,2023-02-04 22:02:03+00:00,rapid,600,True,black,Ravandontcare,837,803,34,win,Resignation,C00,French Defense Knight Variation,French Defense Knight Variation,32,16,e6,False,,,2023-02-05 01:02:03+00:00,Sunday,1
272c01a9-a4d8-11ed-8eba-78ac4409ff3c,https://www.chess.com/game/live/69287336071,2023-02-04 22:06:31+00:00,rapid,600,True,white,TheGriffin3847,829,839,-10,loss,Checkmate,B01,Scandinavian Defense Mieses Kotrc Variation 3.Nc3 Qd8 4.Bc4,Scandinavian Defense Mieses Kotrc Variation,112,56,e4,False,,,2023-02-05 01:06:31+00:00,Sunday,1
aff577d3-a4e1-11ed-8eba-78ac4409ff3c,https://www.chess.com/game/live/69291483047,2023-02-04 23:14:39+00:00,rapid,600,True,white,Piwdis,837,806,31,win,Checkmate,C20,Kings Pawn Opening 1...e5,Kings Pawn Opening,37,19,e4,True,queenside,10.0,2023-02-05 02:14:39+00:00,Sunday,2
6481ddd6-a4e2-11ed-8eba-78ac4409ff3c,https://www.chess.com/game/live/69291948867,2023-02-04 23:19:41+00:00,rapid,600,True,white,LarsCamen,846,858,-12,win,Resignation,C20,Kings Pawn Opening 1...e5,Kings Pawn Opening,92,46,e4,False,,,2023-02-05 02:19:41+00:00,Sunday,2
c6c4ef8a-a4e3-11ed-8eba-78ac4409ff3c,https://www.chess.com/game/live/69292545975,2023-02-04 23:29:35+00:00,rapid,600,True,black,yyoookk,855,885,-30,win,Resignation,C20,Bishops Opening Boi Variation,Bishops Opening Boi Variation,32,16,e5,True,kingside,5.0,2023-02-05 02:29:35+00:00,Sunday,2
11c8023a-a53a-11ed-a6a1-78ac4409ff3c,https://www.chess.com/game/live/69329630353,2023-02-05 09:47:24+00:00,rapid,600,True,black,yousef1123476,847,859,-12,loss,Checkmate,C20,Kings Pawn Opening 1...e5,Kings Pawn Opening,53,27,e5,True,kingside,10.0,2023-02-05 12:47:24+00:00,Sunday,12
292aaf5e-a53b-11ed-a6a1-78ac4409ff3c,https://www.chess.com/game/live/69329829391,2023-02-05 09:55:12+00:00,rapid,600,True,white,f3rgxyuuudryu,857,918,-61,win,Checkmate,B01,Scandinavian Defense Mieses Kotrc Variation 3.Nc3,Scandinavian Defense Mieses Kotrc Variation,47,24,e4,True,queenside,15.0,2023-02-05 12:55:12+00:00,Sunday,12
16512236-a53c-11ed-a6a1-78ac4409ff3c,https://www.chess.com/game/live/69330344181,2023-02-05 10:01:51+00:00,rapid,600,True,black,Problade023,866,893,-27,win,Resignation,C42,Petrovs Defense Three Knights Game,Petrovs Defense Three Knights Game,48,24,e5,False,,,2023-02-05 13:01:51+00:00,Sunday,13
e2c78cb3-a53d-11ed-a6a1-78ac4409ff3c,https://www.chess.com/game/live/69331020499,2023-02-05 10:14:39+00:00,rapid,600,True,black,R2581367r,873,814,59,win,Resignation,C42,Petrovs Defense,Petrovs Defense,30,15,e5,True,kingside,5.0,2023-02-05 13:14:39+00:00,Sunday,13
b53973c3-a53e-11ed-a6a1-78ac4409ff3c,https://www.chess.com/game/live/69331515401,2023-02-05 10:20:44+00:00,rapid,600,True,white,Faraaz92,875,948,-73,draw,Stalemate,B01,Scandinavian Defense Mieses Kotrc Variation 3.Nc3,Scandinavian Defense Mieses Kotrc Variation,88,44,e4,True,kingside,16.0,2023-02-05 13:20:44+00:00,Sunday,13
67499bed-a54f-11ed-a6a1-78ac4409ff3c,https://www.chess.com/game/live/69338710951,2023-02-05 12:20:02+00:00,rapid,600,True,black,TinyBabushka,884,898,-14,win,Resignation,C21,Danish Gambit,Danish Gambit,95,48,e5,True,kingside,12.0,2023-02-05 15:20:02+00:00,Sunday,15
4342b5b7-a552-11ed-a6a1-78ac4409ff3c,https://www.chess.com/game/live/69339925641,2023-02-05 12:40:34+00:00,rapid,600,True,white,MonetThePianist,875,862,13,loss,Checkmate,B01,Scandinavian Defense Mieses Kotrc Variation 3.Nc3 Qd8 4.Bc4,Scandinavian Defense Mieses Kotrc Variation,52,26,e4,True,kingside,15.0,2023-02-05 15:40:34+00:00,Sunday,15
077ccae2-a557-11ed-a6a1-78ac4409ff3c,https://www.chess.com/game/live/69341854143,2023-02-05 13:14:39+00:00,rapid,600,True,black,amsozkzkdidnfjdjdbsbdjsn,882,828,54,win,Resignation,C42,Petrovs Defense Classical Variation,Petrovs Defense Classical Variation,22,11,e5,False,,,2023-02-05 16:14:39+00:00,Sunday,16
970247a2-a557-11ed-a6a1-78ac4409ff3c,https://www.chess.com/game/live/69342272313,2023-02-05 13:18:36+00:00,rapid,600,True,white,Anthy_q,873,850,23,loss,Checkmate,C57,Italian Game Knight Attack,Italian Game Knight Attack,48,24,e4,True,kingside,14.0,2023-02-05 16:18:36+00:00,Sunday,16
9c5d521e-a558-11ed-a6a1-78ac4409ff3c,https://www.chess.com/game/live/69342499523,2023-02-05 13:25:54+00:00,rapid,600,True,white,hkshd,863,793,70,loss,Checkmate,C47,Four Knights Game Italian Variation,Four Knights Game Italian Variation,28,14,e4,True,kingside,5.0,2023-02-05 16:25:54+00:00,Sunday,16
271e9015-a559-11ed-a6a1-78ac4409ff3c,https://www.chess.com/game/live/69342909679,2023-02-05 13:29:53+00:00,rapid,600,True,white,detox58,869,772,97,win,Resignation,C20,Kings Pawn Opening 1...e5,Kings Pawn Opening,67,34,e4,True,queenside,15.0,2023-02-05 16:29:53+00:00,Sunday,16
0f2bd0e2-a55b-11ed-a6a1-78ac4409ff3c,https://www.chess.com/game/live/69343625051,2023-02-05 13:43:30+00:00,rapid,600,True,black,DaniilKoziukanov,876,825,51,win,Resignation,C46,Three Knights Opening 3...Bc5,Three Knights Opening,42,21,e5,False,,,2023-02-05 16:43:30+00:00,Sunday,16
52c956f8-a565-11ed-a6a1-78ac4409ff3c,https://www.chess.com/game/live/69347950555,2023-02-05 14:56:59+00:00,rapid,600,True,white,StanoIsGoodAtChess,884,866,18,win,Checkmate,B20,Sicilian Defense,Sicilian Defense,49,25,e4,False,,,2023-02-05 17:56:59+00:00,Sunday,17
dd7066dd-a56e-11ed-a6a1-78ac4409ff3c,https://www.chess.com/game/live/69352115001,2023-02-05 16:05:24+00:00,rapid,600,True,white,Popodos,893,904,-11,win,Checkmate,C20,Kings Pawn Opening 1...e5,Kings Pawn Opening,99,50,e4,True,kingside,17.0,2023-02-05 19:05:24+00:00,Sunday,19
aa3c92aa-a570-11ed-a6a1-78ac4409ff3c,https://www.chess.com/game/live/69353060713,2023-02-05 16:18:13+00:00,rapid,600,True,black,xaelou,899,787,112,win,Resignation,A40,Englund Gambit,Englund Gambit,54,27,e5,True,kingside,21.0,2023-02-05 19:18:13+00:00,Sunday,19
3af27f87-a618-11ed-a6a1-78ac4409ff3c,https://www.chess.com/game/live/69425040223,2023-02-06 12:17:57+00:00,rapid,600,True,black,Luuk_D,900,942,-42,draw,Stalemate,C23,Bishops Opening 2...Nc6,Bishops Opening,115,58,e5,True,kingside,5.0,2023-02-06 15:17:57+00:00,Monday,15
bd02b215-a623-11ed-a6a1-78ac4409ff3c,https://www.chess.com/game/live/69429921981,2023-02-06 13:40:23+00:00,rapid,600,True,black,julian6879,902,969,-67,draw,Repetition,C55,Italian Game Two Knights Modern Bishops Opening,Italian Game Two Knights Modern Bishops Opening,129,65,e5,False,,,2023-02-06 16:40:23+00:00,Monday,16
bf19413d-a929-11ed-880b-78ac4409ff3c,https://www.chess.com/game/live/69762259859,2023-02-10 10:00:33+00:00,rapid,600,True,white,babiair1,893,874,19,loss,Abandoned,B10,Caro Kann Defense,Caro Kann Defense,28,14,e4,False,,,2023-02-10 13:00:33+00:00,Friday,13
d6d0d58f-ab10-11ed-880b-78ac4409ff3c,https://www.chess.com/game/live/69971585553,2023-02-12 20:07:20+00:00,rapid,600,True,black,abdohosam,883,832,51,loss,Checkmate,C20,Kings Pawn Opening 1...e5,Kings Pawn Opening,53,27,e5,False,,,2023-02-12 23:07:20+00:00,Sunday,23
b7b84ce0-abc1-11ed-880b-78ac4409ff3c,https://www.chess.com/game/live/70047441727,2023-02-13 17:13:30+00:00,rapid,600,True,white,kevdota,877,970,-93,loss,Checkmate,C20,Kings Pawn Opening 1...e5,Kings Pawn Opening,48,24,e4,False,,,2023-02-13 20:13:30+00:00,Monday,20
428267d0-adbd-11ed-880b-78ac4409ff3c,https://www.chess.com/game/live/70265536065,2023-02-16 05:46:44+00:00,rapid,600,True,black,Acey3000,870,918,-48,loss,Checkmate,C20,Kings Pawn Opening 1...e5,Kings Pawn Opening,133,67,e5,True,kingside,12.0,2023-02-16 08:46:44+00:00,Thursday,8
1cae013d-b10d-11ed-ba01-78ac4409ff3c,https://www.chess.com/game/live/70629690141,2023-02-20 10:55:55+00:00,rapid,600,True,white,damnroots,862,876,-14,loss,Abandoned,B01,Scandinavian Defense Mieses Kotrc Variation 3.Nc3 Qd8 4.Bc4,Scandinavian Defense Mieses Kotrc Variation,50,25,e4,True,queenside,17.0,2023-02-20 13:55:55+00:00,Monday,13
49119f0f-b143-11ed-ba01-78ac4409ff3c,https://www.chess.com/game/live/70652801757,2023-02-20 17:23:47+00:00,rapid,600,False,black,Laithwm,862,456,406,win,Checkmate,A40,Englund Gambit,Englund Gambit,84,42,e5,True,queenside,22.0,2023-02-20 20:23:47+00:00,Monday,20
b211a75b-b207-11ed-ba01-78ac4409ff3c,https://www.chess.com/game/live/70737253207,2023-02-21 16:49:47+00:00,rapid,600,False,white,Laithwm,862,480,382,win,Checkmate,A00,Van t Kruijs Opening 1...d5,Van t Kruijs Opening,109,55,e3,True,kingside,19.0,2023-02-21 19:49:47+00:00,Tuesday,19
f021faf7-b2ef-11ed-ba01-78ac4409ff3c,https://www.chess.com/game/live/70836930037,2023-02-22 20:31:56+00:00,rapid,600,True,white,JoaoConnor,869,805,64,win,Resignation,B01,Scandinavian Defense Boehnke Gambit,Scandinavian Defense Boehnke Gambit,45,23,e4,True,queenside,12.0,2023-02-22 23:31:56+00:00,Wednesday,23
798374f3-b413-11ed-91f5-78ac4409ff3c,https://www.chess.com/game/live/70962226147,2023-02-24 07:19:02+00:00,rapid,600,True,black,canabie,875,763,112,win,Checkmate,D00,Queens Pawn Opening Chigorin Variation 2...Nf6 3.Nf3,Queens Pawn Opening Chigorin Variation,84,42,d5,True,queenside,20.0,2023-02-24 10:19:02+00:00,Friday,10
39958a84-b4e7-11ed-91f5-78ac4409ff3c,https://www.chess.com/game/live/71052958545,2023-02-25 08:34:43+00:00,rapid,600,True,white,rohanaldo07,866,874,-8,loss,Resignation,C20,Kings Pawn Opening 1...e5,Kings Pawn Opening,56,28,e4,False,,,2023-02-25 11:34:43+00:00,Saturday,11
8b67097e-b52b-11ed-91f5-78ac4409ff3c,https://www.chess.com/game/live/71082432595,2023-02-25 16:43:42+00:00,rapid,600,True,black,champ646,873,793,80,win,Checkmate,C54,Giuoco Piano Game Center Attack 5...exd4 6.cxd4,Giuoco Piano Game Center Attack,40,20,e5,False,,,2023-02-25 19:43:42+00:00,Saturday,19
49ad3576-b52c-11ed-91f5-78ac4409ff3c,https://www.chess.com/game/live/71082866433,2023-02-25 16:49:00+00:00,rapid,600,True,black,LittleBigAtom,864,852,12,loss,Abandoned,C22,Center Game Accepted Paulsen Berger Variation,Center Game Accepted Paulsen Berger Variation,17,9,e5,False,,,2023-02-25 19:49:00+00:00,Saturday,19
06e67382-b5a9-11ed-91f5-78ac4409ff3c,https://www.chess.com/game/live/71136292861,2023-02-26 07:41:57+00:00,rapid,600,True,black,Remag170,870,779,91,win,Resignation,A00,Van t Kruijs Opening 1...e5,Van t Kruijs Opening,30,15,e5,True,kingside,10.0,2023-02-26 10:41:57+00:00,Sunday,10
d65bbc39-b5a9-11ed-91f5-78ac4409ff3c,https://www.chess.com/game/live/71136801665,2023-02-26 07:47:49+00:00,rapid,600,True,white,MrTong9527,878,875,3,win,Resignation,C25,Vienna Game,Vienna Game,135,68,e4,True,queenside,18.0,2023-02-26 10:47:49+00:00,Sunday,10
e5057aa9-b5ab-11ed-91f5-78ac4409ff3c,https://www.chess.com/game/live/71137505543,2023-02-26 08:02:24+00:00,rapid,600,True,white,alfiemabe,870,904,-34,loss,Checkmate,C47,Four Knights Game,Four Knights Game,44,22,e4,True,kingside,19.0,2023-02-26 11:02:24+00:00,Sunday,11
db31c8ed-b5be-11ed-91f5-78ac4409ff3c,https://www.chess.com/game/live/71145820767,2023-02-26 10:18:12+00:00,rapid,600,True,black,bobbyblunderism,863,932,-69,loss,Checkmate,C45,Scotch Game 3...exd4 4.Nxd4 Qf6 5.Nxc6,Scotch Game,43,22,e5,True,kingside,12.0,2023-02-26 13:18:12+00:00,Sunday,13
729658c3-b5bf-11ed-91f5-78ac4409ff3c,https://www.chess.com/game/live/71145934917,2023-02-26 10:22:36+00:00,rapid,600,True,white,princeleyva,854,828,26,loss,Checkmate,C20,Kings Pawn Opening 1...e5,Kings Pawn Opening,108,54,e4,False,,,2023-02-26 13:22:36+00:00,Sunday,13
bf59e607-b5d3-11ed-91f5-78ac4409ff3c,https://www.chess.com/game/live/71154814449,2023-02-26 12:47:42+00:00,rapid,600,True,white,aquatastik,845,821,24,loss,Abandoned,B20,Sicilian Defense Bowdler Attack 2...Nc6,Sicilian Defense Bowdler Attack,20,10,e4,False,,,2023-02-26 15:47:42+00:00,Sunday,15
f432fe0d-b5f9-11ed-91f5-78ac4409ff3c,https://www.chess.com/game/live/71171149205,2023-02-26 17:21:28+00:00,rapid,600,True,white,Geodicer,854,883,-29,win,Checkmate,B10,Caro Kann Defense,Caro Kann Defense,115,58,e4,False,,,2023-02-26 20:21:28+00:00,Sunday,20
be9332e3-b5fb-11ed-91f5-78ac4409ff3c,https://www.chess.com/game/live/71171858747,2023-02-26 17:34:07+00:00,rapid,600,True,black,jakubderechte,862,852,10,win,Abandoned,C20,Kings Pawn Opening 1...e5,Kings Pawn Opening,68,34,e5,False,,,2023-02-26 20:34:07+00:00,Sunday,20
a68fef7f-b690-11ed-a273-6cfe544c0428,https://www.chess.com/game/live/71235871001,2023-02-27 11:19:58+00:00,rapid,600,True,white,Neymat_Ahmedov,855,919,-64,loss,Checkmate,C20,Kings Pawn Opening 1...e5,Kings Pawn Opening,70,35,e4,True,kingside,20.0,2023-02-27 14:19:58+00:00,Monday,14
83479028-b6be-11ed-a273-6cfe544c0428,https://www.chess.com/game/live/71255648411,2023-02-27 16:48:11+00:00,rapid,600,True,black,gardy121,864,890,-26,win,Checkmate,C55,Italian Game Two Knights Defense,Italian Game Two Knights Defense,68,34,e5,False,,,2023-02-27 19:48:11+00:00,Monday,19
671ccd29-b6c0-11ed-a273-6cfe544c0428,https://www.chess.com/game/live/71256390683,2023-02-27 17:01:45+00:00,rapid,600,True,black,EpicMushroom,856,885,-29,loss,Resignation,C22,Center Game Accepted Normal Variation,Center Game Accepted Normal Variation,49,25,e5,True,kingside,16.0,2023-02-27 20:01:45+00:00,Monday,20
bd512b4e-b6c1-11ed-a273-6cfe544c0428,https://www.chess.com/game/live/71256974753,2023-02-27 17:11:25+00:00,rapid,600,True,black,drjaymehta,850,956,-106,loss,Resignation,C44,Kings Pawn Opening Kings Knight Variation 2...Nc6 3.d3,Kings Pawn Opening Kings Knight Variation,19,10,e5,False,,,2023-02-27 20:11:25+00:00,Monday,20
ca0d7032-b6d9-11ed-a273-6cfe544c0428,https://www.chess.com/game/live/71267250953,2023-02-27 20:03:49+00:00,rapid,600,True,white,melek76,859,863,-4,win,Checkmate,C23,Bishops Opening,Bishops Opening,81,41,e4,True,kingside,12.0,2023-02-27 23:03:49+00:00,Monday,23
6e98479d-b6db-11ed-a273-6cfe544c0428,https://www.chess.com/game/live/71267917285,2023-02-27 20:15:15+00:00,rapid,600,True,white,Nikitazhg,865,762,103,win,Checkmate,C24,Bishops Opening Berlin Defense,Bishops Opening Berlin Defense,29,15,e4,True,kingside,12.0,2023-02-27 23:15:15+00:00,Monday,23
d23aaafa-b720-11ed-a273-6cfe544c0428,https://www.chess.com/game/live/71297680565,2023-02-28 04:32:04+00:00,rapid,600,True,black,heomal,866,381,485,win,Resignation,C45,Scotch Game Steinitz Variation 5.Nc3,Scotch Game Steinitz Variation,57,29,e5,True,kingside,16.0,2023-02-28 07:32:04+00:00,Tuesday,7
6285f2ce-b722-11ed-a273-6cfe544c0428,https://www.chess.com/game/live/71298304299,2023-02-28 04:43:07+00:00,rapid,600,True,white,heomal,851,396,455,loss,Checkmate,B00,Nimzowitsch Defense Declined...3.exd5 Qxd5 4.Nc3 Qa5,Nimzowitsch Defense Declined...3.exd5 Qxd5,22,11,e4,False,,,2023-02-28 07:43:07+00:00,Tuesday,7
4de0e31a-b74a-11ed-a273-6cfe544c0428,https://www.chess.com/game/live/71315635557,2023-02-28 09:28:56+00:00,rapid,600,True,white,vikingun,842,828,14,loss,Abandoned,C23,Bishops Opening,Bishops Opening,48,24,e4,False,,,2023-02-28 12:28:56+00:00,Tuesday,12
48c87a86-b83c-11ed-9170-6cfe544c0428,https://www.chess.com/game/live/71419525947,2023-03-01 14:21:22+00:00,rapid,600,True,black,Laithwm,828,526,302,loss,Resignation,A40,Englund Gambit,Englund Gambit,88,44,e5,False,,,2023-03-01 17:21:22+00:00,Wednesday,17
c5422508-b864-11ed-9170-6cfe544c0428,https://www.chess.com/game/live/71436931453,2023-03-01 19:10:59+00:00,rapid,600,True,black,Clment-Pierre,828,835,-7,draw,Stalemate,C20,Kings Pawn Opening 1...e5,Kings Pawn Opening,129,65,e5,True,kingside,5.0,2023-03-01 22:10:59+00:00,Wednesday,22
c74b295e-b866-11ed-9170-6cfe544c0428,https://www.chess.com/game/live/71437902587,2023-03-01 19:25:11+00:00,rapid,600,True,white,Gaith2684,834,701,133,win,Resignation,C40,Kings Pawn Opening Kings Knight Variation,Kings Pawn Opening Kings Knight Variation,5,3,e4,False,,,2023-03-01 22:25:11+00:00,Wednesday,22
e630b48b-b866-11ed-9170-6cfe544c0428,https://www.chess.com/game/live/71437937943,2023-03-01 19:26:04+00:00,rapid,600,True,black,Robotblaster,824,760,64,loss,Checkmate,A40,Englund Gambit 2.dxe5,Englund Gambit,49,25,e5,True,kingside,17.0,2023-03-01 22:26:04+00:00,Wednesday,22
07874b32-b868-11ed-9170-6cfe544c0428,https://www.chess.com/game/live/71438263937,2023-03-01 19:34:15+00:00,rapid,600,True,white,jianbaranda,815,771,44,loss,Checkmate,C50,Italian Game,Italian Game,60,30,e4,True,kingside,16.0,2023-03-01 22:34:15+00:00,Wednesday,22
fbbe854b-b868-11ed-9170-6cfe544c0428,https://www.chess.com/game/live/71438734459,2023-03-01 19:41:01+00:00,rapid,600,True,black,BeresDominik,821,734,87,win,Abandoned,C20,Kings Pawn Opening 1...e5,Kings Pawn Opening,58,29,e5,True,kingside,6.0,2023-03-01 22:41:01+00:00,Wednesday,22
6db7e019-b8bd-11ed-9170-6cfe544c0428,https://www.chess.com/game/live/71475100863,2023-03-02 05:45:31+00:00,rapid,600,True,white,mk8mawia,812,786,26,loss,Checkmate,C50,Italian Game,Italian Game,22,11,e4,True,kingside,6.0,2023-03-02 08:45:31+00:00,Thursday,8
2e434ca2-b8bf-11ed-9170-6cfe544c0428,https://www.chess.com/game/live/71475751243,2023-03-02 05:58:03+00:00,rapid,600,True,white,evanchess19,819,719,100,win,Resignation,C55,Italian Game Two Knights Modern Bishops Opening,Italian Game Two Knights Modern Bishops Opening,19,10,e4,False,,,2023-03-02 08:58:03+00:00,Thursday,8
67a1063a-b8de-11ed-9170-6cfe544c0428,https://www.chess.com/game/live/71489067401,2023-03-02 09:41:36+00:00,rapid,600,True,black,tunaaaaaaaaaa1,827,816,11,win,Abandoned,C45,Scotch Game Scotch Gambit Haxo Sarratt Variation 5...Nh6,Scotch Game Scotch Gambit Haxo Sarratt Variation,50,25,e5,True,kingside,6.0,2023-03-02 12:41:36+00:00,Thursday,12
6c779fe8-b8df-11ed-9170-6cfe544c0428,https://www.chess.com/game/live/71489596019,2023-03-02 09:49:01+00:00,rapid,600,True,white,MM6868,819,838,-19,loss,Checkmate,C23,Bishops Opening,Bishops Opening,68,34,e4,True,kingside,11.0,2023-03-02 12:49:01+00:00,Thursday,12
f1c8dfb3-b97c-11ed-9170-6cfe544c0428,https://www.chess.com/game/live/71557319199,2023-03-03 04:36:38+00:00,rapid,600,True,black,heomal,821,444,377,win,Checkmate,C25,Vienna Game Anderssen Defense 3.Nf3,Vienna Game Anderssen Defense,62,31,e5,False,,,2023-03-03 07:36:38+00:00,Friday,7
44e3a728-bd8a-11ed-9170-6cfe544c0428,https://www.chess.com/game/live/72002659935,2023-03-08 08:22:21+00:00,rapid,600,True,white,heomal,822,393,429,win,Timeout,B07,Pirc Defense Modern Defense Geller System 2...Nf6 3.Nc3 e5 4.Bc4,Pirc Defense Modern Defense Geller System,87,44,e4,False,,,2023-03-08 11:22:21+00:00,Wednesday,11
0688e900-bdcb-11ed-9170-6cfe544c0428,https://www.chess.com/game/live/72030710863,2023-03-08 16:05:34+00:00,rapid,600,True,black,bigmustaf,815,860,-45,loss,Timeout,C25,Vienna Game Anderssen Defense 3.Nf3 d6,Vienna Game Anderssen Defense,91,46,e5,True,kingside,11.0,2023-03-08 19:05:34+00:00,Wednesday,19
b84127f3-bf2b-11ed-8269-6cfe544c0428,https://www.chess.com/game/live/72182011521,2023-03-10 10:10:53+00:00,rapid,600,True,white,Lupuionel,821,719,102,win,Resignation,C41,Philidor Defense 3.Nc3,Philidor Defense,105,53,e4,True,queenside,10.0,2023-03-10 13:10:53+00:00,Friday,13
d33e4204-c5ad-11ed-923a-6cfe544c0428,https://www.chess.com/game/live/72897548599,2023-03-18 16:56:43+00:00,rapid,600,True,black,sudheerdanthala,829,795,34,win,Timeout,A00,Van Geet Opening Reversed Nimzowitsch Variation,Van Geet Opening Reversed Nimzowitsch Variation,92,46,e5,False,,,2023-03-18 19:56:43+00:00,Saturday,19
2c78625c-c788-11ed-923a-6cfe544c0428,https://www.chess.com/game/live/73101319749,2023-03-21 01:32:27+00:00,rapid,600,True,white,AdmiralRyu,837,805,32,win,Resignation,B01,Scandinavian Defense Mieses Kotrc Variation 3.Nc3 Qd8 4.Bc4,Scandinavian Defense Mieses Kotrc Variation,109,55,e4,False,,,2023-03-21 04:32:27+00:00,Tuesday,4
c30d8aa9-c904-11ed-923a-6cfe544c0428,https://www.chess.com/game/live/73264666601,2023-03-22 22:56:32+00:00,rapid,600,True,black,ybyellow3829,830,915,-85,loss,Checkmate,A40,Englund Gambit 2.dxe5,Englund Gambit,105,53,e5,True,queenside,17.0,2023-03-23 01:56:32+00:00,Thursday,1
dcbaa44b-ca7f-11ed-bfd3-6cfe544c0428,https://www.chess.com/game/live/73427605765,2023-03-24 20:10:09+00:00,rapid,600,True,white,Whoisyodawg,837,782,55,win,Checkmate,B01,Scandinavian Defense Mieses Kotrc Variation 3.Nc3,Scandinavian Defense Mieses Kotrc Variation,35,18,e4,False,,,2023-03-24 23:10:09+00:00,Friday,23
9e2335c5-caa7-11ed-bfd3-6cfe544c0428,https://www.chess.com/game/live/73444793987,2023-03-25 00:54:44+00:00,rapid,600,True,black,TEEWAA2k,847,902,-55,win,Checkmate,A20,English Opening Kings English Variation,English Opening Kings English Variation,132,66,e5,True,queenside,19.0,2023-03-25 03:54:44+00:00,Saturday,3
18282d9e-cb03-11ed-bfd3-6cfe544c0428,https://www.chess.com/game/live/73483950283,2023-03-25 11:49:37+00:00,rapid,600,True,white,Thilanka44,856,843,13,win,Resignation,C00,French Defense,French Defense,93,47,e4,True,queenside,16.0,2023-03-25 14:49:37+00:00,Saturday,14
887901d1-cb05-11ed-bfd3-6cfe544c0428,https://www.chess.com/game/live/73485077913,2023-03-25 12:07:00+00:00,rapid,600,True,black,samapenga,849,922,-73,loss,Checkmate,C25,Vienna Game,Vienna Game,25,13,e5,True,kingside,5.0,2023-03-25 15:07:00+00:00,Saturday,15
eedfb68e-cb0f-11ed-bfd3-6cfe544c0428,https://www.chess.com/game/live/73489434843,2023-03-25 13:21:34+00:00,rapid,600,True,white,rapsac_16,841,851,-10,loss,Resignation,B02,Alekhines Defense Scandinavian Variation 3.exd5 Nxd5 4.Bc4 e6 5.Nf3,Alekhines Defense Scandinavian Variation,46,23,e4,True,kingside,17.0,2023-03-25 16:21:34+00:00,Saturday,16
b188a7c8-cbb7-11ed-bfd3-6cfe544c0428,https://www.chess.com/game/live/73561381583,2023-03-26 09:22:21+00:00,rapid,600,True,white,Sciky97,850,857,-7,win,Resignation,B10,Caro Kann Defense Two Knights Attack 3...Nf6 4.e5 Ne4,Caro Kann Defense Two Knights Attack,59,30,e4,True,kingside,16.0,2023-03-26 12:22:21+00:00,Sunday,12
71ef0262-cbc8-11ed-bfd3-6cfe544c0428,https://www.chess.com/game/live/73568617239,2023-03-26 11:22:17+00:00,rapid,600,True,black,frontlinecrusher,860,927,-67,win,Resignation,C44,Ponziani Opening,Ponziani Opening,48,24,e5,True,kingside,15.0,2023-03-26 14:22:17+00:00,Sunday,14
2f8b32b8-cbc9-11ed-bfd3-6cfe544c0428,https://www.chess.com/game/live/73569087325,2023-03-26 11:27:39+00:00,rapid,600,True,black,justdraken1,867,790,77,win,Resignation,A02,Birds Opening Froms Gambit 2.fxe5,Birds Opening Froms Gambit,119,60,e5,False,,,2023-03-26 14:27:39+00:00,Sunday,14
16a4507e-cc3a-11ed-bfd3-6cfe544c0428,https://www.chess.com/game/live/73617612369,2023-03-27 00:55:54+00:00,rapid,600,False,white,Laithwm,867,487,380,win,Checkmate,C23,Bishops Opening,Bishops Opening,111,56,e4,False,,,2023-03-27 03:55:54+00:00,Monday,3
9e73813d-cc3b-11ed-bfd3-6cfe544c0428,https://www.chess.com/game/live/73618231645,2023-03-27 01:07:04+00:00,rapid,600,False,black,Laithwm,867,487,380,loss,Checkmate,C44,Kings Pawn Opening Kings Knight Variation 2...Nc6,Kings Pawn Opening Kings Knight Variation,67,34,e5,False,,,2023-03-27 04:07:04+00:00,Monday,4
0ed3b517-cc3d-11ed-bfd3-6cfe544c0428,https://www.chess.com/game/live/73618837735,2023-03-27 01:17:07+00:00,rapid,600,False,white,Laithwm,867,487,380,win,Checkmate,C42,Petrovs Defense Classical Variation,Petrovs Defense Classical Variation,83,42,e4,False,,,2023-03-27 04:17:07+00:00,Monday,4
7df46f2c-ccc8-11ed-bfd3-6cfe544c0428,https://www.chess.com/game/live/73678846749,2023-03-27 17:55:06+00:00,rapid,600,True,black,raylexbo,858,863,-5,loss,Abandoned,C40,Kings Pawn Opening Kings Knight Variation,Kings Pawn Opening Kings Knight Variation,37,19,e5,True,kingside,10.0,2023-03-27 20:55:06+00:00,Monday,20
a0a23127-ccc9-11ed-bfd3-6cfe544c0428,https://www.chess.com/game/live/73679372795,2023-03-27 18:03:31+00:00,rapid,600,True,white,qri_07,848,795,53,loss,Abandoned,C23,Bishops Opening 2...Nc6,Bishops Opening,72,36,e4,True,queenside,11.0,2023-03-27 21:03:31+00:00,Monday,21
ee7f4497-cdeb-11ed-97ef-3ab55001000f,https://www.chess.com/game/live/73804168260,2023-03-29 04:42:24+00:00,rapid,600,False,black,Laithwm,848,520,328,win,Abandoned,C20,Kings Pawn Opening 1...e5,Kings Pawn Opening,16,8,e5,False,,,2023-03-29 07:42:24+00:00,Wednesday,7
4e91701d-cdf1-11ed-97ef-3ab55001000f,https://www.chess.com/game/live/73806125060,2023-03-29 05:19:37+00:00,rapid,600,False,black,Laithwm,848,520,328,loss,Checkmate,C45,Scotch Game 3...exd4 4.Nxd4 Nxd4 5.Qxd4,Scotch Game,25,13,e5,False,,,2023-03-29 08:19:37+00:00,Wednesday,8
dd0f19e1-cdf1-11ed-97ef-3ab55001000f,https://www.chess.com/game/live/73806619336,2023-03-29 05:23:34+00:00,rapid,600,False,white,Laithwm,848,520,328,win,Checkmate,C42,Petrovs Defense Classical Variation,Petrovs Defense Classical Variation,29,15,e4,False,,,2023-03-29 08:23:34+00:00,Wednesday,8
441463e1-cdf2-11ed-97ef-3ab55001000f,https://www.chess.com/game/live/73807150612,2023-03-29 05:28:49+00:00,rapid,600,False,black,Laithwm,848,520,328,win,Abandoned,C20,Kings Pawn Opening 1...e5,Kings Pawn Opening,31,16,e5,False,,,2023-03-29 08:28:49+00:00,Wednesday,8
4435bcc2-cdf4-11ed-97ef-3ab55001000f,https://www.chess.com/game/live/73807330356,2023-03-29 05:40:52+00:00,rapid,600,False,white,Laithwm,848,520,328,win,Resignation,C23,Bishops Opening,Bishops Opening,11,6,e4,False,,,2023-03-29 08:40:52+00:00,Wednesday,8
75a6e74f-cdf4-11ed-97ef-3ab55001000f,https://www.chess.com/game/live/73807772820,2023-03-29 05:42:33+00:00,rapid,600,False,black,Laithwm,848,520,328,loss,Resignation,B01,Scandinavian Defense Boehnke Gambit,Scandinavian Defense Boehnke Gambit,14,7,d5,False,,,2023-03-29 08:42:33+00:00,Wednesday,8
c9078245-cdf4-11ed-97ef-3ab55001000f,https://www.chess.com/game/live/73807878940,2023-03-29 05:45:52+00:00,rapid,600,False,white,Laithwm,848,520,328,win,Abandoned,C23,Bishops Opening,Bishops Opening,29,15,e4,True,kingside,12.0,2023-03-29 08:45:52+00:00,Wednesday,8
91d32a40-cdf5-11ed-bfd3-6cfe544c0428,https://www.chess.com/game/live/73807896587,2023-03-29 05:50:22+00:00,rapid,600,False,black,Laithwm,848,520,328,loss,Checkmate,B00,Nimzowitsch Defense,Nimzowitsch Defense,63,32,Nc6,True,kingside,21.0,2023-03-29 08:50:22+00:00,Wednesday,8
3f29b258-ced0-11ed-bfd3-6cfe544c0428,https://www.chess.com/game/live/73902018649,2023-03-30 07:55:52+00:00,rapid,600,True,white,Tacocat-indrome,838,772,66,loss,Timeout,B20,Sicilian Defense Bowdler Attack 2...Nc6,Sicilian Defense Bowdler Attack,108,54,e4,False,,,2023-03-30 10:55:52+00:00,Thursday,10
c733fba0-ced2-11ed-bfd3-6cfe544c0428,https://www.chess.com/game/live/73903175155,2023-03-30 08:13:44+00:00,rapid,600,True,white,oohsem,846,811,35,win,Checkmate,C47,Four Knights Game,Four Knights Game,131,66,e4,True,kingside,14.0,2023-03-30 11:13:44+00:00,Thursday,11
37c2f465-ced6-11ed-bfd3-6cfe544c0428,https://www.chess.com/game/live/73904486965,2023-03-30 08:38:26+00:00,rapid,600,True,white,idkwinner2022,839,895,-56,loss,Checkmate,B10,Caro Kann Defense,Caro Kann Defense,84,42,e4,True,kingside,16.0,2023-03-30 11:38:26+00:00,Thursday,11
92c2a85a-d19b-11ed-97b1-6cfe544c0428,https://www.chess.com/game/live/74209268885,2023-04-02 21:16:10+00:00,rapid,600,True,black,Lutno057,845,758,87,win,Resignation,C45,Scotch Game 3...exd4,Scotch Game,54,27,e5,True,kingside,7.0,2023-04-03 00:16:10+00:00,Monday,0
8df2669d-d19c-11ed-97b1-6cfe544c0428,https://www.chess.com/game/live/74209783543,2023-04-02 21:23:10+00:00,rapid,600,True,white,raltyquerino,852,781,71,win,Resignation,C40,Kings Pawn Opening Kings Knight Gunderam Defense 3.Nc3,Kings Pawn Opening Kings Knight Gunderam Defense,25,13,e4,False,,,2023-04-03 00:23:10+00:00,Monday,0
1fe47630-d19d-11ed-97b1-6cfe544c0428,https://www.chess.com/game/live/74209898805,2023-04-02 21:27:15+00:00,rapid,600,True,black,KCintoJosep,859,769,90,win,Resignation,C47,Four Knights Game Scotch Variation Accepted 5.Nxd4 Bb4 6.Nxc6,Four Knights Game Scotch Variation Accepted,52,26,e5,False,,,2023-04-03 00:27:15+00:00,Monday,0
b3bf1633-d3a6-11ed-97b1-6cfe544c0428,https://www.chess.com/game/live/74433806213,2023-04-05 11:40:52+00:00,rapid,600,True,white,Tarpedo123,868,892,-24,win,Checkmate,C54,Giuoco Piano Game Center Attack...6.cxd4 Bb4 7.Bd2 Nxe4,Giuoco Piano Game Center Attack...6.cxd4 Bb4,45,23,e4,True,kingside,12.0,2023-04-05 14:40:52+00:00,Wednesday,14
75d92e73-d3a7-11ed-97b1-6cfe544c0428,https://www.chess.com/game/live/74434275081,2023-04-05 11:46:22+00:00,rapid,600,True,black,DarkgirlOwO,875,834,41,win,Resignation,A40,Englund Gambit 2.dxe5,Englund Gambit,44,22,e5,False,,,2023-04-05 14:46:22+00:00,Wednesday,14
453bd9a1-d3a8-11ed-97b1-6cfe544c0428,https://www.chess.com/game/live/74434445755,2023-04-05 11:52:04+00:00,rapid,600,True,black,AHMET_EMRE27,867,862,5,loss,Checkmate,C45,Scotch Game Malaniuk Variation 5.c3 Bc5,Scotch Game Malaniuk Variation,41,21,e5,True,kingside,11.0,2023-04-05 14:52:04+00:00,Wednesday,14
e9215e27-d5ad-11ed-b3f4-6cfe544c0428,https://www.chess.com/game/live/74656895409,2023-04-08 01:37:29+00:00,rapid,600,True,black,Dylan_Quintero-p,875,776,99,win,Checkmate,C35,Kings Gambit Accepted Cunningham Defense,Kings Gambit Accepted Cunningham Defense,38,19,e5,False,,,2023-04-08 04:37:29+00:00,Saturday,4
c7bde523-d5ae-11ed-b3f4-6cfe544c0428,https://www.chess.com/game/live/74657019983,2023-04-08 01:43:48+00:00,rapid,600,True,white,Penoswoman72,883,852,31,win,Resignation,C47,Four Knights Game Scotch Variation,Four Knights Game Scotch Variation,39,20,e4,False,,,2023-04-08 04:43:48+00:00,Saturday,4
360d07cd-d5af-11ed-b3f4-6cfe544c0428,https://www.chess.com/game/live/74657481921,2023-04-08 01:46:50+00:00,rapid,600,True,white,twelfthfantasy,873,802,71,loss,Resignation,C41,Philidor Defense 3.Nc3,Philidor Defense,86,43,e4,True,kingside,14.0,2023-04-08 04:46:50+00:00,Saturday,4
fef51bb7-d5b0-11ed-b3f4-6cfe544c0428,https://www.chess.com/game/live/74658136693,2023-04-08 01:59:37+00:00,rapid,600,True,black,Ky_sean,882,920,-38,win,Checkmate,C25,Vienna Game Max Lange Defense 3.Bc4 Nf6,Vienna Game Max Lange Defense,42,21,e5,True,kingside,9.0,2023-04-08 04:59:37+00:00,Saturday,4
a6111bec-d5b1-11ed-b3f4-6cfe544c0428,https://www.chess.com/game/live/74658630509,2023-04-08 02:04:21+00:00,rapid,600,True,white,smailCEFN46,888,794,94,win,Resignation,C46,Three Knights Opening 3...d6 4.d4,Three Knights Opening,81,41,e4,True,queenside,10.0,2023-04-08 05:04:21+00:00,Saturday,5
48f3256c-d5b3-11ed-b3f4-6cfe544c0428,https://www.chess.com/game/live/74659264171,2023-04-08 02:15:59+00:00,rapid,600,True,black,topgear13,894,795,99,win,Checkmate,C22,Center Game Accepted Normal Variation,Center Game Accepted Normal Variation,36,18,e5,False,,,2023-04-08 05:15:59+00:00,Saturday,5
a10eb07f-d5b3-11ed-b3f4-6cfe544c0428,https://www.chess.com/game/live/74659312437,2023-04-08 02:18:22+00:00,rapid,600,True,white,ellioth03,903,951,-48,win,Resignation,B12,Caro Kann Defense 2.d4 d5,Caro Kann Defense,11,6,e4,False,,,2023-04-08 05:18:22+00:00,Saturday,5
cae7bb26-d5b3-11ed-b3f4-6cfe544c0428,https://www.chess.com/game/live/74659335373,2023-04-08 02:19:32+00:00,rapid,600,True,white,mischevioussmurf,910,859,51,win,Resignation,B01,Scandinavian Defense Mieses Kotrc Variation 3.Nc3 Qe5,Scandinavian Defense Mieses Kotrc Variation,17,9,e4,False,,,2023-04-08 05:19:32+00:00,Saturday,5
1c68247c-d5b4-11ed-b3f4-6cfe544c0428,https://www.chess.com/game/live/74659379947,2023-04-08 02:21:49+00:00,bullet,60,True,black,axcel77,1084,901,183,win,Resignation,C25,Vienna Game Max Lange Vienna Gambit 3...exf4,Vienna Game Max Lange Vienna Gambit,16,8,e5,False,,,2023-04-08 05:21:49+00:00,Saturday,5
32a00208-d5b4-11ed-b3f4-6cfe544c0428,https://www.chess.com/game/live/74659392227,2023-04-08 02:22:27+00:00,bullet,60,True,black,NIYIRIHI,986,1151,-165,loss,Checkmate,C50,Giuoco Piano Game Giuoco Pianissimo Variation 4...Nf6,Giuoco Piano Game Giuoco Pianissimo Variation,59,30,e5,False,,,2023-04-08 05:22:27+00:00,Saturday,5
7704b51b-d5b4-11ed-b3f4-6cfe544c0428,https://www.chess.com/game/live/74659833845,2023-04-08 02:24:23+00:00,bullet,60,True,white,PoHxLif3less,908,1033,-125,loss,Timeout,C00,French Defense,French Defense,98,49,e4,False,,,2023-04-08 05:24:23+00:00,Saturday,5
dd09f4d1-d5b4-11ed-b3f4-6cfe544c0428,https://www.chess.com/game/live/74659890071,2023-04-08 02:27:15+00:00,bullet,60,True,black,xxJaexx,856,1013,-157,loss,Timeout,C50,Giuoco Piano Game Giuoco Pianissimo Variation 4...Nf6 5.O O,Giuoco Piano Game Giuoco Pianissimo Variation,67,34,e5,True,kingside,6.0,2023-04-08 05:27:15+00:00,Saturday,5
41559d2a-d5b5-11ed-b3f4-6cfe544c0428,https://www.chess.com/game/live/74659944839,2023-04-08 02:30:01+00:00,rapid,600,True,white,Nabi002,900,821,79,loss,Checkmate,C25,Vienna Game Anderssen Defense 3.Nf3,Vienna Game Anderssen Defense,12,6,e4,False,,,2023-04-08 05:30:01+00:00,Saturday,5
62cde1ed-d5b5-11ed-b3f4-6cfe544c0428,https://www.chess.com/game/live/74659963655,2023-04-08 02:30:58+00:00,rapid,600,True,black,breakfast29,893,1109,-216,loss,Abandoned,C47,Four Knights Game,Four Knights Game,27,14,e5,True,kingside,6.0,2023-04-08 05:30:58+00:00,Saturday,5
31dc76a9-d646-11ed-b3f4-6cfe544c0428,https://www.chess.com/game/live/74722339493,2023-04-08 19:47:47+00:00,rapid,600,False,black,heomal,893,466,427,win,Resignation,C45,Scotch Game,Scotch Game,69,35,e5,False,,,2023-04-08 22:47:47+00:00,Saturday,22
cc8a8f40-d64a-11ed-b3f4-6cfe544c0428,https://www.chess.com/game/live/74724224857,2023-04-08 20:20:46+00:00,rapid,600,True,white,Hideman9,895,961,-66,draw,Repetition,B01,Scandinavian Defense Mieses Kotrc Variation 3.Nc3,Scandinavian Defense Mieses Kotrc Variation,71,36,e4,False,,,2023-04-08 23:20:46+00:00,Saturday,23
4a26689b-d706-11ed-b3f4-6cfe544c0428,https://www.chess.com/game/live/74804716965,2023-04-09 18:42:49+00:00,rapid,600,True,white,prakashnayak,889,999,-110,loss,Resignation,C40,Kings Pawn Opening Kings Knight Variation,Kings Pawn Opening Kings Knight Variation,56,28,e4,True,kingside,19.0,2023-04-09 21:42:49+00:00,Sunday,21
96002c34-d707-11ed-b3f4-6cfe544c0428,https://www.chess.com/game/live/74805293053,2023-04-09 18:51:55+00:00,rapid,600,True,white,Bedirhankarabacolu,898,929,-31,win,Checkmate,C00,French Defense Knight Variation,French Defense Knight Variation,37,19,e4,False,,,2023-04-09 21:51:55+00:00,Sunday,21
30f8df3e-d708-11ed-b3f4-6cfe544c0428,https://www.chess.com/game/live/74805702751,2023-04-09 18:56:16+00:00,rapid,600,True,white,yakir_eliya,905,836,69,win,Resignation,C40,Kings Pawn Opening Kings Knight Variation,Kings Pawn Opening Kings Knight Variation,59,30,e4,True,kingside,9.0,2023-04-09 21:56:16+00:00,Sunday,21
4f1950a4-d709-11ed-b3f4-6cfe544c0428,https://www.chess.com/game/live/74806236691,2023-04-09 19:04:16+00:00,rapid,600,True,black,Master_neko,896,867,29,loss,Checkmate,C57,Italian Game Knight Attack Normal Variation 5.exd5,Italian Game Knight Attack Normal Variation,37,19,e5,False,,,2023-04-09 22:04:16+00:00,Sunday,22
e8a902e0-d727-11ed-b3f4-6cfe544c0428,https://www.chess.com/game/live/74819053939,2023-04-09 22:43:17+00:00,rapid,600,True,black,alex_para,888,899,-11,loss,Checkmate,C65,Ruy Lopez Opening Berlin Beverwijk Variation 5.d3,Ruy Lopez Opening Berlin Beverwijk Variation,33,17,e5,True,kingside,8.0,2023-04-10 01:43:17+00:00,Monday,1
9564d3a7-d728-11ed-b3f4-6cfe544c0428,https://www.chess.com/game/live/74819525929,2023-04-09 22:48:08+00:00,rapid,600,True,black,Maxisabiggertube,878,811,67,loss,Checkmate,C47,Four Knights Game,Four Knights Game,65,33,e5,False,,,2023-04-10 01:48:08+00:00,Monday,1
ad2705d2-d729-11ed-b3f4-6cfe544c0428,https://www.chess.com/game/live/74820072365,2023-04-09 22:56:00+00:00,rapid,600,True,white,BonvieuxTox212,872,970,-98,loss,Checkmate,B00,Nimzowitsch Defense Declined 2...d5,Nimzowitsch Defense Declined,100,50,e4,False,,,2023-04-10 01:56:00+00:00,Monday,1
6804b7d0-d7dc-11ed-b3f4-6cfe544c0428,https://www.chess.com/game/live/74896873099,2023-04-10 20:15:19+00:00,rapid,600,True,black,vanconmotora,879,829,50,win,Resignation,A00,Mieses Opening Reversed Rat Variation,Mieses Opening Reversed Rat Variation,76,38,e5,True,queenside,27.0,2023-04-10 23:15:19+00:00,Monday,23
cc133b4b-d7dd-11ed-b3f4-6cfe544c0428,https://www.chess.com/game/live/74897470591,2023-04-10 20:25:17+00:00,rapid,600,True,black,Khaled7159,889,959,-70,win,Checkmate,A40,Englund Gambit 2.dxe5 Nc6,Englund Gambit,72,36,e5,False,,,2023-04-10 23:25:17+00:00,Monday,23
996fb5b4-d8f7-11ed-b3f4-6cfe544c0428,https://www.chess.com/game/live/75018186017,2023-04-12 06:02:32+00:00,rapid,600,True,white,adamuskox1,896,842,54,win,Abandoned,C46,Three Knights Opening 3...Bc5,Three Knights Opening,19,10,e4,False,,,2023-04-12 09:02:32+00:00,Wednesday,9
24247044-d8f8-11ed-b3f4-6cfe544c0428,https://www.chess.com/game/live/75018671265,2023-04-12 06:06:28+00:00,rapid,600,True,white,SameekshaNigam,889,943,-54,loss,Checkmate,C00,French Defense Knight Variation,French Defense Knight Variation,46,23,e4,True,queenside,12.0,2023-04-12 09:06:28+00:00,Wednesday,9
fdfe653a-d8f8-11ed-b3f4-6cfe544c0428,https://www.chess.com/game/live/75018787033,2023-04-12 06:12:31+00:00,rapid,600,True,white,Abdulazizsaj,899,971,-72,win,Checkmate,C47,Four Knights Game,Four Knights Game,37,19,e4,False,,,2023-04-12 09:12:31+00:00,Wednesday,9
4d8c7f03-d8fa-11ed-b3f4-6cfe544c0428,https://www.chess.com/game/live/75019377239,2023-04-12 06:21:59+00:00,rapid,600,True,black,Damian0499,898,858,40,draw,Stalemate,D00,Queens Pawn Opening Chigorin Variation 2...Nf6,Queens Pawn Opening Chigorin Variation,57,29,d5,False,,,2023-04-12 09:21:59+00:00,Wednesday,9
0615b50f-d8fb-11ed-b3f4-6cfe544c0428,https://www.chess.com/game/live/75019884583,2023-04-12 06:27:08+00:00,rapid,600,True,white,Sohibjonf,888,834,54,loss,Resignation,C10,French Defense Rubinstein Variation 4.Nxe4,French Defense Rubinstein Variation,65,33,e4,True,kingside,17.0,2023-04-12 09:27:08+00:00,Wednesday,9
adb0652c-d8fc-11ed-b3f4-6cfe544c0428,https://www.chess.com/game/live/75020522413,2023-04-12 06:38:57+00:00,rapid,600,True,black,USELESSPEANUTGUY,880,902,-22,loss,Timeout,C20,Kings Pawn Opening 1...e5,Kings Pawn Opening,53,27,e5,False,,,2023-04-12 09:38:57+00:00,Wednesday,9
f61d95c4-d8fe-11ed-b3f4-6cfe544c0428,https://www.chess.com/game/live/75021650617,2023-04-12 06:55:22+00:00,rapid,600,True,white,SENJORA73,872,902,-30,loss,Resignation,C47,Four Knights Game,Four Knights Game,64,32,e4,True,kingside,13.0,2023-04-12 09:55:22+00:00,Wednesday,9
f2310731-d900-11ed-b3f4-6cfe544c0428,https://www.chess.com/game/live/75022334139,2023-04-12 07:09:25+00:00,rapid,600,True,black,jmartindavela,882,951,-69,win,Resignation,C22,Center Game Accepted Normal Variation,Center Game Accepted Normal Variation,24,12,e5,False,,,2023-04-12 10:09:25+00:00,Wednesday,10
59995977-d901-11ed-b3f4-6cfe544c0428,https://www.chess.com/game/live/75022392079,2023-04-12 07:12:20+00:00,rapid,600,True,white,chessSHadow1905,872,809,63,loss,Abandoned,C41,Philidor Defense 3.Nc3,Philidor Defense,34,17,e4,False,,,2023-04-12 10:12:20+00:00,Wednesday,10
552c9221-d90d-11ed-b3f4-6cfe544c0428,https://www.chess.com/game/live/75027729891,2023-04-12 08:38:03+00:00,rapid,600,True,black,alexrayd,881,897,-16,win,Resignation,C47,Four Knights Game Scotch Variation Accepted 5.Nxd4 Bb4,Four Knights Game Scotch Variation Accepted,32,16,e5,True,queenside,13.0,2023-04-12 11:38:03+00:00,Wednesday,11
bf8cc772-d90d-11ed-b3f4-6cfe544c0428,https://www.chess.com/game/live/75027805147,2023-04-12 08:41:03+00:00,rapid,600,True,black,aryan_prh,889,857,32,win,Resignation,C45,Scotch Game Classical Variation,Scotch Game Classical Variation,32,16,e5,False,,,2023-04-12 11:41:03+00:00,Wednesday,11
cf618e9f-d90e-11ed-b3f4-6cfe544c0428,https://www.chess.com/game/live/75028346197,2023-04-12 08:48:38+00:00,rapid,600,True,white,aryan_prh,880,866,14,loss,Checkmate,C46,Three Knights Opening 3...Bc5,Three Knights Opening,32,16,e4,False,,,2023-04-12 11:48:38+00:00,Wednesday,11
8953e7d4-d97d-11ed-b3f4-6cfe544c0428,https://www.chess.com/game/live/75075819707,2023-04-12 22:01:18+00:00,rapid,600,True,black,Myzshoi01,873,968,-95,loss,Checkmate,C34,Kings Gambit Accepted Schallopp Defense,Kings Gambit Accepted Schallopp Defense,33,17,e5,False,,,2023-04-13 01:01:18+00:00,Thursday,1
101d36ec-d97e-11ed-b3f4-6cfe544c0428,https://www.chess.com/game/live/75076254501,2023-04-12 22:05:02+00:00,rapid,600,True,white,luigi96sa,880,815,65,win,Resignation,A04,Reti Opening Queenside Fianchetto Variation 2.e4,Reti Opening Queenside Fianchetto Variation,15,8,e4,False,,,2023-04-13 01:05:02+00:00,Thursday,1
5d0d428c-d97e-11ed-b3f4-6cfe544c0428,https://www.chess.com/game/live/75076310139,2023-04-12 22:07:11+00:00,rapid,600,True,white,SoyalAle,887,820,67,win,Resignation,C46,Three Knights Opening 3...Bc5,Three Knights Opening,19,10,e4,False,,,2023-04-13 01:07:11+00:00,Thursday,1
9c381090-d97e-11ed-b3f4-6cfe544c0428,https://www.chess.com/game/live/75076355367,2023-04-12 22:09:03+00:00,rapid,600,True,black,b1tt3rbr1l,879,911,-32,loss,Abandoned,C20,Kings Pawn Opening 1...e5,Kings Pawn Opening,37,19,e5,False,,,2023-04-13 01:09:03+00:00,Thursday,1
976e5d48-d9d4-11ed-b3f4-6cfe544c0428,https://www.chess.com/game/live/75113436443,2023-04-13 08:24:27+00:00,rapid,600,True,white,Huberbach,887,888,-1,win,Checkmate,C41,Philidor Defense 3.Bc4,Philidor Defense,45,23,e4,True,kingside,18.0,2023-04-13 11:24:27+00:00,Thursday,11
0e8b867d-d9e0-11ed-b3f4-6cfe544c0428,https://www.chess.com/game/live/75118289557,2023-04-13 09:46:39+00:00,rapid,600,True,black,maialelubrificato,878,866,12,loss,Resignation,C65,Ruy Lopez Opening Berlin Defense 4.d3,Ruy Lopez Opening Berlin Defense,53,27,e5,False,,,2023-04-13 12:46:39+00:00,Thursday,12
660313d8-d9e1-11ed-b3f4-6cfe544c0428,https://www.chess.com/game/live/75118879689,2023-04-13 09:56:10+00:00,rapid,600,True,black,x-7968516910,884,773,111,win,Checkmate,C21,Center Game Accepted,Center Game Accepted,44,22,e5,False,,,2023-04-13 12:56:10+00:00,Thursday,12
ee444317-dada-11ed-96c2-6cfe544c0428,https://www.chess.com/game/live/75225912913,2023-04-14 15:42:43+00:00,rapid,600,True,black,Mor125,878,978,-100,loss,Checkmate,C47,Four Knights Game Italian Variation,Four Knights Game Italian Variation,133,67,e5,True,kingside,18.0,2023-04-14 18:42:43+00:00,Friday,18
ae1fe749-dadc-11ed-96c2-6cfe544c0428,https://www.chess.com/game/live/75226836777,2023-04-14 15:55:22+00:00,rapid,600,True,white,Mrlelouch1,885,804,81,win,Resignation,C47,Four Knights Game,Four Knights Game,111,56,e4,True,queenside,13.0,2023-04-14 18:55:22+00:00,Friday,18
14514e3e-db51-11ed-96c2-6cfe544c0428,https://www.chess.com/game/live/75276655077,2023-04-15 05:48:14+00:00,rapid,600,True,white,KadekSuastika13,893,877,16,win,Resignation,C47,Four Knights Game,Four Knights Game,61,31,e4,False,,,2023-04-15 08:48:14+00:00,Saturday,8
99393dfe-db52-11ed-96c2-6cfe544c0428,https://www.chess.com/game/live/75277271969,2023-04-15 05:59:00+00:00,rapid,600,True,white,madero7ari,901,860,41,win,Resignation,B07,Pirc Defense Modern Defense Geller System 2...Nf6 3.Nc3 e5,Pirc Defense Modern Defense Geller System,55,28,e4,True,kingside,15.0,2023-04-15 08:59:00+00:00,Saturday,8
c7c4b890-db53-11ed-96c2-6cfe544c0428,https://www.chess.com/game/live/75277843585,2023-04-15 06:07:27+00:00,rapid,600,True,black,Accuser55,910,944,-34,win,Checkmate,C45,Scotch Game Classical Variation 5.Be3,Scotch Game Classical Variation,68,34,e5,False,,,2023-04-15 09:07:27+00:00,Saturday,9
4b3d2f03-dc62-11ed-96c2-6cfe544c0428,https://www.chess.com/game/live/75394190321,2023-04-16 14:23:50+00:00,rapid,600,True,black,D99J,917,838,79,win,Resignation,D02,Queens Pawn Opening Zukertort Chigorin Variation 3.Bf4 Nf6 4.e3,Queens Pawn Opening Zukertort Chigorin Variation,22,11,d5,False,,,2023-04-16 17:23:50+00:00,Sunday,17
aab9276a-dc62-11ed-96c2-6cfe544c0428,https://www.chess.com/game/live/75394273839,2023-04-16 14:26:38+00:00,rapid,600,True,white,l_ia_na,926,955,-29,win,Checkmate,B07,Pirc Defense Modern Defense Geller System 2...Nf6 3.Nc3 e5,Pirc Defense Modern Defense Geller System,67,34,e4,True,queenside,20.0,2023-04-16 17:26:38+00:00,Sunday,17
d6233b25-dcf3-11ed-96c2-6cfe544c0428,https://www.chess.com/game/live/75456615933,2023-04-17 07:45:49+00:00,rapid,600,True,white,jep029,935,976,-41,win,Resignation,C42,Petrovs Defense Three Knights Game 3...Bb4,Petrovs Defense Three Knights Game,57,29,e4,True,kingside,14.0,2023-04-17 10:45:49+00:00,Monday,10
0edff7a1-dd04-11ed-96c2-6cfe544c0428,https://www.chess.com/game/live/75463375029,2023-04-17 09:41:47+00:00,rapid,600,True,white,RiccardoDimatteo02,928,994,-66,loss,Checkmate,C00,French Defense Knight Variation Two Knights Variation 3...Nf6 4.exd5 exd5,French Defense Knight Variation Two Knights Variation,68,34,e4,True,kingside,15.0,2023-04-17 12:41:47+00:00,Monday,12
83590e73-dd05-11ed-96c2-6cfe544c0428,https://www.chess.com/game/live/75463988303,2023-04-17 09:52:12+00:00,rapid,600,True,white,Grin118,936,888,48,win,Checkmate,A04,Reti Opening Kingside Fianchetto Variation 2.e4 Bg7,Reti Opening Kingside Fianchetto Variation,53,27,e4,False,,,2023-04-17 12:52:12+00:00,Monday,12
c4426c7e-df18-11ed-96c2-6cfe544c0428,https://www.chess.com/game/live/75692401487,2023-04-20 01:15:03+00:00,rapid,600,True,black,KashKOOLinGtoN,943,886,57,win,Checkmate,C20,Kings Pawn Opening 1...e5,Kings Pawn Opening,38,19,e5,False,,,2023-04-20 04:15:03+00:00,Thursday,4
80d2b98f-dfbd-11ed-96c2-6cfe544c0428,https://www.chess.com/game/live/75763201517,2023-04-20 20:54:15+00:00,rapid,600,True,black,cooperintown,952,957,-5,win,Resignation,C20,Kings Pawn Opening 1...e5,Kings Pawn Opening,14,7,e5,False,,,2023-04-20 23:54:15+00:00,Thursday,23
b65e9cb3-dfbd-11ed-96c2-6cfe544c0428,https://www.chess.com/game/live/75763245573,2023-04-20 20:55:44+00:00,rapid,600,True,black,Carlos0213ca,962,1014,-52,win,Resignation,C22,Center Game Accepted Paulsen Berger Variation,Center Game Accepted Paulsen Berger Variation,13,7,e5,False,,,2023-04-20 23:55:44+00:00,Thursday,23
de84a00c-dfbd-11ed-96c2-6cfe544c0428,https://www.chess.com/game/live/75763278215,2023-04-20 20:56:52+00:00,rapid,600,True,white,thggdedxgg,955,992,-37,loss,Resignation,C46,Three Knights Opening 3...Bc5,Three Knights Opening,50,25,e4,True,kingside,8.0,2023-04-20 23:56:52+00:00,Thursday,23
04b6d384-dff7-11ed-96c2-6cfe544c0428,https://www.chess.com/game/live/75787813955,2023-04-21 03:46:01+00:00,rapid,600,True,black,DBG1105,948,995,-47,loss,Resignation,C65,Ruy Lopez Opening Berlin Defense 4.d3 Bc5 5.Bxc6 dxc6,Ruy Lopez Opening Berlin Defense,39,20,e5,False,,,2023-04-21 06:46:01+00:00,Friday,6
e7bb3000-e262-11ed-912e-6cfe544c0428,https://www.chess.com/game/live/76054177979,2023-04-24 05:44:05+00:00,rapid,600,True,white,heomal,948,448,500,draw,Agreed draw,A43,Old Benoni Defense 2.dxc5,Old Benoni Defense,70,35,d4,True,queenside,24.0,2023-04-24 08:44:05+00:00,Monday,8
84a89b6a-e265-11ed-912e-6cfe544c0428,https://www.chess.com/game/live/76054937071,2023-04-24 06:02:45+00:00,rapid,600,True,black,heomal,949,447,502,win,Timeout,C22,Center Game Accepted Normal Variation,Center Game Accepted Normal Variation,90,45,e5,False,,,2023-04-24 09:02:45+00:00,Monday,9
b6b6dc45-e27d-11ed-912e-6cfe544c0428,https://www.chess.com/game/live/76065622157,2023-04-24 08:55:22+00:00,rapid,600,True,white,wibowaaba,956,797,159,win,Checkmate,C47,Four Knights Game,Four Knights Game,45,23,e4,False,,,2023-04-24 11:55:22+00:00,Monday,11
f9823513-e27e-11ed-912e-6cfe544c0428,https://www.chess.com/game/live/76066200607,2023-04-24 09:04:19+00:00,rapid,600,True,white,FSC-01,946,889,57,loss,Resignation,B01,Scandinavian Defense Mieses Kotrc Variation 3.Nc3,Scandinavian Defense Mieses Kotrc Variation,66,33,e4,False,,,2023-04-24 12:04:19+00:00,Monday,12
aedfb7b0-e327-11ed-912e-6cfe544c0428,https://www.chess.com/game/live/76138330701,2023-04-25 05:12:12+00:00,rapid,600,True,white,Schwartzz001,938,948,-10,loss,Timeout,B10,Caro Kann Defense 2.Nf3 d5 3.exd5 cxd5,Caro Kann Defense,106,53,e4,False,,,2023-04-25 08:12:12+00:00,Tuesday,8
20513e20-e32a-11ed-912e-6cfe544c0428,https://www.chess.com/game/live/76139489899,2023-04-25 05:29:41+00:00,rapid,600,True,white,saleh3bas,945,867,78,win,Checkmate,B00,Kings Pawn Opening,Kings Pawn Opening,93,47,e4,False,,,2023-04-25 08:29:41+00:00,Tuesday,8
cca4b234-e3fd-11ed-912e-6cfe544c0428,https://www.chess.com/game/live/76230604939,2023-04-26 06:44:41+00:00,rapid,600,True,black,MatejaM12,937,973,-36,loss,Checkmate,C45,Scotch Game Schmidt Variation 5.Nxc6,Scotch Game Schmidt Variation,67,34,e5,False,,,2023-04-26 09:44:41+00:00,Wednesday,9
900d10fd-e408-11ed-912e-6cfe544c0428,https://www.chess.com/game/live/76234956793,2023-04-26 08:02:02+00:00,rapid,600,True,black,Swungtander109pro,937,933,4,draw,Stalemate,C50,Italian Game,Italian Game,85,43,e5,True,kingside,9.0,2023-04-26 11:02:02+00:00,Wednesday,11
f1f1785e-e4b9-11ed-912e-6cfe544c0428,https://www.chess.com/game/live/76311124381,2023-04-27 05:11:57+00:00,rapid,1800,True,white,heomal,938,477,461,win,Resignation,B01,Scandinavian Defense Modern Variation,Scandinavian Defense Modern Variation,59,30,e4,True,queenside,13.0,2023-04-27 08:11:57+00:00,Thursday,8
9f1f7a3e-e4bf-11ed-912e-6cfe544c0428,https://www.chess.com/game/live/76313544101,2023-04-27 05:52:40+00:00,rapid,600,False,black,heomal,938,477,461,draw,Insufficient material,C47,Four Knights Game Scotch Variation Accepted 5.Nxd4 Bb4,Four Knights Game Scotch Variation Accepted,122,61,e5,True,kingside,6.0,2023-04-27 08:52:40+00:00,Thursday,8
92c4f40a-e587-11ed-903a-6cfe544c0428,https://www.chess.com/game/live/76399765785,2023-04-28 05:44:12+00:00,rapid,600,True,white,heomal,939,510,429,win,Checkmate,B02,Alekhines Defense Scandinavian Variation 3.exd5 Nxd5 4.Bc4 e6,Alekhines Defense Scandinavian Variation,55,28,e4,False,,,2023-04-28 08:44:12+00:00,Friday,8
02432bec-e589-11ed-903a-6cfe544c0428,https://www.chess.com/game/live/76400371315,2023-04-28 05:53:54+00:00,rapid,600,True,black,heomal,940,509,431,win,Checkmate,C47,Four Knights Game Scotch Variation Accepted 5.Nxd4,Four Knights Game Scotch Variation Accepted,56,28,e5,True,kingside,19.0,2023-04-28 08:53:54+00:00,Friday,8
c64743e6-e58a-11ed-903a-6cfe544c0428,https://www.chess.com/game/live/76401022453,2023-04-28 06:06:32+00:00,rapid,600,False,black,heomal,940,509,431,win,Resignation,C21,Center Game Accepted Kieseritzky Variation,Center Game Accepted Kieseritzky Variation,35,18,e5,False,,,2023-04-28 09:06:32+00:00,Friday,9
c077b194-e682-11ed-903a-6cfe544c0428,https://www.chess.com/game/live/76507375579,2023-04-29 11:41:22+00:00,rapid,600,True,white,SAL1OUM,933,990,-57,loss,Abandoned,C46,Three Knights Opening 3...Bc5,Three Knights Opening,60,30,e4,False,,,2023-04-29 14:41:22+00:00,Saturday,14
c2590c03-e693-11ed-903a-6cfe544c0428,https://www.chess.com/game/live/76514965889,2023-04-29 13:43:11+00:00,rapid,600,True,white,djdjcjcxjxjsjskskxxlwww,940,880,60,win,Checkmate,B01,Scandinavian Defense,Scandinavian Defense,49,25,e4,True,kingside,16.0,2023-04-29 16:43:11+00:00,Saturday,16
78dd9872-e694-11ed-903a-6cfe544c0428,https://www.chess.com/game/live/76515112009,2023-04-29 13:48:30+00:00,rapid,600,True,white,sdbxi,941,963,-22,draw,Stalemate,C41,Philidor Defense 3.Nc3,Philidor Defense,125,63,e4,True,kingside,12.0,2023-04-29 16:48:30+00:00,Saturday,16
045e8a3d-e6bf-11ed-903a-6cfe544c0428,https://www.chess.com/game/live/76533556263,2023-04-29 18:52:37+00:00,rapid,600,True,black,Infinite4367,933,931,2,loss,Checkmate,C48,Four Knights Game Spanish Variation 4...d6,Four Knights Game Spanish Variation,141,71,e5,True,queenside,16.0,2023-04-29 21:52:37+00:00,Saturday,21
b7a7f39f-e6c0-11ed-903a-6cfe544c0428,https://www.chess.com/game/live/76534220031,2023-04-29 19:04:55+00:00,rapid,600,True,black,Deiu42,942,962,-20,win,Abandoned,A40,Englund Gambit,Englund Gambit,24,12,e5,False,,,2023-04-29 22:04:55+00:00,Saturday,22
561d49c7-e6c1-11ed-903a-6cfe544c0428,https://www.chess.com/game/live/76534349825,2023-04-29 19:09:24+00:00,rapid,600,True,black,superstar1998,950,935,15,win,Checkmate,C22,Center Game Accepted Paulsen Berger Variation,Center Game Accepted Paulsen Berger Variation,42,21,e5,True,kingside,14.0,2023-04-29 22:09:24+00:00,Saturday,22
35dfeb4c-e823-11ed-903a-6cfe544c0428,https://www.chess.com/game/live/76686272215,2023-05-01 13:22:32+00:00,rapid,600,True,white,EKJOT123,942,945,-3,loss,Resignation,B02,Alekhines Defense Scandinavian Variation 3.exd5,Alekhines Defense Scandinavian Variation,72,36,e4,False,,,2023-05-01 16:22:32+00:00,Monday,16
d7a45069-e824-11ed-903a-6cfe544c0428,https://www.chess.com/game/live/76687203389,2023-05-01 13:34:14+00:00,rapid,600,True,white,Michal2286,935,979,-44,loss,Checkmate,B23,Closed Sicilian Defense Traditional Line 3.Nf3 d6 4.Bb5,Closed Sicilian Defense Traditional Line,64,32,e4,True,queenside,19.0,2023-05-01 16:34:14+00:00,Monday,16
b5e5f15f-e8ba-11ed-903a-6cfe544c0428,https://www.chess.com/game/live/76751439483,2023-05-02 07:27:30+00:00,rapid,600,False,black,heomal,935,510,425,loss,Checkmate,A00,Unclassified,Unclassified,81,41,e5,False,,,2023-05-02 10:27:30+00:00,Tuesday,10
1221ef27-e8bd-11ed-903a-6cfe544c0428,https://www.chess.com/game/live/76752577653,2023-05-02 07:44:26+00:00,rapid,600,False,white,heomal,935,510,425,loss,Checkmate,B23,Closed Sicilian Defense Traditional Line 3.Nf3 e5,Closed Sicilian Defense Traditional Line,130,65,e4,True,queenside,19.0,2023-05-02 10:44:26+00:00,Tuesday,10
cb3c5649-e8bf-11ed-903a-6cfe544c0428,https://www.chess.com/game/live/76753767043,2023-05-02 08:03:27+00:00,rapid,600,False,black,heomal,935,510,425,loss,Checkmate,C45,Scotch Game Classical Variation 5.Nxc6,Scotch Game Classical Variation,25,13,e5,False,,,2023-05-02 11:03:27+00:00,Tuesday,11
f2e6af6a-e8c1-11ed-903a-6cfe544c0428,https://www.chess.com/game/live/76754482995,2023-05-02 08:18:55+00:00,rapid,600,False,black,heomal,935,510,425,win,Checkmate,A00,Van t Kruijs Opening 1...e5,Van t Kruijs Opening,24,12,e5,False,,,2023-05-02 11:18:55+00:00,Tuesday,11
4eb9ab2b-e8c7-11ed-903a-6cfe544c0428,https://www.chess.com/game/live/76756853381,2023-05-02 08:57:11+00:00,rapid,600,True,white,okd5,927,957,-30,loss,Checkmate,C00,French Defense Steinitz Attack,French Defense Steinitz Attack,40,20,e4,False,,,2023-05-02 11:57:11+00:00,Tuesday,11
dadff826-e980-11ed-903a-6cfe544c0428,https://www.chess.com/game/live/76836607257,2023-05-03 07:05:48+00:00,rapid,600,False,black,heomal,927,486,441,win,Checkmate,C45,Scotch Game Classical Variation 5.Be3 Qf6 6.c3,Scotch Game Classical Variation,40,20,e5,True,kingside,8.0,2023-05-03 10:05:48+00:00,Wednesday,10
61c7886d-e982-11ed-903a-6cfe544c0428,https://www.chess.com/game/live/76837227579,2023-05-03 07:16:30+00:00,rapid,600,False,white,heomal,927,486,441,loss,Checkmate,A43,Old Benoni Defense 2.dxc5,Old Benoni Defense,50,25,d4,False,,,2023-05-03 10:16:30+00:00,Wednesday,10
f9e4482a-ea3f-11ed-903a-6cfe544c0428,https://www.chess.com/game/live/76918767551,2023-05-04 05:53:34+00:00,rapid,600,False,black,heomal,927,495,432,win,Abandoned,C47,Four Knights Game Scotch Variation Accepted 5.Nxd4 Bb4,Four Knights Game Scotch Variation Accepted,18,9,e5,False,,,2023-05-04 08:53:34+00:00,Thursday,8
0434b4bf-ea41-11ed-903a-6cfe544c0428,https://www.chess.com/game/live/76918907779,2023-05-04 06:01:22+00:00,rapid,600,False,white,heomal,927,495,432,loss,Checkmate,A43,Old Benoni Defense 2.dxc5 e6,Old Benoni Defense,90,45,d4,True,queenside,9.0,2023-05-04 09:01:22+00:00,Thursday,9
751397b9-ea43-11ed-903a-6cfe544c0428,https://www.chess.com/game/live/76920062933,2023-05-04 06:18:24+00:00,rapid,600,False,black,heomal,927,495,432,loss,Resignation,C40,Kings Pawn Opening Kings Knight Variation,Kings Pawn Opening Kings Knight Variation,14,7,e5,False,,,2023-05-04 09:18:24+00:00,Thursday,9
3eee1819-ea44-11ed-903a-6cfe544c0428,https://www.chess.com/game/live/76920579025,2023-05-04 06:24:24+00:00,rapid,600,False,white,heomal,927,495,432,win,Resignation,B00,Nimzowitsch Defense 2.d4,Nimzowitsch Defense,19,10,e4,False,,,2023-05-04 09:24:24+00:00,Thursday,9
8cb6cfb6-ea44-11ed-903a-6cfe544c0428,https://www.chess.com/game/live/76920621715,2023-05-04 06:26:45+00:00,rapid,600,False,black,heomal,927,495,432,win,Resignation,B01,Scandinavian Defense Closed 2...d4 3.Nce2,Scandinavian Defense Closed,106,53,d5,True,kingside,8.0,2023-05-04 09:26:45+00:00,Thursday,9
13267099-ea46-11ed-903a-6cfe544c0428,https://www.chess.com/game/live/76921241349,2023-05-04 06:37:06+00:00,rapid,600,False,white,heomal,927,495,432,loss,Resignation,C23,Bishops Opening 2...Nc6,Bishops Opening,11,6,e4,False,,,2023-05-04 09:37:06+00:00,Thursday,9
50cf0c2d-ea46-11ed-903a-6cfe544c0428,https://www.chess.com/game/live/76921275851,2023-05-04 06:38:50+00:00,rapid,600,True,white,golden_tyr,934,872,62,win,Checkmate,B01,Scandinavian Defense,Scandinavian Defense,69,35,e4,True,kingside,6.0,2023-05-04 09:38:50+00:00,Thursday,9
e83bc9e8-eac6-11ed-903a-6cfe544c0428,https://www.chess.com/game/live/76976516785,2023-05-04 21:59:18+00:00,rapid,600,True,black,Luckyrantanplan,943,965,-22,win,Resignation,A40,Englund Gambit,Englund Gambit,32,16,e5,False,,,2023-05-05 00:59:18+00:00,Friday,0
560edf05-eac7-11ed-903a-6cfe544c0428,https://www.chess.com/game/live/76976591095,2023-05-04 22:02:22+00:00,rapid,600,True,black,ruloooooooooooo,950,886,64,win,Resignation,C22,Center Game Accepted Normal Variation,Center Game Accepted Normal Variation,16,8,e5,False,,,2023-05-05 01:02:22+00:00,Friday,1
a531a9a3-eac7-11ed-903a-6cfe544c0428,https://www.chess.com/game/live/76976999827,2023-05-04 22:04:39+00:00,rapid,600,True,black,rogroote,958,963,-5,win,Resignation,A40,Englund Gambit 2.dxe5 Nc6 3.Nf3,Englund Gambit,86,43,e5,True,kingside,20.0,2023-05-05 01:04:39+00:00,Friday,1
bf7b21e3-eac8-11ed-903a-6cfe544c0428,https://www.chess.com/game/live/76977187161,2023-05-04 22:12:30+00:00,rapid,600,True,white,pfrhuete,950,975,-25,loss,Checkmate,C46,Three Knights Opening,Three Knights Opening,72,36,e4,True,queenside,14.0,2023-05-05 01:12:30+00:00,Friday,1
867821f9-eb0f-11ed-99cf-6cfe544c0428,https://www.chess.com/game/live/77007725013,2023-05-05 06:39:11+00:00,rapid,600,True,black,mazinho2222,942,954,-12,loss,Checkmate,C34,Kings Gambit Accepted Schallopp Defense,Kings Gambit Accepted Schallopp Defense,33,17,e5,False,,,2023-05-05 09:39:11+00:00,Friday,9
6c2c9af7-eb10-11ed-99cf-6cfe544c0428,https://www.chess.com/game/live/77008253477,2023-05-05 06:45:44+00:00,rapid,600,True,white,evgenismk,934,941,-7,loss,Abandoned,C42,Petrovs Defense Three Knights Game,Petrovs Defense Three Knights Game,58,29,e4,True,queenside,15.0,2023-05-05 09:45:44+00:00,Friday,9
0b6f2cd4-ec44-11ed-99cf-6cfe544c0428,https://www.chess.com/game/live/77140330849,2023-05-06 19:27:37+00:00,rapid,600,True,white,gijsvos05,926,950,-24,loss,Checkmate,C50,Giuoco Piano Game 4.Nc3,Giuoco Piano Game,74,37,e4,True,queenside,14.0,2023-05-06 22:27:37+00:00,Saturday,22
5cddf063-ecc3-11ed-99cf-6cfe544c0428,https://www.chess.com/game/live/77194947001,2023-05-07 10:38:56+00:00,rapid,600,True,white,grz1337,935,965,-30,win,Resignation,C50,Giuoco Piano Game 4.Nc3 d6,Giuoco Piano Game,25,13,e4,True,kingside,6.0,2023-05-07 13:38:56+00:00,Sunday,13
c2e6b2a6-ecc3-11ed-99cf-6cfe544c0428,https://www.chess.com/game/live/77195018231,2023-05-07 10:41:48+00:00,rapid,600,True,black,idoshimon,944,953,-9,win,Resignation,C47,Four Knights Game Italian Variation,Four Knights Game Italian Variation,42,21,e5,True,kingside,12.0,2023-05-07 13:41:48+00:00,Sunday,13
cdff5109-ed7d-11ed-99cf-6cfe544c0428,https://www.chess.com/game/live/77274830371,2023-05-08 08:53:36+00:00,rapid,600,True,white,maljanahi,953,959,-6,win,Checkmate,C50,Giuoco Piano Game Giuoco Pianissimo Italian Four Knights Variation 5...h6 6.Be3,Giuoco Piano Game Giuoco Pianissimo Italian Four Knights Variation,23,12,e4,True,kingside,8.0,2023-05-08 11:53:36+00:00,Monday,11
434d9a06-ef04-11ed-99cf-6cfe544c0428,https://www.chess.com/game/live/77442715045,2023-05-10 07:28:43+00:00,rapid,600,True,white,icesplit,960,899,61,win,Checkmate,C46,Three Knights Opening,Three Knights Opening,43,22,e4,True,queenside,17.0,2023-05-10 10:28:43+00:00,Wednesday,10
3a07ae05-ef05-11ed-99cf-6cfe544c0428,https://www.chess.com/game/live/77443252461,2023-05-10 07:35:38+00:00,rapid,600,True,black,biggerfrigwis,968,945,23,win,Checkmate,A40,Englund Gambit 2.dxe5 Nc6 3.Nf3,Englund Gambit,120,60,e5,True,kingside,11.0,2023-05-10 10:35:38+00:00,Wednesday,10
43872793-efc5-11ed-99cf-6cfe544c0428,https://www.chess.com/game/live/77525540693,2023-05-11 06:30:20+00:00,rapid,600,False,black,heomal,968,442,526,loss,Resignation,C22,Center Game Accepted Normal Variation,Center Game Accepted Normal Variation,42,21,e5,False,,,2023-05-11 09:30:20+00:00,Thursday,9
057fae22-efc6-11ed-99cf-6cfe544c0428,https://www.chess.com/game/live/77526052165,2023-05-11 06:35:48+00:00,rapid,600,False,white,heomal,968,442,526,loss,Checkmate,B23,Closed Sicilian Defense Traditional Line 3.Nf3 Nf6,Closed Sicilian Defense Traditional Line,70,35,e4,True,kingside,10.0,2023-05-11 09:35:48+00:00,Thursday,9
a844b3f8-f083-11ed-99cf-6cfe544c0428,https://www.chess.com/game/live/77607172357,2023-05-12 05:13:04+00:00,rapid,600,False,black,heomal,968,451,517,loss,Resignation,C21,Center Game Accepted Kieseritzky Variation,Center Game Accepted Kieseritzky Variation,17,9,e5,False,,,2023-05-12 08:13:04+00:00,Friday,8
19213787-f084-11ed-99cf-6cfe544c0428,https://www.chess.com/game/live/77607658087,2023-05-12 05:16:26+00:00,rapid,600,False,white,heomal,968,451,517,win,Resignation,B23,Closed Sicilian Defense Traditional Line 3.Nf3 e5 4.Bc4,Closed Sicilian Defense Traditional Line,39,20,e4,True,kingside,13.0,2023-05-12 08:16:26+00:00,Friday,8
215e7b33-f085-11ed-99cf-6cfe544c0428,https://www.chess.com/game/live/77607785541,2023-05-12 05:23:43+00:00,rapid,600,False,black,heomal,968,451,517,win,Resignation,C22,Center Game Accepted Normal Variation,Center Game Accepted Normal Variation,23,12,e5,False,,,2023-05-12 08:23:43+00:00,Friday,8
9c720cdd-f085-11ed-99cf-6cfe544c0428,https://www.chess.com/game/live/77608273589,2023-05-12 05:27:44+00:00,rapid,600,False,white,heomal,968,451,517,loss,Abandoned,C46,Three Knights Opening 3...Bc5,Three Knights Opening,86,43,e4,True,kingside,8.0,2023-05-12 08:27:44+00:00,Friday,8
5b39788e-f2ec-11ed-99cf-6cfe544c0428,https://www.chess.com/game/live/77872287405,2023-05-15 06:47:36+00:00,rapid,600,True,white,pebi17,983,933,50,win,Checkmate,B07,Pirc Defense 2.d4,Pirc Defense,57,29,e4,True,kingside,13.0,2023-05-15 09:47:36+00:00,Monday,9
52f1bdd2-f2ff-11ed-99cf-6cfe544c0428,https://www.chess.com/game/live/77880221639,2023-05-15 09:03:23+00:00,rapid,600,True,black,mouradazzedine,976,1036,-60,loss,Abandoned,A00,Saragossa Opening 1...e5,Saragossa Opening,65,33,e5,True,queenside,11.0,2023-05-15 12:03:23+00:00,Monday,12
a00d9a7e-f307-11ed-99cf-6cfe544c0428,https://www.chess.com/game/live/77883823243,2023-05-15 10:02:43+00:00,rapid,600,True,white,miguemagachavez,967,963,4,loss,Checkmate,C46,Three Knights Opening,Three Knights Opening,28,14,e4,True,kingside,14.0,2023-05-15 13:02:43+00:00,Monday,13
10ffa256-f308-11ed-99cf-6cfe544c0428,https://www.chess.com/game/live/77884266807,2023-05-15 10:05:52+00:00,rapid,600,True,black,Pepe_Canela,975,953,22,win,Checkmate,C47,Four Knights Game Italian Variation,Four Knights Game Italian Variation,96,48,e5,True,queenside,10.0,2023-05-15 13:05:52+00:00,Monday,13
4d8c685f-f3b9-11ed-9896-6cfe544c0428,https://www.chess.com/game/live/77960413733,2023-05-16 07:15:04+00:00,rapid,600,True,white,AngelNexa,966,955,11,loss,Checkmate,C41,Philidor Defense 3.Nc3,Philidor Defense,144,72,e4,True,queenside,12.0,2023-05-16 10:15:04+00:00,Tuesday,10
379fbe28-f475-11ed-9896-6cfe544c0428,https://www.chess.com/game/live/78040901247,2023-05-17 05:39:42+00:00,rapid,600,True,black,Bonachelo1,973,910,63,win,Abandoned,C45,Scotch Game 3...exd4,Scotch Game,6,3,e5,False,,,2023-05-17 08:39:42+00:00,Wednesday,8
8760ea87-f475-11ed-9896-6cfe544c0428,https://www.chess.com/game/live/78040941137,2023-05-17 05:42:00+00:00,rapid,600,True,black,bonkbonkopi,965,992,-27,loss,Timeout,C45,Scotch Game Classical Variation 5.Nxc6,Scotch Game Classical Variation,119,60,e5,False,,,2023-05-17 08:42:00+00:00,Wednesday,8
b90b8d38-f53f-11ed-9896-6cfe544c0428,https://www.chess.com/game/live/78127891063,2023-05-18 05:49:22+00:00,rapid,600,True,black,Clisman0102,957,968,-11,loss,Checkmate,D00,Richter Veresov Attack 3...h6 4.Bxf6 exf6,Richter Veresov Attack,71,36,d5,True,kingside,13.0,2023-05-18 08:49:22+00:00,Thursday,8
0460397e-f55a-11ed-9896-6cfe544c0428,https://www.chess.com/game/live/78139278883,2023-05-18 08:57:31+00:00,rapid,600,True,white,x-0275747032,964,917,47,win,Resignation,C40,Kings Pawn Opening Kings Knight Gunderam Defense 3.Nc3 c6,Kings Pawn Opening Kings Knight Gunderam Defense,17,9,e4,True,kingside,8.0,2023-05-18 11:57:31+00:00,Thursday,11
5c77ccb8-f55a-11ed-9896-6cfe544c0428,https://www.chess.com/game/live/78139331473,2023-05-18 09:00:13+00:00,rapid,600,True,black,MohamedAbdo7878,955,943,12,loss,Checkmate,A40,Englund Gambit 2.dxe5 Nc6 3.Nf3,Englund Gambit,131,66,e5,True,kingside,9.0,2023-05-18 12:00:13+00:00,Thursday,12
02ad4e87-f9f1-11ed-9896-6cfe544c0428,https://www.chess.com/game/live/78643872919,2023-05-24 05:08:30+00:00,rapid,600,True,white,Moscony_Germano,947,957,-10,loss,Resignation,B07,Pirc Defense Modern Defense Geller System,Pirc Defense Modern Defense Geller System,87,44,e4,True,kingside,7.0,2023-05-24 08:08:30+00:00,Wednesday,8
8c6f9803-fabd-11ed-9896-6cfe544c0428,https://www.chess.com/game/live/78731545611,2023-05-25 05:32:48+00:00,rapid,600,False,black,heomal,947,497,450,loss,Resignation,C22,Center Game Accepted Normal Variation,Center Game Accepted Normal Variation,33,17,e5,True,kingside,16.0,2023-05-25 08:32:48+00:00,Thursday,8
a924e0d8-fabe-11ed-9896-6cfe544c0428,https://www.chess.com/game/live/78732113697,2023-05-25 05:40:45+00:00,rapid,600,False,white,heomal,947,497,450,win,Checkmate,C46,Three Knights Opening 3...Bc5,Three Knights Opening,23,12,e4,False,,,2023-05-25 08:40:45+00:00,Thursday,8
cd34aced-fde6-11ed-921f-6cfe544c0428,https://www.chess.com/game/live/79079450917,2023-05-29 06:05:44+00:00,rapid,600,True,white,patience0105,939,968,-29,loss,Resignation,C40,Kings Pawn Opening Kings Knight Variation,Kings Pawn Opening Kings Knight Variation,62,31,e4,True,queenside,15.0,2023-05-29 09:05:44+00:00,Monday,9
96441ef1-fde8-11ed-921f-6cfe544c0428,https://www.chess.com/game/live/79080098387,2023-05-29 06:18:15+00:00,rapid,600,True,white,YouDEAD123,930,923,7,loss,Abandoned,B01,Scandinavian Defense 2.e5,Scandinavian Defense,4,2,e4,False,,,2023-05-29 09:18:15+00:00,Monday,9
3bc05958-ffdd-11ed-921f-6cfe544c0428,https://www.chess.com/game/live/79295067611,2023-05-31 18:02:14+00:00,rapid,600,True,black,grideus,923,972,-49,loss,Checkmate,C68,Ruy Lopez Opening Morphy Defense Exchange Keres Variation,Ruy Lopez Opening Morphy Defense Exchange Keres Variation,69,35,e5,True,kingside,8.0,2023-05-31 21:02:14+00:00,Wednesday,21
90e9d634-0c43-11ee-9f85-6cfe544c0428,https://www.chess.com/game/live/80658645571,2023-06-16 12:44:52+00:00,rapid,600,False,black,Laithwm,923,518,405,win,Abandoned,C47,Four Knights Game Scotch Variation Accepted 5.Nxd4 Bc5 6.Nxc6 bxc6,Four Knights Game Scotch Variation Accepted,14,7,e5,False,,,2023-06-16 15:44:52+00:00,Friday,15
e9d3121e-12a2-11ee-bc55-6cfe544c0428,https://www.chess.com/game/live/81359034423,2023-06-24 15:22:33+00:00,rapid,600,True,white,KingPepitov,915,957,-42,loss,Timeout,C47,Four Knights Game Scotch Variation Accepted 5.Nxd4 Bb4,Four Knights Game Scotch Variation Accepted,56,28,e4,True,queenside,16.0,2023-06-24 18:22:33+00:00,Saturday,18
6ec6dbf9-1471-11ee-bc55-6cfe544c0428,https://www.chess.com/game/live/81557606305,2023-06-26 22:33:27+00:00,rapid,600,True,black,omelshafei,908,961,-53,loss,Abandoned,C22,Center Game Accepted Normal Variation,Center Game Accepted Normal Variation,51,26,e5,True,kingside,13.0,2023-06-27 01:33:27+00:00,Tuesday,1
a5149ae3-4336-11ee-b50d-6cfe544c0428,https://www.chess.com/game/live/86700053683,2023-08-25 11:00:53+00:00,blitz,300,True,white,Laithwm,943,431,512,win,Resignation,C42,Petrovs Defense Classical Variation,Petrovs Defense Classical Variation,17,9,e4,False,,,2023-08-25 14:00:53+00:00,Friday,14
18e1139b-4337-11ee-b50d-6cfe544c0428,https://www.chess.com/game/live/86700542145,2023-08-25 11:04:15+00:00,blitz,300,True,black,Laithwm,969,436,533,win,Timeout,C20,Kings Pawn Opening 1...e5,Kings Pawn Opening,56,28,e5,False,,,2023-08-25 14:04:15+00:00,Friday,14
655401e5-4ba7-11ee-b49d-6cfe544c0428,https://www.chess.com/game/live/87628275597,2023-09-05 04:48:02+00:00,rapid,600,True,black,Edmundsalbt,920,862,58,win,Resignation,C67,Ruy Lopez Opening Berlin Rio Gambit Accepted 5.Re1,Ruy Lopez Opening Berlin Rio Gambit Accepted,75,38,e5,True,kingside,8.0,2023-09-05 07:48:02+00:00,Tuesday,7
307dc3b9-4bbb-11ee-b49d-6cfe544c0428,https://www.chess.com/game/live/87636702807,2023-09-05 07:09:55+00:00,rapid,600,True,black,Viktor_51,908,960,-52,loss,Abandoned,C34,Kings Gambit Accepted Schallopp Defense 4.Nc3 d5,Kings Gambit Accepted Schallopp Defense,41,21,e5,True,kingside,10.0,2023-09-05 10:09:55+00:00,Tuesday,10
f90b82c6-4bbc-11ee-b49d-6cfe544c0428,https://www.chess.com/game/live/87637337903,2023-09-05 07:22:33+00:00,rapid,600,True,black,suvigyachandra,922,946,-24,win,Abandoned,C47,Four Knights Game Scotch Variation Accepted 5.Nxd4,Four Knights Game Scotch Variation Accepted,12,6,e5,False,,,2023-09-05 10:22:33+00:00,Tuesday,10
2a8b27e1-4bc4-11ee-b49d-6cfe544c0428,https://www.chess.com/game/live/87640832409,2023-09-05 08:14:17+00:00,rapid,600,False,white,bootyslayer32,922,1200,-278,loss,Abandoned,B01,Scandinavian Defense Mieses Kotrc Main Line 4.Nf3 Nf6 5.Bc4,Scandinavian Defense Mieses Kotrc Main Line,28,14,e4,False,,,2023-09-05 11:14:17+00:00,Tuesday,11
88065159-4f2a-11ee-9108-6cfe544c0428,https://www.chess.com/game/live/88014571967,2023-09-09 16:04:22+00:00,rapid,600,True,white,LORDCOMMANDER123,909,926,-17,loss,Abandoned,C41,Philidor Defense 3.Nc3,Philidor Defense,24,12,e4,False,,,2023-09-09 19:04:22+00:00,Saturday,19
496fcca2-6df6-11ee-8f7c-6cfe544c0428,https://www.chess.com/game/live/91400417479,2023-10-18 20:39:13+00:00,rapid,600,True,white,angelixcai,894,387,507,draw,Stalemate,B01,Scandinavian Defense Mieses Kotrc Variation 3.Nc3,Scandinavian Defense Mieses Kotrc Variation,144,72,e4,True,kingside,8.0,2023-10-18 23:39:13+00:00,Wednesday,23
363e9787-6df9-11ee-8f7c-6cfe544c0428,https://www.chess.com/game/live/91401626147,2023-10-18 20:59:40+00:00,blitz,180+2,True,black,angelixcai,986,403,583,win,Resignation,C45,Scotch Game 3...exd4 4.Nxd4 Nxd4 5.Qxd4,Scotch Game,100,50,e5,True,queenside,20.0,2023-10-18 23:59:40+00:00,Wednesday,23
9af51ab2-6dfa-11ee-8f7c-6cfe544c0428,https://www.chess.com/game/live/91402223491,2023-10-18 21:09:26+00:00,bullet,60,True,black,angelixcai,866,359,507,win,Timeout,C43,Petrovs Defense Steinitz Attack 3...exd4,Petrovs Defense Steinitz Attack,60,30,e5,True,kingside,11.0,2023-10-19 00:09:26+00:00,Thursday,0
501e67af-6dfc-11ee-8f7c-6cfe544c0428,https://www.chess.com/game/live/91403293693,2023-10-18 21:21:43+00:00,blitz,180+2,True,black,angelixcai,583,418,165,loss,Checkmate,C47,Four Knights Game Scotch Variation Accepted 5.Nxd4,Four Knights Game Scotch Variation Accepted,57,29,e5,True,kingside,9.0,2023-10-19 00:21:43+00:00,Thursday,0
5a53aa62-6dfd-11ee-8f7c-6cfe544c0428,https://www.chess.com/game/live/91403412131,2023-10-18 21:29:18+00:00,blitz,180+2,True,white,angelixcai,662,413,249,win,Checkmate,B01,Scandinavian Defense Mieses Kotrc Variation 3.Nc3,Scandinavian Defense Mieses Kotrc Variation,117,59,e4,True,queenside,10.0,2023-10-19 00:29:18+00:00,Thursday,0
221173da-740d-11ee-a98d-6cfe544c0428,https://www.chess.com/game/live/92070005733,2023-10-26 14:37:17+00:00,blitz,300,True,black,angelixcai,703,390,313,win,Resignation,C45,Scotch Game 3...exd4 4.Nxd4 Nxd4 5.Qxd4,Scotch Game,64,32,e5,False,,,2023-10-26 17:37:17+00:00,Thursday,17
c3f2093e-740d-11ee-a98d-6cfe544c0428,https://www.chess.com/game/live/92070495167,2023-10-26 14:41:49+00:00,blitz,300,True,white,angelixcai,731,387,344,win,Resignation,B01,Scandinavian Defense Modern Variation 3.Nf3 Qxd5 4.Nc3,Scandinavian Defense Modern Variation,107,54,e4,True,queenside,15.0,2023-10-26 17:41:49+00:00,Thursday,17
07296a28-740f-11ee-a98d-6cfe544c0428,https://www.chess.com/game/live/92070678377,2023-10-26 14:50:48+00:00,blitz,300,True,black,angelixcai,753,385,368,win,Checkmate,C22,Center Game Accepted Paulsen Berger Variation,Center Game Accepted Paulsen Berger Variation,42,21,e5,False,,,2023-10-26 17:50:48+00:00,Thursday,17
a2df52ce-740f-11ee-a98d-6cfe544c0428,https://www.chess.com/game/live/92071163793,2023-10-26 14:55:09+00:00,blitz,300,True,white,angelixcai,770,383,387,win,Checkmate,B01,Scandinavian Defense Mieses Kotrc Variation 3.Nc3,Scandinavian Defense Mieses Kotrc Variation,61,31,e4,True,queenside,10.0,2023-10-26 17:55:09+00:00,Thursday,17
8415e465-7410-11ee-a98d-6cfe544c0428,https://www.chess.com/game/live/92071290747,2023-10-26 15:01:28+00:00,blitz,300,True,black,angelixcai,636,397,239,loss,Checkmate,C45,Scotch Game 3...exd4 4.Nxd4 Nxd4 5.Qxd4,Scotch Game,19,10,e5,False,,,2023-10-26 18:01:28+00:00,Thursday,18
d2aa5183-7410-11ee-a98d-6cfe544c0428,https://www.chess.com/game/live/92071733177,2023-10-26 15:03:52+00:00,blitz,300,True,white,angelixcai,532,409,123,loss,Timeout,B01,Scandinavian Defense 2.e5,Scandinavian Defense,130,65,e4,True,kingside,14.0,2023-10-26 18:03:52+00:00,Thursday,18
60bc727f-7412-11ee-a98d-6cfe544c0428,https://www.chess.com/game/live/92072356663,2023-10-26 15:14:47+00:00,blitz,300,True,black,angelixcai,569,403,166,win,Checkmate,C20,Kings Pawn Opening 1...e5,Kings Pawn Opening,52,26,e5,False,,,2023-10-26 18:14:47+00:00,Thursday,18
07cb912e-0789-11ef-aa9f-6cfe544c0428,https://www.chess.com/game/live/108286174831,2024-05-01 07:04:19+00:00,rapid,600,True,white,Bilegee0309,862,905,-43,loss,Checkmate,C50,Giuoco Piano Game Four Knights Game,Giuoco Piano Game Four Knights Game,64,32,e4,True,queenside,11.0,2024-05-01 10:04:19+00:00,Wednesday,10
80819d13-64ed-11f0-b5af-16e4de01000f,https://www.chess.com/game/live/140886577062,2025-07-19 22:12:47+00:00,rapid,600,True,black,AshikPoovar,801,871,-70,loss,Resignation,C57,Italian Game Knight Attack,Italian Game Knight Attack,80,40,e5,False,,,2025-07-20 01:12:47+00:00,Sunday,1
3a76a237-64ef-11f0-9740-f690a301000f,https://www.chess.com/game/live/140886846546,2025-07-19 22:25:08+00:00,rapid,600,True,white,specnate,852,786,66,win,Checkmate,C40,Kings Pawn Opening Kings Knight Elephant Paulsen Countergambit 4.Qe2,Kings Pawn Opening Kings Knight Elephant Paulsen Countergambit,65,33,e4,True,queenside,20.0,2025-07-20 01:25:08+00:00,Sunday,1
f5b87359-64f0-11f0-9740-f690a301000f,https://www.chess.com/game/live/140887109056,2025-07-19 22:37:32+00:00,rapid,600,True,white,Good-Little-Loser,813,948,-135,loss,Checkmate,C47,Four Knights Game Italian Variation,Four Knights Game Italian Variation,164,82,e4,False,,,2025-07-20 01:37:32+00:00,Sunday,1
7ab6aa63-64f2-11f0-91b1-f23cba01000f,https://www.chess.com/game/live/140887332372,2025-07-19 22:48:25+00:00,rapid,600,True,black,ruyar02,864,882,-18,win,Checkmate,C23,Bishops Opening 2...Nc6,Bishops Opening,56,28,e5,True,kingside,6.0,2025-07-20 01:48:25+00:00,Sunday,1
6d3161b9-6505-11f0-91b1-f23cba01000f,https://www.chess.com/game/live/140889769986,2025-07-20 01:04:02+00:00,rapid,600,True,white,camuel17,903,872,31,win,Abandoned,C00,French Defense Knight Variation,French Defense Knight Variation,19,10,Nf3,False,,,2025-07-20 04:04:02+00:00,Sunday,4
d7a08b69-6505-11f0-9740-f690a301000f,https://www.chess.com/game/live/140889820104,2025-07-20 01:07:01+00:00,rapid,600,True,white,SendhySetiyawan,868,898,-30,loss,Abandoned,C47,Four Knights Game Italian Variation,Four Knights Game Italian Variation,103,52,e4,True,kingside,12.0,2025-07-20 04:07:01+00:00,Sunday,4
9ef387b2-65c8-11f0-91b1-f23cba01000f,https://www.chess.com/game/live/140924290428,2025-07-21 00:21:18+00:00,rapid,600,True,black,CtrlZThatMove,898,854,44,win,Timeout,C34,Kings Gambit Accepted Kings Knight Gambit,Kings Gambit Accepted Kings Knight Gambit,98,49,e5,True,queenside,15.0,2025-07-21 03:21:18+00:00,Monday,3
8da80314-65cb-11f0-9740-f690a301000f,https://www.chess.com/game/live/140924657154,2025-07-21 00:42:17+00:00,rapid,600,True,white,Jar236,926,885,41,win,Checkmate,C40,Kings Pawn Opening Kings Knight Variation,Kings Pawn Opening Kings Knight Variation,137,69,e4,False,,,2025-07-21 03:42:17+00:00,Monday,3
7e3b12e6-662c-11f0-9740-f690a301000f,https://www.chess.com/game/live/140939889442,2025-07-21 12:16:13+00:00,rapid,600,True,black,nextunit,952,911,41,win,Resignation,C47,Four Knights Game,Four Knights Game,15,8,e5,False,,,2025-07-21 15:16:13+00:00,Monday,15
b9c70f1c-662c-11f0-95c5-1e50f701000f,https://www.chess.com/game/live/140939941642,2025-07-21 12:17:53+00:00,rapid,600,True,white,aavvram,927,959,-32,loss,Checkmate,A04,Reti Opening Queenside Fianchetto Variation 2.e4 Bb7 3.Nc3,Reti Opening Queenside Fianchetto Variation,48,24,e4,False,,,2025-07-21 15:17:53+00:00,Monday,15
ce97ed79-662d-11f0-9372-b3070a01000f,https://www.chess.com/game/live/140940186312,2025-07-21 12:25:37+00:00,rapid,600,True,black,mk033633,903,917,-14,loss,Resignation,C42,Petrovs Defense 3.d3 Nc6,Petrovs Defense,130,65,e5,True,kingside,10.0,2025-07-21 15:25:37+00:00,Monday,15
6624356c-6649-11f0-b48c-39983f01000f,https://www.chess.com/game/live/140946913380,2025-07-21 15:43:08+00:00,rapid,600,True,black,Dino4718,882,912,-30,loss,Checkmate,D02,Queens Pawn Opening Zukertort Chigorin Variation 3.e3,Queens Pawn Opening Zukertort Chigorin Variation,45,23,d5,True,kingside,8.0,2025-07-21 18:43:08+00:00,Monday,18
9ac2dcf3-664a-11f0-b48c-39983f01000f,https://www.chess.com/game/live/140947224858,2025-07-21 15:51:45+00:00,rapid,600,True,white,mMmseeeD,862,902,-40,loss,Abandoned,B07,Pirc Defense Modern Defense Geller System,Pirc Defense Modern Defense Geller System,72,36,e4,True,kingside,14.0,2025-07-21 18:51:45+00:00,Monday,18
ab6dc8c4-69ae-11f0-9740-f690a301000f,https://www.chess.com/game/live/141111960894,2025-07-25 23:25:36+00:00,rapid,600,True,white,RudyantoLiemard,843,887,-44,loss,Checkmate,C28,Bishops Opening Berlin Vienna Hybrid Variation 4...Bc5 5.Nf3,Bishops Opening Berlin Vienna Hybrid Variation,40,20,e4,False,,,2025-07-26 02:25:36+00:00,Saturday,2
7098f1e1-69af-11f0-9493-59c71301000f,https://www.chess.com/game/live/141112067524,2025-07-25 23:31:07+00:00,rapid,600,True,white,vitor8191,824,838,-14,loss,Checkmate,C47,Four Knights Game Scotch Variation 4...Bb4,Four Knights Game Scotch Variation,64,32,e4,True,kingside,14.0,2025-07-26 02:31:07+00:00,Saturday,2
13e47623-69b2-11f0-9740-f690a301000f,https://www.chess.com/game/live/141112425974,2025-07-25 23:50:00+00:00,rapid,600,True,black,madmoudd,842,820,22,win,Checkmate,C22,Center Game Accepted Paulsen Berger Variation,Center Game Accepted Paulsen Berger Variation,52,26,e5,True,kingside,18.0,2025-07-26 02:50:00+00:00,Saturday,2
e3da3900-69b2-11f0-91b1-f23cba01000f,https://www.chess.com/game/live/141112533294,2025-07-25 23:55:49+00:00,rapid,600,True,black,osoriotosco,858,823,35,win,Checkmate,C47,Four Knights Game Scotch Variation 4...Bb4,Four Knights Game Scotch Variation,44,22,e5,True,kingside,13.0,2025-07-26 02:55:49+00:00,Saturday,2
0d33eb2b-6a11-11f0-9493-59c71301000f,https://www.chess.com/game/live/141126943862,2025-07-26 11:09:51+00:00,rapid,600,True,black,bishalbhagat,843,882,-39,loss,Resignation,C25,Vienna Game Anderssen Defense 3.Bc4 Nf6,Vienna Game Anderssen Defense,39,20,e5,True,kingside,7.0,2025-07-26 14:09:51+00:00,Saturday,14
9d76280d-6a11-11f0-bd8e-1bb54201000f,https://www.chess.com/game/live/141127058736,2025-07-26 11:13:53+00:00,rapid,600,True,white,rexyclimaxx,859,842,17,win,Resignation,B01,Scandinavian Defense,Scandinavian Defense,41,21,e4,True,queenside,13.0,2025-07-26 14:13:53+00:00,Saturday,14
c1660739-6a12-11f0-899b-55ac7801000f,https://www.chess.com/game/live/141127291418,2025-07-26 11:22:03+00:00,rapid,600,True,black,robertoedgard,874,864,10,win,Resignation,C57,Italian Game Knight Attack,Italian Game Knight Attack,49,25,e5,False,,,2025-07-26 14:22:03+00:00,Saturday,14
86580a6a-6a75-11f0-899b-55ac7801000f,https://www.chess.com/game/live/141148326024,2025-07-26 23:09:04+00:00,rapid,600,True,white,turkmenx,889,888,1,win,Resignation,C00,French Defense Knight Variation,French Defense Knight Variation,63,32,e4,True,queenside,14.0,2025-07-27 02:09:04+00:00,Sunday,2
8ecf233d-6a76-11f0-91b1-f23cba01000f,https://www.chess.com/game/live/141148468578,2025-07-26 23:16:28+00:00,rapid,600,True,white,demianrobin,876,900,-24,loss,Checkmate,C47,Four Knights Game Scotch Variation Accepted 5.Nxd4,Four Knights Game Scotch Variation Accepted,112,56,e4,True,queenside,13.0,2025-07-27 02:16:28+00:00,Sunday,2
94b53a2a-6a78-11f0-9740-f690a301000f,https://www.chess.com/game/live/141148742622,2025-07-26 23:30:57+00:00,rapid,600,True,black,adarr94,888,850,38,win,Resignation,C24,Bishops Opening Berlin Defense 3.d3,Bishops Opening Berlin Defense,36,18,e5,True,kingside,12.0,2025-07-27 02:30:57+00:00,Sunday,2
81ad984f-6a79-11f0-9493-59c71301000f,https://www.chess.com/game/live/141148866274,2025-07-26 23:37:34+00:00,rapid,600,True,black,Carraky,876,911,-35,loss,Abandoned,C26,Vienna Game Falkbeer Stanley Variation,Vienna Game Falkbeer Stanley Variation,45,23,e5,False,,,2025-07-27 02:37:34+00:00,Sunday,2
f1bb6c78-6b21-11f0-9740-f690a301000f,https://www.chess.com/game/live/141180412270,2025-07-27 19:43:18+00:00,rapid,600,True,black,ladouge,863,867,-4,loss,Checkmate,D20,Queens Gambit Accepted Central Variation McDonnell Defense 4.Nf3 exd4,Queens Gambit Accepted Central Variation McDonnell Defense,75,38,d5,False,,,2025-07-27 22:43:18+00:00,Sunday,22
dd4bb902-6b23-11f0-9493-59c71301000f,https://www.chess.com/game/live/141180825586,2025-07-27 19:57:02+00:00,rapid,600,True,black,scif235,852,891,-39,loss,Abandoned,C55,Italian Game Two Knights Modern Bishops Opening 4...d5 5.exd5 Nxd5,Italian Game Two Knights Modern Bishops Opening,35,18,e5,True,kingside,14.0,2025-07-27 22:57:02+00:00,Sunday,22
bc6ab2ed-6b45-11f0-9493-59c71301000f,https://www.chess.com/game/live/141186569188,2025-07-27 23:59:30+00:00,rapid,600,True,white,almthafi,840,851,-11,loss,Resignation,B01,Scandinavian Defense Mieses Kotrc Variation 3.Nc3 Qe5,Scandinavian Defense Mieses Kotrc Variation,60,30,e4,True,kingside,8.0,2025-07-28 02:59:30+00:00,Monday,2
95e34f2c-6b46-11f0-91b1-f23cba01000f,https://www.chess.com/game/live/141186678502,2025-07-28 00:05:35+00:00,rapid,600,True,white,mechasam,828,827,1,loss,Checkmate,C46,Three Knights Opening,Three Knights Opening,112,56,e4,True,queenside,12.0,2025-07-28 03:05:35+00:00,Monday,3
7a3c3aa5-6b48-11f0-9740-f690a301000f,https://www.chess.com/game/live/141186919738,2025-07-28 00:19:08+00:00,rapid,600,True,white,cruchberries,838,798,40,win,Resignation,C40,Kings Pawn Opening Kings Knight Variation,Kings Pawn Opening Kings Knight Variation,37,19,e4,False,,,2025-07-28 03:19:08+00:00,Monday,3
29887ac9-6b49-11f0-9493-59c71301000f,https://www.chess.com/game/live/141187007754,2025-07-28 00:24:02+00:00,rapid,600,True,black,rinisantosa,827,827,0,loss,Timeout,C20,Kings Pawn Opening 1...e5,Kings Pawn Opening,99,50,e5,True,kingside,17.0,2025-07-28 03:24:02+00:00,Monday,3
9f91c250-6ba9-11f0-91b1-f23cba01000f,https://www.chess.com/game/live/141202049900,2025-07-28 11:54:31+00:00,rapid,600,True,black,azhrlghffr,817,842,-25,loss,Checkmate,D02,Queens Pawn Opening Zukertort Chigorin Variation 3.Bf4 Nf6 4.e3,Queens Pawn Opening Zukertort Chigorin Variation,49,25,d5,True,kingside,21.0,2025-07-28 14:54:31+00:00,Monday,14
395f2475-6bbe-11f0-9397-dd933d01000f,https://www.chess.com/game/live/141207010598,2025-07-28 14:21:59+00:00,rapid,600,True,white,oussamatoutouh,808,839,-31,loss,Checkmate,C47,Four Knights Game Scotch Variation Accepted 5.Nxd4 Bc5,Four Knights Game Scotch Variation Accepted,46,23,e4,True,queenside,15.0,2025-07-28 17:21:59+00:00,Monday,17
4160be79-6bbf-11f0-bd21-ba19bd01000f,https://www.chess.com/game/live/141207274408,2025-07-28 14:29:22+00:00,rapid,600,True,black,Naouak,818,813,5,win,Resignation,C61,Ruy Lopez Opening Birds Defense,Ruy Lopez Opening Birds Defense,70,35,e5,True,kingside,16.0,2025-07-28 17:29:22+00:00,Monday,17
b05b6e7c-6c79-11f0-9493-59c71301000f,https://www.chess.com/game/live/141242792146,2025-07-29 12:43:55+00:00,rapid,600,True,white,Gevarel08,808,819,-11,loss,Resignation,C46,Three Knights Opening,Three Knights Opening,52,26,e4,True,kingside,10.0,2025-07-29 15:43:55+00:00,Tuesday,15
ca2334c2-6c7a-11f0-9493-59c71301000f,https://www.chess.com/game/live/141243066798,2025-07-29 12:51:48+00:00,rapid,600,True,black,abeniiiiiii,798,803,-5,loss,Checkmate,A40,Queens Pawn Opening Mikenas Defense 2.Nf3,Queens Pawn Opening Mikenas Defense,77,39,Nc6,True,kingside,13.0,2025-07-29 15:51:48+00:00,Tuesday,15
5d5f81eb-6c7c-11f0-a926-f76b6501000f,https://www.chess.com/game/live/141243453504,2025-07-29 13:03:04+00:00,rapid,600,True,white,AlexseyMakarov,807,792,15,win,Resignation,C40,Kings Pawn Opening Kings Knight Variation,Kings Pawn Opening Kings Knight Variation,41,21,e4,True,queenside,15.0,2025-07-29 16:03:04+00:00,Tuesday,16
275ccc09-6c7d-11f0-bd9d-52c12201000f,https://www.chess.com/game/live/141243649398,2025-07-29 13:08:43+00:00,rapid,600,True,black,abreu0988384839,798,795,3,loss,Checkmate,A01,Nimzowitsch Larsen Attack Modern Variation 2.Bb2 d6,Nimzowitsch Larsen Attack Modern Variation,35,18,e5,True,kingside,8.0,2025-07-29 16:08:43+00:00,Tuesday,16
f2c824e2-6c7d-11f0-a926-f76b6501000f,https://www.chess.com/game/live/141243846286,2025-07-29 13:14:24+00:00,rapid,600,True,black,Bobo23145,789,783,6,loss,Checkmate,C47,Four Knights Game Italian Variation,Four Knights Game Italian Variation,47,24,e5,True,kingside,7.0,2025-07-29 16:14:24+00:00,Tuesday,16
1fb1f5a9-6c82-11f0-9740-f690a301000f,https://www.chess.com/game/live/141244889580,2025-07-29 13:44:18+00:00,rapid,600,True,white,iblame_angela,781,814,-33,loss,Checkmate,C43,Petrovs Defense Steinitz Attack Symmetrical Variation 4.dxe5,Petrovs Defense Steinitz Attack Symmetrical Variation,114,57,e4,True,queenside,13.0,2025-07-29 16:44:18+00:00,Tuesday,16
3988fe4b-6ca8-11f0-bd9d-52c12201000f,https://www.chess.com/game/live/141254785474,2025-07-29 18:17:02+00:00,rapid,600,True,black,Shironyx,789,768,21,win,Resignation,C47,Four Knights Game Italian Variation,Four Knights Game Italian Variation,44,22,e5,False,,,2025-07-29 21:17:02+00:00,Tuesday,21
ac2650ea-6cc3-11f0-9740-f690a301000f,https://www.chess.com/game/live/141260953028,2025-07-29 21:33:31+00:00,rapid,600,True,black,RajaKhubaibNasir,789,774,15,draw,Stalemate,A00,Kings Fianchetto Opening 1...e5 2.Bg2 d5,Kings Fianchetto Opening,135,68,e5,True,kingside,7.0,2025-07-30 00:33:31+00:00,Wednesday,0
fcf91e03-6ccf-11f0-9740-f690a301000f,https://www.chess.com/game/live/141263066678,2025-07-29 23:01:40+00:00,rapid,600,True,white,joseph_2529,797,792,5,win,Checkmate,C45,Scotch Game 3...exd4 4.Nxd4 Nxd4 5.Qxd4,Scotch Game,83,42,e4,True,queenside,14.0,2025-07-30 02:01:40+00:00,Wednesday,2
9471dc8a-6cd1-11f0-91b1-f23cba01000f,https://www.chess.com/game/live/141263303538,2025-07-29 23:13:04+00:00,rapid,600,True,white,Hak95,790,827,-37,loss,Checkmate,C45,Scotch Game,Scotch Game,66,33,e4,True,queenside,16.0,2025-07-30 02:13:04+00:00,Wednesday,2
d2fb33cb-6d4e-11f0-8fff-9244c801000f,https://www.chess.com/game/live/141284939476,2025-07-30 14:09:36+00:00,rapid,600,True,white,Kiragone,782,785,-3,loss,Checkmate,B10,Caro Kann Defense 2.Nf3 d5,Caro Kann Defense,58,29,e4,True,kingside,10.0,2025-07-30 17:09:36+00:00,Wednesday,17
c4b876ed-6d50-11f0-a782-67c26501000f,https://www.chess.com/game/live/141285439042,2025-07-30 14:23:31+00:00,rapid,600,True,black,magebrain,774,805,-31,loss,Checkmate,A40,Queens Pawn Opening Mikenas Defense 2.c4,Queens Pawn Opening Mikenas Defense,69,35,Nc6,False,,,2025-07-30 17:23:31+00:00,Wednesday,17
b3396f47-6d8c-11f0-a782-67c26501000f,https://www.chess.com/game/live/141299848468,2025-07-30 21:32:31+00:00,rapid,600,True,white,b_l_i_t_zz,782,762,20,win,Checkmate,B00,Nimzowitsch Defense Declined Williams Variation 3.d4 Nf6 4.Nc3 Bg4,Nimzowitsch Defense Declined Williams Variation,113,57,e4,False,,,2025-07-31 00:32:31+00:00,Thursday,0
0bbb34c6-6d98-11f0-9fd0-86507f01000f,https://www.chess.com/game/live/141301796088,2025-07-30 22:53:44+00:00,rapid,600,True,black,Donal_C,790,789,1,win,Resignation,C45,Scotch Game 3...exd4 4.Nxd4 Qf6 5.Nxc6,Scotch Game,62,31,e5,True,kingside,8.0,2025-07-31 01:53:44+00:00,Thursday,1
5e0205ba-6d99-11f0-8c00-fdf47001000f,https://www.chess.com/game/live/141301996832,2025-07-30 23:03:12+00:00,rapid,600,True,black,oottehuonoja,781,776,5,loss,Checkmate,C42,Petrovs Defense Three Knights Game,Petrovs Defense Three Knights Game,53,27,e5,False,,,2025-07-31 02:03:12+00:00,Thursday,2
38b1e87d-6d9a-11f0-8fff-9244c801000f,https://www.chess.com/game/live/141302123758,2025-07-30 23:09:19+00:00,rapid,600,True,white,HaveNoId,789,768,21,win,Checkmate,A04,Reti Opening Queenside Fianchetto Variation 2.e4 Bb7 3.Nc3,Reti Opening Queenside Fianchetto Variation,73,37,e4,False,,,2025-07-31 02:09:19+00:00,Thursday,2
131f235a-6dae-11f0-a782-67c26501000f,https://www.chess.com/game/live/141304824666,2025-07-31 01:31:26+00:00,rapid,600,True,black,Jabloud,781,796,-15,loss,Checkmate,C50,Giuoco Piano Game Giuoco Pianissimo Italian Four Knights Variation 5...d6,Giuoco Piano Game Giuoco Pianissimo Italian Four Knights Variation,77,39,Nc6,True,queenside,17.0,2025-07-31 04:31:26+00:00,Thursday,4
295b346c-6db0-11f0-8fff-9244c801000f,https://www.chess.com/game/live/141305102634,2025-07-31 01:46:22+00:00,rapid,600,True,black,vanillagoodness,789,763,26,win,Resignation,A40,Queens Pawn Opening Mikenas Defense 2.Nf3 d6,Queens Pawn Opening Mikenas Defense,29,15,Nc6,True,kingside,14.0,2025-07-31 04:46:22+00:00,Thursday,4
d9c23335-6db0-11f0-8fff-9244c801000f,https://www.chess.com/game/live/141305194416,2025-07-31 01:51:18+00:00,rapid,600,True,white,powerguido22k,797,797,0,win,Checkmate,C24,Bishops Opening Berlin Defense,Bishops Opening Berlin Defense,23,12,e4,False,,,2025-07-31 04:51:18+00:00,Thursday,4
7c012ab3-6dfd-11f0-8fff-9244c801000f,https://www.chess.com/game/live/141317604314,2025-07-31 10:59:52+00:00,rapid,600,True,white,manvi5678,805,777,28,win,Resignation,C41,Philidor Defense 3.Nc3,Philidor Defense,37,19,e4,True,kingside,15.0,2025-07-31 13:59:52+00:00,Thursday,13
3aebfc68-6dfe-11f0-8c00-fdf47001000f,https://www.chess.com/game/live/141317763374,2025-07-31 11:05:12+00:00,rapid,600,True,white,WeakWill,813,786,27,win,Resignation,B07,Pirc Defense 2.d4,Pirc Defense,69,35,e4,True,kingside,17.0,2025-07-31 14:05:12+00:00,Thursday,14
347553f5-6e62-11f0-a782-67c26501000f,https://www.chess.com/game/live/141340689616,2025-07-31 23:00:51+00:00,rapid,600,True,black,IneptitudeinallyGood,821,823,-2,win,Checkmate,C40,Kings Pawn Opening Kings Knight Variation,Kings Pawn Opening Kings Knight Variation,40,20,e5,True,kingside,10.0,2025-08-01 02:00:51+00:00,Friday,2
cc8bf54b-6e62-11f0-a9b2-3597e301000f,https://www.chess.com/game/live/141340778378,2025-07-31 23:05:06+00:00,rapid,600,True,white,AlanReady,813,824,-11,loss,Checkmate,C57,Italian Game Knight Attack Normal Variation,Italian Game Knight Attack Normal Variation,116,58,e4,True,queenside,15.0,2025-08-01 02:05:06+00:00,Friday,2
f5c5a153-6e64-11f0-8c00-fdf47001000f,https://www.chess.com/game/live/141341096936,2025-07-31 23:20:34+00:00,rapid,600,True,black,APone2020,821,806,15,win,Resignation,C47,Four Knights Game Scotch Variation 4...Bb4 5.d5,Four Knights Game Scotch Variation,78,39,e5,True,kingside,19.0,2025-08-01 02:20:34+00:00,Friday,2
65138751-6e6b-11f0-8c00-fdf47001000f,https://www.chess.com/game/live/141342001886,2025-08-01 00:06:38+00:00,rapid,600,True,white,bluziDev,813,830,-17,loss,Checkmate,C45,Scotch Game,Scotch Game,88,44,e4,False,,,2025-08-01 03:06:38+00:00,Friday,3
3ea09ffc-6e6d-11f0-a782-67c26501000f,https://www.chess.com/game/live/141342250228,2025-08-01 00:19:53+00:00,rapid,600,True,black,Kharma_Dog,805,833,-28,loss,Checkmate,C57,Italian Game Knight Attack Normal Variation 5.exd5,Italian Game Knight Attack Normal Variation,177,89,e5,True,queenside,16.0,2025-08-01 03:19:53+00:00,Friday,3
b9d7fd33-6e7e-11f0-8c00-fdf47001000f,https://www.chess.com/game/live/141344571700,2025-08-01 02:25:01+00:00,rapid,600,True,black,Joan-SECONDA,797,819,-22,loss,Timeout,A04,Reti Opening,Reti Opening,113,57,e5,True,kingside,14.0,2025-08-01 05:25:01+00:00,Friday,5
54cea299-6e81-11f0-a782-67c26501000f,https://www.chess.com/game/live/141344922028,2025-08-01 02:43:40+00:00,rapid,600,True,white,Joan-SECONDA,806,810,-4,win,Resignation,B00,Kings Pawn Opening St George Defense,Kings Pawn Opening St George Defense,59,30,e4,True,kingside,20.0,2025-08-01 05:43:40+00:00,Friday,5
36bbb43b-6e82-11f0-a782-67c26501000f,https://www.chess.com/game/live/141345041246,2025-08-01 02:49:59+00:00,rapid,600,True,black,Joan-SECONDA,798,818,-20,loss,Checkmate,D00,Queens Pawn Opening Chigorin Variation 2...Nf6,Queens Pawn Opening Chigorin Variation,63,32,d5,True,kingside,8.0,2025-08-01 05:49:59+00:00,Friday,5
e9dd6139-6f03-11f0-a934-c7dc1d01000f,https://www.chess.com/game/live/141371180386,2025-08-01 18:18:24+00:00,rapid,600,True,white,shehabmhmd,790,801,-11,loss,Abandoned,C46,Three Knights Opening 3...Bc5,Three Knights Opening,16,8,e4,False,,,2025-08-01 21:18:24+00:00,Friday,21
db5f3edd-6f04-11f0-998e-34d7f401000f,https://www.chess.com/game/live/141371400920,2025-08-01 18:25:09+00:00,rapid,600,True,black,ketanchaudhari007,798,775,23,win,Resignation,D02,Queens Pawn Opening Zukertort Chigorin Variation,Queens Pawn Opening Zukertort Chigorin Variation,47,24,d5,True,queenside,11.0,2025-08-01 21:25:09+00:00,Friday,21
2692b131-6f06-11f0-abec-2088a501000f,https://www.chess.com/game/live/141371696198,2025-08-01 18:34:25+00:00,rapid,600,True,white,TOLSTbIY,798,788,10,draw,Stalemate,C00,French Defense Knight Variation 2...d5 3.e5 c5,French Defense Knight Variation,126,63,e4,True,kingside,12.0,2025-08-01 21:34:25+00:00,Friday,21
11750afc-6f08-11f0-a934-c7dc1d01000f,https://www.chess.com/game/live/141372131008,2025-08-01 18:48:09+00:00,rapid,600,True,black,Premton2,790,789,1,loss,Checkmate,D00,Queens Pawn Opening Stonewall Attack,Queens Pawn Opening Stonewall Attack,83,42,d5,True,kingside,12.0,2025-08-01 21:48:09+00:00,Friday,21
a39b2d7e-6f09-11f0-8c00-fdf47001000f,https://www.chess.com/game/live/141372480108,2025-08-01 18:59:23+00:00,rapid,600,True,white,MendozaDozing,798,761,37,win,Resignation,C50,Italian Game,Italian Game,62,31,e4,True,kingside,9.0,2025-08-01 21:59:23+00:00,Friday,21
409521ed-6f1f-11f0-a782-67c26501000f,https://www.chess.com/game/live/141376968382,2025-08-01 21:34:06+00:00,rapid,600,True,white,edthemosaic,790,819,-29,loss,Checkmate,C02,French Defense Advance Nimzowitsch System,French Defense Advance Nimzowitsch System,138,69,e4,True,queenside,10.0,2025-08-02 00:34:06+00:00,Saturday,0
b1a1f52c-70b8-11f0-bd81-52edab01000f,https://www.chess.com/game/live/141454666636,2025-08-03 22:25:00+00:00,rapid,600,True,white,vaem1001,798,769,29,win,Checkmate,C63,Ruy Lopez Opening Jaenisch Gambit 4.d3 fxe4 5.dxe4,Ruy Lopez Opening Jaenisch Gambit,53,27,e4,True,kingside,10.0,2025-08-04 01:25:00+00:00,Monday,1
da320eed-70c4-11f0-a782-67c26501000f,https://www.chess.com/game/live/141456445064,2025-08-03 23:52:02+00:00,rapid,600,True,black,WetWilliamNA,790,804,-14,loss,Resignation,C50,Giuoco Piano Game Giuoco Pianissimo Italian Four Knights Variation 5...d6,Giuoco Piano Game Giuoco Pianissimo Italian Four Knights Variation,19,10,e5,False,,,2025-08-04 02:52:02+00:00,Monday,2
1fc04dce-70c5-11f0-8c00-fdf47001000f,https://www.chess.com/game/live/141456482158,2025-08-03 23:53:59+00:00,rapid,600,True,white,mmaycol,790,803,-13,draw,Insufficient material,C53,Giuoco Piano Game Main Line,Giuoco Piano Game Main Line,122,61,e4,True,kingside,16.0,2025-08-04 02:53:59+00:00,Monday,2
8c70b483-7164-11f0-97bf-76f74001000f,https://www.chess.com/game/live/141487536324,2025-08-04 18:55:11+00:00,blitz,180,True,black,Dave_S86,479,568,-89,loss,Resignation,C47,Four Knights Game,Four Knights Game,67,34,e5,False,,,2025-08-04 21:55:11+00:00,Monday,21
1f3d939a-7165-11f0-97bf-76f74001000f,https://www.chess.com/game/live/141487673716,2025-08-04 18:59:17+00:00,blitz,180,True,black,joaoakira,545,442,103,win,Timeout,B00,Nimzowitsch Defense Kennedy Variation,Nimzowitsch Defense Kennedy Variation,72,36,e5,True,kingside,11.0,2025-08-04 21:59:17+00:00,Monday,21
8eec8d1c-7561-11f0-ae92-a246ef01000f,https://www.chess.com/game/live/141689045754,2025-08-09 20:43:51+00:00,blitz,180,True,white,Ulquiorra368,606,542,64,win,Timeout,C50,Giuoco Piano Game 4.Nc3,Giuoco Piano Game,49,25,e4,True,kingside,5.0,2025-08-09 23:43:51+00:00,Saturday,23
4bbb3530-7562-11f0-8c00-fdf47001000f,https://www.chess.com/game/live/141689191492,2025-08-09 20:49:08+00:00,rapid,600,True,white,dobryj_a77,782,794,-12,loss,Checkmate,C50,Giuoco Piano Game Four Knights Game 5.O O,Giuoco Piano Game Four Knights Game,52,26,e4,True,kingside,5.0,2025-08-09 23:49:08+00:00,Saturday,23
29dda945-7563-11f0-83b9-76efe501000f,https://www.chess.com/game/live/141689361376,2025-08-09 20:55:21+00:00,rapid,600,True,black,dobryj_a77,790,786,4,win,Resignation,C50,Giuoco Piano Game Giuoco Pianissimo Italian Four Knights Canal Variation 6...h6 7.Bxf6 Qxf6,Giuoco Piano Game Giuoco Pianissimo Italian Four Knights Canal Variation,44,22,e5,True,kingside,11.0,2025-08-09 23:55:21+00:00,Saturday,23
d5397fc6-7564-11f0-a782-67c26501000f,https://www.chess.com/game/live/141689681370,2025-08-09 21:07:18+00:00,rapid,600,True,black,Royal_potato,782,781,1,loss,Checkmate,C45,Scotch Game,Scotch Game,81,41,e5,True,kingside,28.0,2025-08-10 00:07:18+00:00,Sunday,0
3976acfc-75e3-11f0-a73f-a34d8801000f,https://www.chess.com/game/live/141710842718,2025-08-10 12:12:03+00:00,rapid,600,True,white,salmawaqas,784,402,382,win,Resignation,B00,Kings Pawn Opening,Kings Pawn Opening,57,29,e4,True,kingside,6.0,2025-08-10 15:12:03+00:00,Sunday,15
01cbabc2-75e9-11f0-b2d0-3e477e01000f,https://www.chess.com/game/live/141712217364,2025-08-10 12:53:26+00:00,rapid,600,True,white,salmawaqas,786,397,389,win,Resignation,B00,Kings Pawn Opening,Kings Pawn Opening,29,15,e4,True,queenside,9.0,2025-08-10 15:53:26+00:00,Sunday,15
cbee57c6-75e9-11f0-a73f-a34d8801000f,https://www.chess.com/game/live/141712408990,2025-08-10 12:59:05+00:00,rapid,600,True,black,salmawaqas,772,444,328,loss,Checkmate,A00,Van t Kruijs Opening 1...e5,Van t Kruijs Opening,31,16,e5,True,queenside,10.0,2025-08-10 15:59:05+00:00,Sunday,15
a6e99c5f-75ea-11f0-a73f-a34d8801000f,https://www.chess.com/game/live/141712616370,2025-08-10 13:05:13+00:00,rapid,600,True,white,salmawaqas,774,437,337,win,Checkmate,C00,French Defense Normal Variation,French Defense Normal Variation,59,30,e4,True,queenside,13.0,2025-08-10 16:05:13+00:00,Sunday,16
40c97401-76ce-11f0-bbce-d9e68c01000f,https://www.chess.com/game/live/141758502294,2025-08-11 16:14:27+00:00,rapid,600,True,white,manistinkatthis,782,746,36,win,Resignation,C41,Philidor Defense 3.Bc4,Philidor Defense,79,40,e4,True,kingside,9.0,2025-08-11 19:14:27+00:00,Monday,19
886b8bba-76d0-11f0-8fff-9244c801000f,https://www.chess.com/game/live/141759118950,2025-08-11 16:30:46+00:00,rapid,600,True,white,yurimegamozg,790,753,37,win,Checkmate,B01,Scandinavian Defense Mieses Kotrc Variation 3.Nc3,Scandinavian Defense Mieses Kotrc Variation,59,30,e4,True,kingside,12.0,2025-08-11 19:30:46+00:00,Monday,19
cb0c1479-76e5-11f0-9af0-9f22f201000f,https://www.chess.com/game/live/141764573204,2025-08-11 19:02:57+00:00,rapid,600,True,black,591727ri,782,793,-11,loss,Checkmate,C48,Four Knights Game Spanish Variation Rubinstein Accepted Exchange Variation,Four Knights Game Spanish Variation Rubinstein Accepted Exchange Variation,149,75,e5,True,kingside,12.0,2025-08-11 22:02:57+00:00,Monday,22
73936e00-76e7-11f0-8c00-fdf47001000f,https://www.chess.com/game/live/141764970482,2025-08-11 19:14:49+00:00,rapid,600,True,white,JerryBerryK,774,785,-11,loss,Resignation,B07,Pirc Defense Modern Defense Geller System...3.Nc3 e5 4.Bc4 Be7,Pirc Defense Modern Defense Geller System...3.Nc3 e5,32,16,e4,True,kingside,5.0,2025-08-11 22:14:49+00:00,Monday,22
d1b442bd-76e7-11f0-a782-67c26501000f,https://www.chess.com/game/live/141765058268,2025-08-11 19:17:27+00:00,rapid,600,True,black,AndriyLviv8,782,755,27,win,Checkmate,C62,Ruy Lopez Opening Old Steinitz Defense 4.c3,Ruy Lopez Opening Old Steinitz Defense,60,30,e5,True,queenside,12.0,2025-08-11 22:17:27+00:00,Monday,22
c41e5e08-76e8-11f0-8fff-9244c801000f,https://www.chess.com/game/live/141765283372,2025-08-11 19:24:14+00:00,rapid,600,True,black,Ananas18721,782,780,2,draw,Insufficient material,D01,Richter Veresov Attack,Richter Veresov Attack,125,63,d5,False,,,2025-08-11 22:24:14+00:00,Monday,22
cc5a7388-76ea-11f0-9af0-9f22f201000f,https://www.chess.com/game/live/141765761478,2025-08-11 19:38:47+00:00,rapid,600,True,white,Painfuls,774,774,0,loss,Checkmate,B10,Caro Kann Defense 2.Nf3 d5,Caro Kann Defense,64,32,e4,True,kingside,17.0,2025-08-11 22:38:47+00:00,Monday,22
8d1294f8-76ec-11f0-8fff-9244c801000f,https://www.chess.com/game/live/141766169512,2025-08-11 19:51:20+00:00,rapid,600,True,white,TombstoneToad,782,758,24,win,Abandoned,B01,Scandinavian Defense,Scandinavian Defense,9,5,e4,False,,,2025-08-11 22:51:20+00:00,Monday,22
fa247d41-76ec-11f0-bbce-d9e68c01000f,https://www.chess.com/game/live/141766267242,2025-08-11 19:54:23+00:00,rapid,600,True,white,TeodorCacenschi,790,780,10,win,Checkmate,B00,Nimzowitsch Defense 2.d4 e6 3.Nf3 d5 4.e5,Nimzowitsch Defense,27,14,e4,True,queenside,12.0,2025-08-11 22:54:23+00:00,Monday,22
61685718-76ed-11f0-9af0-9f22f201000f,https://www.chess.com/game/live/141766359202,2025-08-11 19:57:16+00:00,rapid,600,True,black,loudcolors,798,792,6,win,Checkmate,C44,Ponziani Opening 3...d6,Ponziani Opening,68,34,e5,True,kingside,15.0,2025-08-11 22:57:16+00:00,Monday,22
625b4d36-76ee-11f0-bbce-d9e68c01000f,https://www.chess.com/game/live/141766587024,2025-08-11 20:04:27+00:00,rapid,600,True,black,VictorSousa00,806,790,16,win,Resignation,A00,Kings Fianchetto Opening 1...d5 2.Bg2 e5 3.d3,Kings Fianchetto Opening,24,12,e5,False,,,2025-08-11 23:04:27+00:00,Monday,23
afc14c2a-76ee-11f0-a782-67c26501000f,https://www.chess.com/game/live/141766655638,2025-08-11 20:06:37+00:00,rapid,600,True,black,lucasxvxy,814,806,8,win,Resignation,C25,Vienna Game Max Lange Defense 3.Bc4 Nf6,Vienna Game Max Lange Defense,48,24,e5,False,,,2025-08-11 23:06:37+00:00,Monday,23
23942d2a-76ef-11f0-a782-67c26501000f,https://www.chess.com/game/live/141766758242,2025-08-11 20:09:51+00:00,rapid,600,True,white,kenyuda,822,807,15,win,Resignation,C47,Four Knights Game Italian Variation,Four Knights Game Italian Variation,87,44,e4,True,queenside,15.0,2025-08-11 23:09:51+00:00,Monday,23
c0cc7122-7709-11f0-8c00-fdf47001000f,https://www.chess.com/game/live/141771823722,2025-08-11 23:20:22+00:00,rapid,600,True,white,ronaldmiles0,830,829,1,win,Checkmate,B01,Scandinavian Defense Mieses Kotrc Variation 3.Nc3 Qe5,Scandinavian Defense Mieses Kotrc Variation,137,69,e4,False,,,2025-08-12 02:20:22+00:00,Tuesday,2
59bab889-770b-11f0-a782-67c26501000f,https://www.chess.com/game/live/141772062202,2025-08-11 23:31:48+00:00,rapid,600,True,black,KingHOC,838,805,33,win,Checkmate,D04,Colle System 3...Bg4,Colle System,50,25,d5,True,queenside,7.0,2025-08-12 02:31:48+00:00,Tuesday,2
a63306ab-770c-11f0-a782-67c26501000f,https://www.chess.com/game/live/141772254842,2025-08-11 23:41:06+00:00,rapid,600,True,black,fireguy6782,846,843,3,win,Resignation,C20,Kings Pawn Opening 1...e5,Kings Pawn Opening,24,12,e5,False,,,2025-08-12 02:41:06+00:00,Tuesday,2
fe08124f-770c-11f0-8c00-fdf47001000f,https://www.chess.com/game/live/141772305660,2025-08-11 23:43:33+00:00,rapid,600,True,white,Eldeivis09,854,823,31,win,Resignation,C46,Three Knights Opening,Three Knights Opening,43,22,e4,True,kingside,6.0,2025-08-12 02:43:33+00:00,Tuesday,2
c34f75fd-770d-11f0-8fff-9244c801000f,https://www.chess.com/game/live/141772419036,2025-08-11 23:49:04+00:00,rapid,600,True,white,CHUNG_H0Y_THE_SECOND,861,822,39,win,Resignation,B01,Scandinavian Defense Mieses Kotrc Variation 3.Nc3,Scandinavian Defense Mieses Kotrc Variation,48,24,e4,True,kingside,10.0,2025-08-12 02:49:04+00:00,Tuesday,2
7c0fc158-770e-11f0-8fff-9244c801000f,https://www.chess.com/game/live/141772524536,2025-08-11 23:54:14+00:00,rapid,600,True,white,Ochsochs,853,887,-34,loss,Checkmate,C40,Kings Pawn Opening Kings Knight Variation,Kings Pawn Opening Kings Knight Variation,92,46,e4,True,kingside,11.0,2025-08-12 02:54:14+00:00,Tuesday,2
13160eaf-7710-11f0-a782-67c26501000f,https://www.chess.com/game/live/141772751842,2025-08-12 00:05:37+00:00,rapid,600,True,black,Takbirtone,861,825,36,win,Abandoned,D20,Queens Gambit Accepted Central Variation Rubinstein Defense 4.d5 e6,Queens Gambit Accepted Central Variation Rubinstein Defense,46,23,d5,True,kingside,14.0,2025-08-12 03:05:37+00:00,Tuesday,3
25e5e0b3-7770-11f0-9c0f-cc6c1601000f,https://www.chess.com/game/live/141788789876,2025-08-12 11:33:20+00:00,rapid,600,True,white,Abaremasu,869,841,28,win,Resignation,B01,Scandinavian Defense Mieses Kotrc Variation 3.Nc3,Scandinavian Defense Mieses Kotrc Variation,77,39,e4,True,kingside,11.0,2025-08-12 14:33:20+00:00,Tuesday,14
19bbc0f7-7771-11f0-a45f-8d362101000f,https://www.chess.com/game/live/141789013616,2025-08-12 11:40:09+00:00,rapid,600,True,black,soukratos,861,857,4,loss,Checkmate,C61,Ruy Lopez Opening Birds Defense 4.Nxd4 exd4 5.O O,Ruy Lopez Opening Birds Defense,79,40,e5,True,kingside,8.0,2025-08-12 14:40:09+00:00,Tuesday,14
7bc222c2-7773-11f0-9c0f-cc6c1601000f,https://www.chess.com/game/live/141789583848,2025-08-12 11:57:13+00:00,rapid,600,True,black,Omayeribrahem24,853,874,-21,loss,Checkmate,C40,Kings Pawn Opening Kings Knight Gunderam Defense 3.Bc4,Kings Pawn Opening Kings Knight Gunderam Defense,115,58,e5,True,kingside,13.0,2025-08-12 14:57:13+00:00,Tuesday,14
7b145c1e-77ab-11f0-8f06-fe3a9d01000f,https://www.chess.com/game/live/141804244742,2025-08-12 18:38:03+00:00,rapid,600,True,black,Sebasttien,861,840,21,win,Resignation,C46,Three Knights Opening,Three Knights Opening,30,15,e5,True,queenside,13.0,2025-08-12 21:38:03+00:00,Tuesday,21
ed6b4abc-77ab-11f0-aab0-2aada401000f,https://www.chess.com/game/live/141804352328,2025-08-12 18:41:15+00:00,rapid,600,True,white,willalt101,869,842,27,win,Abandoned,B12,Caro Kann Defense Advance Botvinnik Carls Defense 4.dxc5 Nc6,Caro Kann Defense Advance Botvinnik Carls Defense,67,34,e4,True,kingside,11.0,2025-08-12 21:41:15+00:00,Tuesday,21
8da6c6c5-77ad-11f0-8bfe-9aa65f01000f,https://www.chess.com/game/live/141804741932,2025-08-12 18:52:53+00:00,rapid,600,True,white,AM1140,861,896,-35,loss,Abandoned,C45,Scotch Game 3...exd4 4.Nxd4 Nxd4 5.Qxd4,Scotch Game,56,28,e4,True,kingside,8.0,2025-08-12 21:52:53+00:00,Tuesday,21
31fcac02-77af-11f0-8bfe-9aa65f01000f,https://www.chess.com/game/live/141805130818,2025-08-12 19:04:39+00:00,rapid,600,True,black,yazan828929,869,853,16,win,Checkmate,C55,Italian Game Two Knights Modern Bishops Opening,Italian Game Two Knights Modern Bishops Opening,68,34,e5,True,queenside,18.0,2025-08-12 22:04:39+00:00,Tuesday,22
307b77a9-77b1-11f0-b149-85903901000f,https://www.chess.com/game/live/141805599304,2025-08-12 19:18:55+00:00,rapid,600,True,white,Kubba1159,861,880,-19,loss,Checkmate,B01,Scandinavian Defense 2.exd5,Scandinavian Defense,122,61,e4,True,kingside,12.0,2025-08-12 22:18:55+00:00,Tuesday,22
ce163ab8-77b3-11f0-bbb1-85134d01000f,https://www.chess.com/game/live/141806206344,2025-08-12 19:37:38+00:00,rapid,600,True,black,Viktoriya111283,853,875,-22,loss,Checkmate,C55,Italian Game Two Knights Modern Bishops Opening,Italian Game Two Knights Modern Bishops Opening,63,32,e5,False,,,2025-08-12 22:37:38+00:00,Tuesday,22
dc75c82c-77f3-11f0-bbb1-85134d01000f,https://www.chess.com/game/live/141816890246,2025-08-13 03:16:10+00:00,rapid,600,True,black,fabioshadow,861,839,22,win,Checkmate,C60,Ruy Lopez Opening,Ruy Lopez Opening,92,46,e5,True,kingside,10.0,2025-08-13 06:16:10+00:00,Wednesday,6
84e9e7ea-77f5-11f0-8f06-fe3a9d01000f,https://www.chess.com/game/live/141817123236,2025-08-13 03:28:02+00:00,rapid,600,True,white,ddongg0o,869,839,30,win,Resignation,C47,Four Knights Game,Four Knights Game,63,32,e4,True,kingside,6.0,2025-08-13 06:28:02+00:00,Wednesday,6
3d32ebd2-77f7-11f0-bbb1-85134d01000f,https://www.chess.com/game/live/141817365432,2025-08-13 03:40:21+00:00,rapid,600,True,black,avinupam,877,847,30,win,Resignation,C45,Scotch Game 3...exd4 4.Nxd4,Scotch Game,64,32,e5,True,kingside,12.0,2025-08-13 06:40:21+00:00,Wednesday,6
f3abed1f-7846-11f0-bbb1-85134d01000f,https://www.chess.com/game/live/141832525004,2025-08-13 13:10:58+00:00,rapid,600,True,white,marcucaracha,884,848,36,win,Resignation,C45,Scotch Game,Scotch Game,47,24,e4,True,kingside,16.0,2025-08-13 16:10:58+00:00,Wednesday,16
7d6ae939-78a9-11f0-8f06-fe3a9d01000f,https://www.chess.com/game/live/141854482096,2025-08-14 00:56:19+00:00,rapid,600,True,white,bitsburgh1cobra,877,915,-38,loss,Checkmate,C41,Philidor Defense 3.d4,Philidor Defense,60,30,e4,True,kingside,13.0,2025-08-14 03:56:19+00:00,Thursday,3
685b25de-78ab-11f0-bbb1-85134d01000f,https://www.chess.com/game/live/141854745282,2025-08-14 01:10:03+00:00,rapid,600,True,black,ganwar_manayi,877,894,-17,draw,Repetition,C48,Four Knights Game Spanish Variation Rubinstein Countergambit,Four Knights Game Spanish Variation Rubinstein Countergambit,56,28,e5,True,kingside,13.0,2025-08-14 04:10:03+00:00,Thursday,4
b5feae3e-78ac-11f0-bbb1-85134d01000f,https://www.chess.com/game/live/141854926222,2025-08-14 01:19:23+00:00,rapid,600,True,black,FELIPEZ12,869,866,3,loss,Checkmate,D02,Queens Pawn Opening Zukertort Chigorin Variation 3.Bf4,Queens Pawn Opening Zukertort Chigorin Variation,131,66,d5,True,kingside,16.0,2025-08-14 04:19:23+00:00,Thursday,4
355ef283-78af-11f0-b149-85903901000f,https://www.chess.com/game/live/141855279062,2025-08-14 01:37:15+00:00,rapid,600,True,white,DausFujihara,861,881,-20,loss,Abandoned,C47,Four Knights Game Scotch Variation Accepted 5.Nxd4,Four Knights Game Scotch Variation Accepted,72,36,e4,False,,,2025-08-14 04:37:15+00:00,Thursday,4
a8353c16-78ff-11f0-bbb1-85134d01000f,https://www.chess.com/game/live/141868934986,2025-08-14 11:13:08+00:00,rapid,600,True,white,zarn123,853,849,4,loss,Resignation,B40,Sicilian Defense French Variation 3.d4,Sicilian Defense French Variation,73,37,e4,True,kingside,10.0,2025-08-14 14:13:08+00:00,Thursday,14
c84807e3-7900-11f0-a687-ee040801000f,https://www.chess.com/game/live/141869194392,2025-08-14 11:21:11+00:00,rapid,600,True,white,moazhedaia,846,883,-37,loss,Checkmate,B00,Owens Defense 2.d4 Bb7 3.Nc3,Owens Defense,84,42,e4,False,,,2025-08-14 14:21:11+00:00,Thursday,14
63f93fa8-7902-11f0-8f06-fe3a9d01000f,https://www.chess.com/game/live/141869569270,2025-08-14 11:32:42+00:00,rapid,600,True,black,Mouch74,854,833,21,win,Resignation,C20,Kings Pawn Opening 1...e5,Kings Pawn Opening,56,28,e5,True,queenside,12.0,2025-08-14 14:32:42+00:00,Thursday,14
54d853c3-7916-11f0-b149-85903901000f,https://www.chess.com/game/live/141874640636,2025-08-14 13:55:26+00:00,rapid,600,True,black,Kiwincva,846,865,-19,loss,Resignation,C60,Ruy Lopez Opening,Ruy Lopez Opening,73,37,e5,True,kingside,8.0,2025-08-14 16:55:26+00:00,Thursday,16
ae083f27-7917-11f0-bbb1-85134d01000f,https://www.chess.com/game/live/141875006702,2025-08-14 14:05:05+00:00,rapid,600,True,black,Farrukh_mimaar,853,817,36,win,Checkmate,C41,Philidor Defense 3.Bc4 Nf6,Philidor Defense,56,28,e5,True,kingside,16.0,2025-08-14 17:05:05+00:00,Thursday,17
e40cadc5-793c-11f0-b149-85903901000f,https://www.chess.com/game/live/141884842384,2025-08-14 18:31:27+00:00,rapid,600,True,black,Toffiqe,861,832,29,win,Abandoned,C24,Bishops Opening Berlin Defense 3.d3 Bc5,Bishops Opening Berlin Defense,8,4,e5,False,,,2025-08-14 21:31:27+00:00,Thursday,21
6635c138-793d-11f0-97f5-3a829501000f,https://www.chess.com/game/live/141884964770,2025-08-14 18:35:06+00:00,rapid,600,True,white,Jleemx,869,849,20,win,Resignation,C46,Three Knights Opening 3...Bc5,Three Knights Opening,45,23,e4,True,kingside,17.0,2025-08-14 21:35:06+00:00,Thursday,21
129fa177-793e-11f0-bf3a-1644a601000f,https://www.chess.com/game/live/141885125548,2025-08-14 18:39:55+00:00,rapid,600,True,white,sadanandbabu,877,881,-4,win,Resignation,C41,Philidor Defense Exchange Variation 4.Qxd4 Nc6,Philidor Defense Exchange Variation,63,32,e4,True,kingside,10.0,2025-08-14 21:39:55+00:00,Thursday,21
8fa15216-793f-11f0-bbb1-85134d01000f,https://www.chess.com/game/live/141885479692,2025-08-14 18:50:34+00:00,rapid,600,True,black,prasad9394,885,849,36,win,Checkmate,C20,Kings Pawn Opening 1...e5,Kings Pawn Opening,70,35,e5,True,queenside,14.0,2025-08-14 21:50:34+00:00,Thursday,21
d9f8e2fd-7940-11f0-bf3a-1644a601000f,https://www.chess.com/game/live/141885783242,2025-08-14 18:59:49+00:00,rapid,600,True,white,prasad9394,876,858,18,loss,Checkmate,C46,Three Knights Opening 3...Bc5,Three Knights Opening,58,29,e4,False,,,2025-08-14 21:59:49+00:00,Thursday,21
013a28a5-796d-11f0-bbb1-85134d01000f,https://www.chess.com/game/live/141894089306,2025-08-15 00:15:52+00:00,rapid,600,True,black,infinitasposi,884,847,37,win,Timeout,C55,Italian Game Two Knights Defense,Italian Game Two Knights Defense,126,63,e5,True,queenside,20.0,2025-08-15 03:15:52+00:00,Friday,3
4d2d6e41-7976-11f0-b149-85903901000f,https://www.chess.com/game/live/141895380924,2025-08-15 01:22:25+00:00,rapid,600,True,white,suresh5761,876,904,-28,loss,Checkmate,A04,Reti Opening Kingside Fianchetto Variation 2.e4 Bg7,Reti Opening Kingside Fianchetto Variation,56,28,e4,True,queenside,17.0,2025-08-15 04:22:25+00:00,Friday,4
2e450717-7977-11f0-b149-85903901000f,https://www.chess.com/game/live/141895503706,2025-08-15 01:28:43+00:00,rapid,600,True,black,heyavocadox7053,868,873,-5,loss,Abandoned,C47,Four Knights Game Scotch Variation Accepted 5.Nxd4 Bb4,Four Knights Game Scotch Variation Accepted,71,36,e5,True,queenside,15.0,2025-08-15 04:28:43+00:00,Friday,4
26c1961a-7979-11f0-b149-85903901000f,https://www.chess.com/game/live/141895779498,2025-08-15 01:42:49+00:00,rapid,600,True,white,8jbgt4,860,868,-8,loss,Checkmate,C00,French Defense Normal Variation 2...b6 3.Nf3 Bb7,French Defense Normal Variation,118,59,e4,True,kingside,8.0,2025-08-15 04:42:49+00:00,Friday,4
1303679e-79bf-11f0-b149-85903901000f,https://www.chess.com/game/live/141907545046,2025-08-15 10:03:21+00:00,rapid,600,True,black,bamoss316,852,866,-14,loss,Resignation,C55,Italian Game Two Knights Modern Bishops Opening 4...d5 5.exd5 Nxd5,Italian Game Two Knights Modern Bishops Opening,40,20,e5,False,,,2025-08-15 13:03:21+00:00,Friday,13
0eed9c0b-79c0-11f0-aa26-edaf1701000f,https://www.chess.com/game/live/141907753632,2025-08-15 10:10:23+00:00,rapid,600,True,black,naveenchandra7,844,870,-26,loss,Abandoned,D00,Queens Pawn Opening 1...d5 2.e3 Nf6,Queens Pawn Opening,39,20,d5,False,,,2025-08-15 13:10:23+00:00,Friday,13
0ba8e0c3-7a98-11f0-b716-60efa901000f,https://www.chess.com/game/live/141951125548,2025-08-16 11:56:29+00:00,rapid,600,True,white,ste0367,852,851,1,win,Resignation,C40,Kings Pawn Opening Kings Knight Variation,Kings Pawn Opening Kings Knight Variation,61,31,e4,True,kingside,9.0,2025-08-16 14:56:29+00:00,Saturday,14
4c175dd6-7a99-11f0-bbb1-85134d01000f,https://www.chess.com/game/live/141951416672,2025-08-16 12:05:27+00:00,rapid,600,True,black,saeedNor,844,858,-14,loss,Checkmate,C28,Vienna Game Falkbeer Vienna Gambit,Vienna Game Falkbeer Vienna Gambit,39,20,e5,False,,,2025-08-16 15:05:27+00:00,Saturday,15
07c52c44-7a9a-11f0-8f06-fe3a9d01000f,https://www.chess.com/game/live/141951588232,2025-08-16 12:10:42+00:00,rapid,600,True,white,jonkler1498,851,815,36,win,Checkmate,B01,Scandinavian Defense Mieses Kotrc Variation 3.Nc3 Qd8 4.Nf3,Scandinavian Defense Mieses Kotrc Variation,29,15,e4,True,kingside,9.0,2025-08-16 15:10:42+00:00,Saturday,15
190c3bcc-7afa-11f0-bbb1-85134d01000f,https://www.chess.com/game/live/141973051766,2025-08-16 23:38:22+00:00,rapid,600,True,white,SuperRastafari,843,849,-6,loss,Resignation,C24,Bishops Opening Berlin Ponziani Gambit,Bishops Opening Berlin Ponziani Gambit,48,24,e4,True,kingside,5.0,2025-08-17 02:38:22+00:00,Sunday,2
0c89e9b1-7afb-11f0-8f06-fe3a9d01000f,https://www.chess.com/game/live/141973183526,2025-08-16 23:45:11+00:00,rapid,600,True,black,tuvelli,834,829,5,loss,Resignation,C28,Vienna Game Falkbeer Vienna Gambit,Vienna Game Falkbeer Vienna Gambit,33,17,e5,True,kingside,13.0,2025-08-17 02:45:11+00:00,Sunday,2
b183d6be-7afc-11f0-b149-85903901000f,https://www.chess.com/game/live/141973407108,2025-08-16 23:56:57+00:00,rapid,600,True,black,Sasasasa4x,826,832,-6,loss,Checkmate,D02,Queens Pawn Opening Symmetrical Variation 3.c3 e6 4.Bg5,Queens Pawn Opening Symmetrical Variation,121,61,d5,True,queenside,17.0,2025-08-17 02:56:57+00:00,Sunday,2
392cbb27-7afe-11f0-b149-85903901000f,https://www.chess.com/game/live/141973610588,2025-08-17 00:07:54+00:00,rapid,600,True,white,Rick412,834,823,11,win,Resignation,C23,Bishops Opening,Bishops Opening,55,28,e4,True,kingside,4.0,2025-08-17 03:07:54+00:00,Sunday,3
2beb6be0-7bae-11f0-8f06-fe3a9d01000f,https://www.chess.com/game/live/142008968274,2025-08-17 21:07:23+00:00,rapid,600,True,black,xsoylocox,842,828,14,win,Timeout,C40,Kings Pawn Opening Kings Knight Variation,Kings Pawn Opening Kings Knight Variation,68,34,e5,True,kingside,12.0,2025-08-18 00:07:23+00:00,Monday,0
933c093d-7c6d-11f0-b149-85903901000f,https://www.chess.com/game/live/142046824452,2025-08-18 19:57:31+00:00,rapid,600,True,white,Sagar033333,834,838,-4,loss,Checkmate,C50,Giuoco Piano Game Giuoco Pianissimo Italian Four Knights Variation 5...d6,Giuoco Piano Game Giuoco Pianissimo Italian Four Knights Variation,182,91,e4,True,kingside,7.0,2025-08-18 22:57:31+00:00,Monday,22
6da71798-7f00-11f0-8f06-fe3a9d01000f,https://www.chess.com/game/live/142178459840,2025-08-22 02:33:46+00:00,rapid,600,True,black,Prakhar_Pandey_2005,826,842,-16,loss,Abandoned,D00,Queens Pawn Opening Accelerated London System,Queens Pawn Opening Accelerated London System,43,22,d5,True,queenside,8.0,2025-08-22 05:33:46+00:00,Friday,5
d73c8e1c-7f01-11f0-8f06-fe3a9d01000f,https://www.chess.com/game/live/142178660282,2025-08-22 02:43:53+00:00,rapid,600,True,white,Juniorvalencia78,818,826,-8,loss,Resignation,C45,Scotch Game,Scotch Game,57,29,e4,False,,,2025-08-22 05:43:53+00:00,Friday,5
c73448fb-7f02-11f0-bbb1-85134d01000f,https://www.chess.com/game/live/142178793512,2025-08-22 02:50:35+00:00,rapid,600,True,black,angel757575,826,810,16,win,Resignation,C20,Kings Pawn Opening 1...e5,Kings Pawn Opening,30,15,e5,True,queenside,12.0,2025-08-22 05:50:35+00:00,Friday,5
84376e2c-7f03-11f0-8f06-fe3a9d01000f,https://www.chess.com/game/live/142178898510,2025-08-22 02:55:52+00:00,rapid,600,True,white,Yessiirrrrrrrr,834,820,14,win,Resignation,B00,Nimzowitsch Defense Declined...3.exd5 Qxd5 4.Nc3 Qa5 5.Bb5,Nimzowitsch Defense Declined...3.exd5 Qxd5,91,46,e4,True,queenside,19.0,2025-08-22 05:55:52+00:00,Friday,5
fee0aa2f-7f6b-11f0-b4cc-97d84401000f,https://www.chess.com/game/live/142200248332,2025-08-22 15:23:46+00:00,rapid,600,True,black,kitayaka,842,831,11,win,Resignation,C57,Italian Game Knight Attack Normal Variation 5.exd5,Italian Game Knight Attack Normal Variation,120,60,e5,True,queenside,15.0,2025-08-22 18:23:46+00:00,Friday,18
a304d444-8035-11f0-969a-3826e401000f,https://www.chess.com/game/live/142240412598,2025-08-23 15:27:10+00:00,rapid,600,True,white,Damian_Bielsko,834,844,-10,loss,Abandoned,C41,Philidor Defense 3.Nc3,Philidor Defense,30,15,e4,True,kingside,13.0,2025-08-23 18:27:10+00:00,Saturday,18
71b13c0c-8068-11f0-b68c-82d6af01000f,https://www.chess.com/game/live/142252182802,2025-08-23 21:30:52+00:00,rapid,600,True,black,agf1515,842,847,-5,win,Resignation,C47,Four Knights Game Italian Variation,Four Knights Game Italian Variation,50,25,e5,True,kingside,8.0,2025-08-24 00:30:52+00:00,Sunday,0
3640e785-8069-11f0-b149-85903901000f,https://www.chess.com/game/live/142252320552,2025-08-23 21:36:21+00:00,rapid,600,True,white,petersamirmelad,842,851,-9,draw,Repetition,C46,Three Knights Opening 3...Bb4 4.Nd5,Three Knights Opening,108,54,e4,True,kingside,15.0,2025-08-24 00:36:21+00:00,Sunday,0
52bc8e0c-806b-11f0-b149-85903901000f,https://www.chess.com/game/live/142252699240,2025-08-23 21:51:28+00:00,rapid,600,True,black,tadpar,834,854,-20,loss,Checkmate,C24,Bishops Opening Berlin Ponziani Gambit,Bishops Opening Berlin Ponziani Gambit,41,21,e5,True,queenside,12.0,2025-08-24 00:51:28+00:00,Sunday,0
b1a55a3c-8083-11f0-b149-85903901000f,https://www.chess.com/game/live/142256302340,2025-08-24 00:45:55+00:00,rapid,600,True,white,Reddyva,843,848,-5,win,Resignation,C48,Four Knights Game Spanish Variation Ranken Variation,Four Knights Game Spanish Variation Ranken Variation,75,38,e4,True,kingside,7.0,2025-08-24 03:45:55+00:00,Sunday,3
4df8fca6-80e3-11f0-8f06-fe3a9d01000f,https://www.chess.com/game/live/142272929582,2025-08-24 12:10:20+00:00,rapid,600,True,black,SNIIII,835,842,-7,loss,Checkmate,D20,Queens Gambit Accepted Central Variation McDonnell Defense,Queens Gambit Accepted Central Variation McDonnell Defense,55,28,d5,True,kingside,7.0,2025-08-24 15:10:20+00:00,Sunday,15
9608c07e-80e4-11f0-8949-823e6501000f,https://www.chess.com/game/live/142273233108,2025-08-24 12:19:30+00:00,rapid,600,True,black,N-hkum,827,856,-29,loss,Checkmate,C47,Four Knights Game Italian Variation,Four Knights Game Italian Variation,73,37,e5,True,kingside,6.0,2025-08-24 15:19:30+00:00,Sunday,15
9d585320-80e6-11f0-8769-28ba5f01000f,https://www.chess.com/game/live/142273720638,2025-08-24 12:34:01+00:00,rapid,600,True,white,Volia1994,835,832,3,win,Checkmate,C00,French Defense Knight Variation 2...d5 3.exd5,French Defense Knight Variation,27,14,e4,True,kingside,7.0,2025-08-24 15:34:01+00:00,Sunday,15
4e149e09-80e7-11f0-8949-823e6501000f,https://www.chess.com/game/live/142273887802,2025-08-24 12:38:58+00:00,rapid,600,True,black,asapmiskin,827,847,-20,loss,Checkmate,A00,Van t Kruijs Opening 1...e5,Van t Kruijs Opening,71,36,e5,False,,,2025-08-24 15:38:58+00:00,Sunday,15
b3a9739f-80e8-11f0-bbb1-85134d01000f,https://www.chess.com/game/live/142274227852,2025-08-24 12:48:58+00:00,rapid,600,True,white,Dr_muzza,835,822,13,win,Resignation,C00,French Defense Queens Knight Variation,French Defense Queens Knight Variation,65,33,e4,False,,,2025-08-24 15:48:58+00:00,Sunday,15
6f233b67-814d-11f0-8f06-fe3a9d01000f,https://www.chess.com/game/live/142296426262,2025-08-25 00:50:02+00:00,rapid,600,True,black,maliff0411,844,850,-6,win,Resignation,A00,Unclassified,Unclassified,9,5,e5,False,,,2025-08-25 03:50:02+00:00,Monday,3
8d775c16-814d-11f0-8f06-fe3a9d01000f,https://www.chess.com/game/live/142296442318,2025-08-25 00:50:53+00:00,rapid,600,True,white,d0ubletime,852,835,17,win,Checkmate,B13,Caro Kann Defense Exchange Variation 3...cxd5,Caro Kann Defense Exchange Variation,29,15,e4,False,,,2025-08-25 03:50:53+00:00,Monday,3
cbe03a59-814d-11f0-b149-85903901000f,https://www.chess.com/game/live/142296475582,2025-08-25 00:52:38+00:00,rapid,600,True,black,ChristMasX4,860,838,22,win,Checkmate,C48,Four Knights Game Spanish Variation Rubinstein Accepted Exchange Variation 6.e5,Four Knights Game Spanish Variation Rubinstein Accepted Exchange Variation,50,25,e5,True,queenside,18.0,2025-08-25 03:52:38+00:00,Monday,3
d4f259be-814e-11f0-8f06-fe3a9d01000f,https://www.chess.com/game/live/142296615820,2025-08-25 01:00:02+00:00,rapid,600,True,black,GlennGambit,868,872,-4,win,Resignation,D00,Queens Pawn Opening Accelerated London System,Queens Pawn Opening Accelerated London System,74,37,d5,False,,,2025-08-25 04:00:02+00:00,Monday,4
083e1b22-8150-11f0-8f06-fe3a9d01000f,https://www.chess.com/game/live/142296778638,2025-08-25 01:08:38+00:00,rapid,600,True,white,Azazel9163,860,883,-23,loss,Checkmate,B13,Caro Kann Defense Exchange Variation 3...cxd5,Caro Kann Defense Exchange Variation,72,36,e4,True,kingside,19.0,2025-08-25 04:08:38+00:00,Monday,4
84080ecc-8151-11f0-b149-85903901000f,https://www.chess.com/game/live/142296980422,2025-08-25 01:19:15+00:00,rapid,600,True,black,Treikt,868,855,13,win,Abandoned,C50,Italian Game,Italian Game,28,14,e5,False,,,2025-08-25 04:19:15+00:00,Monday,4
61993fa4-8152-11f0-b149-85903901000f,https://www.chess.com/game/live/142297098456,2025-08-25 01:25:27+00:00,rapid,600,True,white,gorgonzolachesspizza,861,899,-38,loss,Checkmate,B01,Scandinavian Defense Mieses Kotrc Main Line 4.d4 c6,Scandinavian Defense Mieses Kotrc Main Line,42,21,e4,True,queenside,8.0,2025-08-25 04:25:27+00:00,Monday,4
57cf2fce-8153-11f0-bbb1-85134d01000f,https://www.chess.com/game/live/142297230656,2025-08-25 01:32:20+00:00,rapid,600,True,black,Ash42000,853,861,-8,loss,Checkmate,B00,Nimzowitsch Defense 2.Nc3 Nf6,Nimzowitsch Defense,61,31,Nf6,False,,,2025-08-25 04:32:20+00:00,Monday,4
100ed5b7-815b-11f0-bbb1-85134d01000f,https://www.chess.com/game/live/142298291504,2025-08-25 02:27:36+00:00,rapid,600,True,white,syed945javeed,861,835,26,win,Resignation,C00,French Defense Normal Variation,French Defense Normal Variation,97,49,e4,True,kingside,9.0,2025-08-25 05:27:36+00:00,Monday,5
20a7b034-815c-11f0-b149-85903901000f,https://www.chess.com/game/live/142298438242,2025-08-25 02:35:13+00:00,rapid,600,True,white,kelvynator,869,847,22,win,Checkmate,B02,Alekhines Defense Scandinavian Variation 3.exd5,Alekhines Defense Scandinavian Variation,109,55,e4,False,,,2025-08-25 05:35:13+00:00,Monday,5
f6bcb8ce-815d-11f0-bbb1-85134d01000f,https://www.chess.com/game/live/142298693202,2025-08-25 02:48:22+00:00,rapid,600,True,black,aaravdoc,877,843,34,win,Checkmate,C50,Italian Game,Italian Game,34,17,e5,True,kingside,12.0,2025-08-25 05:48:22+00:00,Monday,5
8f4fb5e6-815e-11f0-b149-85903901000f,https://www.chess.com/game/live/142298776390,2025-08-25 02:52:38+00:00,rapid,600,True,black,dvahs,869,877,-8,loss,Checkmate,C50,Italian Game,Italian Game,69,35,e5,True,queenside,15.0,2025-08-25 05:52:38+00:00,Monday,5
e382614e-8237-11f0-bbb1-85134d01000f,https://www.chess.com/game/live/142341795644,2025-08-26 04:48:20+00:00,rapid,600,True,black,itss_ido,877,863,14,win,Timeout,C55,Italian Game Two Knights Defense,Italian Game Two Knights Defense,100,50,e5,True,queenside,11.0,2025-08-26 07:48:20+00:00,Tuesday,7
90dc5c71-823a-11f0-b149-85903901000f,https://www.chess.com/game/live/142342190960,2025-08-26 05:07:29+00:00,rapid,600,True,white,surfer05,869,896,-27,loss,Resignation,C41,Philidor Defense 3.Bc4,Philidor Defense,14,7,e4,False,,,2025-08-26 08:07:29+00:00,Tuesday,8
22f283dc-8287-11f0-8d36-74c7bc01000f,https://www.chess.com/game/live/142358251816,2025-08-26 14:15:36+00:00,rapid,600,True,black,Ilhamsabroni,861,859,2,loss,Resignation,C22,Center Game Accepted Normal Variation,Center Game Accepted Normal Variation,63,32,e5,True,kingside,10.0,2025-08-26 17:15:36+00:00,Tuesday,17
192dcbc2-8288-11f0-b42b-89c2a301000f,https://www.chess.com/game/live/142358517872,2025-08-26 14:22:29+00:00,rapid,600,True,white,YashPrar,853,876,-23,loss,Resignation,B07,Pirc Defense Main Line Byrne Variation 4...Bg7 5.e5 dxe5 6.dxe5,Pirc Defense Main Line Byrne Variation,103,52,e4,False,,,2025-08-26 17:22:29+00:00,Tuesday,17
e6091251-8289-11f0-8d36-74c7bc01000f,https://www.chess.com/game/live/142359013944,2025-08-26 14:35:23+00:00,rapid,600,True,black,Chessrhum21,861,831,30,win,Resignation,C22,Center Game Accepted Normal Variation,Center Game Accepted Normal Variation,28,14,e5,False,,,2025-08-26 17:35:23+00:00,Tuesday,17
a9a0ca76-828a-11f0-a961-da891b01000f,https://www.chess.com/game/live/142359226664,2025-08-26 14:40:51+00:00,rapid,600,True,white,Alberto28749,853,877,-24,loss,Timeout,B28,Sicilian Defense OKelly Venice System...4.d4 d5 5.e5 Nc6,Sicilian Defense OKelly Venice System...4.d4 d5,126,63,e4,True,kingside,13.0,2025-08-26 17:40:51+00:00,Tuesday,17
5b04f3bd-82e8-11f0-9173-1fe89d01000f,https://www.chess.com/game/live/142379376492,2025-08-27 01:51:32+00:00,rapid,600,True,white,Aghareza,861,858,3,win,Resignation,C10,French Defense Normal Variation 2...d5 3.Nc3,French Defense Normal Variation,65,33,e4,False,,,2025-08-27 04:51:32+00:00,Wednesday,4
4ac72088-82e9-11f0-9173-1fe89d01000f,https://www.chess.com/game/live/142379509044,2025-08-27 01:58:14+00:00,rapid,600,True,black,Engr_Leosala,869,836,33,win,Checkmate,C20,Kings Pawn Opening Leonardis Variation,Kings Pawn Opening Leonardis Variation,110,55,e5,True,kingside,9.0,2025-08-27 04:58:14+00:00,Wednesday,4
770b062d-8362-11f0-8b2d-49d38601000f,https://www.chess.com/game/live/142404561796,2025-08-27 16:25:37+00:00,rapid,600,True,white,Bromes03,877,859,18,win,Checkmate,C46,Three Knights Opening 3...Bc5,Three Knights Opening,127,64,e4,True,kingside,9.0,2025-08-27 19:25:37+00:00,Wednesday,19
d7086c39-840d-11f0-b08c-032e0f01000f,https://www.chess.com/game/live/142437016204,2025-08-28 12:52:22+00:00,rapid,600,True,white,Aymn_nn,885,880,5,win,Timeout,A41,Queens Pawn Opening Tartakower Variation 2...Nd7 3.e4 e5,Queens Pawn Opening Tartakower Variation,83,42,e4,True,kingside,10.0,2025-08-28 15:52:22+00:00,Thursday,15
8bc4beb8-8412-11f0-9cc8-0b52fe01000f,https://www.chess.com/game/live/142438239662,2025-08-28 13:26:03+00:00,rapid,600,True,white,abasoumy,894,898,-4,win,Abandoned,C45,Scotch Game,Scotch Game,79,40,e4,True,kingside,12.0,2025-08-28 16:26:03+00:00,Thursday,16
3e06352d-8466-11f0-b08c-032e0f01000f,https://www.chess.com/game/live/142457965778,2025-08-28 23:25:11+00:00,rapid,600,True,black,Bkool-2,902,875,27,win,Resignation,C50,Giuoco Piano Game 4.O O Nf6 5.d3 O O,Giuoco Piano Game,76,38,e5,True,kingside,5.0,2025-08-29 02:25:11+00:00,Friday,2
77b60c9a-8468-11f0-9cc8-0b52fe01000f,https://www.chess.com/game/live/142458292430,2025-08-28 23:41:06+00:00,rapid,600,True,black,rukhEgg,894,908,-14,loss,Resignation,A20,English Opening Kings English Variation 2.g3,English Opening Kings English Variation,59,30,e5,True,queenside,18.0,2025-08-29 02:41:06+00:00,Friday,2
bc743453-8469-11f0-9cc8-0b52fe01000f,https://www.chess.com/game/live/142458475328,2025-08-28 23:50:11+00:00,rapid,600,True,black,randomr7,902,883,19,win,Checkmate,C44,Kings Pawn Opening Kings Knight Variation 2...Nc6,Kings Pawn Opening Kings Knight Variation,78,39,e5,True,kingside,10.0,2025-08-29 02:50:11+00:00,Friday,2
8dd13e9b-8500-11f0-9cc8-0b52fe01000f,https://www.chess.com/game/live/142488741960,2025-08-29 17:49:47+00:00,rapid,600,True,black,Laithwm,887,514,373,loss,Checkmate,C45,Scotch Game Classical Variation 5.Nxc6 bxc6,Scotch Game Classical Variation,45,23,e5,False,,,2025-08-29 20:49:47+00:00,Friday,20
5c4ee0f1-8501-11f0-9cc8-0b52fe01000f,https://www.chess.com/game/live/142488946608,2025-08-29 17:55:33+00:00,rapid,600,True,white,Laithwm,889,512,377,win,Checkmate,C42,Petrovs Defense Three Knights Game,Petrovs Defense Three Knights Game,51,26,e4,True,kingside,10.0,2025-08-29 20:55:33+00:00,Friday,20
a8e6eb6a-8502-11f0-b08c-032e0f01000f,https://www.chess.com/game/live/142489272126,2025-08-29 18:04:51+00:00,rapid,600,True,black,Laithwm,891,510,381,win,Resignation,C45,Scotch Game,Scotch Game,22,11,e5,False,,,2025-08-29 21:04:51+00:00,Friday,21
4fed6740-8503-11f0-8385-93dc4f01000f,https://www.chess.com/game/live/142489434264,2025-08-29 18:09:32+00:00,rapid,600,True,white,Laithwm,893,508,385,win,Checkmate,C40,Kings Pawn Opening Kings Knight Variation,Kings Pawn Opening Kings Knight Variation,65,33,e4,False,,,2025-08-29 21:09:32+00:00,Friday,21
2f660c12-8575-11f0-8385-93dc4f01000f,https://www.chess.com/game/live/142508540930,2025-08-30 07:44:40+00:00,rapid,600,True,white,aleksei07766,901,877,24,win,Resignation,C40,Kings Pawn Opening Kings Knight Variation,Kings Pawn Opening Kings Knight Variation,35,18,e4,True,kingside,8.0,2025-08-30 10:44:40+00:00,Saturday,10
ef76856a-85fc-11f0-b08c-032e0f01000f,https://www.chess.com/game/live/142537624900,2025-08-30 23:56:24+00:00,rapid,600,True,black,Elguzar1990,901,903,-2,draw,Stalemate,C33,Kings Gambit Accepted,Kings Gambit Accepted,137,69,e5,True,queenside,12.0,2025-08-31 02:56:24+00:00,Sunday,2
a0f4fca7-85ff-11f0-b08c-032e0f01000f,https://www.chess.com/game/live/142537976230,2025-08-31 00:15:41+00:00,rapid,600,True,white,kazrocian,909,903,6,win,Resignation,C46,Three Knights Opening 3...d6,Three Knights Opening,55,28,e4,True,kingside,11.0,2025-08-31 03:15:41+00:00,Sunday,3
9fe9ff86-8600-11f0-8385-93dc4f01000f,https://www.chess.com/game/live/142538105532,2025-08-31 00:22:49+00:00,rapid,600,True,black,Lee43btc,917,897,20,win,Checkmate,C55,Italian Game Two Knights Modern Bishops Opening,Italian Game Two Knights Modern Bishops Opening,38,19,e5,True,queenside,15.0,2025-08-31 03:22:49+00:00,Sunday,3
de9ebf10-8601-11f0-9cc8-0b52fe01000f,https://www.chess.com/game/live/142538266122,2025-08-31 00:31:43+00:00,rapid,600,True,black,SKUMBYYY,910,948,-38,loss,Checkmate,C20,Kings Pawn Opening 1...e5,Kings Pawn Opening,95,48,e5,True,kingside,6.0,2025-08-31 03:31:43+00:00,Sunday,3
65772eb1-868f-11f0-8385-93dc4f01000f,https://www.chess.com/game/live/142565791224,2025-08-31 17:24:48+00:00,rapid,600,True,white,Swiss7184,901,896,5,loss,Checkmate,C00,French Defense Normal Variation,French Defense Normal Variation,70,35,e4,False,,,2025-08-31 20:24:48+00:00,Sunday,20
32dc17ad-8691-11f0-b08c-032e0f01000f,https://www.chess.com/game/live/142566239758,2025-08-31 17:37:43+00:00,rapid,600,True,white,leeevog,909,890,19,win,Resignation,C47,Four Knights Game,Four Knights Game,121,61,e4,True,kingside,7.0,2025-08-31 20:37:43+00:00,Sunday,20
8245dc5d-8699-11f0-b08c-032e0f01000f,https://www.chess.com/game/live/142568273238,2025-08-31 18:37:12+00:00,rapid,600,True,black,Killshot-21,917,886,31,win,Checkmate,C55,Italian Game Two Knights Modern Bishops Opening,Italian Game Two Knights Modern Bishops Opening,144,72,e5,False,,,2025-08-31 21:37:12+00:00,Sunday,21
58652aa4-86ab-11f0-8385-93dc4f01000f,https://www.chess.com/game/live/142572220482,2025-08-31 20:44:52+00:00,rapid,600,True,black,Hakimch3,909,925,-16,loss,Checkmate,A00,Van t Kruijs Opening 1...e5,Van t Kruijs Opening,55,28,e5,True,kingside,12.0,2025-08-31 23:44:52+00:00,Sunday,23
4f15a249-86ac-11f0-b090-61f42601000f,https://www.chess.com/game/live/142572412730,2025-08-31 20:51:46+00:00,rapid,600,True,white,Dedicasse971,917,885,32,win,Checkmate,C41,Philidor Defense Exchange Variation 4.Nxd4 Nf6,Philidor Defense Exchange Variation,31,16,e4,False,,,2025-08-31 23:51:46+00:00,Sunday,23
e81d0c9d-86ac-11f0-86e3-8bb9f901000f,https://www.chess.com/game/live/142572531506,2025-08-31 20:56:03+00:00,rapid,600,True,white,to1203,908,903,5,loss,Checkmate,C48,Four Knights Game Spanish Variation Classical Variation,Four Knights Game Spanish Variation Classical Variation,76,38,e4,True,kingside,6.0,2025-08-31 23:56:03+00:00,Sunday,23
8141dae4-86b3-11f0-9cc8-0b52fe01000f,https://www.chess.com/game/live/142573750732,2025-08-31 21:43:17+00:00,rapid,600,True,white,jrwrigh,916,918,-2,win,Resignation,C48,Four Knights Game Spanish Variation Rubinstein Countergambit,Four Knights Game Spanish Variation Rubinstein Countergambit,33,17,e4,True,kingside,8.0,2025-09-01 00:43:17+00:00,Monday,0
1fd7161b-86b4-11f0-86e3-8bb9f901000f,https://www.chess.com/game/live/142573860010,2025-08-31 21:47:43+00:00,rapid,600,True,black,Roblove,916,924,-8,draw,Repetition,D00,Queens Pawn Opening 1...d5,Queens Pawn Opening,117,59,d5,True,queenside,8.0,2025-09-01 00:47:43+00:00,Monday,0
e1092220-86b5-11f0-b08c-032e0f01000f,https://www.chess.com/game/live/142574160638,2025-08-31 22:00:17+00:00,rapid,600,True,black,SUKUNAA_XD,908,918,-10,loss,Checkmate,C45,Scotch Game,Scotch Game,47,24,e5,True,queenside,9.0,2025-09-01 01:00:17+00:00,Monday,1
e73a4deb-871b-11f0-a570-04e42001000f,https://www.chess.com/game/live/142589680498,2025-09-01 10:10:36+00:00,rapid,600,True,white,Hxncusika,916,895,21,win,Abandoned,C48,Four Knights Game Spanish Variation Ranken Variation,Four Knights Game Spanish Variation Ranken Variation,29,15,e4,False,,,2025-09-01 13:10:36+00:00,Monday,13
9ea913e2-871c-11f0-a570-04e42001000f,https://www.chess.com/game/live/142589828078,2025-09-01 10:15:43+00:00,rapid,600,True,black,MOHAMMED_D_LUBBY,924,909,15,win,Checkmate,C47,Four Knights Game Italian Variation,Four Knights Game Italian Variation,56,28,e5,True,kingside,6.0,2025-09-01 13:15:43+00:00,Monday,13
96e24e06-871d-11f0-a570-04e42001000f,https://www.chess.com/game/live/142590028668,2025-09-01 10:22:40+00:00,rapid,600,True,white,SDNMercer,916,946,-30,loss,Timeout,C46,Three Knights Opening Schlechter Variation,Three Knights Opening Schlechter Variation,158,79,e4,True,queenside,13.0,2025-09-01 13:22:40+00:00,Monday,13
9a9a6eab-8779-11f0-b08c-032e0f01000f,https://www.chess.com/game/live/142612631826,2025-09-01 21:21:20+00:00,rapid,600,True,black,Nov-8810,907,902,5,loss,Checkmate,C20,Kings Pawn Opening 1...e5,Kings Pawn Opening,131,66,e5,False,,,2025-09-02 00:21:20+00:00,Tuesday,0
993d16f0-877b-11f0-b08c-032e0f01000f,https://www.chess.com/game/live/142613013820,2025-09-01 21:35:37+00:00,rapid,600,True,white,nynmajhi,915,891,24,win,Checkmate,C46,Three Knights Opening 3...Bb4 4.Nd5,Three Knights Opening,49,25,e4,False,,,2025-09-02 00:35:37+00:00,Tuesday,0
95355505-877c-11f0-b609-55272801000f,https://www.chess.com/game/live/142613196752,2025-09-01 21:42:39+00:00,rapid,600,True,white,noachking8,923,886,37,win,Resignation,B23,Closed Sicilian Defense Traditional Line 3.Nf3 g6 4.d4,Closed Sicilian Defense Traditional Line,34,17,e4,True,queenside,9.0,2025-09-02 00:42:39+00:00,Tuesday,0
2da221b0-8840-11f0-9cc8-0b52fe01000f,https://www.chess.com/game/live/142652311904,2025-09-02 21:02:47+00:00,rapid,600,True,white,Hctorferreyra,932,937,-5,win,Resignation,C47,Four Knights Game Scotch Variation,Four Knights Game Scotch Variation,31,16,e4,True,queenside,13.0,2025-09-03 00:02:47+00:00,Wednesday,0
f505122b-8840-11f0-a163-33356d01000f,https://www.chess.com/game/live/142652471238,2025-09-02 21:08:21+00:00,rapid,600,True,black,ReyNerlingo,924,934,-10,loss,Checkmate,D02,Queens Pawn Opening Zukertort Chigorin Variation 3.e3 Bg4,Queens Pawn Opening Zukertort Chigorin Variation,205,103,d5,True,queenside,8.0,2025-09-03 00:08:21+00:00,Wednesday,0
939e0b01-8843-11f0-9cc8-0b52fe01000f,https://www.chess.com/game/live/142652993194,2025-09-02 21:27:07+00:00,rapid,600,True,black,DavidTurner1960,916,925,-9,loss,Checkmate,C60,Ruy Lopez Opening,Ruy Lopez Opening,161,81,e5,True,kingside,18.0,2025-09-03 00:27:07+00:00,Wednesday,0
50a532f3-8845-11f0-9cc8-0b52fe01000f,https://www.chess.com/game/live/142653325366,2025-09-02 21:39:33+00:00,rapid,600,True,black,LGreen24_7,924,903,21,win,Checkmate,D00,Queens Pawn Opening 1...d5 2.e3 Nf6,Queens Pawn Opening,74,37,d5,True,queenside,18.0,2025-09-03 00:39:33+00:00,Wednesday,0
0ea30d7e-8860-11f0-8385-93dc4f01000f,https://www.chess.com/game/live/142657394154,2025-09-03 00:50:59+00:00,rapid,600,True,white,KasonN20,932,919,13,win,Resignation,C47,Four Knights Game,Four Knights Game,27,14,e4,False,,,2025-09-03 03:50:59+00:00,Wednesday,3
7e85efb8-8860-11f0-9cc8-0b52fe01000f,https://www.chess.com/game/live/142657453238,2025-09-03 00:54:07+00:00,rapid,600,True,white,pelusa1969,924,947,-23,loss,Resignation,B02,Alekhines Defense Samisch Attack,Alekhines Defense Samisch Attack,75,38,e4,True,kingside,9.0,2025-09-03 03:54:07+00:00,Wednesday,3
2241deed-8862-11f0-9cc8-0b52fe01000f,https://www.chess.com/game/live/142657674524,2025-09-03 01:05:51+00:00,rapid,600,True,white,kemalep,932,919,13,win,Checkmate,C46,Three Knights Opening 3...Bc5,Three Knights Opening,115,58,e4,True,kingside,14.0,2025-09-03 04:05:51+00:00,Wednesday,4
e11cd46f-88bb-11f0-9cc8-0b52fe01000f,https://www.chess.com/game/live/142672861350,2025-09-03 11:48:16+00:00,rapid,600,False,white,salmawaqas,932,463,469,win,Checkmate,C00,French Defense Normal Variation,French Defense Normal Variation,61,31,e4,True,kingside,12.0,2025-09-03 14:48:16+00:00,Wednesday,14
84745c91-88bd-11f0-8385-93dc4f01000f,https://www.chess.com/game/live/142673253894,2025-09-03 12:00:00+00:00,rapid,600,True,white,salmawaqas,925,485,440,draw,Agreed draw,B02,Alekhines Defense Scandinavian Variation 3.e5,Alekhines Defense Scandinavian Variation,31,16,e4,False,,,2025-09-03 15:00:00+00:00,Wednesday,15
9dd2e0f8-8999-11f0-b08c-032e0f01000f,https://www.chess.com/game/live/142718440228,2025-09-04 14:15:31+00:00,rapid,600,True,black,Mahfuz844,933,912,21,win,Abandoned,C60,Ruy Lopez Opening,Ruy Lopez Opening,104,52,e5,True,kingside,9.0,2025-09-04 17:15:31+00:00,Thursday,17
af8a62c1-89ea-11f0-b08c-032e0f01000f,https://www.chess.com/game/live/142736743560,2025-09-04 23:55:50+00:00,rapid,600,True,white,maxanna,941,909,32,win,Resignation,C46,Three Knights Opening 3...Bb4,Three Knights Opening,37,19,e4,True,kingside,5.0,2025-09-05 02:55:50+00:00,Friday,2
c86669ad-89eb-11f0-b08c-032e0f01000f,https://www.chess.com/game/live/142736890434,2025-09-05 00:03:42+00:00,rapid,600,True,white,Lucaslenny22,933,940,-7,loss,Checkmate,B45,Sicilian Defense Taimanov Variation 5.Nc3,Sicilian Defense Taimanov Variation,36,18,e4,True,kingside,10.0,2025-09-05 03:03:42+00:00,Friday,3
e1fd8292-89ec-11f0-b08c-032e0f01000f,https://www.chess.com/game/live/142737036314,2025-09-05 00:11:34+00:00,rapid,600,True,black,Moderock_games,925,920,5,loss,Checkmate,C23,Bishops Opening 2...Nc6 3.d3 Nf6,Bishops Opening,111,56,e5,True,queenside,13.0,2025-09-05 03:11:34+00:00,Friday,3
5ec5e889-89f0-11f0-b08c-032e0f01000f,https://www.chess.com/game/live/142737496786,2025-09-05 00:36:32+00:00,rapid,600,True,black,ulinranto,934,938,-4,win,Checkmate,D00,Queens Pawn Opening 1...d5,Queens Pawn Opening,64,32,d5,True,queenside,11.0,2025-09-05 03:36:32+00:00,Friday,3
6253ade3-89f1-11f0-a60b-b1162f01000f,https://www.chess.com/game/live/142737627612,2025-09-05 00:43:47+00:00,rapid,600,True,black,mannplayschess1,934,928,6,draw,Agreed draw,C47,Four Knights Game Italian Variation,Four Knights Game Italian Variation,12,6,e5,False,,,2025-09-05 03:43:47+00:00,Friday,3
9de35489-89f1-11f0-b08c-032e0f01000f,https://www.chess.com/game/live/142737658464,2025-09-05 00:45:27+00:00,rapid,600,True,white,mannplayschess1,942,920,22,win,Checkmate,C47,Four Knights Game Scotch Variation Accepted 5.Nxd4 Bb4 6.Nxc6 bxc6,Four Knights Game Scotch Variation Accepted,59,30,e4,True,kingside,16.0,2025-09-05 03:45:27+00:00,Friday,3
89e8782f-89f2-11f0-b08c-032e0f01000f,https://www.chess.com/game/live/142737777056,2025-09-05 00:52:03+00:00,rapid,600,True,black,samcast7,934,951,-17,loss,Checkmate,C55,Italian Game Two Knights Modern Bishops Opening,Italian Game Two Knights Modern Bishops Opening,39,20,e5,True,kingside,5.0,2025-09-05 03:52:03+00:00,Friday,3
4e620474-89f3-11f0-b08c-032e0f01000f,https://www.chess.com/game/live/142737876050,2025-09-05 00:57:33+00:00,rapid,600,True,white,castlingjoe,942,910,32,win,Checkmate,C47,Four Knights Game Scotch Variation Accepted 5.Nxd4 Bc5 6.Nxc6 bxc6,Four Knights Game Scotch Variation Accepted,65,33,e4,True,kingside,9.0,2025-09-05 03:57:33+00:00,Friday,3
477e050b-8ab5-11f0-a60b-b1162f01000f,https://www.chess.com/game/live/142777544460,2025-09-06 00:06:04+00:00,rapid,600,True,white,S4nTh1ag,934,954,-20,loss,Checkmate,B12,Caro Kann Defense Advance Short Variation with 4 Nf3...e6,Caro Kann Defense Advance Short Variation with,166,83,e4,True,kingside,13.0,2025-09-06 03:06:04+00:00,Saturday,3
14c5fb37-8ab8-11f0-a60b-b1162f01000f,https://www.chess.com/game/live/142777915058,2025-09-06 00:26:07+00:00,rapid,600,True,black,alvis8311,926,931,-5,loss,Resignation,A20,English Opening Kings English Variation,English Opening Kings English Variation,50,25,e5,True,queenside,12.0,2025-09-06 03:26:07+00:00,Saturday,3
3a3ebeae-8acb-11f0-b08c-032e0f01000f,https://www.chess.com/game/live/142780477982,2025-09-06 02:43:10+00:00,rapid,600,True,white,RDK2024,933,895,38,win,Checkmate,C46,Three Knights Opening 3...Bc5 4.Nxe5 Nxe5 5.d4,Three Knights Opening,93,47,e4,True,queenside,16.0,2025-09-06 05:43:10+00:00,Saturday,5
7f3ed149-8acc-11f0-9cc8-0b52fe01000f,https://www.chess.com/game/live/142780653428,2025-09-06 02:52:16+00:00,rapid,600,True,black,Vinsmoke44,933,942,-9,draw,Stalemate,C50,Giuoco Piano Game Giuoco Pianissimo Italian Four Knights Variation 5...d6,Giuoco Piano Game Giuoco Pianissimo Italian Four Knights Variation,136,68,e5,True,kingside,8.0,2025-09-06 05:52:16+00:00,Saturday,5
ca6a0d72-8b39-11f0-a1ee-ccbbed01000f,https://www.chess.com/game/live/142802670886,2025-09-06 15:54:37+00:00,rapid,600,True,white,raja1233,941,944,-3,win,Abandoned,C40,Kings Pawn Opening Kings Knight Variation,Kings Pawn Opening Kings Knight Variation,71,36,e4,True,queenside,8.0,2025-09-06 18:54:37+00:00,Saturday,18
1a74aaca-8b3b-11f0-9cc8-0b52fe01000f,https://www.chess.com/game/live/142803009712,2025-09-06 16:04:01+00:00,rapid,600,True,white,Yiannis7777,933,957,-24,loss,Resignation,B01,Scandinavian Defense,Scandinavian Defense,45,23,e4,True,queenside,13.0,2025-09-06 19:04:01+00:00,Saturday,19
fabd5a98-8b3b-11f0-bd6e-e6c86801000f,https://www.chess.com/game/live/142803233878,2025-09-06 16:10:17+00:00,rapid,600,True,black,thecoolpawnstar,925,923,2,loss,Checkmate,C47,Four Knights Game Italian Variation,Four Knights Game Italian Variation,59,30,e5,True,kingside,6.0,2025-09-06 19:10:17+00:00,Saturday,19
faf34aa9-8c61-11f0-a60b-b1162f01000f,https://www.chess.com/game/live/142859664048,2025-09-08 03:14:49+00:00,rapid,600,True,black,bredboy96,941,941,0,win,Resignation,A45,Indian Game 2.Nd2 d5 3.e3,Indian Game,26,13,d5,False,,,2025-09-08 06:14:49+00:00,Monday,6
afe46639-8c62-11f0-a60b-b1162f01000f,https://www.chess.com/game/live/142859756994,2025-09-08 03:19:53+00:00,rapid,600,True,white,toodowntoclown,933,930,3,loss,Checkmate,C46,Three Knights Opening 3...d6,Three Knights Opening,96,48,e4,True,kingside,10.0,2025-09-08 06:19:53+00:00,Monday,6
c5f9dc3f-8c64-11f0-b08c-032e0f01000f,https://www.chess.com/game/live/142860027928,2025-09-08 03:34:49+00:00,rapid,600,True,white,Marcopgarcia,924,919,5,loss,Resignation,B28,Sicilian Defense OKelly Normal System,Sicilian Defense OKelly Normal System,60,30,e4,True,kingside,12.0,2025-09-08 06:34:49+00:00,Monday,6
0e1c7c16-8ccc-11f0-b08c-032e0f01000f,https://www.chess.com/game/live/142880852068,2025-09-08 15:54:08+00:00,rapid,600,True,black,kkumar2511,916,952,-36,loss,Resignation,C22,Center Game Accepted Normal Variation,Center Game Accepted Normal Variation,16,8,e5,False,,,2025-09-08 18:54:08+00:00,Monday,18
556d7922-8ccc-11f0-86cc-f45e1401000f,https://www.chess.com/game/live/142880927764,2025-09-08 15:56:08+00:00,rapid,600,True,black,darrenOh,924,900,24,win,Resignation,A22,English Opening Two Knights Variation,English Opening Two Knights Variation,22,11,e5,True,kingside,7.0,2025-09-08 18:56:08+00:00,Monday,18
48497793-8dd5-11f0-9cc8-0b52fe01000f,https://www.chess.com/game/live/142935130934,2025-09-09 23:32:42+00:00,rapid,600,False,black,Laithwm,924,478,446,win,Checkmate,C45,Scotch Game,Scotch Game,64,32,e5,False,,,2025-09-10 02:32:42+00:00,Wednesday,2
9b350541-8e4b-11f0-90f1-bb532d01000f,https://www.chess.com/game/live/142955878574,2025-09-10 13:39:42+00:00,rapid,600,True,black,Laithwm,925,495,430,win,Checkmate,C45,Scotch Game 3...exd4 4.Nxd4 Qf6 5.Nxc6,Scotch Game,72,36,e5,True,queenside,16.0,2025-09-10 16:39:42+00:00,Wednesday,16
4f73c86b-8ee8-11f0-9cc8-0b52fe01000f,https://www.chess.com/game/live/142985205698,2025-09-11 08:21:26+00:00,rapid,600,True,white,iampraza,933,930,3,win,Checkmate,B02,Alekhines Defense Two Pawns Attack 3...Nb6 4.d4,Alekhines Defense Two Pawns Attack,103,52,e4,True,kingside,21.0,2025-09-11 11:21:26+00:00,Thursday,11
edf6213c-8f0e-11f0-9cc8-0b52fe01000f,https://www.chess.com/game/live/142993451646,2025-09-11 12:57:53+00:00,rapid,600,False,white,Laithwm,933,495,438,win,Abandoned,C47,Four Knights Game Italian Variation,Four Knights Game Italian Variation,51,26,e4,True,kingside,18.0,2025-09-11 15:57:53+00:00,Thursday,15
883552fa-8f10-11f0-9cc8-0b52fe01000f,https://www.chess.com/game/live/142993847928,2025-09-11 13:09:21+00:00,rapid,600,False,white,Laithwm,933,495,438,loss,Resignation,C45,Scotch Game 3...d6,Scotch Game,35,18,e4,False,,,2025-09-11 16:09:21+00:00,Thursday,16
6e41c844-9030-11f0-9cc8-0b52fe01000f,https://www.chess.com/game/live/143053027974,2025-09-12 23:30:13+00:00,rapid,600,False,white,Laithwm,933,495,438,loss,Checkmate,C42,Petrovs Defense Classical Variation,Petrovs Defense Classical Variation,50,25,e4,True,kingside,10.0,2025-09-13 02:30:13+00:00,Saturday,2
491ab6b9-9031-11f0-b08c-032e0f01000f,https://www.chess.com/game/live/143053144330,2025-09-12 23:36:20+00:00,rapid,600,False,white,Laithwm,933,495,438,win,Checkmate,C42,Petrovs Defense Three Knights Game,Petrovs Defense Three Knights Game,81,41,e4,False,,,2025-09-13 02:36:20+00:00,Saturday,2
2508c955-9033-11f0-b08c-032e0f01000f,https://www.chess.com/game/live/143053394170,2025-09-12 23:49:38+00:00,rapid,600,False,white,Laithwm,933,495,438,win,Checkmate,C47,Four Knights Game Italian Variation,Four Knights Game Italian Variation,73,37,e4,True,kingside,11.0,2025-09-13 02:49:38+00:00,Saturday,2
35a638df-9098-11f0-a60b-b1162f01000f,https://www.chess.com/game/live/143069960442,2025-09-13 11:53:05+00:00,rapid,600,False,black,Laithwm,933,495,438,win,Checkmate,B00,Nimzowitsch Defense Scandinavian Bogoljubov Vehre Variation 4.e5,Nimzowitsch Defense Scandinavian Bogoljubov Vehre Variation,60,30,d5,False,,,2025-09-13 14:53:05+00:00,Saturday,14
579e17ef-9099-11f0-b08c-032e0f01000f,https://www.chess.com/game/live/143070218070,2025-09-13 12:01:12+00:00,rapid,600,False,black,Laithwm,933,495,438,win,Checkmate,A00,Van t Kruijs Opening 1...e5,Van t Kruijs Opening,104,52,e5,True,queenside,18.0,2025-09-13 15:01:12+00:00,Saturday,15
fad7e87c-916a-11f0-9cc8-0b52fe01000f,https://www.chess.com/game/live/143110689086,2025-09-14 13:01:50+00:00,rapid,600,False,black,Laithwm,933,495,438,win,Checkmate,C45,Scotch Game,Scotch Game,106,53,e5,False,,,2025-09-14 16:01:50+00:00,Sunday,16
a5bb8226-916c-11f0-8ac9-d24c2701000f,https://www.chess.com/game/live/143111088366,2025-09-14 13:13:47+00:00,rapid,600,False,white,Laithwm,933,495,438,win,Resignation,C42,Petrovs Defense Three Knights Game,Petrovs Defense Three Knights Game,23,12,e4,False,,,2025-09-14 16:13:47+00:00,Sunday,16
e645b995-916c-11f0-a60b-b1162f01000f,https://www.chess.com/game/live/143111148766,2025-09-14 13:15:35+00:00,rapid,600,False,black,Laithwm,933,495,438,win,Resignation,C45,Scotch Game,Scotch Game,18,9,e5,False,,,2025-09-14 16:15:35+00:00,Sunday,16
490803de-916d-11f0-a3ef-6cb79401000f,https://www.chess.com/game/live/143111241102,2025-09-14 13:18:21+00:00,rapid,600,False,black,Laithwm,933,495,438,win,Checkmate,C45,Scotch Game,Scotch Game,28,14,e5,False,,,2025-09-14 16:18:21+00:00,Sunday,16
8d046f2c-91a3-11f0-9ac6-d9ac7a01000f,https://www.chess.com/game/live/143124377420,2025-09-14 19:46:48+00:00,rapid,600,True,white,Guichard69,925,925,0,loss,Checkmate,C02,French Defense Advance Nimzowitsch System 4...Nc6,French Defense Advance Nimzowitsch System,44,22,e4,True,kingside,8.0,2025-09-14 22:46:48+00:00,Sunday,22
9b216f83-91ab-11f0-b08c-032e0f01000f,https://www.chess.com/game/live/143126026912,2025-09-14 20:44:27+00:00,rapid,600,True,black,danbdanb,933,896,37,win,Resignation,D00,Queens Pawn Opening Chigorin Variation 2...Nf6 3.Nf3,Queens Pawn Opening Chigorin Variation,108,54,d5,True,queenside,14.0,2025-09-14 23:44:27+00:00,Sunday,23
11213b58-91af-11f0-a60b-b1162f01000f,https://www.chess.com/game/live/143126685394,2025-09-14 21:09:14+00:00,rapid,600,True,white,4555MC,925,961,-36,loss,Resignation,B01,Scandinavian Defense Mieses Kotrc Variation 3.Nc3,Scandinavian Defense Mieses Kotrc Variation,24,12,e4,False,,,2025-09-15 00:09:14+00:00,Monday,0
498eba13-91af-11f0-a60b-b1162f01000f,https://www.chess.com/game/live/143126726318,2025-09-14 21:10:48+00:00,rapid,600,True,black,Dadrov,917,933,-16,loss,Resignation,C60,Ruy Lopez Opening,Ruy Lopez Opening,62,31,e5,True,kingside,14.0,2025-09-15 00:10:48+00:00,Monday,0
e37f4007-9203-11f0-b08c-032e0f01000f,https://www.chess.com/game/live/143138698920,2025-09-15 07:16:24+00:00,rapid,600,True,white,xkobarxkobar,925,912,13,win,Checkmate,C46,Three Knights Opening,Three Knights Opening,51,26,e4,True,kingside,13.0,2025-09-15 10:16:24+00:00,Monday,10
7c287bf8-921d-11f0-9cc8-0b52fe01000f,https://www.chess.com/game/live/143143378446,2025-09-15 10:19:38+00:00,rapid,600,True,black,insouza,917,950,-33,loss,Resignation,C47,Four Knights Game Italian Variation,Four Knights Game Italian Variation,59,30,e5,False,,,2025-09-15 13:19:38+00:00,Monday,13
ced16c4a-922d-11f0-9cc8-0b52fe01000f,https://www.chess.com/game/live/143147015904,2025-09-15 12:16:29+00:00,rapid,600,True,black,rolsndtordecills,925,930,-5,win,Checkmate,C20,Kings Pawn Opening 1...e5,Kings Pawn Opening,60,30,e5,True,kingside,5.0,2025-09-15 15:16:29+00:00,Monday,15
8857dba8-9230-11f0-b08c-032e0f01000f,https://www.chess.com/game/live/143147666286,2025-09-15 12:35:59+00:00,rapid,600,True,white,Nana5438,934,941,-7,win,Resignation,B00,Owens Defense 2.d4 Bb7 3.Nc3,Owens Defense,47,24,e4,True,queenside,15.0,2025-09-15 15:35:59+00:00,Monday,15
c264a0f3-9232-11f0-b08c-032e0f01000f,https://www.chess.com/game/live/143148210058,2025-09-15 12:51:55+00:00,rapid,600,True,black,harypoker,942,928,14,win,Resignation,C55,Italian Game Two Knights Modern Bishops Opening,Italian Game Two Knights Modern Bishops Opening,100,50,e5,True,kingside,5.0,2025-09-15 15:51:55+00:00,Monday,15
1f4b531c-9234-11f0-9cc8-0b52fe01000f,https://www.chess.com/game/live/143148543968,2025-09-15 13:01:40+00:00,rapid,600,True,white,DivitVidyarthi,951,955,-4,win,Checkmate,C42,Petrovs Defense Three Knights Game,Petrovs Defense Three Knights Game,31,16,e4,False,,,2025-09-15 16:01:40+00:00,Monday,16
ae626aae-9236-11f0-b08c-032e0f01000f,https://www.chess.com/game/live/143149179824,2025-09-15 13:20:00+00:00,rapid,600,True,white,christianmarimoliveira,943,977,-34,loss,Checkmate,C47,Four Knights Game,Four Knights Game,76,38,e4,True,queenside,24.0,2025-09-15 16:20:00+00:00,Monday,16
2e9cd40e-92de-11f0-a60b-b1162f01000f,https://www.chess.com/game/live/143181494352,2025-09-16 09:19:01+00:00,rapid,600,True,black,fadijamal88,951,922,29,win,Checkmate,C20,Kings Pawn Opening Leonardis Variation 2...Nf6,Kings Pawn Opening Leonardis Variation,22,11,e5,False,,,2025-09-16 12:19:01+00:00,Tuesday,12
ddfac6cd-92de-11f0-a60b-b1162f01000f,https://www.chess.com/game/live/143181628562,2025-09-16 09:23:55+00:00,rapid,600,True,white,ghie014,959,953,6,win,Timeout,C41,Philidor Defense Exchange Variation 4.Nxd4 Nf6 5.Nc3,Philidor Defense Exchange Variation,85,43,e4,True,queenside,10.0,2025-09-16 12:23:55+00:00,Tuesday,12
eb1d9b1a-92e4-11f0-9cc8-0b52fe01000f,https://www.chess.com/game/live/143182843928,2025-09-16 10:07:14+00:00,rapid,600,True,black,Pondwitch69,951,946,5,loss,Checkmate,C23,Bishops Opening 2...Nc6 3.d3 Nf6,Bishops Opening,125,63,e5,True,kingside,5.0,2025-09-16 13:07:14+00:00,Tuesday,13
d7e4cf64-92e8-11f0-9cc8-0b52fe01000f,https://www.chess.com/game/live/143183673844,2025-09-16 10:35:20+00:00,rapid,600,True,white,codechess1,943,939,4,loss,Resignation,C41,Philidor Defense Exchange Variation 4.Nxd4 Nf6,Philidor Defense Exchange Variation,29,15,e4,True,queenside,8.0,2025-09-16 13:35:20+00:00,Tuesday,13
938506b6-930a-11f0-b08c-032e0f01000f,https://www.chess.com/game/live/143191951200,2025-09-16 14:36:48+00:00,rapid,600,True,white,Asepgalih,950,911,39,win,Timeout,C48,Four Knights Game Spanish Variation,Four Knights Game Spanish Variation,135,68,e4,True,kingside,7.0,2025-09-16 17:36:48+00:00,Tuesday,17
c7cbdd7b-9318-11f0-b55f-add0bc01000f,https://www.chess.com/game/live/143195804350,2025-09-16 16:18:28+00:00,rapid,600,False,white,Laithwm,950,496,454,win,Resignation,C42,Petrovs Defense Classical Variation,Petrovs Defense Classical Variation,15,8,e4,False,,,2025-09-16 19:18:28+00:00,Tuesday,19
13847ac5-9319-11f0-9cc8-0b52fe01000f,https://www.chess.com/game/live/143195884004,2025-09-16 16:20:35+00:00,rapid,600,True,white,Laithwm,951,495,456,win,Checkmate,C42,Petrovs Defense Classical Variation,Petrovs Defense Classical Variation,35,18,e4,True,kingside,12.0,2025-09-16 19:20:35+00:00,Tuesday,19
b4077ba0-9319-11f0-b55f-add0bc01000f,https://www.chess.com/game/live/143196054306,2025-09-16 16:25:05+00:00,rapid,600,True,black,Laithwm,936,512,424,loss,Checkmate,C45,Scotch Game 3...exd4 4.Nxd4 Nxd4 5.Qxd4,Scotch Game,47,24,e5,True,queenside,15.0,2025-09-16 19:25:05+00:00,Tuesday,19
825f6ba8-9330-11f0-a60b-b1162f01000f,https://www.chess.com/game/live/143201951670,2025-09-16 19:08:20+00:00,rapid,600,False,black,Laithwm,936,512,424,win,Checkmate,C44,Ponziani Opening Jaenisch Counterattack 4.d4 exd4,Ponziani Opening Jaenisch Counterattack,30,15,e5,True,kingside,13.0,2025-09-16 22:08:20+00:00,Tuesday,22
0ec99e3e-9331-11f0-b55f-add0bc01000f,https://www.chess.com/game/live/143202080604,2025-09-16 19:12:15+00:00,rapid,600,False,white,Laithwm,936,512,424,win,Checkmate,C42,Petrovs Defense Three Knights Game,Petrovs Defense Three Knights Game,141,71,e4,True,kingside,14.0,2025-09-16 22:12:15+00:00,Tuesday,22
dda93360-93c1-11f0-9cc8-0b52fe01000f,https://www.chess.com/game/live/143227366408,2025-09-17 12:28:50+00:00,rapid,600,False,white,Laithwm,936,512,424,win,Checkmate,B07,Pirc Defense Modern Defense Geller System 2...Nf6 3.Nc3 e5,Pirc Defense Modern Defense Geller System,67,34,e4,False,,,2025-09-17 15:28:50+00:00,Wednesday,15
356a1e19-93f6-11f0-923f-c26d5b01000f,https://www.chess.com/game/live/143241113774,2025-09-17 18:43:31+00:00,rapid,600,True,black,wesam77b,928,925,3,loss,Checkmate,C48,Four Knights Game Spanish Variation 4...d6,Four Knights Game Spanish Variation,71,36,e5,True,kingside,10.0,2025-09-17 21:43:31+00:00,Wednesday,21
1f63dd88-93fe-11f0-923f-c26d5b01000f,https://www.chess.com/game/live/143242954832,2025-09-17 19:40:10+00:00,rapid,600,False,white,Laithwm,928,512,416,win,Checkmate,B01,Scandinavian Defense Mieses Kotrc Variation 3.Nc3 Qe5,Scandinavian Defense Mieses Kotrc Variation,41,21,e4,False,,,2025-09-17 22:40:10+00:00,Wednesday,22
09a5323a-93ff-11f0-ac9e-19bf5c01000f,https://www.chess.com/game/live/143243159302,2025-09-17 19:46:43+00:00,rapid,600,False,black,Laithwm,928,512,416,win,Resignation,C45,Scotch Game Schmidt Mieses Variation 6...Qe7,Scotch Game Schmidt Mieses Variation,66,33,e5,True,kingside,13.0,2025-09-17 22:46:43+00:00,Wednesday,22
94f0da54-9467-11f0-8a07-726ee401000f,https://www.chess.com/game/live/143259615870,2025-09-18 08:15:05+00:00,rapid,600,True,black,orewananu,920,949,-29,loss,Checkmate,C48,Four Knights Game Spanish Variation,Four Knights Game Spanish Variation,109,55,e5,True,queenside,15.0,2025-09-18 11:15:05+00:00,Thursday,11
4c9dc456-9469-11f0-8a07-726ee401000f,https://www.chess.com/game/live/143259937020,2025-09-18 08:27:22+00:00,rapid,600,True,black,Hudlot_Kha,911,905,6,loss,Resignation,C20,Kings Pawn Opening 1...e5,Kings Pawn Opening,39,20,e5,True,kingside,8.0,2025-09-18 11:27:22+00:00,Thursday,11
0e44ceda-946a-11f0-a60b-b1162f01000f,https://www.chess.com/game/live/143260079706,2025-09-18 08:32:47+00:00,rapid,600,True,white,Samuele_21,919,905,14,win,Resignation,C41,Philidor Defense 3.Nc3,Philidor Defense,53,27,e4,True,queenside,8.0,2025-09-18 11:32:47+00:00,Thursday,11
69d93746-946b-11f0-b08c-032e0f01000f,https://www.chess.com/game/live/143260334538,2025-09-18 08:42:30+00:00,rapid,600,True,black,Amrit_Sinha,911,940,-29,loss,Resignation,A28,English Opening Four Knights Bradley Beach Variation,English Opening Four Knights Bradley Beach Variation,67,34,e5,True,kingside,8.0,2025-09-18 11:42:30+00:00,Thursday,11
83c0cf7c-946e-11f0-9cc8-0b52fe01000f,https://www.chess.com/game/live/143260920778,2025-09-18 09:04:42+00:00,rapid,600,True,white,REY1894,920,926,-6,win,Resignation,C48,Four Knights Game Spanish Variation Classical Variation,Four Knights Game Spanish Variation Classical Variation,39,20,e4,True,kingside,7.0,2025-09-18 12:04:42+00:00,Thursday,12
600bc54b-946f-11f0-b08c-032e0f01000f,https://www.chess.com/game/live/143261085584,2025-09-18 09:10:52+00:00,rapid,600,True,white,ngocgiang06,928,917,11,win,Abandoned,B23,Closed Sicilian Defense Traditional Line 3.Nf3 Nf6 4.d4,Closed Sicilian Defense Traditional Line,21,11,e4,False,,,2025-09-18 12:10:52+00:00,Thursday,12
13462f82-9470-11f0-b08c-032e0f01000f,https://www.chess.com/game/live/143261219926,2025-09-18 09:15:52+00:00,rapid,600,True,black,Arct-key,919,913,6,loss,Resignation,C64,Ruy Lopez Opening Classical Defense 4.O O Qf6 5.c3,Ruy Lopez Opening Classical Defense,79,40,e5,True,kingside,13.0,2025-09-18 12:15:52+00:00,Thursday,12
08590698-9472-11f0-9cc8-0b52fe01000f,https://www.chess.com/game/live/143261601068,2025-09-18 09:29:53+00:00,rapid,600,True,black,KEEPTHEKNIGHTAWAY,911,922,-11,loss,Checkmate,C48,Four Knights Game Spanish Variation Classical Variation 5.O O O O,Four Knights Game Spanish Variation Classical Variation,71,36,e5,True,kingside,5.0,2025-09-18 12:29:53+00:00,Thursday,12
db867cd8-9494-11f0-8a07-726ee401000f,https://www.chess.com/game/live/143269559884,2025-09-18 13:39:10+00:00,rapid,600,True,white,Djackjindal,911,918,-7,draw,Repetition,C40,Kings Pawn Opening Kings Knight Variation,Kings Pawn Opening Kings Knight Variation,79,40,e4,True,kingside,7.0,2025-09-18 16:39:10+00:00,Thursday,16
ebb34e22-9495-11f0-b08c-032e0f01000f,https://www.chess.com/game/live/143269837738,2025-09-18 13:46:47+00:00,rapid,600,True,black,ariyan2715,919,911,8,win,Checkmate,C20,Kings Pawn Opening 1...e5,Kings Pawn Opening,56,28,e5,False,,,2025-09-18 16:46:47+00:00,Thursday,16
797468be-9497-11f0-a60b-b1162f01000f,https://www.chess.com/game/live/143270245994,2025-09-18 13:57:54+00:00,rapid,600,True,white,Aloyce1,927,911,16,win,Abandoned,C46,Three Knights Opening 3...Bc5,Three Knights Opening,61,31,e4,True,kingside,16.0,2025-09-18 16:57:54+00:00,Thursday,16
b04283ed-9540-11f0-9cc8-0b52fe01000f,https://www.chess.com/game/live/143302391258,2025-09-19 10:09:11+00:00,rapid,600,True,black,melikecheesesomuch,934,898,36,win,Resignation,C23,Bishops Opening 2...Nc6,Bishops Opening,38,19,e5,True,kingside,8.0,2025-09-19 13:09:11+00:00,Friday,13
a9342718-9543-11f0-9cc8-0b52fe01000f,https://www.chess.com/game/live/143303013138,2025-09-19 10:30:28+00:00,rapid,600,True,white,Heri7671,934,939,-5,draw,Insufficient material,C00,French Defense Kings Indian Attack 2...d5,French Defense Kings Indian Attack,139,70,e4,False,,,2025-09-19 13:30:28+00:00,Friday,13
ee7dc8fd-9548-11f0-bacd-65e32201000f,https://www.chess.com/game/live/143304170428,2025-09-19 11:08:12+00:00,rapid,600,True,black,ViktorV80,926,926,0,loss,Checkmate,C45,Scotch Game 3...exd4 4.Nxd4 Qf6 5.Nxc6,Scotch Game,21,11,e5,True,kingside,9.0,2025-09-19 14:08:12+00:00,Friday,14
4a4c7084-9549-11f0-a69e-f46cc101000f,https://www.chess.com/game/live/143304250882,2025-09-19 11:10:46+00:00,rapid,600,True,white,another_chess_noob,934,933,1,win,Checkmate,B01,Scandinavian Defense Closed 2...d4,Scandinavian Defense Closed,63,32,e4,True,queenside,24.0,2025-09-19 14:10:46+00:00,Friday,14
f5d327be-954a-11f0-a69e-f46cc101000f,https://www.chess.com/game/live/143304629064,2025-09-19 11:22:43+00:00,rapid,600,True,black,abishaqpl,942,923,19,win,Resignation,A00,Saragossa Opening 1...e5,Saragossa Opening,28,14,e5,False,,,2025-09-19 14:22:43+00:00,Friday,14
a3e6255d-954b-11f0-b08c-032e0f01000f,https://www.chess.com/game/live/143304785414,2025-09-19 11:27:35+00:00,rapid,600,True,white,rugs-oasis,950,942,8,win,Resignation,B00,Owens Defense 2.d4 Bb7 3.Nc3 e6,Owens Defense,23,12,e4,True,queenside,9.0,2025-09-19 14:27:35+00:00,Friday,14
ef394921-954b-11f0-9cc8-0b52fe01000f,https://www.chess.com/game/live/143304852694,2025-09-19 11:29:41+00:00,rapid,600,True,white,Mourryy,942,977,-35,loss,Resignation,B34,Sicilian Defense Open Accelerated Dragon Modern Variation 5...Nf6 6.Be3 Bg7,Sicilian Defense Open Accelerated Dragon Modern Variation,30,15,e4,True,kingside,12.0,2025-09-19 14:29:41+00:00,Friday,14
16920973-955a-11f0-bacd-65e32201000f,https://www.chess.com/game/live/143308282766,2025-09-19 13:11:00+00:00,rapid,600,True,black,Soumyajeetrc,934,933,1,loss,Resignation,C20,Kings Pawn Opening 1...e5,Kings Pawn Opening,63,32,e5,True,kingside,4.0,2025-09-19 16:11:00+00:00,Friday,16
1ad31928-955b-11f0-812d-71cc8f01000f,https://www.chess.com/game/live/143308544458,2025-09-19 13:18:17+00:00,rapid,600,True,black,savageamor,943,950,-7,win,Resignation,A28,English Opening Four Knights Flexible Line 4...Bb4 5.Bd2,English Opening Four Knights Flexible Line,108,54,e5,True,kingside,14.0,2025-09-19 16:18:17+00:00,Friday,16
ee0ff1a5-955b-11f0-812d-71cc8f01000f,https://www.chess.com/game/live/143308758348,2025-09-19 13:24:11+00:00,rapid,600,True,black,airshipgrain890,935,967,-32,loss,Checkmate,D20,Queens Gambit Accepted Central Variation Modern Defense 4.Nf3,Queens Gambit Accepted Central Variation Modern Defense,135,68,d5,True,kingside,16.0,2025-09-19 16:24:11+00:00,Friday,16
cc27af8c-955f-11f0-a69e-f46cc101000f,https://www.chess.com/game/live/143309777026,2025-09-19 13:51:52+00:00,rapid,600,True,black,Manu19815774,943,924,19,win,Resignation,D20,Queens Gambit Accepted Old Variation 3...Nf6 4.Bxc4,Queens Gambit Accepted Old Variation,86,43,d5,True,queenside,9.0,2025-09-19 16:51:52+00:00,Friday,16
82f30caa-9564-11f0-9cc8-0b52fe01000f,https://www.chess.com/game/live/143311041364,2025-09-19 14:25:37+00:00,rapid,600,True,white,Sam_Arandia,951,952,-1,win,Resignation,C50,Italian Game,Italian Game,11,6,e4,False,,,2025-09-19 17:25:37+00:00,Friday,17
db2a35fa-9564-11f0-9cc8-0b52fe01000f,https://www.chess.com/game/live/143311134220,2025-09-19 14:28:05+00:00,rapid,600,True,white,NishinoyaJosh,959,935,24,win,Resignation,C01,French Defense Exchange Variation 3...exd5 4.Nc3,French Defense Exchange Variation,22,11,e4,False,,,2025-09-19 17:28:05+00:00,Friday,17
75f39b62-9565-11f0-a60b-b1162f01000f,https://www.chess.com/game/live/143311297006,2025-09-19 14:32:25+00:00,rapid,600,True,black,Moraima1,951,958,-7,loss,Abandoned,C55,Italian Game Two Knights Modern Bishops Opening,Italian Game Two Knights Modern Bishops Opening,59,30,e5,False,,,2025-09-19 17:32:25+00:00,Friday,17
d1499efd-95b4-11f0-b08c-032e0f01000f,https://www.chess.com/game/live/143328743812,2025-09-20 00:00:28+00:00,rapid,600,False,white,Laithwm,951,532,419,win,Resignation,C40,Kings Pawn Opening Kings Knight Variation,Kings Pawn Opening Kings Knight Variation,31,16,e4,False,,,2025-09-20 03:00:28+00:00,Saturday,3
aacf329b-95b5-11f0-9cc8-0b52fe01000f,https://www.chess.com/game/live/143328856418,2025-09-20 00:06:33+00:00,rapid,600,False,black,Laithwm,951,532,419,win,Abandoned,C45,Scotch Game,Scotch Game,70,35,e5,True,queenside,12.0,2025-09-20 03:06:33+00:00,Saturday,3
c3a3f05d-95b7-11f0-b08c-032e0f01000f,https://www.chess.com/game/live/143329133386,2025-09-20 00:21:34+00:00,rapid,600,False,white,Laithwm,951,532,419,win,Resignation,C27,Vienna Game Frankenstein Dracula Variation,Vienna Game Frankenstein Dracula Variation,7,4,e4,False,,,2025-09-20 03:21:34+00:00,Saturday,3
dde1299a-95b7-11f0-b08c-032e0f01000f,https://www.chess.com/game/live/143329146978,2025-09-20 00:22:18+00:00,rapid,600,False,black,Laithwm,951,532,419,win,Checkmate,C40,Kings Pawn Opening Kings Knight Variation,Kings Pawn Opening Kings Knight Variation,78,39,e5,True,kingside,17.0,2025-09-20 03:22:18+00:00,Saturday,3
0a3f159b-95b9-11f0-b08c-032e0f01000f,https://www.chess.com/game/live/143329300770,2025-09-20 00:30:42+00:00,rapid,600,False,white,Laithwm,951,532,419,win,Checkmate,C42,Petrovs Defense Three Knights Game,Petrovs Defense Three Knights Game,103,52,e4,True,queenside,20.0,2025-09-20 03:30:42+00:00,Saturday,3
cd5ba4a7-963a-11f0-8cc8-e3d22401000f,https://www.chess.com/game/live/143353547050,2025-09-20 15:59:34+00:00,rapid,600,False,white,Laithwm,951,532,419,win,Resignation,C42,Petrovs Defense Three Knights Game,Petrovs Defense Three Knights Game,24,12,e4,False,,,2025-09-20 18:59:34+00:00,Saturday,18
4976bb1d-963b-11f0-9d2e-04169901000f,https://www.chess.com/game/live/143353668518,2025-09-20 16:03:02+00:00,rapid,600,False,black,Laithwm,951,532,419,draw,Agreed draw,C45,Scotch Game,Scotch Game,15,8,e5,False,,,2025-09-20 19:03:02+00:00,Saturday,19
dc67a149-978c-11f0-a60b-b1162f01000f,https://www.chess.com/game/live/143415549274,2025-09-22 08:19:29+00:00,rapid,600,True,black,mdrifathossainme,943,959,-16,loss,Resignation,B00,Nimzowitsch Defense Kennedy Linksspringer Variation,Nimzowitsch Defense Kennedy Linksspringer Variation,113,57,e5,True,queenside,18.0,2025-09-22 11:19:29+00:00,Monday,11
77b16f84-978f-11f0-9a0f-40643301000f,https://www.chess.com/game/live/143416017164,2025-09-22 08:38:09+00:00,rapid,600,True,white,spy179,951,944,7,win,Resignation,C46,Three Knights Opening,Three Knights Opening,23,12,e4,False,,,2025-09-22 11:38:09+00:00,Monday,11
fcc82d95-978f-11f0-9a0f-40643301000f,https://www.chess.com/game/live/143416112494,2025-09-22 08:41:52+00:00,rapid,600,True,white,Liebg,959,931,28,win,Checkmate,C46,Three Knights Opening 3...d6,Three Knights Opening,41,21,e4,True,kingside,16.0,2025-09-22 11:41:52+00:00,Monday,11
51d2d8c7-9791-11f0-9cc8-0b52fe01000f,https://www.chess.com/game/live/143416357878,2025-09-22 08:51:24+00:00,rapid,600,True,white,lenachung,967,971,-4,win,Resignation,B00,Owens Defense 2.d4 Bb7 3.Nc3,Owens Defense,71,36,e4,True,queenside,10.0,2025-09-22 11:51:24+00:00,Monday,11
c843c7dd-9792-11f0-a60b-b1162f01000f,https://www.chess.com/game/live/143416627840,2025-09-22 09:01:52+00:00,rapid,600,True,black,Laetitia1717,975,956,19,win,Checkmate,C20,Kings Pawn Opening Leonardis Variation,Kings Pawn Opening Leonardis Variation,68,34,e5,True,kingside,5.0,2025-09-22 12:01:52+00:00,Monday,12
6d78ea69-9794-11f0-9cc8-0b52fe01000f,https://www.chess.com/game/live/143416936860,2025-09-22 09:13:39+00:00,rapid,600,True,white,az_ni,983,957,26,win,Checkmate,C47,Four Knights Game,Four Knights Game,89,45,e4,True,kingside,12.0,2025-09-22 12:13:39+00:00,Monday,12
3377c090-9796-11f0-b08c-032e0f01000f,https://www.chess.com/game/live/143417276320,2025-09-22 09:26:21+00:00,rapid,600,True,black,waleed2414,975,992,-17,loss,Checkmate,D02,Queens Pawn Opening Zukertort Chigorin Variation 3.Bf4 Nf6 4.e3,Queens Pawn Opening Zukertort Chigorin Variation,37,19,d5,False,,,2025-09-22 12:26:21+00:00,Monday,12
9a3bebdf-97ad-11f0-9cc8-0b52fe01000f,https://www.chess.com/game/live/143422310542,2025-09-22 12:13:52+00:00,rapid,600,True,white,marcos_2024pr,983,975,8,win,Resignation,C47,Four Knights Game Scotch Variation Accepted 5.Nxd4,Four Knights Game Scotch Variation Accepted,43,22,e4,True,kingside,13.0,2025-09-22 15:13:52+00:00,Monday,15
2ef7a183-9858-11f0-a60b-b1162f01000f,https://www.chess.com/game/live/143455702154,2025-09-23 08:34:56+00:00,rapid,600,True,black,JacekUrbanik,975,1000,-25,loss,Checkmate,C20,Kings Pawn Opening 1...e5,Kings Pawn Opening,7,4,e5,False,,,2025-09-23 11:34:56+00:00,Tuesday,11
41dd473f-9858-11f0-b08c-032e0f01000f,https://www.chess.com/game/live/143455715680,2025-09-23 08:35:27+00:00,rapid,600,True,black,akbar_1367,975,977,-2,draw,Stalemate,A45,Indian Game 2.e3,Indian Game,143,72,Nf6,True,queenside,13.0,2025-09-23 11:35:27+00:00,Tuesday,11
1830b8d3-985a-11f0-9cc8-0b52fe01000f,https://www.chess.com/game/live/143456057540,2025-09-23 08:48:36+00:00,rapid,600,True,white,InstantBlunderr,967,973,-6,loss,Checkmate,C25,Vienna Game Anderssen Defense 3.Nf3,Vienna Game Anderssen Defense,212,106,e4,True,kingside,13.0,2025-09-23 11:48:36+00:00,Tuesday,11
a43ef622-985f-11f0-9ae7-aa3fb901000f,https://www.chess.com/game/live/143457118046,2025-09-23 09:28:19+00:00,rapid,600,True,white,plus_Ot4im,959,973,-14,loss,Checkmate,C41,Philidor Defense 3.Nc3,Philidor Defense,44,22,e4,True,kingside,8.0,2025-09-23 12:28:19+00:00,Tuesday,12
6f193ce5-9861-11f0-9cc8-0b52fe01000f,https://www.chess.com/game/live/143457473270,2025-09-23 09:41:09+00:00,rapid,600,True,black,Yes_Ssk,951,982,-31,loss,Checkmate,C50,Giuoco Piano Game Giuoco Pianissimo Italian Four Knights Canal Variation,Giuoco Piano Game Giuoco Pianissimo Italian Four Knights Canal Variation,67,34,e5,True,kingside,8.0,2025-09-23 12:41:09+00:00,Tuesday,12
7e9b7917-9871-11f0-b08c-032e0f01000f,https://www.chess.com/game/live/143460915298,2025-09-23 11:36:07+00:00,rapid,600,True,black,G_M_V10,959,947,12,win,Checkmate,C57,Italian Game Knight Attack Normal Variation 5.exd5,Italian Game Knight Attack Normal Variation,40,20,e5,False,,,2025-09-23 14:36:07+00:00,Tuesday,14
543c8051-9872-11f0-a8aa-cd9e6401000f,https://www.chess.com/game/live/143461109330,2025-09-23 11:42:05+00:00,rapid,600,True,white,hasan_66-11,951,986,-35,loss,Abandoned,C00,French Defense,French Defense,28,14,e4,False,,,2025-09-23 14:42:05+00:00,Tuesday,14
6edfc2bd-9965-11f0-abc9-2f596801000f,https://www.chess.com/game/live/143511596008,2025-09-24 16:42:17+00:00,rapid,600,True,black,Sankalp54296,960,961,-1,win,Resignation,C47,Four Knights Game Italian Variation,Four Knights Game Italian Variation,60,30,e5,True,kingside,6.0,2025-09-24 19:42:17+00:00,Wednesday,19
d2745abd-9966-11f0-b8ff-2d170901000f,https://www.chess.com/game/live/143511966906,2025-09-24 16:52:14+00:00,rapid,600,True,black,ZH4W3R,968,971,-3,win,Checkmate,C50,Giuoco Piano Game Giuoco Pianissimo Variation 4...Nf6,Giuoco Piano Game Giuoco Pianissimo Variation,156,78,e5,True,kingside,5.0,2025-09-24 19:52:14+00:00,Wednesday,19
43c4420f-9a03-11f0-bec7-8aed5101000f,https://www.chess.com/game/live/143540020898,2025-09-25 11:32:06+00:00,rapid,600,True,white,Stefan90o,976,946,30,win,Resignation,C25,Vienna Game Anderssen Defense 3.Nf3,Vienna Game Anderssen Defense,35,18,e4,False,,,2025-09-25 14:32:06+00:00,Thursday,14
303562ab-9a0e-11f0-8a4e-7937c401000f,https://www.chess.com/game/live/143542612674,2025-09-25 12:50:17+00:00,rapid,600,True,white,Kentplayschess,984,978,6,win,Resignation,B10,Caro Kann Defense 2.Nf3 d5,Caro Kann Defense,95,48,e4,True,queenside,20.0,2025-09-25 15:50:17+00:00,Thursday,15
54edb389-9a15-11f0-a2f2-4c5f7c01000f,https://www.chess.com/game/live/143544404758,2025-09-25 13:41:25+00:00,rapid,600,True,black,warsono1548,984,997,-13,draw,Repetition,C24,Bishops Opening Berlin Defense,Bishops Opening Berlin Defense,144,72,e5,True,kingside,10.0,2025-09-25 16:41:25+00:00,Thursday,16
a82fd6a8-9a1a-11f0-bdb8-b1a48b01000f,https://www.chess.com/game/live/143545796680,2025-09-25 14:19:33+00:00,rapid,600,True,white,8_vlad_8,992,980,12,win,Resignation,B01,Scandinavian Defense Mieses Kotrc Variation 3.Nc3,Scandinavian Defense Mieses Kotrc Variation,102,51,e4,True,queenside,15.0,2025-09-25 17:19:33+00:00,Thursday,17
95b07f7d-9ab7-11f0-8876-8c14d001000f,https://www.chess.com/game/live/143575236686,2025-09-26 09:02:53+00:00,rapid,600,True,white,M124-M2,984,995,-11,loss,Abandoned,C40,Kings Pawn Opening Kings Knight Variation,Kings Pawn Opening Kings Knight Variation,78,39,e4,True,kingside,7.0,2025-09-26 12:02:53+00:00,Friday,12
628a150d-9ac0-11f0-bec7-8aed5101000f,https://www.chess.com/game/live/143576988202,2025-09-26 10:05:52+00:00,rapid,600,True,black,Dried_Rose,976,981,-5,loss,Checkmate,D20,Queens Gambit Accepted Central Variation McDonnell Defense 4.Nf3 exd4,Queens Gambit Accepted Central Variation McDonnell Defense,47,24,d5,True,queenside,15.0,2025-09-26 13:05:52+00:00,Friday,13
3abbfed5-9ac1-11f0-bec7-8aed5101000f,https://www.chess.com/game/live/143577161532,2025-09-26 10:11:55+00:00,rapid,600,True,white,PalFreeHr,968,978,-10,loss,Checkmate,C42,Petrovs Defense Classical Variation,Petrovs Defense Classical Variation,138,69,e4,True,kingside,18.0,2025-09-26 13:11:55+00:00,Friday,13
34635300-9ac3-11f0-8876-8c14d001000f,https://www.chess.com/game/live/143577575076,2025-09-26 10:26:03+00:00,rapid,600,True,white,apple4321,976,955,21,win,Abandoned,C41,Philidor Defense 3.Nc3,Philidor Defense,43,22,e4,True,queenside,14.0,2025-09-26 13:26:03+00:00,Friday,13
4348cfa7-9ac7-11f0-8c59-c333fc01000f,https://www.chess.com/game/live/143578457338,2025-09-26 10:55:06+00:00,rapid,600,True,black,aatriandy,985,991,-6,win,Resignation,A45,Indian Game Tartakower Attack 2...d5 3.Bg2,Indian Game Tartakower Attack,114,57,d5,True,kingside,17.0,2025-09-26 13:55:06+00:00,Friday,13
c8dc2fce-9aca-11f0-8a4e-7937c401000f,https://www.chess.com/game/live/143579244506,2025-09-26 11:20:19+00:00,rapid,600,True,black,mohamedavtx,993,965,28,win,Resignation,C23,Bishops Opening 2...Nc6,Bishops Opening,23,12,e5,False,,,2025-09-26 14:20:19+00:00,Friday,14
31c5a3f5-9acb-11f0-a215-4b6f8501000f,https://www.chess.com/game/live/143579337878,2025-09-26 11:23:15+00:00,rapid,600,True,white,liamh132,1001,961,40,win,Resignation,C47,Four Knights Game Italian Variation,Four Knights Game Italian Variation,46,23,e4,True,kingside,5.0,2025-09-26 14:23:15+00:00,Friday,14
32dfd158-9acc-11f0-932b-4a116c01000f,https://www.chess.com/game/live/143579568464,2025-09-26 11:30:26+00:00,rapid,600,True,black,icecreamtrucks,993,993,0,loss,Resignation,C45,Scotch Game,Scotch Game,43,22,e5,True,kingside,16.0,2025-09-26 14:30:26+00:00,Friday,14
d0427f0b-9acc-11f0-8876-8c14d001000f,https://www.chess.com/game/live/143579710168,2025-09-26 11:34:50+00:00,rapid,600,True,black,IanIvica,985,986,-1,loss,Abandoned,D04,Colle System,Colle System,27,14,d5,True,queenside,10.0,2025-09-26 14:34:50+00:00,Friday,14
945ca3b8-9ae6-11f0-bec7-8aed5101000f,https://www.chess.com/game/live/143586216826,2025-09-26 14:39:17+00:00,rapid,600,True,white,mduchehehe,993,984,9,win,Checkmate,B00,Owens Defense 2.d4 Bb7,Owens Defense,57,29,e4,True,kingside,16.0,2025-09-26 17:39:17+00:00,Friday,17
2fde18a6-9ae8-11f0-8a4e-7937c401000f,https://www.chess.com/game/live/143586647148,2025-09-26 14:50:47+00:00,rapid,600,True,white,Vihan_1000,1001,983,18,win,Resignation,C50,Giuoco Piano Game Four Knights Game 5.O O,Giuoco Piano Game Four Knights Game,42,21,e4,True,kingside,5.0,2025-09-26 17:50:47+00:00,Friday,17
4c0e7aa5-9ae9-11f0-9f80-4556d201000f,https://www.chess.com/game/live/143586943116,2025-09-26 14:58:44+00:00,rapid,600,True,black,armototti,993,1011,-18,loss,Checkmate,C50,Giuoco Piano Game 4.O O Nf6 5.Nc3 d6,Giuoco Piano Game,107,54,e5,True,queenside,9.0,2025-09-26 17:58:44+00:00,Friday,17
60bc6f75-9d03-11f0-9d16-2ccca301000f,https://www.chess.com/game/live/143687199460,2025-09-29 07:10:28+00:00,rapid,600,True,black,TheXavier999,1001,970,31,win,Checkmate,C45,Scotch Game 3...exd4,Scotch Game,84,42,e5,False,,,2025-09-29 10:10:28+00:00,Monday,10
84c15bd8-9d0f-11f0-bec7-8aed5101000f,https://www.chess.com/game/live/143689263238,2025-09-29 08:37:22+00:00,rapid,600,True,white,zinadine2121,1009,985,24,win,Resignation,B01,Scandinavian Defense Mieses Kotrc Variation 3.Nc3,Scandinavian Defense Mieses Kotrc Variation,57,29,e4,True,kingside,6.0,2025-09-29 11:37:22+00:00,Monday,11
eabb0cd1-9d10-11f0-8c59-c333fc01000f,https://www.chess.com/game/live/143689516410,2025-09-29 08:47:23+00:00,rapid,600,True,black,Bunkrator3000,1001,1012,-11,loss,Resignation,C47,Four Knights Game Italian Variation,Four Knights Game Italian Variation,25,13,e5,False,,,2025-09-29 11:47:23+00:00,Monday,11
73122828-9d11-11f0-8a4e-7937c401000f,https://www.chess.com/game/live/143689612808,2025-09-29 08:51:11+00:00,rapid,600,True,white,0Julii,1009,992,17,win,Checkmate,B06,Modern Defense with 1 e4 2.d4 d6,Modern Defense with,49,25,e4,True,queenside,9.0,2025-09-29 11:51:11+00:00,Monday,11
cc399334-9d13-11f0-9d16-2ccca301000f,https://www.chess.com/game/live/143690042512,2025-09-29 09:08:00+00:00,rapid,600,True,black,Pigadong,1017,1013,4,win,Abandoned,C44,Ponziani Opening Jaenisch Counterattack 4.d4 exd4 5.e5,Ponziani Opening Jaenisch Counterattack,26,13,e5,False,,,2025-09-29 12:08:00+00:00,Monday,12
64f0e1ef-9d14-11f0-9d16-2ccca301000f,https://www.chess.com/game/live/143690154142,2025-09-29 09:12:16+00:00,rapid,600,True,white,navid105,1025,996,29,win,Checkmate,C00,French Defense Normal Variation,French Defense Normal Variation,25,13,e4,True,queenside,10.0,2025-09-29 12:12:16+00:00,Monday,12
00edbe20-9d15-11f0-8a4e-7937c401000f,https://www.chess.com/game/live/143690268758,2025-09-29 09:16:38+00:00,rapid,600,True,black,Your-Machessty,1033,999,34,win,Resignation,C34,Kings Gambit Accepted Schallopp Defense 4.e5,Kings Gambit Accepted Schallopp Defense,106,53,e5,True,kingside,11.0,2025-09-29 12:16:38+00:00,Monday,12
d96bb0a5-9d16-11f0-a532-d70eb601000f,https://www.chess.com/game/live/143690619248,2025-09-29 09:29:51+00:00,rapid,600,True,white,AMroyalty,1041,1011,30,win,Resignation,B12,Caro Kann Defense Advance Botvinnik Carls Defense 4.dxc5 Nc6 5.Bb5,Caro Kann Defense Advance Botvinnik Carls Defense,83,42,e4,True,kingside,15.0,2025-09-29 12:29:51+00:00,Monday,12
f4ce1e59-9d18-11f0-bec7-8aed5101000f,https://www.chess.com/game/live/143691025504,2025-09-29 09:44:56+00:00,rapid,600,True,white,juxu_H,1033,1050,-17,loss,Abandoned,C47,Four Knights Game Italian Variation 4...Nxe4 5.Nxe4 d5,Four Knights Game Italian Variation,62,31,e4,False,,,2025-09-29 12:44:56+00:00,Monday,12
fba7b88b-9d2c-11f0-9d16-2ccca301000f,https://www.chess.com/game/live/143695403872,2025-09-29 12:08:17+00:00,rapid,600,True,black,AB8929,1025,1035,-10,loss,Checkmate,C20,Kings Pawn Opening 1...e5,Kings Pawn Opening,41,21,e5,True,kingside,6.0,2025-09-29 15:08:17+00:00,Monday,15
a0bf8348-9d2d-11f0-bec7-8aed5101000f,https://www.chess.com/game/live/143695558170,2025-09-29 12:12:54+00:00,rapid,600,True,white,Sankaku123,1025,1032,-7,draw,Stalemate,B01,Scandinavian Defense Mieses Kotrc Main Line 4.Nf3,Scandinavian Defense Mieses Kotrc Main Line,86,43,e4,True,kingside,6.0,2025-09-29 15:12:54+00:00,Monday,15
4b0ecbe4-9d2f-11f0-8a4e-7937c401000f,https://www.chess.com/game/live/143695958636,2025-09-29 12:24:49+00:00,rapid,600,True,black,pat461,1017,1044,-27,loss,Checkmate,C48,Four Knights Game Spanish Variation Classical Variation 5.O O O O,Four Knights Game Spanish Variation Classical Variation,115,58,e5,True,kingside,5.0,2025-09-29 15:24:49+00:00,Monday,15
39a83b47-9d31-11f0-bec7-8aed5101000f,https://www.chess.com/game/live/143696428876,2025-09-29 12:38:39+00:00,rapid,600,True,white,Abdellah-elbahja,1024,987,37,win,Checkmate,C50,Italian Game 3...d6 4.c3,Italian Game,13,7,e4,False,,,2025-09-29 15:38:39+00:00,Monday,15
65bbf411-9d31-11f0-8a4e-7937c401000f,https://www.chess.com/game/live/143696471248,2025-09-29 12:39:53+00:00,rapid,600,True,black,erma27,1032,1029,3,win,Resignation,C47,Four Knights Game Italian Variation,Four Knights Game Italian Variation,44,22,e5,True,kingside,5.0,2025-09-29 15:39:53+00:00,Monday,15
98c2bd22-9d32-11f0-9d16-2ccca301000f,https://www.chess.com/game/live/143696767618,2025-09-29 12:48:28+00:00,rapid,600,True,white,arthapride,1040,1029,11,win,Resignation,C46,Three Knights Opening,Three Knights Opening,46,23,e4,True,kingside,13.0,2025-09-29 15:48:28+00:00,Monday,15
1acfdc3b-9d36-11f0-8c59-c333fc01000f,https://www.chess.com/game/live/143697634632,2025-09-29 13:13:35+00:00,rapid,600,True,white,crestuto,1032,1031,1,loss,Resignation,B01,Scandinavian Defense Mieses Kotrc Main Line 4.d4 Nf6 5.Nf3 Bg4,Scandinavian Defense Mieses Kotrc Main Line,52,26,e4,True,queenside,13.0,2025-09-29 16:13:35+00:00,Monday,16
f1ce01ae-9d36-11f0-bec7-8aed5101000f,https://www.chess.com/game/live/143697844562,2025-09-29 13:19:35+00:00,rapid,600,True,black,DIANAADE,1024,1024,0,loss,Checkmate,C22,Center Game Accepted Normal Variation,Center Game Accepted Normal Variation,61,31,e5,True,kingside,6.0,2025-09-29 16:19:35+00:00,Monday,16
acb943ca-9d37-11f0-a532-d70eb601000f,https://www.chess.com/game/live/143698027248,2025-09-29 13:24:49+00:00,rapid,600,True,black,harireddy0312,1032,1033,-1,win,Resignation,A04,Reti Opening Black Mustang Defense,Reti Opening Black Mustang Defense,66,33,Nc6,True,kingside,17.0,2025-09-29 16:24:49+00:00,Monday,16
c4da0fd0-9d38-11f0-8c59-c333fc01000f,https://www.chess.com/game/live/143698301734,2025-09-29 13:32:39+00:00,rapid,600,True,black,Dawershonu,1040,1026,14,win,Resignation,C57,Italian Game Knight Attack Normal Variation 5.exd5,Italian Game Knight Attack Normal Variation,29,15,e5,True,queenside,11.0,2025-09-29 16:32:39+00:00,Monday,16
5519dba3-9d39-11f0-9d16-2ccca301000f,https://www.chess.com/game/live/143698444322,2025-09-29 13:36:41+00:00,rapid,600,True,white,mehbooob,1040,1034,6,draw,Stalemate,B00,Kings Pawn Opening St George Defense 2.d4 b5 3.Nf3,Kings Pawn Opening St George Defense,128,64,e4,True,kingside,11.0,2025-09-29 16:36:41+00:00,Monday,16
1d3ab64f-9d40-11f0-9910-917fe301000f,https://www.chess.com/game/live/143700188456,2025-09-29 14:25:14+00:00,rapid,600,True,white,cedric_5,1032,1093,-61,loss,Checkmate,C50,Giuoco Piano Game Four Knights Game 5.O O,Giuoco Piano Game Four Knights Game,54,27,e4,True,kingside,5.0,2025-09-29 17:25:14+00:00,Monday,17
f4128c88-9ede-11f0-9703-fe535701000f,https://www.chess.com/game/live/143781919542,2025-10-01 15:54:46+00:00,rapid,600,True,white,kzcaarav,1024,1045,-21,loss,Resignation,C46,Three Knights Opening 3...Bc5,Three Knights Opening,62,31,e4,True,kingside,12.0,2025-10-01 18:54:46+00:00,Wednesday,18
fd7d5398-9f0f-11f0-ab68-2b25dc01000f,https://www.chess.com/game/live/143793189592,2025-10-01 21:45:47+00:00,rapid,600,True,black,Edows,1032,1012,20,win,Resignation,C25,Vienna Game Max Lange Defense 3.Bc4 Nf6,Vienna Game Max Lange Defense,58,29,e5,True,kingside,5.0,2025-10-02 00:45:47+00:00,Thursday,0
9d557145-9f14-11f0-9d16-2ccca301000f,https://www.chess.com/game/live/143793951454,2025-10-01 22:18:53+00:00,rapid,600,True,black,manjidani1111,1040,1018,22,win,Checkmate,C50,Giuoco Piano Game Giuoco Pianissimo Variation 4...Nf6,Giuoco Piano Game Giuoco Pianissimo Variation,42,21,e5,True,kingside,5.0,2025-10-02 01:18:53+00:00,Thursday,1
66537353-9f15-11f0-93fb-4635dc01000f,https://www.chess.com/game/live/143794074086,2025-10-01 22:24:30+00:00,rapid,600,True,white,Pozzuoli64,1048,1019,29,win,Resignation,B00,Nimzowitsch Defense Kennedy Linksspringer Variation 3...Nce7,Nimzowitsch Defense Kennedy Linksspringer Variation,73,37,e4,False,,,2025-10-02 01:24:30+00:00,Thursday,1
27ddd927-9f17-11f0-9703-fe535701000f,https://www.chess.com/game/live/143794340418,2025-10-01 22:37:05+00:00,rapid,600,True,black,mhxc6,1056,1031,25,win,Resignation,C45,Scotch Game,Scotch Game,41,21,e5,True,kingside,10.0,2025-10-02 01:37:05+00:00,Thursday,1
ee8011f1-9f17-11f0-9d16-2ccca301000f,https://www.chess.com/game/live/143794454890,2025-10-01 22:42:38+00:00,rapid,600,True,white,Denano_9,1048,1076,-28,loss,Checkmate,C47,Four Knights Game Scotch Variation,Four Knights Game Scotch Variation,80,40,e4,True,queenside,11.0,2025-10-02 01:42:38+00:00,Thursday,1
fec729dd-9f5f-11f0-9703-fe535701000f,https://www.chess.com/game/live/143804689118,2025-10-02 07:18:29+00:00,rapid,600,True,black,Itisha_07,1056,1051,5,win,Checkmate,A01,Nimzowitsch Larsen Attack Modern Variation 2.Bb2 Nc6,Nimzowitsch Larsen Attack Modern Variation,64,32,e5,True,queenside,13.0,2025-10-02 10:18:29+00:00,Thursday,10
b9ff52cf-9f60-11f0-9703-fe535701000f,https://www.chess.com/game/live/143804820834,2025-10-02 07:23:43+00:00,rapid,600,True,black,Veer78,1048,1062,-14,loss,Checkmate,C25,Vienna Game Max Lange Defense 3.Bc4,Vienna Game Max Lange Defense,89,45,e5,True,kingside,10.0,2025-10-02 10:23:43+00:00,Thursday,10
71985897-9f68-11f0-9d16-2ccca301000f,https://www.chess.com/game/live/143806160238,2025-10-02 08:18:58+00:00,rapid,600,True,white,jhkMaltog,1040,1050,-10,loss,Resignation,C48,Four Knights Game Spanish Variation Classical Variation,Four Knights Game Spanish Variation Classical Variation,44,22,e4,True,kingside,7.0,2025-10-02 11:18:58+00:00,Thursday,11
2b0eae13-9f69-11f0-93fb-4635dc01000f,https://www.chess.com/game/live/143806288602,2025-10-02 08:24:09+00:00,rapid,600,True,white,SolChessGuy13,1032,1033,-1,loss,Checkmate,C50,Giuoco Piano Game Four Knights Game,Giuoco Piano Game Four Knights Game,90,45,e4,False,,,2025-10-02 11:24:09+00:00,Thursday,11
d91a897d-9f6a-11f0-aa6f-fa19ba01000f,https://www.chess.com/game/live/143806593904,2025-10-02 08:36:10+00:00,rapid,600,True,black,kalahkopasti,1040,1011,29,win,Resignation,C22,Center Game Accepted Normal Variation,Center Game Accepted Normal Variation,80,40,e5,True,kingside,11.0,2025-10-02 11:36:10+00:00,Thursday,11
90f7d811-9f7f-11f0-ab68-2b25dc01000f,https://www.chess.com/game/live/143810716550,2025-10-02 11:04:29+00:00,rapid,600,True,white,Pushkar-oo7,1032,1038,-6,loss,Checkmate,C40,Kings Pawn Opening Kings Knight Variation,Kings Pawn Opening Kings Knight Variation,74,37,e4,False,,,2025-10-02 14:04:29+00:00,Thursday,14
2137e8fc-9f8e-11f0-93fb-4635dc01000f,https://www.chess.com/game/live/143814047368,2025-10-02 12:48:44+00:00,rapid,600,True,black,ignaciou1982,1025,1061,-36,loss,Resignation,D02,Queens Pawn Opening Zukertort Chigorin Variation 3.e3,Queens Pawn Opening Zukertort Chigorin Variation,59,30,d5,False,,,2025-10-02 15:48:44+00:00,Thursday,15
733c816c-9f8f-11f0-93fb-4635dc01000f,https://www.chess.com/game/live/143814367314,2025-10-02 12:58:11+00:00,rapid,600,True,black,joaofpcosta,1033,1034,-1,win,Resignation,D20,Queens Gambit Accepted Old Variation 3...Nf6 4.Bxc4,Queens Gambit Accepted Old Variation,32,16,d5,True,kingside,13.0,2025-10-02 15:58:11+00:00,Thursday,15
2c7afd74-9f90-11f0-aa6f-fa19ba01000f,https://www.chess.com/game/live/143814542642,2025-10-02 13:03:21+00:00,rapid,600,True,white,The_onex10,1041,1014,27,win,Abandoned,B33,Sicilian Defense Open 3...cxd4 4.Nxd4,Sicilian Defense Open,51,26,e4,True,kingside,21.0,2025-10-02 16:03:21+00:00,Thursday,16
6a80fc47-9faa-11f0-bb8f-103cbe01000f,https://www.chess.com/game/live/143821274244,2025-10-02 16:11:12+00:00,rapid,600,True,black,jeevanbobade,1049,1023,26,win,Checkmate,C20,Kings Pawn Opening 1...e5,Kings Pawn Opening,18,9,e5,True,kingside,5.0,2025-10-02 19:11:12+00:00,Thursday,19
c67e2dac-9faa-11f0-ab68-2b25dc01000f,https://www.chess.com/game/live/143821368254,2025-10-02 16:13:47+00:00,rapid,600,True,white,JonibekTilobov07,1057,1061,-4,win,Checkmate,B00,Kings Pawn Opening,Kings Pawn Opening,21,11,e4,False,,,2025-10-02 19:13:47+00:00,Thursday,19
1be8f08f-9fab-11f0-8116-483dfa01000f,https://www.chess.com/game/live/143821454674,2025-10-02 16:16:10+00:00,rapid,600,True,white,Sagzymogues,1049,1083,-34,loss,Resignation,C41,Philidor Defense 3.Nc3,Philidor Defense,58,29,e4,True,kingside,12.0,2025-10-02 19:16:10+00:00,Thursday,19
44e5cba3-9fb6-11f0-bb8f-103cbe01000f,https://www.chess.com/game/live/143824303044,2025-10-02 17:36:03+00:00,rapid,600,False,white,AresJalila,1049,790,259,win,Timeout,C45,Scotch Game 3...d6,Scotch Game,73,37,e4,True,queenside,9.0,2025-10-02 20:36:03+00:00,Thursday,20
4dd6ea3b-a030-11f0-9d16-2ccca301000f,https://www.chess.com/game/live/143844749304,2025-10-03 08:09:37+00:00,rapid,600,True,black,R-ohit-463,1041,1061,-20,loss,Checkmate,D20,Queens Gambit Accepted Old Variation 3...Nf6 4.Bxc4,Queens Gambit Accepted Old Variation,91,46,d5,True,queenside,12.0,2025-10-03 11:09:37+00:00,Friday,11
af8f1c84-a043-11f0-a42e-d6cb9e01000f,https://www.chess.com/game/live/143848484626,2025-10-03 10:28:21+00:00,rapid,600,True,black,fredy05,1033,1056,-23,loss,Resignation,C60,Ruy Lopez Opening,Ruy Lopez Opening,67,34,e5,True,kingside,13.0,2025-10-03 13:28:21+00:00,Friday,13
e1b497a1-a04d-11f0-8075-0ef87401000f,https://www.chess.com/game/live/143850733708,2025-10-03 11:41:20+00:00,rapid,600,True,white,antonioz2001,1041,1013,28,win,Checkmate,C49,Four Knights Game Double Spanish Variation,Four Knights Game Double Spanish Variation,77,39,e4,True,kingside,12.0,2025-10-03 14:41:20+00:00,Friday,14
05a007d6-a05a-11f0-93fb-4635dc01000f,https://www.chess.com/game/live/143853642154,2025-10-03 13:08:15+00:00,rapid,600,True,black,andrewchornovolenko,1049,1026,23,win,Checkmate,A00,Van t Kruijs Opening 1...e5,Van t Kruijs Opening,30,15,e5,True,kingside,9.0,2025-10-03 16:08:15+00:00,Friday,16
889804ca-a05a-11f0-93fb-4635dc01000f,https://www.chess.com/game/live/143853769772,2025-10-03 13:11:54+00:00,rapid,600,True,black,ShawarmaWithTheSus,1065,1674,-609,win,Resignation,D00,Queens Pawn Opening Accelerated London System,Queens Pawn Opening Accelerated London System,80,40,d5,True,kingside,10.0,2025-10-03 16:11:54+00:00,Friday,16
2f000bb0-a05d-11f0-8075-0ef87401000f,https://www.chess.com/game/live/143854444934,2025-10-03 13:30:52+00:00,rapid,600,True,white,ShawarmaWithTheSus,1080,1546,-466,win,Checkmate,C40,Kings Pawn Opening Kings Knight Variation,Kings Pawn Opening Kings Knight Variation,99,50,e4,False,,,2025-10-03 16:30:52+00:00,Friday,16
7a519703-a05f-11f0-9d16-2ccca301000f,https://www.chess.com/game/live/143855039656,2025-10-03 13:47:18+00:00,rapid,600,True,black,ShawarmaWithTheSus,1095,1428,-333,win,Checkmate,D02,Queens Pawn Opening Zukertort Chigorin Variation 3.Bf4 Bf5 4.e3,Queens Pawn Opening Zukertort Chigorin Variation,34,17,d5,True,kingside,11.0,2025-10-03 16:47:18+00:00,Friday,16
abde9bb3-a125-11f0-ab68-2b25dc01000f,https://www.chess.com/game/live/143893206848,2025-10-04 13:26:01+00:00,rapid,600,True,white,ady_shri,1087,1119,-32,loss,Checkmate,C46,Three Knights Opening 3...Bc5,Three Knights Opening,60,30,e4,True,kingside,13.0,2025-10-04 16:26:01+00:00,Saturday,16
cc5b719f-a147-11f0-9703-fe535701000f,https://www.chess.com/game/live/143901700888,2025-10-04 17:30:19+00:00,rapid,600,True,black,VengefulBarber,1079,1109,-30,loss,Abandoned,A28,English Opening Four Knights Nimzowitsch Variation 4...Bc5,English Opening Four Knights Nimzowitsch Variation,57,29,Nc6,True,kingside,5.0,2025-10-04 20:30:19+00:00,Saturday,20
2e528422-a184-11f0-9d16-2ccca301000f,https://www.chess.com/game/live/143912726960,2025-10-05 00:42:33+00:00,rapid,600,True,white,Tgrenn,1071,1086,-15,loss,Checkmate,C48,Four Knights Game Spanish Variation Ranken Variation,Four Knights Game Spanish Variation Ranken Variation,16,8,e4,False,,,2025-10-05 03:42:33+00:00,Sunday,3
77c8aace-a184-11f0-9d16-2ccca301000f,https://www.chess.com/game/live/143912763298,2025-10-05 00:44:36+00:00,rapid,600,True,black,Cmerhej,1080,1087,-7,win,Resignation,C45,Scotch Game Classical Variation 5.Nxc6 bxc6,Scotch Game Classical Variation,50,25,e5,False,,,2025-10-05 03:44:36+00:00,Sunday,3
d96f604e-a1db-11f0-8af5-2dabb601000f,https://www.chess.com/game/live/143926848536,2025-10-05 11:10:06+00:00,rapid,600,True,white,honya1020,1088,1060,28,win,Resignation,B28,Sicilian Defense OKelly Yerevan System 3...e6,Sicilian Defense OKelly Yerevan System,43,22,e4,True,kingside,16.0,2025-10-05 14:10:06+00:00,Sunday,14
caaf2c15-a1dc-11f0-b08f-f85e1f01000f,https://www.chess.com/game/live/143927051172,2025-10-05 11:16:51+00:00,rapid,600,True,black,Escapol_7,1096,1094,2,win,Resignation,C26,Vienna Game Falkbeer Variation,Vienna Game Falkbeer Variation,38,19,e5,True,kingside,6.0,2025-10-05 14:16:51+00:00,Sunday,14
6a9fc23b-a20b-11f0-9703-fe535701000f,https://www.chess.com/game/live/143938255924,2025-10-05 16:50:36+00:00,rapid,600,True,black,DJmata,1104,1070,34,win,Checkmate,A00,Van t Kruijs Opening 1...e5,Van t Kruijs Opening,42,21,e5,True,kingside,10.0,2025-10-05 19:50:36+00:00,Sunday,19
b1c17beb-a20c-11f0-b08f-f85e1f01000f,https://www.chess.com/game/live/143938578570,2025-10-05 16:59:45+00:00,rapid,600,True,white,mewamuwa,1112,1087,25,win,Resignation,C47,Four Knights Game Scotch Variation,Four Knights Game Scotch Variation,57,29,e4,True,queenside,11.0,2025-10-05 19:59:45+00:00,Sunday,19
072b10c5-a20e-11f0-9703-fe535701000f,https://www.chess.com/game/live/143938908200,2025-10-05 17:09:18+00:00,rapid,600,True,white,filoliv,1120,1100,20,win,Checkmate,C47,Four Knights Game Scotch Variation Accepted 5.Nxd4,Four Knights Game Scotch Variation Accepted,101,51,e4,False,,,2025-10-05 20:09:18+00:00,Sunday,20
594e6cb5-a284-11f0-ab68-2b25dc01000f,https://www.chess.com/game/live/143958456084,2025-10-06 07:16:16+00:00,rapid,600,True,black,Karimmegz,1128,1100,28,win,Checkmate,C47,Four Knights Game Scotch Variation 4...Bb4,Four Knights Game Scotch Variation,32,16,e5,True,kingside,9.0,2025-10-06 10:16:16+00:00,Monday,10
b15e5aa1-a28b-11f0-9703-fe535701000f,https://www.chess.com/game/live/143959676130,2025-10-06 08:08:50+00:00,rapid,600,True,black,jerzila,1136,1100,36,win,Timeout,C60,Ruy Lopez Opening,Ruy Lopez Opening,112,56,e5,True,queenside,22.0,2025-10-06 11:08:50+00:00,Monday,11
0ec3049b-a28f-11f0-93fb-4635dc01000f,https://www.chess.com/game/live/143960261100,2025-10-06 08:32:56+00:00,rapid,600,False,black,ShawarmaWithTheSus,1136,1428,-292,loss,Checkmate,D00,Queens Pawn Opening 1...d5 2.g3,Queens Pawn Opening,37,19,d5,True,queenside,15.0,2025-10-06 11:32:56+00:00,Monday,11
1d495205-a290-11f0-baf1-50d66301000f,https://www.chess.com/game/live/143960448810,2025-10-06 08:40:29+00:00,rapid,600,False,black,ShawarmaWithTheSus,1136,1428,-292,win,Timeout,A07,Kings Indian Attack 2...Nc6 3.d4 Nf6 4.Bg2,Kings Indian Attack,94,47,d5,True,queenside,9.0,2025-10-06 11:40:29+00:00,Monday,11
af83a45e-a2ac-11f0-baf1-50d66301000f,https://www.chess.com/game/live/143966296678,2025-10-06 12:05:01+00:00,rapid,600,True,white,MaxOlliv,1128,1160,-32,loss,Checkmate,B01,Scandinavian Defense Mieses Kotrc Main Line 4.d4 Nf6 5.Nf3 c6,Scandinavian Defense Mieses Kotrc Main Line,160,80,e4,True,queenside,8.0,2025-10-06 15:05:01+00:00,Monday,15
956aec87-a2b8-11f0-ab68-2b25dc01000f,https://www.chess.com/game/live/143969163210,2025-10-06 13:30:11+00:00,rapid,600,True,white,feherdilorand,1136,1115,21,win,Resignation,C41,Philidor Defense 3.Nc3,Philidor Defense,55,28,e4,False,,,2025-10-06 16:30:11+00:00,Monday,16
e5925f89-a2b9-11f0-ab68-2b25dc01000f,https://www.chess.com/game/live/143969497850,2025-10-06 13:39:35+00:00,rapid,600,True,black,Bespokus,1127,1122,5,loss,Resignation,C53,Giuoco Piano Game Main Line Giuoco Pianissimo Variation...6.O O d5 7.exd5 Nxd5 8.a4,Giuoco Piano Game Main Line Giuoco Pianissimo Variation...6.O O d5,60,30,e5,True,kingside,5.0,2025-10-06 16:39:35+00:00,Monday,16
23d252ba-a351-11f0-9703-fe535701000f,https://www.chess.com/game/live/143998819992,2025-10-07 07:42:13+00:00,rapid,600,True,black,arts_photo_gallary,1135,1106,29,win,Resignation,C53,Giuoco Piano Game Main Line 4...Nf6,Giuoco Piano Game Main Line,82,41,e5,False,,,2025-10-07 10:42:13+00:00,Tuesday,10
5c2e5a63-a353-11f0-ab68-2b25dc01000f,https://www.chess.com/game/live/143999207538,2025-10-07 07:58:07+00:00,rapid,600,True,white,umair567,1143,1136,7,win,Checkmate,B00,Owens Defense 2.d4 Bb7 3.Nc3,Owens Defense,33,17,e4,False,,,2025-10-07 10:58:07+00:00,Tuesday,10
506f4969-a35a-11f0-ab68-2b25dc01000f,https://www.chess.com/game/live/144000467234,2025-10-07 08:47:54+00:00,rapid,600,True,white,VanishingJury,1150,1112,38,win,Resignation,C48,Four Knights Game Spanish Variation 4...d6,Four Knights Game Spanish Variation,29,15,e4,True,kingside,10.0,2025-10-07 11:47:54+00:00,Tuesday,11
fc7a8fe6-a35a-11f0-b371-1a75e901000f,https://www.chess.com/game/live/144000593322,2025-10-07 08:52:42+00:00,rapid,600,True,black,Rambabu1969,1142,1153,-11,loss,Resignation,C45,Scotch Game Classical Variation 5.Be3 Qf6 6.c3,Scotch Game Classical Variation,57,29,e5,True,kingside,11.0,2025-10-07 11:52:42+00:00,Tuesday,11
28c8c428-a35c-11f0-ab68-2b25dc01000f,https://www.chess.com/game/live/144000811928,2025-10-07 09:01:06+00:00,rapid,600,True,black,sanatozaki1229,1134,1165,-31,loss,Checkmate,C44,Ponziani Opening Jaenisch Counterattack 4.d4,Ponziani Opening Jaenisch Counterattack,39,20,e5,True,queenside,17.0,2025-10-07 12:01:06+00:00,Tuesday,12
181fdcd6-a35e-11f0-9d16-2ccca301000f,https://www.chess.com/game/live/144001178722,2025-10-07 09:14:57+00:00,rapid,600,False,black,ShawarmaWithTheSus,1134,1428,-294,loss,Resignation,D02,Queens Pawn Opening Anti Torre Attack 3.Ne5,Queens Pawn Opening Anti Torre Attack,23,12,d5,False,,,2025-10-07 12:14:57+00:00,Tuesday,12
7aaee160-a35e-11f0-9d16-2ccca301000f,https://www.chess.com/game/live/144001252912,2025-10-07 09:17:42+00:00,rapid,600,False,white,ShawarmaWithTheSus,1134,1428,-294,loss,Resignation,C47,Four Knights Game Scotch Variation Accepted 5.Nxd4 d6,Four Knights Game Scotch Variation Accepted,35,18,e4,False,,,2025-10-07 12:17:42+00:00,Tuesday,12
52fe01f9-a368-11f0-93fb-4635dc01000f,https://www.chess.com/game/live/144003231278,2025-10-07 10:28:11+00:00,rapid,600,True,black,Gevo08,1142,1147,-5,win,Checkmate,C47,Four Knights Game,Four Knights Game,54,27,e5,False,,,2025-10-07 13:28:11+00:00,Tuesday,13
64884bc7-a36a-11f0-9d16-2ccca301000f,https://www.chess.com/game/live/144003673898,2025-10-07 10:42:59+00:00,rapid,600,True,white,Jay-12-jay,1150,1137,13,win,Resignation,C46,Three Knights Opening 3...Bc5,Three Knights Opening,107,54,e4,True,kingside,13.0,2025-10-07 13:42:59+00:00,Tuesday,13
2d9ae435-a480-11f0-9703-fe535701000f,https://www.chess.com/game/live/144062710496,2025-10-08 19:51:27+00:00,rapid,600,True,white,zxcvb201,1142,1174,-32,loss,Resignation,C46,Three Knights Opening 3...Bc5,Three Knights Opening,56,28,e4,False,,,2025-10-08 22:51:27+00:00,Wednesday,22
d7e9d211-a4e0-11f0-96d5-2653d301000f,https://www.chess.com/game/live/144077703552,2025-10-09 07:23:25+00:00,rapid,600,True,white,Ratel_Slang_777,1150,1143,7,win,Resignation,B01,Scandinavian Defense Mieses Kotrc Main Line 4.d4 Nf6 5.Nf3 Bf5,Scandinavian Defense Mieses Kotrc Main Line,73,37,e4,True,kingside,8.0,2025-10-09 10:23:25+00:00,Thursday,10
7d6eda4f-a4e8-11f0-ab68-2b25dc01000f,https://www.chess.com/game/live/144079018182,2025-10-09 08:18:09+00:00,rapid,600,True,black,niceboy_gamer,1158,1143,15,win,Resignation,A00,Van t Kruijs Opening 1...e5,Van t Kruijs Opening,38,19,e5,False,,,2025-10-09 11:18:09+00:00,Thursday,11
b0083b78-a4e9-11f0-93fb-4635dc01000f,https://www.chess.com/game/live/144079232832,2025-10-09 08:26:43+00:00,rapid,600,True,white,RicardoXadrez,1166,1159,7,win,Resignation,B23,Closed Sicilian Defense Traditional Line 3.Nf3 e5,Closed Sicilian Defense Traditional Line,60,30,e4,True,kingside,9.0,2025-10-09 11:26:43+00:00,Thursday,11
a062e1ab-a4eb-11f0-96d5-2653d301000f,https://www.chess.com/game/live/144079583992,2025-10-09 08:40:36+00:00,rapid,600,True,black,anmol2007121,1158,1162,-4,loss,Checkmate,D00,Queens Pawn Opening Blackmar Gambit 2...dxe4,Queens Pawn Opening Blackmar Gambit,41,21,d5,False,,,2025-10-09 11:40:36+00:00,Thursday,11
8a865876-a4ed-11f0-96d5-2653d301000f,https://www.chess.com/game/live/144079936638,2025-10-09 08:54:18+00:00,rapid,600,True,black,frode777,1150,1175,-25,loss,Checkmate,D20,Queens Gambit Accepted Central Variation Modern Defense 4.d5 Ne5,Queens Gambit Accepted Central Variation Modern Defense,147,74,d5,True,kingside,10.0,2025-10-09 11:54:18+00:00,Thursday,11
e68625b1-a4f1-11f0-9d16-2ccca301000f,https://www.chess.com/game/live/144080760514,2025-10-09 09:25:31+00:00,rapid,600,True,white,Waskuss,1158,1149,9,win,Timeout,C48,Four Knights Game Spanish Variation 4...Bd6,Four Knights Game Spanish Variation,123,62,e4,True,kingside,9.0,2025-10-09 12:25:31+00:00,Thursday,12
db0266d2-a511-11f0-ab68-2b25dc01000f,https://www.chess.com/game/live/144087895054,2025-10-09 13:14:15+00:00,rapid,600,True,black,StMichaelk,1166,1163,3,win,Resignation,A20,English Opening Kings English Variation...3.Bg2 Nc6 4.Nc3 Bb4,English Opening Kings English Variation...3.Bg2 Nc6,96,48,e5,True,queenside,10.0,2025-10-09 16:14:15+00:00,Thursday,16
215a732f-a514-11f0-ab68-2b25dc01000f,https://www.chess.com/game/live/144088469388,2025-10-09 13:30:32+00:00,rapid,600,True,white,NP2547,1158,1186,-28,loss,Resignation,C46,Three Knights Opening 3...Bc5,Three Knights Opening,67,34,e4,True,kingside,13.0,2025-10-09 16:30:32+00:00,Thursday,16
87cd5292-a51d-11f0-87e8-3c9c5501000f,https://www.chess.com/game/live/144090915874,2025-10-09 14:37:49+00:00,rapid,600,True,white,Rospen-11,1166,1133,33,win,Checkmate,C62,Ruy Lopez Opening Old Steinitz Defense 4.d4 exd4 5.Nxd4 Bd7 6.Nc3,Ruy Lopez Opening Old Steinitz Defense,33,17,e4,True,queenside,13.0,2025-10-09 17:37:49+00:00,Thursday,17
15f4c556-a51e-11f0-9703-fe535701000f,https://www.chess.com/game/live/144091063336,2025-10-09 14:41:48+00:00,rapid,600,True,white,rishav-kumar,1174,1147,27,win,Checkmate,B01,Scandinavian Defense Mieses Kotrc Variation 3.Nc3 Qe5 4.Be2,Scandinavian Defense Mieses Kotrc Variation,27,14,e4,True,queenside,10.0,2025-10-09 17:41:48+00:00,Thursday,17
c276b231-a5ce-11f0-8af6-0809c901000f,https://www.chess.com/game/live/144124550926,2025-10-10 11:46:29+00:00,rapid,600,True,black,DanielAbreu08,1182,1174,8,win,Resignation,C21,Danish Gambit,Danish Gambit,46,23,e5,True,kingside,11.0,2025-10-10 14:46:29+00:00,Friday,14
f508cc36-a5ea-11f0-a594-e4e98b01000f,https://www.chess.com/game/live/144131728524,2025-10-10 15:08:20+00:00,rapid,600,True,white,Wakanda16,1174,1172,2,loss,Checkmate,B01,Scandinavian Defense Mieses Kotrc Main Line 4.d4 Nf6 5.Nf3 c6,Scandinavian Defense Mieses Kotrc Main Line,134,67,e4,False,,,2025-10-10 18:08:20+00:00,Friday,18
0c4ab46c-a5ed-11f0-93fb-4635dc01000f,https://www.chess.com/game/live/144132290172,2025-10-10 15:23:18+00:00,rapid,600,True,black,AntonV2850,1166,1169,-3,loss,Resignation,C45,Scotch Game 3...exd4,Scotch Game,49,25,e5,False,,,2025-10-10 18:23:18+00:00,Friday,18
019ea954-a6b2-11f0-ab68-2b25dc01000f,https://www.chess.com/game/live/144168973682,2025-10-11 14:53:11+00:00,rapid,600,True,black,Vinaykumarkondigari,1158,1189,-31,loss,Resignation,C50,Giuoco Piano Game Giuoco Pianissimo Variation 4...Nf6 5.O O,Giuoco Piano Game Giuoco Pianissimo Variation,73,37,e5,False,,,2025-10-11 17:53:11+00:00,Saturday,17
52899676-a6b7-11f0-b256-01764901000f,https://www.chess.com/game/live/144170324748,2025-10-11 15:31:14+00:00,rapid,600,True,white,jorvey5858,1150,1187,-37,loss,Checkmate,C48,Four Knights Game Spanish Variation Ranken Variation,Four Knights Game Spanish Variation Ranken Variation,90,45,e4,True,queenside,21.0,2025-10-11 18:31:14+00:00,Saturday,18
9e45998b-a6b8-11f0-9d16-2ccca301000f,https://www.chess.com/game/live/144170655410,2025-10-11 15:40:30+00:00,rapid,600,True,black,sameerdhurke,1159,1163,-4,win,Resignation,C20,Kings Pawn Opening Leonardis Variation,Kings Pawn Opening Leonardis Variation,20,10,e5,False,,,2025-10-11 18:40:30+00:00,Saturday,18
c87c690b-a6c5-11f0-93fb-4635dc01000f,https://www.chess.com/game/live/144173996692,2025-10-11 17:14:45+00:00,rapid,600,False,black,Laithwm,1159,493,666,win,Checkmate,C45,Scotch Game,Scotch Game,110,55,e5,True,kingside,33.0,2025-10-11 20:14:45+00:00,Saturday,20
e8de49cf-a6c7-11f0-93fb-4635dc01000f,https://www.chess.com/game/live/144174524936,2025-10-11 17:29:58+00:00,rapid,600,False,white,Laithwm,1159,493,666,win,Checkmate,C47,Four Knights Game Scotch Variation,Four Knights Game Scotch Variation,97,49,e4,False,,,2025-10-11 20:29:58+00:00,Saturday,20
aed24aee-a6c9-11f0-93d1-29d53301000f,https://www.chess.com/game/live/144174959668,2025-10-11 17:42:40+00:00,rapid,600,False,black,Laithwm,1159,493,666,win,Resignation,C45,Scotch Game 3...exd4 4.Nxd4 Qf6 5.Nb5,Scotch Game,14,7,e5,False,,,2025-10-11 20:42:40+00:00,Saturday,20
10725bfa-a6ca-11f0-9d16-2ccca301000f,https://www.chess.com/game/live/144175053458,2025-10-11 17:45:23+00:00,rapid,600,False,white,Laithwm,1159,493,666,win,Abandoned,C61,Ruy Lopez Opening Birds Defense 4.Nxd4 exd4 5.d3,Ruy Lopez Opening Birds Defense,11,6,e4,False,,,2025-10-11 20:45:23+00:00,Saturday,20
96c0109d-a6e0-11f0-a1fc-0814e001000f,https://www.chess.com/game/live/144180075192,2025-10-11 20:26:38+00:00,rapid,600,True,white,SHADOW1308100,1151,1164,-13,loss,Resignation,B43,Sicilian Defense Kan Knight Variation,Sicilian Defense Kan Knight Variation,36,18,e4,False,,,2025-10-11 23:26:38+00:00,Saturday,23
23ee565f-a6e1-11f0-9703-fe535701000f,https://www.chess.com/game/live/144180186180,2025-10-11 20:30:34+00:00,rapid,600,True,black,SHADOW1308100,1159,1156,3,win,Checkmate,A20,English Opening Kings English Variation 2.e3,English Opening Kings English Variation,52,26,e5,True,kingside,13.0,2025-10-11 23:30:34+00:00,Saturday,23
0706a181-a6e2-11f0-ab68-2b25dc01000f,https://www.chess.com/game/live/144180362094,2025-10-11 20:36:55+00:00,rapid,600,True,white,SHADOW1308100,1167,1148,19,win,Checkmate,B12,Caro Kann Defense 2.d4,Caro Kann Defense,109,55,d4,True,queenside,13.0,2025-10-11 23:36:55+00:00,Saturday,23
e5084a75-a785-11f0-9dc7-eef9b201000f,https://www.chess.com/game/live/144209795048,2025-10-12 16:09:56+00:00,rapid,600,False,white,Laithwm,1167,501,666,loss,Checkmate,C42,Petrovs Defense Classical Variation,Petrovs Defense Classical Variation,76,38,e4,False,,,2025-10-12 19:09:56+00:00,Sunday,19
c3b703b1-a787-11f0-ab68-2b25dc01000f,https://www.chess.com/game/live/144210273106,2025-10-12 16:23:19+00:00,rapid,600,False,black,Laithwm,1167,501,666,win,Checkmate,C45,Scotch Game 3...exd4 4.Nxd4 Qf6 5.Nxc6,Scotch Game,60,30,e5,True,kingside,22.0,2025-10-12 19:23:19+00:00,Sunday,19
b3887275-a788-11f0-9d16-2ccca301000f,https://www.chess.com/game/live/144210512004,2025-10-12 16:30:01+00:00,rapid,600,False,white,Laithwm,1167,501,666,win,Checkmate,C48,Four Knights Game Spanish Variation,Four Knights Game Spanish Variation,133,67,e4,True,queenside,22.0,2025-10-12 19:30:01+00:00,Sunday,19
c856467f-a78d-11f0-93fb-4635dc01000f,https://www.chess.com/game/live/144211807374,2025-10-12 17:06:24+00:00,rapid,600,True,black,aaki0007,1158,1153,5,loss,Resignation,D20,Queens Gambit Accepted Central Variation Alekhine System 4.Nc3,Queens Gambit Accepted Central Variation Alekhine System,34,17,d5,True,kingside,9.0,2025-10-12 20:06:24+00:00,Sunday,20
35c0aea6-a78e-11f0-ab68-2b25dc01000f,https://www.chess.com/game/live/144211915164,2025-10-12 17:09:27+00:00,rapid,600,True,white,k1uSp,1166,1155,11,win,Resignation,B34,Sicilian Defense Open Accelerated Dragon Modern Variation 5...Bg7,Sicilian Defense Open Accelerated Dragon Modern Variation,25,13,e4,False,,,2025-10-12 20:09:27+00:00,Sunday,20
d64f4878-a78e-11f0-9d16-2ccca301000f,https://www.chess.com/game/live/144212072672,2025-10-12 17:13:57+00:00,rapid,600,True,black,BrianMlu,1158,1183,-25,loss,Checkmate,C47,Four Knights Game Italian Variation,Four Knights Game Italian Variation,47,24,e5,True,kingside,5.0,2025-10-12 20:13:57+00:00,Sunday,20
19e2356b-a79b-11f0-9dc7-eef9b201000f,https://www.chess.com/game/live/144215117774,2025-10-12 18:41:44+00:00,rapid,600,True,black,Freshgui,1150,1165,-15,loss,Checkmate,D20,Queens Gambit Accepted Central Variation Modern Defense 4.d5 Ne5,Queens Gambit Accepted Central Variation Modern Defense,41,21,d5,False,,,2025-10-12 21:41:44+00:00,Sunday,21
ad283c05-a79b-11f0-9703-fe535701000f,https://www.chess.com/game/live/144215257164,2025-10-12 18:45:51+00:00,rapid,600,True,white,110968xxx,1158,1156,2,win,Resignation,C40,Kings Pawn Opening Kings Knight Variation,Kings Pawn Opening Kings Knight Variation,17,9,e4,False,,,2025-10-12 21:45:51+00:00,Sunday,21
df3642c4-a79b-11f0-9703-fe535701000f,https://www.chess.com/game/live/144215303954,2025-10-12 18:47:15+00:00,rapid,600,True,white,CVK97,1166,1164,2,win,Resignation,B15,Caro Kann Defense Tartakower Forgacs Variation 6...Bd6,Caro Kann Defense Tartakower Forgacs Variation,55,28,e4,True,kingside,13.0,2025-10-12 21:47:15+00:00,Sunday,21
23fb21c0-a80c-11f0-93fb-4635dc01000f,https://www.chess.com/game/live/144232972172,2025-10-13 08:10:54+00:00,rapid,600,True,black,NerV86,1174,1152,22,win,Resignation,D02,Queens Pawn Opening Zukertort Chigorin Variation 3.Bf4 Nf6 4.e3,Queens Pawn Opening Zukertort Chigorin Variation,28,14,d5,False,,,2025-10-13 11:10:54+00:00,Monday,11
82be0401-a80c-11f0-93fb-4635dc01000f,https://www.chess.com/game/live/144233035608,2025-10-13 08:13:33+00:00,rapid,600,True,white,Vladimir_Ion,1181,1143,38,win,Abandoned,C41,Philidor Defense 3.d4,Philidor Defense,5,3,e4,False,,,2025-10-13 11:13:33+00:00,Monday,11
e5a9f507-a80c-11f0-9703-fe535701000f,https://www.chess.com/game/live/144233102916,2025-10-13 08:16:19+00:00,rapid,600,True,black,haldar28,1173,1203,-30,loss,Resignation,D04,Colle System,Colle System,57,29,d5,True,queenside,7.0,2025-10-13 11:16:19+00:00,Monday,11
92aaad42-a80f-11f0-9d16-2ccca301000f,https://www.chess.com/game/live/144233569990,2025-10-13 08:35:28+00:00,rapid,600,True,black,KeNsHi200,1166,1205,-39,loss,Resignation,C47,Four Knights Game Italian Variation,Four Knights Game Italian Variation,30,15,e5,True,kingside,5.0,2025-10-13 11:35:28+00:00,Monday,11
ff4ae798-a80f-11f0-8fa4-8ba56501000f,https://www.chess.com/game/live/144233645706,2025-10-13 08:38:30+00:00,rapid,600,True,white,playerbullelk,1158,1174,-16,loss,Checkmate,C00,French Defense Normal Variation,French Defense Normal Variation,70,35,e4,True,kingside,13.0,2025-10-13 11:38:30+00:00,Monday,11
9895714c-a817-11f0-8fa4-8ba56501000f,https://www.chess.com/game/live/144235040274,2025-10-13 09:32:54+00:00,rapid,600,True,black,MIROCI54,1150,1176,-26,loss,Checkmate,C20,Kings Pawn Opening Leonardis Variation,Kings Pawn Opening Leonardis Variation,29,15,e5,True,kingside,9.0,2025-10-13 12:32:54+00:00,Monday,12
4f7f2797-a818-11f0-9703-fe535701000f,https://www.chess.com/game/live/144235176748,2025-10-13 09:38:01+00:00,rapid,600,True,white,sri2611,1143,1182,-39,loss,Resignation,B34,Sicilian Defense Open Accelerated Dragon Modern Variation 5...Bg7,Sicilian Defense Open Accelerated Dragon Modern Variation,52,26,e4,True,kingside,16.0,2025-10-13 12:38:01+00:00,Monday,12
86b129a1-a82c-11f0-9d16-2ccca301000f,https://www.chess.com/game/live/144239455400,2025-10-13 12:02:44+00:00,rapid,600,True,white,HotAir11,1136,1172,-36,loss,Resignation,C00,French Defense Normal Variation,French Defense Normal Variation,18,9,e4,False,,,2025-10-13 15:02:44+00:00,Monday,15
df48c19b-a82c-11f0-8fa4-8ba56501000f,https://www.chess.com/game/live/144239534102,2025-10-13 12:05:12+00:00,rapid,600,True,black,AndrKop,1128,1131,-3,loss,Resignation,C45,Scotch Game,Scotch Game,108,54,e5,True,kingside,17.0,2025-10-13 15:05:12+00:00,Monday,15
eaad4aed-a82f-11f0-8fa4-8ba56501000f,https://www.chess.com/game/live/144240242820,2025-10-13 12:27:00+00:00,rapid,600,True,white,erikcastell,1136,1112,24,win,Checkmate,B07,Pirc Defense 2.d4 c6,Pirc Defense,57,29,d4,True,kingside,8.0,2025-10-13 15:27:00+00:00,Monday,15
bda89b2e-a832-11f0-9703-fe535701000f,https://www.chess.com/game/live/144240912682,2025-10-13 12:47:13+00:00,rapid,600,True,black,Feruzjorayev,1128,1135,-7,loss,Checkmate,C55,Italian Game Two Knights Defense,Italian Game Two Knights Defense,47,24,e5,True,kingside,8.0,2025-10-13 15:47:13+00:00,Monday,15
5063c26d-a8d9-11f0-ab68-2b25dc01000f,https://www.chess.com/game/live/144273294314,2025-10-14 08:39:35+00:00,rapid,600,True,white,anquang041206,1120,1153,-33,loss,Resignation,C46,Three Knights Opening 3...Bc5,Three Knights Opening,76,38,e4,True,kingside,7.0,2025-10-14 11:39:35+00:00,Tuesday,11
5f7f55c7-a8db-11f0-93fb-4635dc01000f,https://www.chess.com/game/live/144273669492,2025-10-14 08:54:20+00:00,rapid,600,True,black,Kozzie21,1128,1109,19,win,Resignation,B00,Nimzowitsch Defense 2.d4 e6 3.Nf3 d5 4.e5,Nimzowitsch Defense,47,24,e6,True,queenside,20.0,2025-10-14 11:54:20+00:00,Tuesday,11
2ed53a08-a8dd-11f0-9703-fe535701000f,https://www.chess.com/game/live/144274003096,2025-10-14 09:07:17+00:00,rapid,600,True,black,0IM7,1135,1099,36,win,Resignation,C55,Italian Game Two Knights Modern Bishops Opening,Italian Game Two Knights Modern Bishops Opening,32,16,e5,False,,,2025-10-14 12:07:17+00:00,Tuesday,12
afbc572d-a8dd-11f0-ab68-2b25dc01000f,https://www.chess.com/game/live/144274097752,2025-10-14 09:10:53+00:00,rapid,600,True,white,Kudartbek-1982,1143,1125,18,win,Resignation,C41,Philidor Defense Exchange Variation 4.Nxd4 Nf6 5.Nc3,Philidor Defense Exchange Variation,37,19,e4,False,,,2025-10-14 12:10:53+00:00,Tuesday,12
017fab48-a8e0-11f0-9d16-2ccca301000f,https://www.chess.com/game/live/144274538998,2025-10-14 09:27:30+00:00,rapid,600,True,black,manishkv,1135,1152,-17,loss,Checkmate,B00,Nimzowitsch Defense Scandinavian Advance Variation,Nimzowitsch Defense Scandinavian Advance Variation,31,16,d5,False,,,2025-10-14 12:27:30+00:00,Tuesday,12
0a3aace7-a8e5-11f0-884a-828d8d01000f,https://www.chess.com/game/live/144275524520,2025-10-14 10:03:32+00:00,rapid,600,True,black,j-kv,1127,1151,-24,loss,Checkmate,C34,Kings Gambit Accepted Kings Knight Gambit,Kings Gambit Accepted Kings Knight Gambit,47,24,e5,True,kingside,11.0,2025-10-14 13:03:32+00:00,Tuesday,13
0de3d2de-a8fa-11f0-9703-fe535701000f,https://www.chess.com/game/live/144280158264,2025-10-14 12:33:57+00:00,rapid,600,True,white,smk150,1136,1142,-6,win,Checkmate,B08,Pirc Defense Classical Variation 4...Bg7,Pirc Defense Classical Variation,49,25,e4,True,queenside,9.0,2025-10-14 15:33:57+00:00,Tuesday,15
95574f69-a8fb-11f0-9703-fe535701000f,https://www.chess.com/game/live/144280527162,2025-10-14 12:44:54+00:00,rapid,600,True,white,fghhhhhhttty,1144,1113,31,win,Abandoned,C00,French Defense St George Defense 3.Nf3,French Defense St George Defense,45,23,e4,False,,,2025-10-14 15:44:54+00:00,Tuesday,15
6aa9fa64-a9d8-11f0-9d16-2ccca301000f,https://www.chess.com/game/live/144324867100,2025-10-15 15:05:41+00:00,rapid,600,True,white,dmnslayerr,1136,1162,-26,loss,Resignation,C46,Three Knights Opening Steinitz Defense 4.d4,Three Knights Opening Steinitz Defense,55,28,e4,True,queenside,11.0,2025-10-15 18:05:41+00:00,Wednesday,18
d3745eab-a9e1-11f0-908b-a37f0d01000f,https://www.chess.com/game/live/144327365206,2025-10-15 16:13:02+00:00,rapid,600,True,black,sherani200,1144,1133,11,win,Timeout,A07,Kings Indian Attack 2...Nc6,Kings Indian Attack,90,45,d5,True,queenside,12.0,2025-10-15 19:13:02+00:00,Wednesday,19
b9683123-a9ea-11f0-b76a-a9f00b01000f,https://www.chess.com/game/live/144329715944,2025-10-15 17:16:44+00:00,rapid,600,True,white,adnanansarimichailtal,1136,1159,-23,loss,Checkmate,C42,Petrovs Defense Classical Variation,Petrovs Defense Classical Variation,88,44,e4,True,kingside,9.0,2025-10-15 20:16:44+00:00,Wednesday,20
c3b17588-aa5e-11f0-8ca6-377a9901000f,https://www.chess.com/game/live/144349730682,2025-10-16 07:07:23+00:00,rapid,600,True,black,SB-Horse,1144,1123,21,win,Resignation,C45,Scotch Game 3...exd4 4.Nxd4 Nxd4 5.Qxd4,Scotch Game,34,17,e5,True,kingside,9.0,2025-10-16 10:07:23+00:00,Thursday,10
3a07f39e-aa5f-11f0-ac75-576a7301000f,https://www.chess.com/game/live/144349806194,2025-10-16 07:10:42+00:00,rapid,600,True,black,trs4053,1136,1141,-5,loss,Resignation,C60,Ruy Lopez Opening,Ruy Lopez Opening,55,28,e5,False,,,2025-10-16 10:10:42+00:00,Thursday,10
7f8c3846-aa8a-11f0-9d16-2ccca301000f,https://www.chess.com/game/live/144358384020,2025-10-16 12:20:27+00:00,rapid,600,True,white,mitthun30,1129,1165,-36,loss,Checkmate,B30,Sicilian Defense Nyezhmetdinov Rossolimo Attack 3...a6 4.Bxc6 dxc6,Sicilian Defense Nyezhmetdinov Rossolimo Attack,52,26,e4,True,kingside,8.0,2025-10-16 15:20:27+00:00,Thursday,15
5a775d7f-aa90-11f0-afb8-d8412301000f,https://www.chess.com/game/live/144359798264,2025-10-16 13:02:21+00:00,rapid,600,True,white,Flo_Biam,1121,1137,-16,loss,Checkmate,C48,Four Knights Game Spanish Variation Rubinstein Countergambit,Four Knights Game Spanish Variation Rubinstein Countergambit,72,36,e4,True,queenside,12.0,2025-10-16 16:02:21+00:00,Thursday,16
cccf319c-aaad-11f0-9d16-2ccca301000f,https://www.chess.com/game/live/144367510528,2025-10-16 16:33:09+00:00,rapid,600,False,black,Laithwm,1121,523,598,win,Abandoned,C45,Scotch Game 3...exd4 4.Nxd4 Nxd4 5.Qxd4,Scotch Game,24,12,e5,False,,,2025-10-16 19:33:09+00:00,Thursday,19
81f4f89e-ab3f-11f0-afb8-d8412301000f,https://www.chess.com/game/live/144393597072,2025-10-17 09:56:10+00:00,rapid,600,True,white,omidbayat1,1113,1139,-26,loss,Resignation,C41,Philidor Defense 3.Nc3,Philidor Defense,74,37,e4,True,queenside,8.0,2025-10-17 12:56:10+00:00,Friday,12
40499e2b-ab5d-11f0-98f0-1f5aca01000f,https://www.chess.com/game/live/144400491602,2025-10-17 13:29:04+00:00,rapid,600,True,white,AresJalila,1115,716,399,win,Resignation,C46,Three Knights Opening 3...d6,Three Knights Opening,39,20,e4,True,kingside,6.0,2025-10-17 16:29:04+00:00,Friday,16
c3bdcef2-ab5d-11f0-8914-8ab0e901000f,https://www.chess.com/game/live/144400623774,2025-10-17 13:32:45+00:00,rapid,600,True,black,AresJalila,1116,715,401,win,Resignation,C25,Vienna Game,Vienna Game,73,37,e5,True,kingside,8.0,2025-10-17 16:32:45+00:00,Friday,16
60fe4af6-ab65-11f0-9d16-2ccca301000f,https://www.chess.com/game/live/144402635236,2025-10-17 14:27:15+00:00,rapid,600,True,black,wilson712cc,1108,1153,-45,loss,Resignation,C57,Italian Game Knight Attack Normal Variation 5.exd5,Italian Game Knight Attack Normal Variation,21,11,e5,False,,,2025-10-17 17:27:15+00:00,Friday,17
cb66ffd3-ac63-11f0-af2b-b2346401000f,https://www.chess.com/game/live/144454110080,2025-10-18 20:48:26+00:00,rapid,600,False,white,Laithwm,1108,523,585,win,Resignation,C42,Petrovs Defense Classical Variation,Petrovs Defense Classical Variation,9,5,e4,False,,,2025-10-18 23:48:26+00:00,Saturday,23
039440c9-ac64-11f0-9d16-2ccca301000f,https://www.chess.com/game/live/144454152866,2025-10-18 20:50:00+00:00,rapid,600,False,black,Laithwm,1108,523,585,win,Resignation,C45,Scotch Game 3...exd4 4.Nxd4 Nxd4 5.Qxd4,Scotch Game,17,9,e5,True,kingside,7.0,2025-10-18 23:50:00+00:00,Saturday,23
319a2d87-ac64-11f0-af2b-b2346401000f,https://www.chess.com/game/live/144454187822,2025-10-18 20:51:17+00:00,rapid,600,False,white,Laithwm,1108,523,585,win,Resignation,C42,Petrovs Defense Classical Variation,Petrovs Defense Classical Variation,13,7,e4,False,,,2025-10-18 23:51:17+00:00,Saturday,23
551287ef-ac64-11f0-afb8-d8412301000f,https://www.chess.com/game/live/144454214368,2025-10-18 20:52:17+00:00,rapid,600,False,black,Laithwm,1108,523,585,win,Checkmate,C20,Kings Pawn Opening 1...e5,Kings Pawn Opening,46,23,e5,True,queenside,12.0,2025-10-18 23:52:17+00:00,Saturday,23
2b81e9b5-ad92-11f0-81a2-64e2df01000f,https://www.chess.com/game/live/144507860316,2025-10-20 08:52:55+00:00,rapid,600,True,black,majed12345678990123456789,1100,1119,-19,loss,Checkmate,C45,Scotch Game Scotch Gambit,Scotch Game Scotch Gambit,47,24,e5,True,queenside,11.0,2025-10-20 11:52:55+00:00,Monday,11
4e134cd6-ad97-11f0-afb8-d8412301000f,https://www.chess.com/game/live/144508916754,2025-10-20 09:29:41+00:00,rapid,600,True,white,Fatena22,1092,1105,-13,loss,Checkmate,B07,Pirc Defense Modern Defense Geller System,Pirc Defense Modern Defense Geller System,62,31,e4,True,kingside,9.0,2025-10-20 12:29:41+00:00,Monday,12
5dd96dfb-ad98-11f0-81a2-64e2df01000f,https://www.chess.com/game/live/144509139678,2025-10-20 09:37:16+00:00,rapid,600,True,white,Hao-Thien-Quan,1084,1086,-2,loss,Checkmate,C49,Four Knights Game Double Spanish Variation,Four Knights Game Double Spanish Variation,34,17,e4,True,queenside,11.0,2025-10-20 12:37:16+00:00,Monday,12
3a831b75-adb2-11f0-afb8-d8412301000f,https://www.chess.com/game/live/144514887414,2025-10-20 12:42:24+00:00,rapid,600,True,black,Namoil,1077,1114,-37,loss,Checkmate,D20,Queens Gambit Accepted Old Variation 3...Nf6 4.Bxc4,Queens Gambit Accepted Old Variation,157,79,d5,True,queenside,12.0,2025-10-20 15:42:24+00:00,Monday,15
0412533f-adb9-11f0-99d5-44968901000f,https://www.chess.com/game/live/144516555526,2025-10-20 13:30:59+00:00,rapid,600,True,black,m21mohammadi,1085,1080,5,win,Checkmate,C48,Four Knights Game Spanish Variation 4...d6,Four Knights Game Spanish Variation,36,18,e5,False,,,2025-10-20 16:30:59+00:00,Monday,16
fa338e08-ae4e-11f0-b7a7-6978ca01000f,https://www.chess.com/game/live/144545600028,2025-10-21 07:24:27+00:00,rapid,600,True,black,A-A-RONN17,1077,1076,1,loss,Resignation,C20,Kings Pawn Opening 1...e5,Kings Pawn Opening,75,38,e5,True,queenside,14.0,2025-10-21 10:24:27+00:00,Tuesday,10
d2fd69e8-ae5d-11f0-a829-974a0401000f,https://www.chess.com/game/live/144548317296,2025-10-21 09:10:44+00:00,rapid,600,True,white,brsqzturk,1069,1104,-35,loss,Resignation,C46,Three Knights Opening 3...d6,Three Knights Opening,62,31,e4,True,queenside,12.0,2025-10-21 12:10:44+00:00,Tuesday,12
ab9717c5-ae5e-11f0-908b-a37f0d01000f,https://www.chess.com/game/live/144548481694,2025-10-21 09:16:47+00:00,rapid,600,True,black,RahulShuklaG,1061,1089,-28,loss,Resignation,D02,Queens Pawn Opening Zukertort Chigorin Variation 3.Bf4 Nf6 4.e3,Queens Pawn Opening Zukertort Chigorin Variation,70,35,d5,True,queenside,9.0,2025-10-21 12:16:47+00:00,Tuesday,12
cce4372f-ae6a-11f0-b7a7-6978ca01000f,https://www.chess.com/game/live/144550982562,2025-10-21 10:43:37+00:00,rapid,600,True,white,Amarnath_16,1053,1052,1,loss,Checkmate,C68,Ruy Lopez Opening Morphy Defense Exchange Variation 4...dxc6 5.d4 exd4,Ruy Lopez Opening Morphy Defense Exchange Variation,144,72,e4,False,,,2025-10-21 13:43:37+00:00,Tuesday,13
f5d9fbd6-ae6c-11f0-9d16-2ccca301000f,https://www.chess.com/game/live/144551456178,2025-10-21 10:59:05+00:00,rapid,600,True,white,jeananec,1061,1048,13,win,Checkmate,C01,French Defense Exchange Variation,French Defense Exchange Variation,31,16,e4,True,kingside,10.0,2025-10-21 13:59:05+00:00,Tuesday,13
5685e86a-ae6d-11f0-98f0-1f5aca01000f,https://www.chess.com/game/live/144551539302,2025-10-21 11:01:47+00:00,rapid,600,True,black,Daffaearin,1053,1049,4,loss,Resignation,C20,Kings Pawn Opening 1...e5,Kings Pawn Opening,59,30,e5,True,queenside,9.0,2025-10-21 14:01:47+00:00,Tuesday,14
e03eb58c-ae78-11f0-98f0-1f5aca01000f,https://www.chess.com/game/live/144554219652,2025-10-21 12:24:23+00:00,rapid,600,True,black,wuwei198709,1045,1048,-3,loss,Checkmate,C44,Ponziani Opening Jaenisch Counterattack,Ponziani Opening Jaenisch Counterattack,85,43,e5,True,kingside,13.0,2025-10-21 15:24:23+00:00,Tuesday,15
53c9e2dd-afe0-11f0-a829-974a0401000f,https://www.chess.com/game/live/144625220166,2025-10-23 07:17:26+00:00,rapid,600,True,white,gazza7701,1037,1054,-17,loss,Resignation,B01,Scandinavian Defense Mieses Kotrc Variation 3.Nc3 Qd8 4.Nf3,Scandinavian Defense Mieses Kotrc Variation,53,27,e4,True,kingside,15.0,2025-10-23 10:17:26+00:00,Thursday,10
8a1f3aa0-b02b-11f0-9199-342e7501000f,https://www.chess.com/game/live/144642419216,2025-10-23 16:15:49+00:00,rapid,600,True,white,Laithwm,1038,522,516,win,Resignation,C42,Petrovs Defense Classical Variation,Petrovs Defense Classical Variation,13,7,e4,False,,,2025-10-23 19:15:49+00:00,Thursday,19
a0f17995-b0be-11f0-908b-a37f0d01000f,https://www.chess.com/game/live/144669138920,2025-10-24 09:48:43+00:00,rapid,600,True,white,1prytulaj,1046,1022,24,win,Checkmate,C41,Philidor Defense 3.Nc3,Philidor Defense,161,81,e4,True,kingside,9.0,2025-10-24 12:48:43+00:00,Friday,12
d7a49731-b0c1-11f0-98f0-1f5aca01000f,https://www.chess.com/game/live/144669800908,2025-10-24 10:11:44+00:00,rapid,600,True,white,wandhaken,1054,1045,9,win,Resignation,B12,Caro Kann Defense Advance Botvinnik Carls Defense 4.dxc5 Nc6 5.Nf3 Bg4,Caro Kann Defense Advance Botvinnik Carls Defense,67,34,e4,True,queenside,17.0,2025-10-24 13:11:44+00:00,Friday,13
b1c8bf85-b0c3-11f0-8e78-19e5aa01000f,https://www.chess.com/game/live/144670190964,2025-10-24 10:24:59+00:00,rapid,600,True,black,bablomaster1,1061,1025,36,win,Resignation,D02,Queens Pawn Opening Zukertort Chigorin Variation,Queens Pawn Opening Zukertort Chigorin Variation,42,21,d5,False,,,2025-10-24 13:24:59+00:00,Friday,13
48b363c9-b0c4-11f0-908b-a37f0d01000f,https://www.chess.com/game/live/144670316910,2025-10-24 10:29:12+00:00,rapid,600,True,black,Gmg699,1069,1035,34,win,Checkmate,C55,Italian Game Two Knights Modern Bishops Opening,Italian Game Two Knights Modern Bishops Opening,36,18,e5,True,kingside,6.0,2025-10-24 13:29:12+00:00,Friday,13
93725c39-b1a9-11f0-a829-974a0401000f,https://www.chess.com/game/live/144716593058,2025-10-25 13:50:33+00:00,rapid,600,True,black,FerencziZente7,1077,1059,18,win,Resignation,C45,Scotch Game,Scotch Game,77,39,e5,True,queenside,15.0,2025-10-25 16:50:33+00:00,Saturday,16
d44c6b20-b1aa-11f0-b168-a5ebe101000f,https://www.chess.com/game/live/144716907190,2025-10-25 13:59:31+00:00,rapid,600,True,black,CoronadoAndres,1077,1056,21,draw,Stalemate,D04,Colle System 3...Bg4,Colle System,93,47,d5,False,,,2025-10-25 16:59:31+00:00,Saturday,16
1ec6a146-b653-11f0-a4b9-99a52101000f,https://www.chess.com/game/live/144949970678,2025-10-31 12:14:16+00:00,rapid,600,False,black,Laithwm,1077,522,555,win,Checkmate,C45,Scotch Game 3...exd4 4.Nxd4 Nxd4 5.Qxd4,Scotch Game,36,18,e5,False,,,2025-10-31 15:14:16+00:00,Friday,15
649b31a6-b695-11f0-a948-52bdf801000f,https://www.chess.com/game/live/144966698538,2025-10-31 20:08:40+00:00,rapid,600,False,black,Laithwm,1077,514,563,win,Resignation,C22,Center Game Accepted Normal Variation,Center Game Accepted Normal Variation,7,4,e5,False,,,2025-10-31 23:08:40+00:00,Friday,23
1c629871-bb1b-11f0-bf06-500a6801000f,https://www.chess.com/game/live/145187290794,2025-11-06 14:15:56+00:00,rapid,600,True,black,Vipul221,1069,1098,-29,loss,Checkmate,D01,Richter Veresov Attack,Richter Veresov Attack,103,52,d5,False,,,2025-11-06 17:15:56+00:00,Thursday,17
ff410747-bb1e-11f0-92f2-97210101000f,https://www.chess.com/game/live/145188285002,2025-11-06 14:43:45+00:00,rapid,600,True,white,younesamen,1061,1059,2,loss,Abandoned,C41,Philidor Defense 3.Nc3,Philidor Defense,66,33,e4,True,kingside,17.0,2025-11-06 17:43:45+00:00,Thursday,17
061bdb59-bb28-11f0-bf06-500a6801000f,https://www.chess.com/game/live/145190642830,2025-11-06 15:48:22+00:00,rapid,600,True,white,HaniMostafaa,1053,1081,-28,loss,Abandoned,B07,Pirc Defense Modern Defense Geller System 2...Nf6 3.Nc3 e5 4.Bc4,Pirc Defense Modern Defense Geller System,20,10,e4,True,kingside,7.0,2025-11-06 18:48:22+00:00,Thursday,18
ac2c32e8-bbce-11f0-b8ce-60501601000f,https://www.chess.com/game/live/145221935510,2025-11-07 11:41:17+00:00,rapid,600,True,black,yonijanoy,1045,1040,5,loss,Checkmate,D20,Queens Gambit Accepted Old Variation 3...Nf6 4.Bxc4,Queens Gambit Accepted Old Variation,21,11,d5,False,,,2025-11-07 14:41:17+00:00,Friday,14
ab0bdc74-bd06-11f0-aaef-f3c97001000f,https://www.chess.com/game/live/145285898980,2025-11-09 00:54:38+00:00,rapid,600,True,white,Alchemikpl,1053,1054,-1,win,Checkmate,C45,Scotch Game,Scotch Game,59,30,e4,True,kingside,13.0,2025-11-09 03:54:38+00:00,Sunday,3
ed201dbd-be19-11f0-aaef-f3c97001000f,https://www.chess.com/game/live/145335540778,2025-11-10 09:45:01+00:00,rapid,600,True,black,jake376,1061,1065,-4,win,Resignation,C28,Bishops Opening Berlin Vienna Hybrid Variation 4...Bb4 5.Nf3,Bishops Opening Berlin Vienna Hybrid Variation,74,37,e5,True,queenside,11.0,2025-11-10 12:45:01+00:00,Monday,12
eda2a157-be1e-11f0-aaef-f3c97001000f,https://www.chess.com/game/live/145336509126,2025-11-10 10:20:49+00:00,rapid,600,True,black,BenHfour2,1053,1070,-17,loss,Resignation,C20,Kings Pawn Opening Leonardis Variation,Kings Pawn Opening Leonardis Variation,60,30,e5,True,queenside,11.0,2025-11-10 13:20:49+00:00,Monday,13
29f6750b-bede-11f0-9bc1-19c73201000f,https://www.chess.com/game/live/145374929350,2025-11-11 09:09:44+00:00,rapid,600,True,white,misss-00,1061,1051,10,win,Checkmate,B07,Pirc Defense 2.d4,Pirc Defense,59,30,e4,True,kingside,8.0,2025-11-11 12:09:44+00:00,Tuesday,12
7fe1113c-bee5-11f0-9bc1-19c73201000f,https://www.chess.com/game/live/145376315200,2025-11-11 10:02:15+00:00,rapid,600,True,white,BangaloreWarrior123,1053,1090,-37,loss,Checkmate,B00,Owens Defense 2.d4 Bb7,Owens Defense,42,21,e4,True,kingside,9.0,2025-11-11 13:02:15+00:00,Tuesday,13
16420148-bef3-11f0-a2d2-442edd01000f,https://www.chess.com/game/live/145379144224,2025-11-11 11:39:30+00:00,rapid,600,True,black,Fork0xMe,1061,1056,5,win,Resignation,C50,Giuoco Piano Game Giuoco Pianissimo Italian Four Knights Variation 5...O O,Giuoco Piano Game Giuoco Pianissimo Italian Four Knights Variation,46,23,e5,True,kingside,5.0,2025-11-11 14:39:30+00:00,Tuesday,14
8004e0fb-befa-11f0-aaef-f3c97001000f,https://www.chess.com/game/live/145380825280,2025-11-11 12:32:34+00:00,rapid,600,True,black,ZOOTAX_NET,1053,1060,-7,loss,Resignation,C64,Ruy Lopez Opening Classical Defense 4.O O Qf6,Ruy Lopez Opening Classical Defense,45,23,e5,True,queenside,15.0,2025-11-11 15:32:34+00:00,Tuesday,15
112a9d3e-c099-11f0-9bc1-19c73201000f,https://www.chess.com/game/live/145463940506,2025-11-13 14:00:09+00:00,rapid,600,True,white,Mihhpokl,1061,1041,20,win,Abandoned,C46,Three Knights Opening,Three Knights Opening,81,41,e4,True,kingside,5.0,2025-11-13 17:00:09+00:00,Thursday,17
d6e76674-c467-11f0-b942-8202fd01000f,https://www.chess.com/game/live/145654497404,2025-11-18 10:17:51+00:00,rapid,600,True,black,mistakes_enjoyer,1069,1048,21,win,Resignation,D20,Queens Gambit Accepted Central Variation Alekhine System 4.Nc3,Queens Gambit Accepted Central Variation Alekhine System,81,41,d5,True,kingside,10.0,2025-11-18 13:17:51+00:00,Tuesday,13
d560ec95-c890-11f0-99d1-7c85db01000f,https://www.chess.com/game/live/145870159468,2025-11-23 17:21:22+00:00,rapid,600,True,white,AceOcelot,1077,1053,24,win,Resignation,B01,Scandinavian Defense Mieses Kotrc Main Line 4.d4 c6 5.Nf3,Scandinavian Defense Mieses Kotrc Main Line,38,19,e4,True,kingside,11.0,2025-11-23 20:21:22+00:00,Sunday,20
7fb61ddb-c891-11f0-93b2-4c07ea01000f,https://www.chess.com/game/live/145870333886,2025-11-23 17:26:08+00:00,rapid,600,True,black,Hanley1997,1085,1057,28,win,Resignation,C22,Center Game Accepted Normal Variation,Center Game Accepted Normal Variation,106,53,e5,True,kingside,7.0,2025-11-23 20:26:08+00:00,Sunday,20
b79c6723-ce19-11f0-b266-cf0e1f01000f,https://www.chess.com/game/live/146152424624,2025-11-30 18:23:49+00:00,rapid,600,True,white,XImmortal222,1077,1072,5,loss,Timeout,C25,Vienna Game Anderssen Defense 3.Nf3,Vienna Game Anderssen Defense,50,25,e4,False,,,2025-11-30 21:23:49+00:00,Sunday,21
a2b57983-ce21-11f0-b845-becc7b01000f,https://www.chess.com/game/live/146154347540,2025-11-30 19:20:30+00:00,rapid,600,True,white,SnapKC,1085,1061,24,win,Resignation,C46,Three Knights Opening 3...Bc5,Three Knights Opening,35,18,e4,True,kingside,9.0,2025-11-30 22:20:30+00:00,Sunday,22
03ab19dc-ce22-11f0-ad23-bc1e8101000f,https://www.chess.com/game/live/146154438358,2025-11-30 19:23:13+00:00,rapid,600,True,black,minaya96,1077,1093,-16,loss,Timeout,D02,London System,London System,145,73,d5,False,,,2025-11-30 22:23:13+00:00,Sunday,22
05a05233-ce25-11f0-b845-becc7b01000f,https://www.chess.com/game/live/146155160096,2025-11-30 19:44:45+00:00,rapid,600,True,black,5_nanashi_5,1085,1076,9,win,Checkmate,D04,Colle System,Colle System,140,70,d5,True,kingside,22.0,2025-11-30 22:44:45+00:00,Sunday,22
b64cb8fd-ce42-11f0-b1f3-5623b701000f,https://www.chess.com/game/live/146161112600,2025-11-30 23:17:17+00:00,rapid,600,True,white,Avi2401,1077,1112,-35,loss,Checkmate,C40,Kings Pawn Opening Kings Knight Variation,Kings Pawn Opening Kings Knight Variation,58,29,e4,True,kingside,8.0,2025-12-01 02:17:17+00:00,Monday,2
2af17e98-ce8f-11f0-b1f3-5623b701000f,https://www.chess.com/game/live/146172220886,2025-12-01 08:24:34+00:00,rapid,600,True,black,geluos333,1085,1088,-3,win,Resignation,C50,Giuoco Piano Game Giuoco Pianissimo Variation 4...Nf6,Giuoco Piano Game Giuoco Pianissimo Variation,40,20,e5,True,queenside,12.0,2025-12-01 11:24:34+00:00,Monday,11
e8c42523-cf05-11f0-9b38-88065f01000f,https://www.chess.com/game/live/146199989648,2025-12-01 22:34:33+00:00,rapid,600,True,white,VH_1028,1077,1097,-20,loss,Checkmate,C48,Four Knights Game Spanish Variation Classical Variation,Four Knights Game Spanish Variation Classical Variation,32,16,e4,True,kingside,11.0,2025-12-02 01:34:33+00:00,Tuesday,1
4d90e43c-cf06-11f0-9b38-88065f01000f,https://www.chess.com/game/live/146200062608,2025-12-01 22:37:22+00:00,rapid,600,True,white,Yousef76766,1069,1084,-15,loss,Checkmate,C46,Three Knights Opening,Three Knights Opening,134,67,e4,True,kingside,13.0,2025-12-02 01:37:22+00:00,Tuesday,1
9d57450b-cf0a-11f0-bd90-7bfcd201000f,https://www.chess.com/game/live/146200830590,2025-12-01 23:08:14+00:00,rapid,600,True,black,costelliviu,1061,1079,-18,loss,Checkmate,D00,Queens Pawn Opening Accelerated London System,Queens Pawn Opening Accelerated London System,139,70,d5,True,queenside,18.0,2025-12-02 02:08:14+00:00,Tuesday,2
d19f2423-cf0c-11f0-9b38-88065f01000f,https://www.chess.com/game/live/146201200464,2025-12-01 23:24:01+00:00,rapid,600,True,white,2FaceZay,1069,1056,13,win,Checkmate,A43,Old Benoni Defense Franco Benoni Defense,Old Benoni Defense Franco Benoni Defense,105,53,e4,False,,,2025-12-02 02:24:01+00:00,Tuesday,2
f0af57a7-cf0e-11f0-b1f3-5623b701000f,https://www.chess.com/game/live/146201546234,2025-12-01 23:39:12+00:00,rapid,600,True,black,krauty99,1076,1037,39,win,Resignation,C60,Ruy Lopez Opening,Ruy Lopez Opening,23,12,e5,False,,,2025-12-02 02:39:12+00:00,Tuesday,2
5a20e654-cf0f-11f0-b1f3-5623b701000f,https://www.chess.com/game/live/146201611686,2025-12-01 23:42:09+00:00,rapid,600,True,black,VictorP168,1068,1095,-27,loss,Checkmate,C50,Giuoco Piano Game Giuoco Pianissimo Variation 4...Nf6 5.Bg5 h6 6.Bh4,Giuoco Piano Game Giuoco Pianissimo Variation,133,67,e5,True,queenside,17.0,2025-12-02 02:42:09+00:00,Tuesday,2
c958f814-cf11-11f0-bd90-7bfcd201000f,https://www.chess.com/game/live/146201992702,2025-12-01 23:59:34+00:00,rapid,600,True,white,truffle_buddah,1076,1070,6,win,Checkmate,B23,Closed Sicilian Defense Traditional Line 3.Nf3 g6 4.Bb5 Bg7 5.Bxc6,Closed Sicilian Defense Traditional Line,41,21,e4,True,kingside,6.0,2025-12-02 02:59:34+00:00,Tuesday,2
76857077-cfd7-11f0-b266-cf0e1f01000f,https://www.chess.com/game/live/146242077548,2025-12-02 23:34:36+00:00,rapid,600,True,black,jafarmoham,1068,1103,-35,loss,Resignation,A01,Nimzowitsch Larsen Attack Modern Variation 2.Bb2 Nc6 3.e3 d5,Nimzowitsch Larsen Attack Modern Variation,43,22,e5,True,queenside,9.0,2025-12-03 02:34:36+00:00,Wednesday,2
9d97a7d0-cfd9-11f0-b266-cf0e1f01000f,https://www.chess.com/game/live/146242418576,2025-12-02 23:50:00+00:00,rapid,600,True,white,Claudioriverplate,1059,1055,4,loss,Abandoned,B07,Pirc Defense 2.d4,Pirc Defense,58,29,e4,True,kingside,7.0,2025-12-03 02:50:00+00:00,Wednesday,2
7f9fd31f-d3b4-11f0-9ec5-10e3b901000f,https://www.chess.com/game/live/146438022364,2025-12-07 21:34:23+00:00,rapid,600,True,white,Ju_el_amigo,1051,1077,-26,loss,Checkmate,C46,Three Knights Opening 3...Bc5,Three Knights Opening,90,45,e4,True,kingside,7.0,2025-12-08 00:34:23+00:00,Monday,0
ef1450e0-d3b6-11f0-b266-cf0e1f01000f,https://www.chess.com/game/live/146438503904,2025-12-07 21:51:49+00:00,rapid,600,True,black,LastSpartanOop,1043,1053,-10,loss,Checkmate,D02,Queens Pawn Opening Zukertort Chigorin Variation 3.Bf4 Nf6 4.e3,Queens Pawn Opening Zukertort Chigorin Variation,125,63,d5,True,kingside,11.0,2025-12-08 00:51:49+00:00,Monday,0
053fb63a-d3b8-11f0-b266-cf0e1f01000f,https://www.chess.com/game/live/146438712646,2025-12-07 21:59:36+00:00,rapid,600,True,black,m5147,1035,1030,5,loss,Abandoned,C55,Scotch Game Dubois Reti Max Lange Attack 6.e5,Scotch Game Dubois Reti Max Lange Attack,57,29,e5,False,,,2025-12-08 00:59:36+00:00,Monday,0
61a7115f-d628-11f0-b1f3-5623b701000f,https://www.chess.com/game/live/146565639392,2025-12-11 00:28:57+00:00,rapid,600,True,black,Cdio333,1027,1030,-3,loss,Checkmate,C45,Scotch Game,Scotch Game,169,85,e5,False,,,2025-12-11 03:28:57+00:00,Thursday,3
e0e4b1c1-ddad-11f0-b9da-ddb97301000f,https://www.chess.com/game/live/146955791812,2025-12-20 14:12:12+00:00,rapid,600,True,black,Benjamindaud,1019,1047,-28,loss,Checkmate,C20,Kings Pawn Opening Leonardis Variation,Kings Pawn Opening Leonardis Variation,49,25,e5,True,queenside,11.0,2025-12-20 17:12:12+00:00,Saturday,17
d26b1ab8-dea5-11f0-ab60-edb62a01000f,https://www.chess.com/game/live/147007986614,2025-12-21 19:47:02+00:00,rapid,600,True,white,parme0,1027,1004,23,win,Resignation,B00,Nimzowitsch Defense 2.d4 e6 3.Nf3,Nimzowitsch Defense,41,21,e4,True,kingside,14.0,2025-12-21 22:47:02+00:00,Sunday,22
81f39af8-e35b-11f0-9cfc-7c4ed201000f,https://www.chess.com/game/live/147254264918,2025-12-27 19:37:41+00:00,rapid,600,True,black,JALEGAR,1018,1013,5,loss,Checkmate,D00,Queens Pawn Opening 1...d5 2.e3,Queens Pawn Opening,75,38,d5,True,queenside,9.0,2025-12-27 22:37:41+00:00,Saturday,22
d711f852-f516-11f0-9b2e-22c5d901000f,https://www.chess.com/game/live/148202751926,2026-01-19 09:11:29+00:00,rapid,600,True,white,fathisd,1009,1002,7,loss,Checkmate,C48,Four Knights Game Spanish Variation 4...Bd6,Four Knights Game Spanish Variation,130,65,e4,True,kingside,9.0,2026-01-19 12:11:29+00:00,Monday,12
29517449-f5f2-11f0-abbe-32189c01000f,https://www.chess.com/game/live/148249139114,2026-01-20 11:21:27+00:00,rapid,600,True,white,Avinash0900,1018,1021,-3,win,Resignation,C22,Center Game Accepted Normal Variation,Center Game Accepted Normal Variation,89,45,e4,True,queenside,12.0,2026-01-20 14:21:27+00:00,Tuesday,14
006dd647-f7a8-11f0-82be-58510601000f,https://www.chess.com/game/live/148343888518,2026-01-22 15:35:38+00:00,rapid,600,True,black,silasroenne,1026,1004,22,win,Abandoned,D02,Queens Pawn Opening Zukertort Chigorin Variation,Queens Pawn Opening Zukertort Chigorin Variation,82,41,d5,True,kingside,16.0,2026-01-22 18:35:38+00:00,Thursday,18
2c61914a-fa98-11f0-8af9-54b7ba01000f,https://www.chess.com/game/live/148503258078,2026-01-26 09:19:53+00:00,rapid,600,True,white,clarkyNiane2,1017,1015,2,loss,Checkmate,C46,Three Knights Opening 3...Bc5,Three Knights Opening,42,21,e4,True,kingside,6.0,2026-01-26 12:19:53+00:00,Monday,12
d83a755f-fa9b-11f0-abbe-32189c01000f,https://www.chess.com/game/live/148504003878,2026-01-26 09:46:10+00:00,rapid,600,True,white,dilyorbekabduraimov,1025,1006,19,win,Checkmate,C40,Kings Pawn Opening Kings Knight Variation,Kings Pawn Opening Kings Knight Variation,33,17,e4,False,,,2026-01-26 12:46:10+00:00,Monday,12
12ebd4e4-fa9d-11f0-abbe-32189c01000f,https://www.chess.com/game/live/148504261374,2026-01-26 09:54:58+00:00,rapid,600,True,black,kurosakiichigobleach,1033,1035,-2,win,Checkmate,C65,Ruy Lopez Opening Berlin Beverwijk Variation,Ruy Lopez Opening Berlin Beverwijk Variation,72,36,e5,True,kingside,5.0,2026-01-26 12:54:58+00:00,Monday,12
40c43efe-fc33-11f0-8af9-54b7ba01000f,https://www.chess.com/game/live/148593915786,2026-01-28 10:22:30+00:00,rapid,600,True,black,phil34du34,1025,1024,1,loss,Checkmate,D02,Queens Pawn Opening Zukertort Chigorin Variation 3.Bf4 Nf6 4.e3,Queens Pawn Opening Zukertort Chigorin Variation,49,25,d5,True,queenside,8.0,2026-01-28 13:22:30+00:00,Wednesday,13
1a9fe2c3-fc34-11f0-9d37-fdcce801000f,https://www.chess.com/game/live/148594102652,2026-01-28 10:28:36+00:00,rapid,600,True,black,Ten10jelly,1017,1043,-26,loss,Checkmate,D00,Queens Pawn Opening Accelerated London System 2...Nf6 3.e3,Queens Pawn Opening Accelerated London System,37,19,d5,True,queenside,11.0,2026-01-28 13:28:36+00:00,Wednesday,13
75a86354-fd0c-11f0-b378-ebfe6f01000f,https://www.chess.com/game/live/163959176872,2026-01-29 12:17:20+00:00,rapid,600,True,white,marioeetinoco,1024,986,38,win,Resignation,C48,Four Knights Game Spanish Variation,Four Knights Game Spanish Variation,74,37,e4,False,,,2026-01-29 15:17:20+00:00,Thursday,15
636968be-fd0d-11f0-a981-0db8c001000f,https://www.chess.com/game/live/163959415456,2026-01-29 12:23:59+00:00,rapid,600,True,black,tommouflet,1032,1008,24,win,Resignation,D20,Queens Gambit Accepted,Queens Gambit Accepted,18,9,d5,False,,,2026-01-29 15:23:59+00:00,Thursday,15
a323a60a-fd0d-11f0-a981-0db8c001000f,https://www.chess.com/game/live/163959479388,2026-01-29 12:25:46+00:00,rapid,600,True,black,Lex85g,1040,1039,1,win,Resignation,C47,Four Knights Game Italian Variation,Four Knights Game Italian Variation,32,16,e5,True,kingside,11.0,2026-01-29 15:25:46+00:00,Thursday,15
3eb6c48d-fd0e-11f0-bf7e-f7645a01000f,https://www.chess.com/game/live/163959635414,2026-01-29 12:30:07+00:00,rapid,600,True,white,McRavenzz,1048,1051,-3,win,Checkmate,C00,French Defense Normal Variation,French Defense Normal Variation,69,35,e4,True,queenside,8.0,2026-01-29 15:30:07+00:00,Thursday,15
272bb5c2-072b-11f1-9015-a4964e01000f,https://www.chess.com/game/live/164531760500,2026-02-11 09:22:14+00:00,rapid,600,True,white,Gershondavid,1056,1046,10,win,Checkmate,C48,Four Knights Game Spanish Variation Classical Variation,Four Knights Game Spanish Variation Classical Variation,117,59,e4,True,kingside,6.0,2026-02-11 12:22:14+00:00,Wednesday,12
def09b35-0734-11f1-86b0-44f53a01000f,https://www.chess.com/game/live/164533919728,2026-02-11 10:31:48+00:00,rapid,600,True,white,Ali-abbas1994,1064,1030,34,win,Checkmate,C40,Kings Pawn Opening Kings Knight Variation,Kings Pawn Opening Kings Knight Variation,45,23,e4,True,queenside,11.0,2026-02-11 13:31:48+00:00,Wednesday,13
3cce1e4a-0738-11f1-86b0-44f53a01000f,https://www.chess.com/game/live/164534716494,2026-02-11 10:55:54+00:00,rapid,600,True,white,hes-ham,1051,809,242,loss,Checkmate,C48,Four Knights Game Spanish Variation Classical Variation,Four Knights Game Spanish Variation Classical Variation,24,12,e4,True,kingside,12.0,2026-02-11 13:55:54+00:00,Wednesday,13
9d72c278-0739-11f1-86b0-44f53a01000f,https://www.chess.com/game/live/164535044398,2026-02-11 11:05:46+00:00,rapid,600,True,white,hes-ham,1054,801,253,win,Checkmate,B02,Alekhines Defense Scandinavian Variation 3.exd5,Alekhines Defense Scandinavian Variation,31,16,e4,False,,,2026-02-11 14:05:46+00:00,Wednesday,14
5549df88-073d-11f1-b871-d9159f01000f,https://www.chess.com/game/live/164535956400,2026-02-11 11:32:23+00:00,rapid,600,True,black,hes-ham,1057,793,264,win,Checkmate,C47,Four Knights Game Italian Variation 4...Nxe4 5.Nxe4 d5,Four Knights Game Italian Variation,86,43,e5,True,kingside,10.0,2026-02-11 14:32:23+00:00,Wednesday,14
25f88d8d-0b19-11f1-9015-a4964e01000f,https://www.chess.com/game/live/164761642602,2026-02-16 09:23:26+00:00,rapid,600,True,black,BishopXY,1049,1048,1,loss,Checkmate,C55,Italian Game Two Knights Defense,Italian Game Two Knights Defense,103,52,e5,True,kingside,18.0,2026-02-16 12:23:26+00:00,Monday,12
8e5455b6-0b1b-11f1-86b0-44f53a01000f,https://www.chess.com/game/live/164762176462,2026-02-16 09:40:40+00:00,rapid,600,True,white,vadimque,1057,1033,24,win,Checkmate,C46,Three Knights Opening 3...Bc5,Three Knights Opening,25,13,e4,False,,,2026-02-16 12:40:40+00:00,Monday,12
ecb58f2e-0b1b-11f1-9015-a4964e01000f,https://www.chess.com/game/live/164762259752,2026-02-16 09:43:18+00:00,rapid,600,True,black,Monochil82,1065,1050,15,win,Resignation,C50,Giuoco Piano Game Giuoco Pianissimo Variation 4...Nf6,Giuoco Piano Game Giuoco Pianissimo Variation,102,51,e5,True,kingside,11.0,2026-02-16 12:43:18+00:00,Monday,12
064c3cf7-0b1e-11f1-86b0-44f53a01000f,https://www.chess.com/game/live/164762740218,2026-02-16 09:58:20+00:00,rapid,600,True,black,ACANK_3,1073,1051,22,win,Timeout,C60,Ruy Lopez Opening,Ruy Lopez Opening,106,53,e5,False,,,2026-02-16 12:58:20+00:00,Monday,12
be4483d8-0bea-11f1-ac80-d7829b01000f,https://www.chess.com/game/live/164811137484,2026-02-17 10:23:46+00:00,rapid,600,True,white,seanmccloskey,1081,1051,30,win,Resignation,C46,Three Knights Opening 3...Bc5 4.Nxe5 Nxe5 5.d4,Three Knights Opening,27,14,e4,False,,,2026-02-17 13:23:46+00:00,Tuesday,13
20ce316f-0beb-11f1-9776-cf6d3301000f,https://www.chess.com/game/live/164811230470,2026-02-17 10:26:32+00:00,rapid,600,True,black,Denis699684,1089,1079,10,win,Resignation,C45,Scotch Game 3...exd4,Scotch Game,38,19,e5,False,,,2026-02-17 13:26:32+00:00,Tuesday,13
9f822311-0ca1-11f1-ac80-d7829b01000f,https://www.chess.com/game/live/164854657858,2026-02-18 08:12:53+00:00,rapid,600,True,white,arun159753,1081,1100,-19,loss,Checkmate,C00,French Defense Knight Variation,French Defense Knight Variation,50,25,e4,True,queenside,9.0,2026-02-18 11:12:53+00:00,Wednesday,11
3ec8b7cf-0ca3-11f1-86b0-44f53a01000f,https://www.chess.com/game/live/164854991082,2026-02-18 08:24:29+00:00,rapid,600,True,black,Pashy3010,1089,1059,30,win,Checkmate,D04,Colle System 3...Bg4,Colle System,32,16,d5,True,queenside,9.0,2026-02-18 11:24:29+00:00,Wednesday,11
26cdef22-0cb5-11f1-86b0-44f53a01000f,https://www.chess.com/game/live/164858959166,2026-02-18 10:32:40+00:00,rapid,600,True,white,Ruben-fer,1081,1078,3,loss,Timeout,C41,Philidor Defense Nimzowitsch Variation 4.Nc3,Philidor Defense Nimzowitsch Variation,156,78,e4,True,queenside,14.0,2026-02-18 13:32:40+00:00,Wednesday,13
4c0d3764-0cbe-11f1-ac80-d7829b01000f,https://www.chess.com/game/live/164861195254,2026-02-18 11:38:08+00:00,rapid,600,True,black,Sanjaysinha007,1073,1091,-18,loss,Checkmate,C45,Scotch Game 3...exd4 4.Nxd4 Nxd4 5.Qxd4,Scotch Game,157,79,e5,True,queenside,17.0,2026-02-18 14:38:08+00:00,Wednesday,14
2cbf957e-0d94-11f1-9015-a4964e01000f,https://www.chess.com/game/live/164911453074,2026-02-19 13:09:08+00:00,rapid,600,True,white,babusatish,1082,1087,-5,win,Resignation,C48,Four Knights Game Spanish Variation Classical Variation,Four Knights Game Spanish Variation Classical Variation,27,14,e4,True,kingside,10.0,2026-02-19 16:09:08+00:00,Thursday,16
b5268f17-0d94-11f1-bca5-c548f401000f,https://www.chess.com/game/live/164911601484,2026-02-19 13:12:57+00:00,rapid,600,True,white,potato0232,1074,1087,-13,loss,Checkmate,C42,Petrovs Defense Classical Variation,Petrovs Defense Classical Variation,148,74,e4,False,,,2026-02-19 16:12:57+00:00,Thursday,16
d13e6206-0da4-11f1-af90-58350d01000f,https://www.chess.com/game/live/164916402450,2026-02-19 15:08:16+00:00,rapid,600,True,black,sri1472,1082,1076,6,win,Resignation,C23,Bishops Opening 2...Nc6,Bishops Opening,45,23,e5,False,,,2026-02-19 18:08:16+00:00,Thursday,18
81be6c79-0e7c-11f1-993b-e8539201000f,https://www.chess.com/game/live/164967879034,2026-02-20 16:52:14+00:00,rapid,600,True,black,jcarefree,1074,1110,-36,loss,Abandoned,D02,Queens Pawn Opening Zukertort Chigorin Variation 3.Bf4 Nf6 4.e3,Queens Pawn Opening Zukertort Chigorin Variation,51,26,d5,True,queenside,6.0,2026-02-20 19:52:14+00:00,Friday,19
6b16c0d5-0e7d-11f1-b3fd-d6444001000f,https://www.chess.com/game/live/164968169866,2026-02-20 16:58:45+00:00,rapid,600,True,white,satishd2024,1066,1077,-11,loss,Resignation,B01,Scandinavian Defense Mieses Kotrc Variation 3.Nc3 Qe5,Scandinavian Defense Mieses Kotrc Variation,54,27,e4,True,queenside,8.0,2026-02-20 19:58:45+00:00,Friday,19
69a67279-0e7e-11f1-993b-e8539201000f,https://www.chess.com/game/live/164968484784,2026-02-20 17:05:52+00:00,rapid,600,True,white,arsenalkudus,1058,1053,5,loss,Checkmate,C41,Philidor Defense Exchange Larsen Variation 5.Nc3 Bg7,Philidor Defense Exchange Larsen Variation,68,34,e4,False,,,2026-02-20 20:05:52+00:00,Friday,20
4ca42103-1032-11f1-978c-7e25dc01000f,https://www.chess.com/game/live/165069745210,2026-02-22 21:06:04+00:00,rapid,600,True,black,mikola_P1950,1050,1075,-25,loss,Checkmate,C45,Scotch Game Goring Double Pawn Sacrifice Variation,Scotch Game Goring Double Pawn Sacrifice Variation,55,28,e5,False,,,2026-02-23 00:06:04+00:00,Monday,0
0e1dcf66-1126-11f1-9ec0-05047b01000f,https://www.chess.com/game/live/165124200038,2026-02-24 02:10:56+00:00,rapid,600,True,black,7Vamzy,1058,1045,13,win,Resignation,A20,English Opening Kings English Variation,English Opening Kings English Variation,73,37,e5,True,kingside,17.0,2026-02-24 05:10:56+00:00,Tuesday,5
661c80c5-116c-11f1-9ec0-05047b01000f,https://www.chess.com/game/live/165137280498,2026-02-24 10:34:29+00:00,rapid,600,True,white,SayN1C,1050,1056,-6,loss,Checkmate,B02,Alekhines Defense Scandinavian Variation 3.e5 Nfd7,Alekhines Defense Scandinavian Variation,34,17,e4,False,,,2026-02-24 13:34:29+00:00,Tuesday,13
3d59f900-116d-11f1-843d-6d1bef01000f,https://www.chess.com/game/live/165137479100,2026-02-24 10:40:30+00:00,rapid,600,True,black,Karakatiz1,1042,1077,-35,loss,Checkmate,C22,Center Game Accepted Normal Variation,Center Game Accepted Normal Variation,33,17,e5,False,,,2026-02-24 13:40:30+00:00,Tuesday,13
35bea323-11a8-11f1-a500-bcb82c01000f,https://www.chess.com/game/live/165153194998,2026-02-24 17:42:37+00:00,rapid,600,False,black,Laithwm,1042,512,530,draw,Agreed draw,C45,Scotch Game 3...exd4 4.Nxd4 Nxd4 5.Qxd4,Scotch Game,24,12,e5,False,,,2026-02-24 20:42:37+00:00,Tuesday,20
ff7a6db6-1379-11f1-bc6e-1bde1b01000f,https://www.chess.com/game/live/165260678228,2026-02-27 01:16:52+00:00,rapid,600,True,white,MonkeyAroundBanana,1034,1046,-12,loss,Checkmate,B13,Caro Kann Defense Exchange Variation 3...cxd5,Caro Kann Defense Exchange Variation,84,42,e4,True,queenside,9.0,2026-02-27 04:16:52+00:00,Friday,4
d6a7d75a-13dd-11f1-9d7f-c1fc1601000f,https://www.chess.com/game/live/165280362714,2026-02-27 13:11:33+00:00,rapid,600,True,black,bestItm,1042,1040,2,win,Abandoned,C47,Four Knights Game,Four Knights Game,58,29,e5,True,kingside,5.0,2026-02-27 16:11:33+00:00,Friday,16
1123df49-143d-11f1-9d7f-c1fc1601000f,https://www.chess.com/game/live/165305218376,2026-02-28 00:33:13+00:00,rapid,600,True,black,Aurevoir10,1033,1027,6,loss,Checkmate,C57,Italian Game Knight Attack Normal Variation 5.exd5,Italian Game Knight Attack Normal Variation,21,11,e5,False,,,2026-02-28 03:33:13+00:00,Saturday,3
9f546025-14bc-11f1-beb0-70334c01000f,https://www.chess.com/game/live/165331104006,2026-02-28 15:46:18+00:00,rapid,600,True,white,Mikel_Nike,1041,1015,26,win,Abandoned,B40,Sicilian Defense French Variation 3.Nc3 Nc6 4.d4,Sicilian Defense French Variation,21,11,e4,True,kingside,11.0,2026-02-28 18:46:18+00:00,Saturday,18
02ec709b-14bd-11f1-9d7f-c1fc1601000f,https://www.chess.com/game/live/165331210510,2026-02-28 15:49:05+00:00,rapid,600,True,white,Smokey16677,1049,1053,-4,win,Checkmate,C46,Three Knights Opening 3...Bc5 4.Nxe5 Nxe5 5.d4,Three Knights Opening,45,23,e4,True,queenside,11.0,2026-02-28 18:49:05+00:00,Saturday,18
7a11bcb7-14fd-11f1-9d7f-c1fc1601000f,https://www.chess.com/game/live/165346613022,2026-02-28 23:30:33+00:00,rapid,600,True,white,hunterdan29,1041,1063,-22,loss,Checkmate,C40,Kings Pawn Opening Kings Knight Variation,Kings Pawn Opening Kings Knight Variation,52,26,e4,True,kingside,7.0,2026-03-01 02:30:33+00:00,Sunday,2
54a9ae21-1502-11f1-bc6e-1bde1b01000f,https://www.chess.com/game/live/165347420892,2026-03-01 00:05:18+00:00,rapid,600,True,black,Evands1983,1033,1039,-6,loss,Checkmate,C57,Italian Game Knight Attack Normal Variation 5.exd5,Italian Game Knight Attack Normal Variation,65,33,e5,False,,,2026-03-01 03:05:18+00:00,Sunday,3
aa13c304-15bd-11f1-bc6e-1bde1b01000f,https://www.chess.com/game/live/165387173568,2026-03-01 22:26:17+00:00,rapid,600,True,black,Harry0863924,1026,1063,-37,loss,Checkmate,C55,Italian Game Two Knights Modern Bishops Opening,Italian Game Two Knights Modern Bishops Opening,59,30,e5,True,kingside,6.0,2026-03-02 01:26:17+00:00,Monday,1
a22e2d74-163c-11f1-bc6e-1bde1b01000f,https://www.chess.com/game/live/165410178332,2026-03-02 13:35:10+00:00,rapid,600,True,white,El_Johneru,1034,1034,0,win,Resignation,B00,Nimzowitsch Defense Declined,Nimzowitsch Defense Declined,47,24,e4,True,kingside,7.0,2026-03-02 16:35:10+00:00,Monday,16
e5921bdf-163d-11f1-9d7f-c1fc1601000f,https://www.chess.com/game/live/165410513702,2026-03-02 13:44:12+00:00,rapid,600,True,black,JanSch2000,1026,1058,-32,loss,Checkmate,C47,Four Knights Game Scotch Variation Accepted 5.Nxd4,Four Knights Game Scotch Variation Accepted,87,44,e5,False,,,2026-03-02 16:44:12+00:00,Monday,16
38109f2e-163f-11f1-b3c3-ac5aa201000f,https://www.chess.com/game/live/165410869786,2026-03-02 13:53:40+00:00,rapid,600,True,black,Taszyl,1019,1057,-38,loss,Resignation,C45,Scotch Game,Scotch Game,69,35,e5,False,,,2026-03-02 16:53:40+00:00,Monday,16
87a93403-16e9-11f1-93ed-c8ce3201000f,https://www.chess.com/game/live/165447609324,2026-03-03 10:12:48+00:00,rapid,600,True,white,prajwal2412,1027,1006,21,win,Resignation,B23,Closed Sicilian Defense Traditional Line 3.Nf3 g6 4.Bb5 Bg7 5.Bxc6,Closed Sicilian Defense Traditional Line,145,73,e4,True,kingside,8.0,2026-03-03 13:12:48+00:00,Tuesday,13
e8295d4c-170b-11f1-9d7f-c1fc1601000f,https://www.chess.com/game/live/165456212538,2026-03-03 14:18:53+00:00,rapid,600,True,white,Puddles0808,1035,1016,19,win,Timeout,B40,Sicilian Defense French Variation 3.Nc3 a6 4.d4,Sicilian Defense French Variation,169,85,e4,True,kingside,7.0,2026-03-03 17:18:53+00:00,Tuesday,17
bfed5e71-1721-11f1-bc6e-1bde1b01000f,https://www.chess.com/game/live/165462621128,2026-03-03 16:55:14+00:00,rapid,600,True,white,REyon777,1043,1012,31,win,Checkmate,B00,Nimzowitsch Defense Declined...4.Nc3 Qa5 5.d4 Bg4,Nimzowitsch Defense Declined...4.Nc3 Qa5,47,24,e4,True,kingside,9.0,2026-03-03 19:55:14+00:00,Tuesday,19
4d7e0faa-1722-11f1-93ed-c8ce3201000f,https://www.chess.com/game/live/165462787734,2026-03-03 16:59:12+00:00,rapid,600,True,black,GRANDMASTERONSEMOS,1051,1044,7,win,Resignation,C25,Vienna Game Max Lange Vienna Gambit 3...exf4,Vienna Game Max Lange Vienna Gambit,46,23,e5,True,kingside,7.0,2026-03-03 19:59:12+00:00,Tuesday,19
0ac61f1f-1773-11f1-93ed-c8ce3201000f,https://www.chess.com/game/live/165480595292,2026-03-04 02:37:09+00:00,rapid,600,True,black,CHEEZEY_SAUCE69,1043,1087,-44,loss,Checkmate,C26,Vienna Game Falkbeer Variation,Vienna Game Falkbeer Variation,133,67,e5,True,kingside,9.0,2026-03-04 05:37:09+00:00,Wednesday,5
9e0a3ea7-17ca-11f1-93ed-c8ce3201000f,https://www.chess.com/game/live/165497483896,2026-03-04 13:04:02+00:00,rapid,600,True,white,AKOSIPOPOY,1051,1045,6,win,Checkmate,C46,Three Knights Opening 3...Bc5 4.Nxe5,Three Knights Opening,57,29,e4,False,,,2026-03-04 16:04:02+00:00,Wednesday,16
2bf7bfd1-17cc-11f1-81ee-12bfdb01000f,https://www.chess.com/game/live/165497885834,2026-03-04 13:15:10+00:00,rapid,600,True,black,Sergiidji,1059,1026,33,win,Checkmate,C60,Ruy Lopez Opening,Ruy Lopez Opening,40,20,e5,False,,,2026-03-04 16:15:10+00:00,Wednesday,16
c1406b86-1884-11f1-a6ac-1cca0e01000f,https://www.chess.com/game/live/165537632644,2026-03-05 11:16:28+00:00,rapid,600,True,black,timmilliin,1067,1061,6,win,Resignation,D00,Queens Pawn Opening Accelerated London System,Queens Pawn Opening Accelerated London System,108,54,d5,False,,,2026-03-05 14:16:28+00:00,Thursday,14
88389829-1895-11f1-afe3-20abe901000f,https://www.chess.com/game/live/165541772370,2026-03-05 13:16:34+00:00,rapid,600,True,white,rathipnkj,1075,1060,15,win,Checkmate,A04,Reti Opening Kingside Fianchetto Variation 2.e4 Bg7,Reti Opening Kingside Fianchetto Variation,63,32,e4,True,kingside,8.0,2026-03-05 16:16:34+00:00,Thursday,16
6059c48e-1897-11f1-9ece-61da3c01000f,https://www.chess.com/game/live/165542252832,2026-03-05 13:29:46+00:00,rapid,600,True,black,JamalStreetChess,1083,1054,29,win,Checkmate,C45,Scotch Game Scotch Gambit Dubois Reti Advance Kingside Variation,Scotch Game Scotch Gambit Dubois Reti Advance Kingside Variation,82,41,e5,False,,,2026-03-05 16:29:46+00:00,Thursday,16
687d452f-18a0-11f1-83ae-d8c84601000f,https://www.chess.com/game/live/165544613840,2026-03-05 14:34:25+00:00,rapid,600,True,white,Yanou24,1074,1070,4,loss,Resignation,C40,Kings Pawn Opening Kings Knight Variation,Kings Pawn Opening Kings Knight Variation,44,22,e4,True,kingside,13.0,2026-03-05 17:34:25+00:00,Thursday,17
22b9820a-18a1-11f1-95eb-0fbeed01000f,https://www.chess.com/game/live/165544813970,2026-03-05 14:39:37+00:00,rapid,600,True,white,Clydesdale2415,1082,1080,2,win,Resignation,C47,Four Knights Game Scotch Variation,Four Knights Game Scotch Variation,27,14,e4,False,,,2026-03-05 17:39:37+00:00,Thursday,17
7325bc6b-18a1-11f1-83ae-d8c84601000f,https://www.chess.com/game/live/165544900908,2026-03-05 14:41:52+00:00,rapid,600,True,white,antonina1244,1090,1092,-2,win,Checkmate,C45,Scotch Game 3...exd4 4.Nxd4 d6 5.Nc3,Scotch Game,65,33,e4,True,queenside,11.0,2026-03-05 17:41:52+00:00,Thursday,17
52cdfae4-18a4-11f1-afe3-20abe901000f,https://www.chess.com/game/live/165545678148,2026-03-05 15:02:26+00:00,rapid,600,True,black,LA-Agarwal07,1098,1076,22,win,Checkmate,D02,Queens Pawn Opening Zukertort Chigorin Variation 3.Bf4 Nf6,Queens Pawn Opening Zukertort Chigorin Variation,44,22,d5,True,kingside,12.0,2026-03-05 18:02:26+00:00,Thursday,18
08901af6-18f2-11f1-afe3-20abe901000f,https://www.chess.com/game/live/165564943240,2026-03-06 00:18:43+00:00,rapid,600,True,black,aravindr22,1106,1097,9,win,Checkmate,C44,Kings Pawn Opening Tayler Inverted Hanham Variation,Kings Pawn Opening Tayler Inverted Hanham Variation,108,54,e5,True,queenside,9.0,2026-03-06 03:18:43+00:00,Friday,3
ca37aaf8-195b-11f1-8302-f6e88001000f,https://www.chess.com/game/live/165584628866,2026-03-06 12:55:45+00:00,rapid,600,True,white,Hung666666666666666666666,1114,1114,0,win,Resignation,C47,Four Knights Game Scotch Variation Accepted 5.Nxd4,Four Knights Game Scotch Variation Accepted,13,7,e4,False,,,2026-03-06 15:55:45+00:00,Friday,15
eef18544-195b-11f1-8302-f6e88001000f,https://www.chess.com/game/live/165584665914,2026-03-06 12:56:46+00:00,rapid,600,True,black,Gugi9,1122,1103,19,win,Resignation,D00,Queens Pawn Opening Blackmar Diemer Ryder Gambit 5...Qxd4 6.Be3,Queens Pawn Opening Blackmar Diemer Ryder Gambit,23,12,d5,False,,,2026-03-06 15:56:46+00:00,Friday,15
b4580960-195c-11f1-9dd5-77173e01000f,https://www.chess.com/game/live/165584864734,2026-03-06 13:02:17+00:00,rapid,600,True,black,siki1965,1130,1114,16,win,Resignation,C27,Vienna Game Frankenstein Dracula Variation 4.Qh5,Vienna Game Frankenstein Dracula Variation,52,26,e5,True,kingside,6.0,2026-03-06 16:02:17+00:00,Friday,16
2f1bfd76-1969-11f1-a6e1-148cb401000f,https://www.chess.com/game/live/165588313192,2026-03-06 14:31:37+00:00,rapid,600,True,white,su30012,1121,1116,5,loss,Checkmate,C47,Four Knights Game Scotch Variation Accepted 5.Nxd4,Four Knights Game Scotch Variation Accepted,92,46,e4,True,queenside,9.0,2026-03-06 17:31:37+00:00,Friday,17
571950d7-1979-11f1-9dd5-77173e01000f,https://www.chess.com/game/live/165593091710,2026-03-06 16:27:16+00:00,rapid,600,True,white,amalski1,1129,1131,-2,win,Resignation,B01,Scandinavian Defense Mieses Kotrc Main Line 4.Nf3,Scandinavian Defense Mieses Kotrc Main Line,60,30,e4,True,kingside,6.0,2026-03-06 19:27:16+00:00,Friday,19
0229e1f1-1985-11f1-a36c-491af401000f,https://www.chess.com/game/live/165596584220,2026-03-06 17:50:48+00:00,rapid,600,True,white,ViRgIL04,1137,1128,9,win,Checkmate,C45,Scotch Game 3...d6,Scotch Game,47,24,e4,True,queenside,11.0,2026-03-06 20:50:48+00:00,Friday,20
856e0cc1-1986-11f1-8b9b-814b0301000f,https://www.chess.com/game/live/165597020292,2026-03-06 18:01:38+00:00,rapid,600,True,black,OLEHBOBRYK,1129,1155,-26,loss,Abandoned,A01,Nimzowitsch Larsen Attack Classical Variation 2.e3 e5,Nimzowitsch Larsen Attack Classical Variation,21,11,e5,True,queenside,10.0,2026-03-06 21:01:38+00:00,Friday,21
034c7e68-1987-11f1-9dd5-77173e01000f,https://www.chess.com/game/live/165597159934,2026-03-06 18:05:09+00:00,rapid,600,True,white,zpmane,1129,1135,-6,draw,Repetition,C47,Four Knights Game Scotch Variation Accepted 5.Nxd4,Four Knights Game Scotch Variation Accepted,116,58,e4,True,queenside,11.0,2026-03-06 21:05:09+00:00,Friday,21
bef25be2-1a86-11f1-9dd5-77173e01000f,https://www.chess.com/game/live/165652788606,2026-03-08 00:35:45+00:00,rapid,600,True,black,TamakiUwU,1121,1139,-18,loss,Resignation,C25,Vienna Game Max Lange Vienna Gambit,Vienna Game Max Lange Vienna Gambit,46,23,e5,True,kingside,9.0,2026-03-08 03:35:45+00:00,Sunday,3
90fc7fe7-1a87-11f1-8b9b-814b0301000f,https://www.chess.com/game/live/165652920102,2026-03-08 00:41:38+00:00,rapid,600,True,white,empty007x,1113,1129,-16,loss,Resignation,B40,Sicilian Defense French Variation 3.d4 cxd4,Sicilian Defense French Variation,40,20,e4,False,,,2026-03-08 03:41:38+00:00,Sunday,3
652dc99b-1a88-11f1-8302-f6e88001000f,https://www.chess.com/game/live/165653052024,2026-03-08 00:47:34+00:00,rapid,600,True,white,wassimdr1,1121,1092,29,win,Resignation,B23,Closed Sicilian Defense Traditional Line 3.Nf3 Nf6 4.e5 Ng4,Closed Sicilian Defense Traditional Line,71,36,e4,True,kingside,7.0,2026-03-08 03:47:34+00:00,Sunday,3
902cc25d-1a89-11f1-8302-f6e88001000f,https://www.chess.com/game/live/165653236488,2026-03-08 00:55:55+00:00,rapid,600,True,black,nicolas7206,1113,1143,-30,loss,Resignation,A09,Reti Opening Reti Gambit Accepted,Reti Opening Reti Gambit Accepted,54,27,d5,False,,,2026-03-08 03:55:55+00:00,Sunday,3
6c3f4c7b-1a8b-11f1-9dd5-77173e01000f,https://www.chess.com/game/live/165653527682,2026-03-08 01:09:14+00:00,rapid,600,True,black,Munkhuu0205,1105,1139,-34,loss,Resignation,C47,Four Knights Game,Four Knights Game,45,23,e5,True,kingside,6.0,2026-03-08 04:09:14+00:00,Sunday,4
42a81041-1a8c-11f1-9dd5-77173e01000f,https://www.chess.com/game/live/165653657382,2026-03-08 01:15:14+00:00,rapid,600,True,white,wanorde2323,1114,1118,-4,win,Resignation,C46,Three Knights Opening 3...Bc5 4.Nxe5 Nxe5 5.d4,Three Knights Opening,17,9,e4,False,,,2026-03-08 04:15:14+00:00,Sunday,4
8e4bec53-1a8c-11f1-9dd5-77173e01000f,https://www.chess.com/game/live/165653703098,2026-03-08 01:17:21+00:00,rapid,600,True,black,DacPain,1106,1137,-31,loss,Checkmate,D00,Queens Pawn Opening Stonewall Attack,Queens Pawn Opening Stonewall Attack,47,24,d5,True,queenside,10.0,2026-03-08 04:17:21+00:00,Sunday,4
426cf0bd-1a8e-11f1-8b9b-814b0301000f,https://www.chess.com/game/live/165653966430,2026-03-08 01:29:32+00:00,rapid,600,True,black,T1G3R71,1099,1137,-38,loss,Checkmate,C50,Giuoco Piano Game Giuoco Pianissimo Variation 4...Nf6 5.O O,Giuoco Piano Game Giuoco Pianissimo Variation,107,54,e5,True,kingside,8.0,2026-03-08 04:29:32+00:00,Sunday,4
aa6e3290-1a8f-11f1-8b9b-814b0301000f,https://www.chess.com/game/live/165654183826,2026-03-08 01:39:36+00:00,rapid,600,True,white,DDAAAAni,1107,1080,27,win,Checkmate,C47,Four Knights Game Scotch Variation,Four Knights Game Scotch Variation,53,27,e4,True,kingside,12.0,2026-03-08 04:39:36+00:00,Sunday,4
c064cc51-1a90-11f1-8b9b-814b0301000f,https://www.chess.com/game/live/165654352060,2026-03-08 01:47:23+00:00,rapid,600,True,black,Real-ankxaaa,1115,1101,14,win,Abandoned,C57,Italian Game Knight Attack Normal Variation 5.exd5,Italian Game Knight Attack Normal Variation,28,14,e5,False,,,2026-03-08 04:47:23+00:00,Sunday,4
dc1798dc-1a91-11f1-9dd5-77173e01000f,https://www.chess.com/game/live/165654523232,2026-03-08 01:55:19+00:00,rapid,600,True,white,geduranmolina,1124,1128,-4,win,Checkmate,C41,Philidor Defense 3.Nc3,Philidor Defense,49,25,e4,True,queenside,11.0,2026-03-08 04:55:19+00:00,Sunday,4
feb90941-1a93-11f1-8302-f6e88001000f,https://www.chess.com/game/live/165654851842,2026-03-08 02:10:36+00:00,rapid,600,True,white,lapetitesouris19,1124,1109,15,draw,Stalemate,C40,Kings Pawn Opening Kings Knight Variation,Kings Pawn Opening Kings Knight Variation,86,43,e4,True,kingside,5.0,2026-03-08 05:10:36+00:00,Sunday,5
79544f98-1b53-11f1-9dd5-77173e01000f,https://www.chess.com/game/live/165696107650,2026-03-09 01:01:15+00:00,rapid,600,True,black,FlareSR,1132,1104,28,win,Resignation,C55,Italian Game Two Knights Defense 4.O O Nxe4,Italian Game Two Knights Defense,65,33,e5,False,,,2026-03-09 04:01:15+00:00,Monday,4
cd8c9038-1b54-11f1-8b9b-814b0301000f,https://www.chess.com/game/live/165696312948,2026-03-09 01:10:46+00:00,rapid,600,True,white,Reusiscool53,1140,1118,22,win,Resignation,C46,Three Knights Opening 3...Bc5 4.Nxe5 Nxe5 5.d4,Three Knights Opening,18,9,e4,False,,,2026-03-09 04:10:46+00:00,Monday,4
37b6c18e-1b55-11f1-9dd5-77173e01000f,https://www.chess.com/game/live/165696376732,2026-03-09 01:13:44+00:00,rapid,600,True,black,akpaul60,1132,1145,-13,loss,Checkmate,C24,Bishops Opening Berlin Defense 3.d3 Bc5,Bishops Opening Berlin Defense,59,30,e5,True,kingside,4.0,2026-03-09 04:13:44+00:00,Monday,4
965f42de-1b8d-11f1-8b9b-814b0301000f,https://www.chess.com/game/live/165705024006,2026-03-09 07:57:15+00:00,rapid,600,True,white,jlmsl,1140,1123,17,win,Resignation,C46,Three Knights Opening,Three Knights Opening,95,48,e4,True,kingside,7.0,2026-03-09 10:57:15+00:00,Monday,10
cc746303-1ba1-11f1-8b9b-814b0301000f,https://www.chess.com/game/live/165708991518,2026-03-09 10:21:55+00:00,rapid,600,True,black,Nyanto2,1132,1169,-37,loss,Checkmate,A00,Van t Kruijs Opening 1...e5,Van t Kruijs Opening,123,62,e5,True,kingside,6.0,2026-03-09 13:21:55+00:00,Monday,13
902f574a-1c32-11f1-bbdb-4e729001000f,https://www.chess.com/game/live/165743300408,2026-03-10 03:38:11+00:00,rapid,600,True,white,A9eelop,1124,1158,-34,loss,Checkmate,B33,Sicilian Defense Open...4.Nxd4 d6 5.Nc3 e5,Sicilian Defense Open...4.Nxd4 d6,104,52,e4,True,queenside,12.0,2026-03-10 06:38:11+00:00,Tuesday,6
80682861-1ca4-11f1-8fa2-6d2fab01000f,https://www.chess.com/game/live/165768920450,2026-03-10 17:13:48+00:00,rapid,600,True,black,kikiriki74,1116,1129,-13,loss,Checkmate,D00,Queens Pawn Opening 1...d5 2.e3 Nf6,Queens Pawn Opening,91,46,d5,True,kingside,14.0,2026-03-10 20:13:48+00:00,Tuesday,20
4bc681c6-1cd8-11f1-920c-58fad201000f,https://www.chess.com/game/live/165781705586,2026-03-10 23:24:33+00:00,rapid,600,True,white,dhiraj_hassani,1115,1094,21,draw,Insufficient material,C41,Philidor Defense Exchange Variation 4.Nxd4 Nf6 5.Nc3,Philidor Defense Exchange Variation,137,69,e4,True,queenside,9.0,2026-03-11 02:24:33+00:00,Wednesday,2
964cc37f-1d23-11f1-afcc-e0297301000f,https://www.chess.com/game/live/165793977064,2026-03-11 08:23:30+00:00,rapid,600,True,black,Gibsonkaban,1107,1126,-19,loss,Checkmate,C47,Four Knights Game Scotch Variation Accepted 5.Nxd4,Four Knights Game Scotch Variation Accepted,113,57,e5,True,kingside,7.0,2026-03-11 11:23:30+00:00,Wednesday,11
e26d6610-1d2d-11f1-a12d-d2e11e01000f,https://www.chess.com/game/live/165796010582,2026-03-11 09:37:13+00:00,rapid,600,True,black,JN0lR,1115,1118,-3,win,Checkmate,D00,Queens Pawn Opening Accelerated London System,Queens Pawn Opening Accelerated London System,80,40,d5,True,kingside,13.0,2026-03-11 12:37:13+00:00,Wednesday,12
9e4fd1c7-1d31-11f1-920c-58fad201000f,https://www.chess.com/game/live/165796794804,2026-03-11 10:03:57+00:00,rapid,600,True,white,NurbaEgindibulak79,1107,1111,-4,loss,Checkmate,C62,Ruy Lopez Opening Old Steinitz Defense 4.d4 Bd7 5.Nc3 Nf6,Ruy Lopez Opening Old Steinitz Defense,124,62,e4,True,queenside,16.0,2026-03-11 13:03:57+00:00,Wednesday,13
5a307a35-1d33-11f1-a12d-d2e11e01000f,https://www.chess.com/game/live/165797169722,2026-03-11 10:16:21+00:00,rapid,600,True,white,Chenthil-1981,1115,1105,10,win,Timeout,B01,Scandinavian Defense Mieses Kotrc Variation 3.Nc3 Qd8 4.Nf3,Scandinavian Defense Mieses Kotrc Variation,87,44,e4,True,kingside,15.0,2026-03-11 13:16:21+00:00,Wednesday,13
eb8f675d-1d57-11f1-90ad-cbf60d01000f,https://www.chess.com/game/live/165806456988,2026-03-11 14:38:07+00:00,rapid,600,True,black,jozsiholczi,1123,1123,0,win,Checkmate,C20,Kings Pawn Opening Leonardis Variation,Kings Pawn Opening Leonardis Variation,130,65,e5,True,queenside,17.0,2026-03-11 17:38:07+00:00,Wednesday,17
b0ccc0d8-1e0e-11f1-bbaa-334fe101000f,https://www.chess.com/game/live/165845237310,2026-03-12 12:26:27+00:00,rapid,600,True,black,venkateshkola,1139,1108,31,win,Resignation,C47,Four Knights Game Italian Variation 4...Nxe4 5.Nxe4 d5,Four Knights Game Italian Variation,17,9,e5,False,,,2026-03-12 15:26:27+00:00,Thursday,15
d7d4f8c8-1e0e-11f1-b67d-d9d20001000f,https://www.chess.com/game/live/165845275846,2026-03-12 12:27:32+00:00,rapid,600,True,white,sreysonja,1147,1149,-2,win,Resignation,B10,Caro Kann Defense 2.Nf3 d5 3.exd5 cxd5,Caro Kann Defense,103,52,e4,True,queenside,9.0,2026-03-12 15:27:32+00:00,Thursday,15
2b2853d3-1fb9-11f1-8014-9c2a0a01000f,https://www.chess.com/game/live/165939582110,2026-03-14 15:19:17+00:00,rapid,600,True,white,PiotrN260666,1155,1143,12,win,Checkmate,C41,Philidor Defense 3.Nc3,Philidor Defense,65,33,e4,True,queenside,15.0,2026-03-14 18:19:17+00:00,Saturday,18
ec5abc7d-1fbf-11f1-827c-675e9701000f,https://www.chess.com/game/live/165941482822,2026-03-14 16:07:39+00:00,rapid,600,True,black,QuanKD,1147,1159,-12,loss,Checkmate,D20,Queens Gambit Accepted Old Variation 3...Nf6 4.Bxc4,Queens Gambit Accepted Old Variation,51,26,d5,True,kingside,13.0,2026-03-14 19:07:39+00:00,Saturday,19
428c5c24-1fc1-11f1-af1a-88a88701000f,https://www.chess.com/game/live/165941858224,2026-03-14 16:17:13+00:00,rapid,600,True,black,v_pbear,1155,1160,-5,win,Checkmate,C55,Italian Game Two Knights Open,Italian Game Two Knights Open,128,64,e5,False,,,2026-03-14 19:17:13+00:00,Saturday,19
5ff1673a-2004-11f1-af1a-88a88701000f,https://www.chess.com/game/live/165957458406,2026-03-15 00:17:38+00:00,rapid,600,True,white,BayA79,1163,1162,1,win,Resignation,C48,Four Knights Game Spanish Variation 4...Bd6 5.O O O O,Four Knights Game Spanish Variation,15,8,e4,True,kingside,5.0,2026-03-15 03:17:38+00:00,Sunday,3
889b8f4c-2004-11f1-8095-cd1a0401000f,https://www.chess.com/game/live/165957484096,2026-03-15 00:18:46+00:00,rapid,600,True,white,Garopa86,1171,1172,-1,win,Resignation,C46,Three Knights Opening 3...Bc5 4.Nxe5 Nxe5 5.d4,Three Knights Opening,39,20,e4,True,queenside,11.0,2026-03-15 03:18:46+00:00,Sunday,3
3e9c8939-2073-11f1-827c-675e9701000f,https://www.chess.com/game/live/165978122884,2026-03-15 13:31:16+00:00,rapid,600,True,black,JensChristia,1179,1154,25,win,Resignation,A00,Van t Kruijs Opening 1...e5,Van t Kruijs Opening,92,46,e5,True,kingside,8.0,2026-03-15 16:31:16+00:00,Sunday,16
6872ea9b-2075-11f1-9ab2-960b9501000f,https://www.chess.com/game/live/165978692108,2026-03-15 13:46:46+00:00,rapid,600,True,white,1212samir1212,1188,1195,-7,win,Resignation,C47,Four Knights Game Scotch Variation,Four Knights Game Scotch Variation,57,29,e4,False,,,2026-03-15 16:46:46+00:00,Sunday,16
44cb74ab-2076-11f1-827c-675e9701000f,https://www.chess.com/game/live/165978921558,2026-03-15 13:52:55+00:00,rapid,600,True,black,happinessmanager,1196,1177,19,win,Checkmate,D20,Queens Gambit Accepted Central Variation Alekhine System 4.Nc3,Queens Gambit Accepted Central Variation Alekhine System,46,23,d5,True,kingside,11.0,2026-03-15 16:52:55+00:00,Sunday,16
2d335184-207b-11f1-827c-675e9701000f,https://www.chess.com/game/live/165980243770,2026-03-15 14:28:03+00:00,rapid,600,True,white,michiii25,1196,1175,21,draw,Repetition,C47,Four Knights Game Scotch Variation Accepted 5.Nxd4 Bb4 6.Nxc6,Four Knights Game Scotch Variation Accepted,134,67,e4,True,kingside,15.0,2026-03-15 17:28:03+00:00,Sunday,17
8b0a9b8e-20ba-11f1-827c-675e9701000f,https://www.chess.com/game/live/165996976144,2026-03-15 22:01:39+00:00,rapid,600,True,black,milosavn1958,1188,1199,-11,loss,Checkmate,C24,Bishops Opening Berlin Defense,Bishops Opening Berlin Defense,105,53,e5,True,kingside,5.0,2026-03-16 01:01:39+00:00,Monday,1
a2a82616-20c9-11f1-827c-675e9701000f,https://www.chess.com/game/live/165999779086,2026-03-15 23:49:41+00:00,rapid,600,True,white,Darwinvg1,1181,1220,-39,loss,Checkmate,C40,Kings Pawn Opening Kings Knight Variation,Kings Pawn Opening Kings Knight Variation,146,73,e4,True,kingside,5.0,2026-03-16 02:49:41+00:00,Monday,2
9b11acb9-20cc-11f1-827c-675e9701000f,https://www.chess.com/game/live/166000269066,2026-03-16 00:10:57+00:00,rapid,600,True,black,Thedoc24,1189,1180,9,win,Resignation,D02,Queens Pawn Opening Zukertort Chigorin Variation 3.Bf4 Nf6 4.e3,Queens Pawn Opening Zukertort Chigorin Variation,120,60,d5,True,queenside,11.0,2026-03-16 03:10:57+00:00,Monday,3
1d2df992-20ce-11f1-8095-cd1a0401000f,https://www.chess.com/game/live/166000512242,2026-03-16 00:21:45+00:00,rapid,600,True,white,mavisu013,1196,1156,40,win,Resignation,C46,Three Knights Opening 3...Bc5 4.Nxe5,Three Knights Opening,109,55,e4,False,,,2026-03-16 03:21:45+00:00,Monday,3
30499788-20d8-11f1-af1a-88a88701000f,https://www.chess.com/game/live/166002095416,2026-03-16 01:33:52+00:00,rapid,600,True,black,Fr1edTomato2,1204,1185,19,win,Resignation,A20,English Opening Kings English Variation,English Opening Kings English Variation,10,5,e5,False,,,2026-03-16 04:33:52+00:00,Monday,4
4e063441-20d8-11f1-827c-675e9701000f,https://www.chess.com/game/live/166002113838,2026-03-16 01:34:41+00:00,rapid,600,True,black,Michael101319,1212,1206,6,win,Resignation,D07,Queens Gambit Declined Chigorin Defense 3.e3,Queens Gambit Declined Chigorin Defense,89,45,d5,True,kingside,11.0,2026-03-16 04:34:41+00:00,Monday,4
bac59906-20d9-11f1-8095-cd1a0401000f,https://www.chess.com/game/live/166002335832,2026-03-16 01:44:53+00:00,rapid,600,True,white,Michael101319,1204,1214,-10,loss,Timeout,B01,Scandinavian Defense Mieses Kotrc Variation 3.Nc3,Scandinavian Defense Mieses Kotrc Variation,186,93,e4,True,queenside,9.0,2026-03-16 04:44:53+00:00,Monday,4
8a47d7c2-2145-11f1-a47f-3508f901000f,https://www.chess.com/game/live/166023487144,2026-03-16 14:36:38+00:00,rapid,600,True,black,poslicedrinktea,1196,1206,-10,loss,Resignation,D20,Queens Gambit Accepted Central Variation McDonnell Defense,Queens Gambit Accepted Central Variation McDonnell Defense,61,31,d5,True,kingside,11.0,2026-03-16 17:36:38+00:00,Monday,17
b4ea5755-2146-11f1-b8aa-291ec601000f,https://www.chess.com/game/live/166023829442,2026-03-16 14:44:59+00:00,rapid,600,True,white,atsaries,1187,1181,6,loss,Checkmate,C47,Four Knights Game Scotch Variation Accepted 5.Nxd4,Four Knights Game Scotch Variation Accepted,100,50,e4,True,queenside,14.0,2026-03-16 17:44:59+00:00,Monday,17
64dd3bfe-214b-11f1-bdcd-8be65501000f,https://www.chess.com/game/live/166025202682,2026-03-16 15:18:32+00:00,rapid,600,True,white,Bunny13127,1194,1157,37,win,Resignation,C46,Three Knights Opening 3...d6,Three Knights Opening,105,53,e4,True,queenside,12.0,2026-03-16 18:18:32+00:00,Monday,18
93a49773-217a-11f1-b170-620bca01000f,https://www.chess.com/game/live/166038724064,2026-03-16 20:56:17+00:00,rapid,600,True,black,alfchessky,1186,1203,-17,loss,Checkmate,C20,Kings Pawn Opening 1...e5,Kings Pawn Opening,7,4,e5,False,,,2026-03-16 23:56:17+00:00,Monday,23
9e8ccc47-217a-11f1-b170-620bca01000f,https://www.chess.com/game/live/166038734698,2026-03-16 20:56:35+00:00,rapid,600,True,black,xgxGM03,1193,1157,36,win,Resignation,C57,Italian Game Knight Attack Normal Variation 5.exd5,Italian Game Knight Attack Normal Variation,34,17,e5,False,,,2026-03-16 23:56:35+00:00,Monday,23
4f7d465a-217b-11f1-b170-620bca01000f,https://www.chess.com/game/live/166038908406,2026-03-16 21:01:32+00:00,rapid,600,True,white,LongBeachHendo,1185,1217,-32,loss,Resignation,C48,Four Knights Game Spanish Variation Ranken Variation,Four Knights Game Spanish Variation Ranken Variation,64,32,e4,True,queenside,12.0,2026-03-17 00:01:32+00:00,Tuesday,0
b29dbbad-2183-11f1-903a-3f786701000f,https://www.chess.com/game/live/166040910874,2026-03-16 22:01:34+00:00,rapid,600,True,white,T3-BO,1177,1184,-7,loss,Checkmate,C46,Three Knights Opening 3...Bc5 4.Nxe5 Nxe5 5.d4,Three Knights Opening,116,58,e4,True,queenside,10.0,2026-03-17 01:01:34+00:00,Tuesday,1
5375019a-2185-11f1-bf85-ee22e901000f,https://www.chess.com/game/live/166041269884,2026-03-16 22:13:13+00:00,rapid,600,True,black,SSR1104,1185,1166,19,win,Timeout,C24,Bishops Opening Berlin Defense 3.d3 Bc5,Bishops Opening Berlin Defense,48,24,e5,True,kingside,21.0,2026-03-17 01:13:13+00:00,Tuesday,1
4cec7ea1-21f4-11f1-bfdb-b2b58601000f,https://www.chess.com/game/live/166061140892,2026-03-17 11:27:37+00:00,rapid,600,True,black,Laithwm,1185,511,674,win,Resignation,C45,Scotch Game Classical Variation 5.Be3 Qf6,Scotch Game Classical Variation,60,30,e5,False,,,2026-03-17 14:27:37+00:00,Tuesday,14
400265ee-230a-11f1-bf9b-f00edb01000f,https://www.chess.com/game/live/166125552958,2026-03-18 20:37:15+00:00,rapid,600,True,black,insidejobber,1177,1203,-26,loss,Checkmate,C23,Bishops Opening 2...Nc6 3.d3 Nf6,Bishops Opening,125,63,e5,True,kingside,11.0,2026-03-18 23:37:15+00:00,Wednesday,23
5688c5a8-2455-11f1-931a-e61c5801000f,https://www.chess.com/game/live/166193627232,2026-03-20 12:07:16+00:00,rapid,600,True,black,richardaicowley,1185,1162,23,win,Resignation,C20,Kings Pawn Opening 1...e5,Kings Pawn Opening,66,33,e5,True,queenside,11.0,2026-03-20 15:07:16+00:00,Friday,15
7831732f-2456-11f1-a982-db348d01000f,https://www.chess.com/game/live/166193911356,2026-03-20 12:15:22+00:00,rapid,600,False,white,mercthe2nd,1185,625,560,loss,Checkmate,C46,Three Knights Opening,Three Knights Opening,108,54,e4,True,kingside,9.0,2026-03-20 15:15:22+00:00,Friday,15
c6282416-2457-11f1-9341-525d3d01000f,https://www.chess.com/game/live/166194243622,2026-03-20 12:24:43+00:00,rapid,600,False,black,mercthe2nd,1185,625,560,win,Checkmate,C65,Ruy Lopez Opening Berlin Defense 4.Bxc6 dxc6,Ruy Lopez Opening Berlin Defense,80,40,e5,True,kingside,9.0,2026-03-20 15:24:43+00:00,Friday,15
465411de-2459-11f1-9341-525d3d01000f,https://www.chess.com/game/live/166194627240,2026-03-20 12:35:27+00:00,rapid,600,False,white,mercthe2nd,1185,625,560,win,Resignation,C60,Ruy Lopez Opening Cozio Defense 4.d4 exd4 5.Nxd4,Ruy Lopez Opening Cozio Defense,39,20,e4,True,kingside,9.0,2026-03-20 15:35:27+00:00,Friday,15
a82497e0-2514-11f1-9341-525d3d01000f,https://www.chess.com/game/live/166234463074,2026-03-21 10:56:47+00:00,rapid,600,True,white,HIMEL_07,1193,1158,35,win,Resignation,C46,Three Knights Opening 3...Bc5 4.Nxe5 Nxe5 5.d4,Three Knights Opening,25,13,e4,True,queenside,9.0,2026-03-21 13:56:47+00:00,Saturday,13
99c85556-2515-11f1-857b-b0551e01000f,https://www.chess.com/game/live/166234673654,2026-03-21 11:03:33+00:00,rapid,600,True,white,Singhsuraj2009,1185,1206,-21,loss,Resignation,B00,Kings Pawn Opening,Kings Pawn Opening,63,32,e4,True,kingside,8.0,2026-03-21 14:03:33+00:00,Saturday,14
574bf3a4-2615-11f1-b5fb-2c299f01000f,https://www.chess.com/game/live/166290834054,2026-03-22 17:34:12+00:00,rapid,600,True,black,sebstrat,1177,1203,-26,loss,Checkmate,C42,Petrovs Defense 3.d3 Nc6,Petrovs Defense,101,51,e5,True,kingside,5.0,2026-03-22 20:34:12+00:00,Sunday,20
745ae830-265b-11f1-9341-525d3d01000f,https://www.chess.com/game/live/166305336978,2026-03-23 01:56:06+00:00,rapid,600,True,white,Archilbaga,1169,1189,-20,loss,Checkmate,C46,Three Knights Opening,Three Knights Opening,150,75,e4,True,queenside,9.0,2026-03-23 04:56:06+00:00,Monday,4
36affeab-2687-11f1-a6bf-4abd5e01000f,https://www.chess.com/game/live/166311918876,2026-03-23 07:09:20+00:00,rapid,600,True,black,minhvet,1177,1172,5,win,Timeout,C20,Kings Pawn Opening Leonardis Variation,Kings Pawn Opening Leonardis Variation,118,59,e5,True,kingside,7.0,2026-03-23 10:09:20+00:00,Monday,10
840fe2c3-2701-11f1-85be-d442ed01000f,https://www.chess.com/game/live/166342849078,2026-03-23 21:44:48+00:00,rapid,600,True,white,JoseCarmona008,1185,1170,15,win,Resignation,B33,Sicilian Defense Open Pelikan and Sveshnikov Exchange Variation 6...bxc6,Sicilian Defense Open Pelikan and Sveshnikov Exchange Variation,49,25,e4,True,kingside,12.0,2026-03-24 00:44:48+00:00,Tuesday,0
7f6921ca-2702-11f1-9341-525d3d01000f,https://www.chess.com/game/live/166343069398,2026-03-23 21:51:50+00:00,rapid,600,True,black,Jarinek14a,1193,1164,29,win,Resignation,C45,Scotch Game 3...d6,Scotch Game,66,33,e5,True,queenside,11.0,2026-03-24 00:51:50+00:00,Tuesday,0
1399b5e0-277a-11f1-b5fb-2c299f01000f,https://www.chess.com/game/live/166364743930,2026-03-24 12:07:49+00:00,rapid,600,True,white,ARCHI0371,1185,1219,-34,loss,Checkmate,B07,Pirc Defense Czech Defense,Pirc Defense Czech Defense,144,72,e4,True,queenside,9.0,2026-03-24 15:07:49+00:00,Tuesday,15
155e6998-277d-11f1-9341-525d3d01000f,https://www.chess.com/game/live/166365513446,2026-03-24 12:29:20+00:00,rapid,600,True,white,DormidontPreobrazhensky,1177,1183,-6,loss,Abandoned,C02,French Defense Advance Nimzowitsch System,French Defense Advance Nimzowitsch System,56,28,e4,False,,,2026-03-24 15:29:20+00:00,Tuesday,15
85ed4dac-277e-11f1-9cba-64284d01000f,https://www.chess.com/game/live/166365890396,2026-03-24 12:39:39+00:00,rapid,600,True,black,ADITYA-0908,1169,1203,-34,loss,Abandoned,C57,Italian Game Knight Attack,Italian Game Knight Attack,61,31,e5,True,kingside,15.0,2026-03-24 15:39:39+00:00,Tuesday,15
7a1ef188-2793-11f1-9cba-64284d01000f,https://www.chess.com/game/live/166371819570,2026-03-24 15:09:38+00:00,rapid,600,True,white,Majed-majed,1169,1154,15,draw,Insufficient material,C40,Kings Pawn Opening Kings Knight Variation,Kings Pawn Opening Kings Knight Variation,141,71,e4,False,,,2026-03-24 18:09:38+00:00,Tuesday,18
12d2c739-283f-11f1-879f-479f4801000f,https://www.chess.com/game/live/166408086232,2026-03-25 11:37:58+00:00,rapid,600,True,black,raznev,1162,1199,-37,loss,Checkmate,C23,Bishops Opening 2...Nc6 3.d3 Nf6,Bishops Opening,95,48,e5,True,queenside,11.0,2026-03-25 14:37:58+00:00,Wednesday,14
f8730964-2910-11f1-90d9-5b88c201000f,https://www.chess.com/game/live/166454885434,2026-03-26 12:40:29+00:00,rapid,600,True,black,vahmei,1170,1166,4,win,Abandoned,A45,Indian Game Fantasy Variation 2...d5,Indian Game Fantasy Variation,64,32,d5,True,kingside,10.0,2026-03-26 15:40:29+00:00,Thursday,15
8ad5e6c7-2912-11f1-90d9-5b88c201000f,https://www.chess.com/game/live/166455305902,2026-03-26 12:51:44+00:00,rapid,600,True,white,keretapi234,1178,1163,15,win,Resignation,B10,Caro Kann Defense 2.Nf3 d5 3.exd5 cxd5,Caro Kann Defense,63,32,e4,False,,,2026-03-26 15:51:44+00:00,Thursday,15
50f7a3e6-2913-11f1-9050-52d7e501000f,https://www.chess.com/game/live/166455512996,2026-03-26 12:57:16+00:00,rapid,600,True,white,Masagi23,1178,1170,8,draw,Agreed draw,B00,Nimzowitsch Defense Declined 2...Nf6 3.e5 Nd5,Nimzowitsch Defense Declined,117,59,e4,True,queenside,14.0,2026-03-26 15:57:16+00:00,Thursday,15
76aa9e6e-2933-11f1-9341-525d3d01000f,https://www.chess.com/game/live/166464959630,2026-03-26 16:47:23+00:00,rapid,600,True,white,ManishGehlot,1170,1177,-7,loss,Checkmate,C40,Kings Pawn Opening Kings Knight Variation,Kings Pawn Opening Kings Knight Variation,48,24,e4,True,queenside,14.0,2026-03-26 19:47:23+00:00,Thursday,19
3b636bff-29ef-11f1-9341-525d3d01000f,https://www.chess.com/game/live/166505167630,2026-03-27 15:11:29+00:00,rapid,600,True,black,nissa6000,1178,1177,1,win,Resignation,C20,Kings Pawn Opening 1...e5,Kings Pawn Opening,50,25,e5,True,queenside,12.0,2026-03-27 18:11:29+00:00,Friday,18
09d37942-29fb-11f1-b1b4-1970cc01000f,https://www.chess.com/game/live/166508656354,2026-03-27 16:36:00+00:00,rapid,600,True,black,Nachogema1234,1170,1192,-22,loss,Resignation,C21,Center Game Accepted,Center Game Accepted,37,19,e5,True,kingside,15.0,2026-03-27 19:36:00+00:00,Friday,19
57cbc9a5-2a96-11f1-9cba-64284d01000f,https://www.chess.com/game/live/166539756970,2026-03-28 11:07:43+00:00,rapid,600,True,white,ickeren,1163,1202,-39,loss,Checkmate,C00,French Defense Normal Variation,French Defense Normal Variation,84,42,e4,True,queenside,19.0,2026-03-28 14:07:43+00:00,Saturday,14
5a23942b-2a99-11f1-b5fb-2c299f01000f,https://www.chess.com/game/live/166540452298,2026-03-28 11:29:15+00:00,rapid,600,True,black,Kamaraishaq,1155,1190,-35,loss,Checkmate,C28,Vienna Game Falkbeer Vienna Gambit,Vienna Game Falkbeer Vienna Gambit,109,55,e5,False,,,2026-03-28 14:29:15+00:00,Saturday,14
19e6c23e-2b74-11f1-9e75-8f4de601000f,https://www.chess.com/game/live/166587776318,2026-03-29 13:35:07+00:00,rapid,600,True,white,Dilermehra,1163,1164,-1,win,Resignation,C48,Four Knights Game Spanish Variation 4...d6,Four Knights Game Spanish Variation,27,14,e4,False,,,2026-03-29 16:35:07+00:00,Sunday,16
71fad2e5-2b74-11f1-98c6-5b5cab01000f,https://www.chess.com/game/live/166587868050,2026-03-29 13:37:35+00:00,rapid,600,True,black,Qad00,1155,1166,-11,loss,Checkmate,C20,Kings Pawn Opening 1...e5,Kings Pawn Opening,45,23,e5,False,,,2026-03-29 16:37:35+00:00,Sunday,16
df5343e0-2b75-11f1-b5fb-2c299f01000f,https://www.chess.com/game/live/166588252606,2026-03-29 13:47:48+00:00,rapid,600,True,black,Not_Swas26,1147,1145,2,loss,Checkmate,D00,Queens Pawn Opening Accelerated London System,Queens Pawn Opening Accelerated London System,119,60,d5,True,kingside,19.0,2026-03-29 16:47:48+00:00,Sunday,16
25a1492c-2b79-11f1-9a89-b334ad01000f,https://www.chess.com/game/live/166589140104,2026-03-29 14:11:14+00:00,rapid,600,True,white,silverdollar106,1139,1162,-23,loss,Checkmate,B15,Caro Kann Defense 2.d4 d5 3.Nc3,Caro Kann Defense,98,49,e4,True,kingside,7.0,2026-03-29 17:11:14+00:00,Sunday,17
0a66fffe-2b7b-11f1-9e75-8f4de601000f,https://www.chess.com/game/live/166589657814,2026-03-29 14:24:48+00:00,rapid,600,True,white,RoginerDantas,1147,1123,24,win,Resignation,B01,Scandinavian Defense 2.exd5,Scandinavian Defense,21,11,e4,False,,,2026-03-29 17:24:48+00:00,Sunday,17
697bd1c1-2b7b-11f1-9a89-b334ad01000f,https://www.chess.com/game/live/166589760936,2026-03-29 14:27:27+00:00,rapid,600,True,black,nimishpnair,1155,1120,35,win,Checkmate,C24,Bishops Opening Berlin Defense 3.d3 Bc5,Bishops Opening Berlin Defense,70,35,e5,True,kingside,7.0,2026-03-29 17:27:27+00:00,Sunday,17
76c9cf2c-2c02-11f1-a6bf-4abd5e01000f,https://www.chess.com/game/live/166617754534,2026-03-30 06:34:12+00:00,rapid,600,True,white,nrgik,1163,1161,2,win,Checkmate,C40,Kings Pawn Opening Kings Knight Variation,Kings Pawn Opening Kings Knight Variation,89,45,e4,True,queenside,14.0,2026-03-30 09:34:12+00:00,Monday,9
372506f7-2c08-11f1-b72b-e0e8fe01000f,https://www.chess.com/game/live/166618767096,2026-03-30 07:15:22+00:00,rapid,600,True,black,2_Vladimir_1,1155,1173,-18,loss,Resignation,C67,Ruy Lopez Opening Berlin Rio Gambit Accepted 5.Re1,Ruy Lopez Opening Berlin Rio Gambit Accepted,54,27,e5,False,,,2026-03-30 10:15:22+00:00,Monday,10
3acd0aea-2c09-11f1-9cba-64284d01000f,https://www.chess.com/game/live/166618949100,2026-03-30 07:22:37+00:00,rapid,600,True,black,Badr1818,1163,1156,7,win,Checkmate,A00,Van t Kruijs Opening 1...e5,Van t Kruijs Opening,140,70,e5,True,queenside,9.0,2026-03-30 10:22:37+00:00,Monday,10
f7da9ea0-2c88-11f1-8892-ad97f801000f,https://www.chess.com/game/live/166651578188,2026-03-30 22:37:01+00:00,rapid,600,True,white,ferdi034,1171,1137,34,win,Checkmate,B00,Nimzowitsch Defense 2.d4,Nimzowitsch Defense,131,66,e4,True,queenside,17.0,2026-03-31 01:37:01+00:00,Tuesday,1
753156e2-2c8b-11f1-8892-ad97f801000f,https://www.chess.com/game/live/166652025306,2026-03-30 22:54:50+00:00,rapid,600,True,black,1Arzate,1179,1142,37,win,Resignation,D00,Queens Pawn Opening Chigorin Variation 2...Nf6 3.Nf3,Queens Pawn Opening Chigorin Variation,30,15,d5,True,queenside,10.0,2026-03-31 01:54:50+00:00,Tuesday,1
d9951be9-2c8b-11f1-9cba-64284d01000f,https://www.chess.com/game/live/166652094124,2026-03-30 22:57:38+00:00,rapid,600,True,white,nnslnn,1187,1164,23,win,Checkmate,C46,Three Knights Opening 3...Bc5 4.Nxe5 Nxe5 5.d4,Three Knights Opening,41,21,e4,False,,,2026-03-31 01:57:38+00:00,Tuesday,1
bf56e40f-2ced-11f1-8892-ad97f801000f,https://www.chess.com/game/live/166669388488,2026-03-31 10:38:25+00:00,rapid,600,True,white,southkorean1994,1179,1186,-7,loss,Checkmate,C41,Philidor Defense 3.Nc3,Philidor Defense,80,40,e4,True,kingside,19.0,2026-03-31 13:38:25+00:00,Tuesday,13
80c3dd9e-2d1c-11f1-8a8e-dfd12001000f,https://www.chess.com/game/live/166682235716,2026-03-31 16:13:06+00:00,rapid,600,True,black,bobcintan,1187,1156,31,win,Timeout,C27,Vienna Game Frankenstein Dracula Variation,Vienna Game Frankenstein Dracula Variation,50,25,e5,True,kingside,9.0,2026-03-31 19:13:06+00:00,Tuesday,19
a62f5ba5-2d24-11f1-8a8e-dfd12001000f,https://www.chess.com/game/live/166684685896,2026-03-31 17:11:25+00:00,rapid,600,True,white,BopanpallyAshokKumar,1179,1202,-23,loss,Checkmate,C49,Four Knights Game Double Spanish Variation,Four Knights Game Double Spanish Variation,122,61,e4,True,queenside,12.0,2026-03-31 20:11:25+00:00,Tuesday,20
beef6e81-2d4d-11f1-a503-ecbe7e01000f,https://www.chess.com/game/live/166695263936,2026-03-31 22:05:36+00:00,rapid,600,True,black,OleksandrKoloshynskyi,1179,1182,-3,draw,Time vs insufficient material,C20,Kings Pawn Opening 1...e5,Kings Pawn Opening,146,73,e5,True,queenside,16.0,2026-04-01 01:05:36+00:00,Wednesday,1
00284cb8-2d5f-11f1-8ab1-a0da9901000f,https://www.chess.com/game/live/166698221612,2026-04-01 00:09:07+00:00,rapid,600,True,black,Joilma10,1171,1208,-37,loss,Checkmate,C20,Kings Pawn Opening 1...e5,Kings Pawn Opening,69,35,e5,True,kingside,5.0,2026-04-01 03:09:07+00:00,Wednesday,3
ea2740a0-2d5f-11f1-9cba-64284d01000f,https://www.chess.com/game/live/166698359658,2026-04-01 00:15:39+00:00,rapid,600,True,white,Mr-Alimu,1163,1181,-18,loss,Resignation,C47,Four Knights Game Scotch Variation 4...Bb4,Four Knights Game Scotch Variation,38,19,e4,True,kingside,12.0,2026-04-01 03:15:39+00:00,Wednesday,3
11be07f0-2d61-11f1-9068-a534ec01000f,https://www.chess.com/game/live/166698532856,2026-04-01 00:23:55+00:00,rapid,600,True,black,SebKass,1163,1154,9,draw,Agreed draw,D20,Queens Gambit Accepted Old Variation 3...Nf6 4.Bxc4,Queens Gambit Accepted Old Variation,126,63,d5,True,queenside,15.0,2026-04-01 03:23:55+00:00,Wednesday,3
318c3355-2d63-11f1-95dc-69785f01000f,https://www.chess.com/game/live/166698849580,2026-04-01 00:39:08+00:00,rapid,600,True,white,kalianime,1171,1146,25,win,Checkmate,C47,Four Knights Game Scotch Variation Accepted 5.Nxd4,Four Knights Game Scotch Variation Accepted,25,13,e4,True,queenside,12.0,2026-04-01 03:39:08+00:00,Wednesday,3
6d5b85ad-2d64-11f1-8aee-1921a101000f,https://www.chess.com/game/live/166699032178,2026-04-01 00:47:58+00:00,rapid,600,True,black,Ryker2024,1163,1179,-16,loss,Checkmate,A22,English Opening Two Knights Erbenheimer Gambit,English Opening Two Knights Erbenheimer Gambit,21,11,e5,False,,,2026-04-01 03:47:58+00:00,Wednesday,3
d27972ae-2d64-11f1-8892-ad97f801000f,https://www.chess.com/game/live/166699091160,2026-04-01 00:50:47+00:00,rapid,600,True,black,anthonyschena,1171,1138,33,win,Abandoned,D00,Queens Pawn Opening Accelerated London System,Queens Pawn Opening Accelerated London System,24,12,d5,True,kingside,9.0,2026-04-01 03:50:47+00:00,Wednesday,3
f8c8d8bf-2e8b-11f1-8a8e-dfd12001000f,https://www.chess.com/game/live/166760115750,2026-04-02 12:03:33+00:00,rapid,600,True,white,balooooot,1178,1142,36,win,Abandoned,C47,Four Knights Game Scotch Variation Accepted 5.Nxd4,Four Knights Game Scotch Variation Accepted,47,24,e4,True,queenside,9.0,2026-04-02 15:03:33+00:00,Thursday,15
48735a4a-2e95-11f1-836e-0dfb9c01000f,https://www.chess.com/game/live/166762568114,2026-04-02 13:10:12+00:00,rapid,600,True,white,Robin_57_95,1170,1200,-30,loss,Checkmate,C47,Four Knights Game Scotch Variation Accepted 5.Nxd4,Four Knights Game Scotch Variation Accepted,108,54,e4,True,queenside,9.0,2026-04-02 16:10:12+00:00,Thursday,16
89675a65-2e96-11f1-b017-c1719401000f,https://www.chess.com/game/live/166762913794,2026-04-02 13:19:11+00:00,rapid,600,True,black,AndiBonce,1170,1177,-7,draw,Stalemate,C47,Four Knights Game Scotch Variation 4...Bb4 5.d5,Four Knights Game Scotch Variation,79,40,e5,True,kingside,10.0,2026-04-02 16:19:11+00:00,Thursday,16
f551bcf9-2e97-11f1-8892-ad97f801000f,https://www.chess.com/game/live/166763310000,2026-04-02 13:29:21+00:00,rapid,600,True,black,RamSeing,1177,1140,37,win,Checkmate,C44,Scotch Game Goring Gambit 4...dxc3,Scotch Game Goring Gambit,58,29,e5,True,kingside,15.0,2026-04-02 16:29:21+00:00,Thursday,16
c60b6b6f-2ea3-11f1-9008-66fd0501000f,https://www.chess.com/game/live/166766727834,2026-04-02 14:53:56+00:00,rapid,600,True,white,parvej000,1185,1175,10,win,Resignation,B01,Scandinavian Defense Mieses Kotrc Variation 3.Nc3 Qd8 4.Nf3,Scandinavian Defense Mieses Kotrc Variation,99,50,e4,True,queenside,14.0,2026-04-02 17:53:56+00:00,Thursday,17
cf9abdbe-2ee1-11f1-8a8e-dfd12001000f,https://www.chess.com/game/live/166783650222,2026-04-02 22:18:01+00:00,rapid,600,True,white,garolandia63,1193,1170,23,win,Checkmate,C46,Three Knights Opening 3...Bc5 4.Nxe5 Nxe5 5.d4,Three Knights Opening,125,63,e4,True,kingside,14.0,2026-04-03 01:18:01+00:00,Friday,1
0fe9cea1-2ee7-11f1-8741-31d7cd01000f,https://www.chess.com/game/live/166784617578,2026-04-02 22:55:36+00:00,rapid,600,True,black,Rafe360,1201,1170,31,win,Checkmate,C20,Kings Pawn Opening 1...e5,Kings Pawn Opening,54,27,e5,True,kingside,6.0,2026-04-03 01:55:36+00:00,Friday,1
07e22f5e-2ee8-11f1-9cba-64284d01000f,https://www.chess.com/game/live/166784786780,2026-04-02 23:02:32+00:00,rapid,600,True,white,t3rm0m1x,1209,1209,0,win,Resignation,C46,Three Knights Opening 3...Bb4,Three Knights Opening,25,13,e4,True,kingside,9.0,2026-04-03 02:02:32+00:00,Friday,2
78a67053-2ee8-11f1-9cba-64284d01000f,https://www.chess.com/game/live/166784862534,2026-04-02 23:05:41+00:00,rapid,600,True,white,jobsilva,1201,1220,-19,loss,Resignation,C46,Three Knights Opening 3...d6 4.d4 Bg4,Three Knights Opening,47,24,e4,True,queenside,15.0,2026-04-03 02:05:41+00:00,Friday,2
b7372c67-2ee9-11f1-8741-31d7cd01000f,https://www.chess.com/game/live/166785075116,2026-04-02 23:14:36+00:00,rapid,600,True,black,aphlee,1210,1215,-5,win,Checkmate,D02,Queens Pawn Opening Zukertort Chigorin Variation 3.Bf4 Nf6 4.e3,Queens Pawn Opening Zukertort Chigorin Variation,94,47,d5,False,,,2026-04-03 02:14:36+00:00,Friday,2
55fe3073-2eeb-11f1-9cba-64284d01000f,https://www.chess.com/game/live/166785345148,2026-04-02 23:26:12+00:00,rapid,600,True,white,BurnsAndMcDonnell,1202,1197,5,loss,Checkmate,B13,Caro Kann Defense Exchange Variation 3...cxd5,Caro Kann Defense Exchange Variation,108,54,e4,True,kingside,10.0,2026-04-03 02:26:12+00:00,Friday,2
7ff26ef1-2eec-11f1-b857-c0df3201000f,https://www.chess.com/game/live/166785534708,2026-04-02 23:34:31+00:00,rapid,600,True,black,Zipp_777,1210,1210,0,win,Resignation,A00,Clemenz Opening 1...e5,Clemenz Opening,36,18,e5,False,,,2026-04-03 02:34:31+00:00,Friday,2
691819e2-2eed-11f1-9cba-64284d01000f,https://www.chess.com/game/live/166785680412,2026-04-02 23:41:03+00:00,rapid,600,True,white,Bkrishnand,1202,1230,-28,loss,Checkmate,B50,Sicilian Defense 2.Nf3 d6 3.Nc3 e5,Sicilian Defense,64,32,e4,True,kingside,11.0,2026-04-03 02:41:03+00:00,Friday,2
e65abffa-2ef8-11f1-a67e-f3bb2d01000f,https://www.chess.com/game/live/166787435904,2026-04-03 01:03:17+00:00,rapid,600,True,black,JMTFJohnTzy,1210,1201,9,win,Resignation,D00,Queens Pawn Opening Accelerated London System,Queens Pawn Opening Accelerated London System,26,13,d5,True,kingside,11.0,2026-04-03 04:03:17+00:00,Friday,4
2f85d417-2ef9-11f1-a67e-f3bb2d01000f,https://www.chess.com/game/live/166787478488,2026-04-03 01:05:20+00:00,rapid,600,True,black,Baidyanath12,1201,1194,7,loss,Resignation,A00,Kings Fianchetto Opening 1...d5 2.Bg2 e5 3.d3,Kings Fianchetto Opening,30,15,e5,False,,,2026-04-03 04:05:20+00:00,Friday,4
96ae5dac-2ef9-11f1-9cba-64284d01000f,https://www.chess.com/game/live/166787538572,2026-04-03 01:08:13+00:00,rapid,600,True,white,maaradji,1209,1177,32,win,Checkmate,C46,Three Knights Opening 3...Bc5 4.Nxe5 Nxe5 5.d4,Three Knights Opening,53,27,e4,True,kingside,11.0,2026-04-03 04:08:13+00:00,Friday,4
3b9287da-2f6f-11f1-bfba-a1fcda01000f,https://www.chess.com/game/live/166812365786,2026-04-03 15:10:21+00:00,rapid,600,True,black,yopirecky,1217,1197,20,win,Resignation,C24,Bishops Opening Berlin Defense 3.d3 d5 4.exd5 Nxd5,Bishops Opening Berlin Defense,32,16,e5,True,kingside,6.0,2026-04-03 18:10:21+00:00,Friday,18
9a1ab49e-2f70-11f1-86e6-08a4af01000f,https://www.chess.com/game/live/166812773396,2026-04-03 15:20:09+00:00,rapid,600,True,white,Bhargav1812,1218,1242,-24,draw,Stalemate,C62,Ruy Lopez Opening Old Steinitz Nimzowitsch Attack,Ruy Lopez Opening Old Steinitz Nimzowitsch Attack,102,51,e4,True,queenside,14.0,2026-04-03 18:20:09+00:00,Friday,18
bd9d0b86-2f79-11f1-9a2b-38c43401000f,https://www.chess.com/game/live/166815482318,2026-04-03 16:25:34+00:00,rapid,600,True,black,BartPlus,1226,1223,3,win,Resignation,C60,Ruy Lopez Opening,Ruy Lopez Opening,16,8,e5,False,,,2026-04-03 19:25:34+00:00,Friday,19
e91323de-2f79-11f1-b12b-7bb0a301000f,https://www.chess.com/game/live/166815533548,2026-04-03 16:26:47+00:00,rapid,600,True,white,wtmarsh,1218,1238,-20,loss,Resignation,C41,Philidor Defense 3.Nc3,Philidor Defense,65,33,e4,True,kingside,7.0,2026-04-03 19:26:47+00:00,Friday,19
befcaba3-2f82-11f1-b5ef-1aeed801000f,https://www.chess.com/game/live/166818159526,2026-04-03 17:30:02+00:00,rapid,600,True,black,berlinstyler,1226,1218,8,win,Resignation,A22,English Opening Carls Bremen Reversed Dragon Variation 4.cxd5 Nxd5 5.Bg2 Nxc3 6.bxc3,English Opening Carls Bremen Reversed Dragon Variation,42,21,e5,True,kingside,7.0,2026-04-03 20:30:02+00:00,Friday,20
97e69c72-2f83-11f1-bfba-a1fcda01000f,https://www.chess.com/game/live/166818408506,2026-04-03 17:36:06+00:00,rapid,600,True,white,berlinstyler,1218,1226,-8,loss,Checkmate,C10,French Defense Normal Variation 2...d5 3.Nc3,French Defense Normal Variation,102,51,e4,True,kingside,11.0,2026-04-03 20:36:06+00:00,Friday,20
76d197fe-3020-11f1-b01d-5007f901000f,https://www.chess.com/game/live/166849888578,2026-04-04 12:19:01+00:00,rapid,600,True,white,HowIMetYourBlunder,1218,1233,-15,draw,Repetition,C46,Three Knights Opening 3...Bb4,Three Knights Opening,90,45,e4,True,kingside,12.0,2026-04-04 15:19:01+00:00,Saturday,15
244ddda9-3022-11f1-be44-37a26601000f,https://www.chess.com/game/live/166850302890,2026-04-04 12:31:02+00:00,rapid,600,True,black,brocesar,1226,1231,-5,win,Resignation,C44,Kings Pawn Opening Kings Knight Variation 2...Nc6 3.d3,Kings Pawn Opening Kings Knight Variation,72,36,e5,False,,,2026-04-04 15:31:02+00:00,Saturday,15
a2b98c07-3028-11f1-b5ef-1aeed801000f,https://www.chess.com/game/live/166851969858,2026-04-04 13:17:31+00:00,rapid,600,True,black,bobervig,1234,1203,31,win,Checkmate,C20,Kings Pawn Opening Leonardis Variation 2...Nf6,Kings Pawn Opening Leonardis Variation,104,52,e5,True,queenside,10.0,2026-04-04 16:17:31+00:00,Saturday,16
ae5f18c5-302f-11f1-9111-c5406f01000f,https://www.chess.com/game/live/166853875426,2026-04-04 14:07:57+00:00,rapid,600,True,white,alex_strauch,1242,1242,0,win,Checkmate,B08,Pirc Defense Classical Variation 4...Bg7 5.Bg5 O O,Pirc Defense Classical Variation,129,65,e4,True,kingside,7.0,2026-04-04 17:07:57+00:00,Saturday,17
a1371308-303f-11f1-b5ef-1aeed801000f,https://www.chess.com/game/live/166858386548,2026-04-04 16:02:07+00:00,rapid,600,True,black,hassanlila537,1234,1267,-33,loss,Resignation,D00,Queens Pawn Opening 1...d5 2.g3,Queens Pawn Opening,51,26,d5,True,queenside,9.0,2026-04-04 19:02:07+00:00,Saturday,19
30de00c2-3048-11f1-9396-c9874a01000f,https://www.chess.com/game/live/166860845188,2026-04-04 17:03:24+00:00,rapid,600,True,white,Suzanasilva,1241,1205,36,win,Resignation,B40,Sicilian Defense French Variation 3.d4,Sicilian Defense French Variation,23,12,e4,False,,,2026-04-04 20:03:24+00:00,Saturday,20
721d3059-3048-11f1-b5ef-1aeed801000f,https://www.chess.com/game/live/166860917734,2026-04-04 17:05:13+00:00,rapid,600,True,black,Suzanasilva,1232,1214,18,loss,Checkmate,C50,Giuoco Piano Game Giuoco Pianissimo Variation 4...Nf6,Giuoco Piano Game Giuoco Pianissimo Variation,59,30,e5,True,kingside,8.0,2026-04-04 20:05:13+00:00,Saturday,20
f18e6007-3051-11f1-9111-c5406f01000f,https://www.chess.com/game/live/166863578382,2026-04-04 18:13:12+00:00,rapid,600,True,black,pacoypunto64,1240,1203,37,win,Resignation,C60,Ruy Lopez Opening,Ruy Lopez Opening,39,20,e5,True,kingside,10.0,2026-04-04 21:13:12+00:00,Saturday,21
6d30c45c-3052-11f1-b01d-5007f901000f,https://www.chess.com/game/live/166863711516,2026-04-04 18:16:40+00:00,rapid,600,True,white,Sulmakharo,1232,1269,-37,loss,Resignation,C00,French Defense Normal Variation 2...b6,French Defense Normal Variation,55,28,e4,False,,,2026-04-04 21:16:40+00:00,Saturday,21
788b6794-30e2-11f1-86e6-08a4af01000f,https://www.chess.com/game/live/166891577516,2026-04-05 11:27:46+00:00,rapid,600,True,white,favorite2013,1224,1248,-24,loss,Resignation,C46,Three Knights Opening 3...Bc5 4.Nxe5 Nxe5 5.d4,Three Knights Opening,47,24,e4,True,queenside,11.0,2026-04-05 14:27:46+00:00,Sunday,14
6492fb89-30f9-11f1-9111-c5406f01000f,https://www.chess.com/game/live/166897418680,2026-04-05 14:11:51+00:00,rapid,600,True,white,pagotdenis77,1215,1209,6,loss,Checkmate,B21,Sicilian Defense Smith Morra Gambit 2...cxd4 3.Qxd4 Nc6,Sicilian Defense Smith Morra Gambit,64,32,e4,True,kingside,19.0,2026-04-05 17:11:51+00:00,Sunday,17
e2a42569-310d-11f1-b5ef-1aeed801000f,https://www.chess.com/game/live/166903183322,2026-04-05 16:38:33+00:00,rapid,600,True,black,MagaraInnocent,1207,1205,2,loss,Resignation,C22,Center Game Accepted Normal Variation,Center Game Accepted Normal Variation,17,9,e5,False,,,2026-04-05 19:38:33+00:00,Sunday,19
0f6a8bc3-310e-11f1-afa6-47755801000f,https://www.chess.com/game/live/166903233000,2026-04-05 16:39:48+00:00,rapid,600,True,white,MagaraInnocent,1215,1196,19,win,Resignation,B01,Scandinavian Defense Closed 2...dxe4 3.Nxe4 Bf5,Scandinavian Defense Closed,67,34,e4,True,queenside,11.0,2026-04-05 19:39:48+00:00,Sunday,19
93cb712b-310f-11f1-86e6-08a4af01000f,https://www.chess.com/game/live/166903671066,2026-04-05 16:50:39+00:00,rapid,600,True,white,kayyum-khann,1207,1212,-5,loss,Resignation,B01,Scandinavian Defense 2.exd5,Scandinavian Defense,33,17,e4,True,queenside,10.0,2026-04-05 19:50:39+00:00,Sunday,19
7388b6f9-3145-11f1-9396-c9874a01000f,https://www.chess.com/game/live/166916753932,2026-04-05 23:16:18+00:00,rapid,600,True,black,BasseeAlaa90,1215,1180,35,win,Abandoned,D20,Queens Gambit Accepted Central Variation Alekhine System,Queens Gambit Accepted Central Variation Alekhine System,32,16,d5,True,kingside,15.0,2026-04-06 02:16:18+00:00,Monday,2
0bb72621-3146-11f1-9396-c9874a01000f,https://www.chess.com/game/live/166916854226,2026-04-05 23:20:33+00:00,rapid,600,True,black,SwimD4D,1214,1191,23,draw,Stalemate,C27,Vienna Game Frankenstein Dracula Variation,Vienna Game Frankenstein Dracula Variation,105,53,e5,True,kingside,8.0,2026-04-06 02:20:33+00:00,Monday,2
7091fa53-3147-11f1-9396-c9874a01000f,https://www.chess.com/game/live/166917086602,2026-04-05 23:30:32+00:00,rapid,600,True,white,saaiiprass,1207,1245,-38,loss,Resignation,C47,Four Knights Game Scotch Variation Accepted 5.Nxd4 Bb4 6.Nxc6,Four Knights Game Scotch Variation Accepted,54,27,e4,True,kingside,12.0,2026-04-06 02:30:32+00:00,Monday,2
73d067b8-3148-11f1-9396-c9874a01000f,https://www.chess.com/game/live/166917252642,2026-04-05 23:37:47+00:00,rapid,600,True,black,RyanBulo73,1215,1196,19,win,Resignation,D00,Queens Pawn Opening Levitsky Attack,Queens Pawn Opening Levitsky Attack,42,21,d5,True,queenside,9.0,2026-04-06 02:37:47+00:00,Monday,2
3fc06d08-31ab-11f1-a41c-8a92f801000f,https://www.chess.com/game/live/166934654890,2026-04-06 11:25:00+00:00,rapid,600,True,white,Quentin_de_Montargis,1223,1217,6,win,Resignation,B01,Scandinavian Defense Mieses Kotrc Main Line 4.d4 c6 5.Nf3,Scandinavian Defense Mieses Kotrc Main Line,25,13,e4,True,kingside,7.0,2026-04-06 14:25:00+00:00,Monday,14
cbf3d88a-31ab-11f1-9111-c5406f01000f,https://www.chess.com/game/live/166934786842,2026-04-06 11:28:55+00:00,rapid,600,True,white,Pixla86,1231,1231,0,win,Checkmate,C47,Four Knights Game Scotch Variation Accepted 5.Nxd4 d6,Four Knights Game Scotch Variation Accepted,41,21,e4,True,queenside,17.0,2026-04-06 14:28:55+00:00,Monday,14
08ed9ee8-31c3-11f1-b5ef-1aeed801000f,https://www.chess.com/game/live/166940947498,2026-04-06 14:15:16+00:00,rapid,600,True,black,judgerickets,1223,1251,-28,loss,Resignation,D00,Queens Pawn Opening Chigorin Variation 2...Nf6 3.Bf4,Queens Pawn Opening Chigorin Variation,18,9,d5,False,,,2026-04-06 17:15:16+00:00,Monday,17
fac85e10-31db-11f1-9111-c5406f01000f,https://www.chess.com/game/live/166948458740,2026-04-06 17:13:50+00:00,rapid,600,True,black,sanjankr1234,1214,1210,4,loss,Abandoned,C55,Italian Game Two Knights Defense 4.O O Nxe4,Italian Game Two Knights Defense,33,17,e5,True,kingside,11.0,2026-04-06 20:13:50+00:00,Monday,20
74366fa3-31fc-11f1-a41c-8a92f801000f,https://www.chess.com/game/live/166957499640,2026-04-06 21:06:17+00:00,rapid,600,True,white,Napo842,1222,1211,11,win,Checkmate,C42,Petrovs Defense Classical Variation 3...d6,Petrovs Defense Classical Variation,49,25,e4,True,queenside,12.0,2026-04-07 00:06:17+00:00,Tuesday,0
9689b4c9-31fd-11f1-b5ef-1aeed801000f,https://www.chess.com/game/live/166957766042,2026-04-06 21:14:24+00:00,rapid,600,True,black,Napo842,1230,1203,27,win,Resignation,C45,Scotch Game 3...exd4 4.Nxd4 Qf6 5.Nxc6,Scotch Game,53,27,e5,True,kingside,10.0,2026-04-07 00:14:24+00:00,Tuesday,0
e67c0e9e-31fe-11f1-b5ef-1aeed801000f,https://www.chess.com/game/live/166958068792,2026-04-06 21:23:48+00:00,rapid,600,True,black,LionelRain,1222,1253,-31,loss,Checkmate,D02,Queens Pawn Opening Zukertort Chigorin Variation 3.e3,Queens Pawn Opening Zukertort Chigorin Variation,177,89,d5,True,queenside,9.0,2026-04-07 00:23:48+00:00,Tuesday,0
1d60b8b9-3201-11f1-9111-c5406f01000f,https://www.chess.com/game/live/166958564964,2026-04-06 21:39:39+00:00,rapid,600,True,white,Laithwm,1222,461,761,win,Checkmate,C47,Four Knights Game Scotch Variation Accepted 5.Nxd4,Four Knights Game Scotch Variation Accepted,33,17,e4,True,kingside,11.0,2026-04-07 00:39:39+00:00,Tuesday,0
a2a934c0-3201-11f1-86e6-08a4af01000f,https://www.chess.com/game/live/166958678636,2026-04-06 21:43:23+00:00,rapid,600,True,black,Laithwm,1222,461,761,win,Resignation,C45,Scotch Game 3...exd4 4.Nxd4 Nxd4 5.Qxd4,Scotch Game,22,11,e5,True,kingside,7.0,2026-04-07 00:43:23+00:00,Tuesday,0
de6f546b-3201-11f1-86e6-08a4af01000f,https://www.chess.com/game/live/166958728894,2026-04-06 21:45:03+00:00,rapid,600,True,white,Laithwm,1222,461,761,win,Resignation,C46,Three Knights Opening 3...d6,Three Knights Opening,26,13,e4,True,kingside,6.0,2026-04-07 00:45:03+00:00,Tuesday,0
3fcae1e8-3202-11f1-9111-c5406f01000f,https://www.chess.com/game/live/166958810980,2026-04-06 21:47:46+00:00,rapid,600,True,black,Laithwm,1222,461,761,win,Checkmate,C42,Petrovs Defense Three Knights Game,Petrovs Defense Three Knights Game,48,24,e5,False,,,2026-04-07 00:47:46+00:00,Tuesday,0
9af35ddd-320d-11f1-86e6-08a4af01000f,https://www.chess.com/game/live/166960989248,2026-04-06 23:09:04+00:00,rapid,600,True,white,MrPolvoz,1230,1210,20,win,Abandoned,C47,Four Knights Game Scotch Variation Accepted 5.Nxd4 Bc5 6.Nxc6 bxc6 7.Bd3,Four Knights Game Scotch Variation Accepted,93,47,e4,True,kingside,10.0,2026-04-07 02:09:04+00:00,Tuesday,2
0b0a2b41-320f-11f1-9396-c9874a01000f,https://www.chess.com/game/live/166961235652,2026-04-06 23:19:21+00:00,rapid,600,True,black,itsamee9,1222,1250,-28,loss,Checkmate,A00,Kings Fianchetto Opening 1...e5 2.Bg2 d5,Kings Fianchetto Opening,91,46,e5,True,queenside,12.0,2026-04-07 02:19:21+00:00,Tuesday,2
51e08173-3286-11f1-9b22-8e0bf401000f,https://www.chess.com/game/live/166984330942,2026-04-07 13:33:10+00:00,rapid,600,True,white,toniwaza,1222,1217,5,draw,Stalemate,B33,Sicilian Defense Open...4.Nxd4 Nf6 5.Nxc6 bxc6,Sicilian Defense Open...4.Nxd4 Nf6,80,40,e4,True,kingside,20.0,2026-04-07 16:33:10+00:00,Tuesday,16
ca361df7-32cb-11f1-b598-9a571901000f,https://www.chess.com/game/live/167003692906,2026-04-07 21:50:27+00:00,rapid,600,True,black,ianbandz111,1214,1238,-24,loss,Checkmate,D02,Queens Pawn Opening Zukertort Chigorin Variation 3.Bf4 Nf6 4.e3,Queens Pawn Opening Zukertort Chigorin Variation,107,54,d5,False,,,2026-04-08 00:50:27+00:00,Wednesday,0
957b6159-32e0-11f1-b755-ca11e201000f,https://www.chess.com/game/live/167007313856,2026-04-08 00:19:18+00:00,rapid,600,True,white,casualobserver23,1222,1201,21,win,Checkmate,B07,Pirc Defense Main Line Byrne Variation 4...Bg7 5.e5 Nfd7,Pirc Defense Main Line Byrne Variation,95,48,e4,True,queenside,9.0,2026-04-08 03:19:18+00:00,Wednesday,3
abd68190-32e4-11f1-9b22-8e0bf401000f,https://www.chess.com/game/live/167007935816,2026-04-08 00:48:34+00:00,rapid,600,True,black,iamthekunal,1230,1214,16,win,Checkmate,A20,English Opening Kings English Variation...3.Bg2 Nc6 4.Nc3 Bb4,English Opening Kings English Variation...3.Bg2 Nc6,40,20,e5,True,kingside,9.0,2026-04-08 03:48:34+00:00,Wednesday,3
358bcd3d-32e5-11f1-b755-ca11e201000f,https://www.chess.com/game/live/167008017866,2026-04-08 00:52:25+00:00,rapid,600,True,white,LoganMunariBalsan,1238,1204,34,win,Resignation,B01,Scandinavian Defense Mieses Kotrc Main Line 4.Nf3,Scandinavian Defense Mieses Kotrc Main Line,41,21,e4,True,kingside,17.0,2026-04-08 03:52:25+00:00,Wednesday,3
78dfb6da-32e6-11f1-b755-ca11e201000f,https://www.chess.com/game/live/167008210562,2026-04-08 01:01:27+00:00,rapid,600,True,white,DrVitor,1230,1257,-27,loss,Checkmate,C40,Kings Pawn Opening Kings Knight Variation,Kings Pawn Opening Kings Knight Variation,72,36,e4,True,kingside,7.0,2026-04-08 04:01:27+00:00,Wednesday,4
6dbe10dc-32e8-11f1-a25e-2d940701000f,https://www.chess.com/game/live/167008510106,2026-04-08 01:15:28+00:00,rapid,600,True,black,Kenzo_05,1238,1236,2,win,Checkmate,C64,Ruy Lopez Opening Classical Defense 4.O O Qf6 5.c3,Ruy Lopez Opening Classical Defense,134,67,e5,True,kingside,15.0,2026-04-08 04:15:28+00:00,Wednesday,4
5f0c700c-32eb-11f1-b755-ca11e201000f,https://www.chess.com/game/live/167008964630,2026-04-08 01:36:31+00:00,rapid,600,True,black,romansinfo,1245,1207,38,win,Resignation,C24,Bishops Opening Berlin Defense 3.d3 d5 4.exd5 Nxd5,Bishops Opening Berlin Defense,40,20,e5,True,kingside,6.0,2026-04-08 04:36:31+00:00,Wednesday,4
847f4620-32ec-11f1-9b22-8e0bf401000f,https://www.chess.com/game/live/167009140460,2026-04-08 01:44:44+00:00,rapid,600,True,white,raliuk2012,1235,1177,58,loss,Timeout,B30,Sicilian Defense Open,Sicilian Defense Open,114,57,e4,True,kingside,19.0,2026-04-08 04:44:44+00:00,Wednesday,4
e0a83ab3-3369-11f1-abd2-12fd3701000f,https://www.chess.com/game/live/167036802090,2026-04-08 16:42:05+00:00,rapid,600,True,black,Wellington232008,1227,1255,-28,loss,Checkmate,C27,Vienna Game Frankenstein Dracula Variation,Vienna Game Frankenstein Dracula Variation,119,60,e5,True,kingside,9.0,2026-04-08 19:42:05+00:00,Wednesday,19
393e87fd-339c-11f1-abd2-12fd3701000f,https://www.chess.com/game/live/167049614502,2026-04-08 22:42:29+00:00,rapid,600,True,white,ahmedabbdalalim,1235,1235,0,win,Checkmate,C47,Four Knights Game Scotch Variation,Four Knights Game Scotch Variation,103,52,e4,False,,,2026-04-09 01:42:29+00:00,Thursday,1
f9b310c9-339d-11f1-9b22-8e0bf401000f,https://www.chess.com/game/live/167049925760,2026-04-08 22:55:01+00:00,rapid,600,True,black,shum92,1227,1237,-10,loss,Checkmate,C55,Italian Game Two Knights Modern Bishops Opening 4...d5 5.exd5 Nxd5,Italian Game Two Knights Modern Bishops Opening,67,34,e5,False,,,2026-04-09 01:55:01+00:00,Thursday,1
f18301b2-339e-11f1-b755-ca11e201000f,https://www.chess.com/game/live/167050094240,2026-04-08 23:01:57+00:00,rapid,600,True,white,japa68,1236,1242,-6,win,Resignation,B13,Caro Kann Defense Exchange Variation 3...cxd5,Caro Kann Defense Exchange Variation,25,13,e4,False,,,2026-04-09 02:01:57+00:00,Thursday,2
51d42401-339f-11f1-b755-ca11e201000f,https://www.chess.com/game/live/167050158250,2026-04-08 23:04:39+00:00,rapid,600,True,black,oliveiracel,1228,1253,-25,loss,Checkmate,D00,Queens Pawn Opening Chigorin Variation 2...Nf6,Queens Pawn Opening Chigorin Variation,61,31,d5,True,kingside,6.0,2026-04-09 02:04:39+00:00,Thursday,2
1e7afa9d-33b1-11f1-a25e-2d940701000f,https://www.chess.com/game/live/167052944366,2026-04-09 01:12:03+00:00,rapid,600,True,black,luisotavio887,1220,1261,-41,loss,Abandoned,C44,Ponziani Opening Jaenisch Counterattack 4.d4 exd4,Ponziani Opening Jaenisch Counterattack,51,26,e5,True,queenside,10.0,2026-04-09 04:12:03+00:00,Thursday,4
8cc57770-33b3-11f1-b755-ca11e201000f,https://www.chess.com/game/live/167053313972,2026-04-09 01:29:27+00:00,rapid,600,True,white,gopantulas,1228,1205,23,win,Resignation,B01,Scandinavian Defense Mieses Kotrc Variation 3.Nc3 Qd8 4.Nf3,Scandinavian Defense Mieses Kotrc Variation,61,31,e4,True,queenside,9.0,2026-04-09 04:29:27+00:00,Thursday,4
98c604c2-33b4-11f1-b755-ca11e201000f,https://www.chess.com/game/live/167053473744,2026-04-09 01:36:57+00:00,rapid,600,True,black,gopantulas,1235,1198,37,win,Timeout,C23,Bishops Opening 2...Nc6 3.d3 Nf6,Bishops Opening,104,52,e5,True,queenside,18.0,2026-04-09 04:36:57+00:00,Thursday,4
b7faf8ec-3467-11f1-9b22-8e0bf401000f,https://www.chess.com/game/live/167095053816,2026-04-09 22:59:09+00:00,rapid,600,True,white,riasrias,1243,1230,13,win,Resignation,B15,Caro Kann Defense 2.d4 d5 3.Nc3,Caro Kann Defense,85,43,e4,True,queenside,9.0,2026-04-10 01:59:09+00:00,Friday,1
30c8c719-346d-11f1-b755-ca11e201000f,https://www.chess.com/game/live/167095967052,2026-04-09 23:38:20+00:00,rapid,600,True,white,devil9166,1251,1232,19,win,Resignation,C46,Three Knights Opening 3...Bc5 4.Nxe5 Nxe5 5.d4,Three Knights Opening,66,33,e4,True,kingside,10.0,2026-04-10 02:38:20+00:00,Friday,2
e352b013-346e-11f1-a25e-2d940701000f,https://www.chess.com/game/live/167096239144,2026-04-09 23:50:29+00:00,rapid,600,True,black,Mximo5,1243,1278,-35,loss,Checkmate,C24,Bishops Opening Berlin Defense,Bishops Opening Berlin Defense,109,55,e5,True,kingside,5.0,2026-04-10 02:50:29+00:00,Friday,2
0a3b4fcf-34b5-11f1-96b0-d5a12501000f,https://www.chess.com/game/live/167107884066,2026-04-10 08:12:39+00:00,rapid,600,True,black,Mustafa-Alamen17,1235,1260,-25,loss,Resignation,C50,Italian Game,Italian Game,35,18,e5,False,,,2026-04-10 11:12:39+00:00,Friday,11
2ca95920-3544-11f1-977c-5b704c01000f,https://www.chess.com/game/live/167143552578,2026-04-11 01:17:14+00:00,rapid,600,True,white,AgeAndTreachery,1243,1223,20,win,Timeout,B21,Sicilian Defense Smith Morra Gambit 2...cxd4 3.Qxd4 Nc6,Sicilian Defense Smith Morra Gambit,93,47,e4,False,,,2026-04-11 04:17:14+00:00,Saturday,4
f4864442-3558-11f1-aa68-e459e801000f,https://www.chess.com/game/live/167146750366,2026-04-11 03:46:00+00:00,rapid,600,True,white,nagendra70,1251,1224,27,win,Resignation,B01,Scandinavian Defense Mieses Kotrc Variation 3.Nc3 Qd8 4.d4 Nf6 5.Nf3,Scandinavian Defense Mieses Kotrc Variation,73,37,e4,True,kingside,18.0,2026-04-11 06:46:00+00:00,Saturday,6
4b70ac40-355a-11f1-96b0-d5a12501000f,https://www.chess.com/game/live/167146962770,2026-04-11 03:55:35+00:00,rapid,600,True,white,LawrenceRodq,1243,1243,0,loss,Checkmate,B50,Sicilian Defense 2.Nf3 d6 3.d4,Sicilian Defense,132,66,e4,True,queenside,8.0,2026-04-11 06:55:35+00:00,Saturday,6
2deacff1-355d-11f1-977c-5b704c01000f,https://www.chess.com/game/live/167147419398,2026-04-11 04:16:14+00:00,rapid,600,True,black,bucksin6_21,1251,1214,37,win,Resignation,C57,Italian Game Knight Attack Normal Variation 5.exd5,Italian Game Knight Attack Normal Variation,28,14,e5,False,,,2026-04-11 07:16:14+00:00,Saturday,7
e5744930-355d-11f1-96b0-d5a12501000f,https://www.chess.com/game/live/167147533938,2026-04-11 04:21:22+00:00,rapid,600,True,white,Swampy_27,1259,1247,12,win,Checkmate,C48,Four Knights Game Spanish Variation Classical Variation,Four Knights Game Spanish Variation Classical Variation,115,58,e4,True,queenside,11.0,2026-04-11 07:21:22+00:00,Saturday,7
3885b49c-360c-11f1-aa68-e459e801000f,https://www.chess.com/game/live/167187769122,2026-04-12 01:09:14+00:00,rapid,600,True,white,Mathius82,1251,1270,-19,loss,Checkmate,A04,Reti Opening Queenside Fianchetto Variation 2.e4 Bb7 3.Nc3,Reti Opening Queenside Fianchetto Variation,98,49,e4,False,,,2026-04-12 04:09:14+00:00,Sunday,4
e5709009-360d-11f1-aa68-e459e801000f,https://www.chess.com/game/live/167188023764,2026-04-12 01:21:13+00:00,rapid,600,True,black,Yarzam11,1243,1250,-7,loss,Checkmate,C24,Bishops Opening Berlin Defense,Bishops Opening Berlin Defense,147,74,e5,True,kingside,5.0,2026-04-12 04:21:13+00:00,Sunday,4
28f3aa1b-3610-11f1-977c-5b704c01000f,https://www.chess.com/game/live/167188365514,2026-04-12 01:37:25+00:00,rapid,600,True,black,Darumi,1235,1272,-37,loss,Checkmate,A03,Birds Opening Dutch Variation 2.Nf3,Birds Opening Dutch Variation,65,33,d5,True,kingside,15.0,2026-04-12 04:37:25+00:00,Sunday,4
697a6973-3611-11f1-977c-5b704c01000f,https://www.chess.com/game/live/167188556026,2026-04-12 01:46:23+00:00,rapid,600,True,black,Himanta666,1243,1226,17,win,Checkmate,C36,Kings Gambit Accepted Modern Defense,Kings Gambit Accepted Modern Defense,36,18,e5,True,queenside,12.0,2026-04-12 04:46:23+00:00,Sunday,4
1d96f6b4-3612-11f1-96b0-d5a12501000f,https://www.chess.com/game/live/167188663428,2026-04-12 01:51:25+00:00,rapid,600,True,white,Maistorcu,1235,1268,-33,loss,Resignation,B21,Sicilian Defense Smith Morra Gambit 2...cxd4 3.Qxd4 Nc6,Sicilian Defense Smith Morra Gambit,86,43,e4,True,kingside,7.0,2026-04-12 04:51:25+00:00,Sunday,4
8fd7ba3e-3671-11f1-977c-5b704c01000f,https://www.chess.com/game/live/167207969760,2026-04-12 13:14:39+00:00,rapid,600,True,white,evgeniise,1227,1260,-33,loss,Checkmate,C62,Ruy Lopez Opening Old Steinitz Defense 4.d4 Bd7,Ruy Lopez Opening Old Steinitz Defense,68,34,e4,True,kingside,14.0,2026-04-12 16:14:39+00:00,Sunday,16
d986ae63-3672-11f1-9b18-55465201000f,https://www.chess.com/game/live/167208316192,2026-04-12 13:23:52+00:00,rapid,600,True,black,Sofia_Nicole,1219,1222,-3,loss,Checkmate,C24,Bishops Opening Berlin Defense,Bishops Opening Berlin Defense,173,87,e5,True,queenside,10.0,2026-04-12 16:23:52+00:00,Sunday,16
1138823b-3677-11f1-8ad1-a6216201000f,https://www.chess.com/game/live/167209477312,2026-04-12 13:54:04+00:00,rapid,600,True,black,memo2864,1211,1218,-7,loss,Resignation,C57,Italian Game Knight Attack Normal Variation 5.exd5,Italian Game Knight Attack Normal Variation,63,32,e5,False,,,2026-04-12 16:54:04+00:00,Sunday,16
fc37d529-367f-11f1-aa68-e459e801000f,https://www.chess.com/game/live/167211988020,2026-04-12 14:57:54+00:00,rapid,600,True,white,JAMMER182,1220,1224,-4,win,Resignation,C48,Four Knights Game Spanish Variation 4...d6,Four Knights Game Spanish Variation,85,43,e4,False,,,2026-04-12 17:57:54+00:00,Sunday,17
21186dd0-36b7-11f1-8ad1-a6216201000f,https://www.chess.com/game/live/167227170298,2026-04-12 21:32:38+00:00,rapid,600,True,white,bharatjaiswal,1228,1212,16,win,Checkmate,C25,Vienna Game Anderssen Defense 3.Nf3 d6,Vienna Game Anderssen Defense,27,14,e4,True,kingside,5.0,2026-04-13 00:32:38+00:00,Monday,0
632f38a7-36b7-11f1-977c-5b704c01000f,https://www.chess.com/game/live/167227225576,2026-04-12 21:34:29+00:00,rapid,600,True,black,Yon_shi,1220,1231,-11,loss,Checkmate,C55,Italian Game Two Knights Defense 4.O O Nxe4,Italian Game Two Knights Defense,97,49,e5,True,queenside,9.0,2026-04-13 00:34:29+00:00,Monday,0
5a00afb7-36b9-11f1-aa68-e459e801000f,https://www.chess.com/game/live/167227638074,2026-04-12 21:48:33+00:00,rapid,600,True,black,ggking99,1212,1220,-8,loss,Resignation,C45,Scotch Game 3...exd4 4.Nxd4 Nxd4 5.Qxd4,Scotch Game,36,18,e5,True,queenside,18.0,2026-04-13 00:48:33+00:00,Monday,0
645b7c42-36ba-11f1-96b0-d5a12501000f,https://www.chess.com/game/live/167227851116,2026-04-12 21:56:00+00:00,rapid,600,True,black,daddylonglegs393,1204,1215,-11,loss,Resignation,C47,Four Knights Game Italian Variation...5.Nxe4 d5 6.Bd3 dxe4 7.Bxe4,Four Knights Game Italian Variation...5.Nxe4 d5,41,21,e5,True,kingside,19.0,2026-04-13 00:56:00+00:00,Monday,0
2887f97f-36bb-11f1-977c-5b704c01000f,https://www.chess.com/game/live/167228003066,2026-04-12 22:01:29+00:00,rapid,600,True,white,AustennRobb,1196,1199,-3,loss,Resignation,B18,Caro Kann Defense Classical Variation,Caro Kann Defense Classical Variation,33,17,e4,True,kingside,15.0,2026-04-13 01:01:29+00:00,Monday,1
22047d44-36c6-11f1-aa68-e459e801000f,https://www.chess.com/game/live/167229956454,2026-04-12 23:20:02+00:00,rapid,600,True,black,WorstFriend_It,1204,1182,22,win,Checkmate,C20,Kings Pawn Opening 1...e5,Kings Pawn Opening,100,50,e5,False,,,2026-04-13 02:20:02+00:00,Monday,2
ae6237df-36c7-11f1-977c-5b704c01000f,https://www.chess.com/game/live/167230207982,2026-04-12 23:31:07+00:00,rapid,600,True,white,not_Invincible,1211,1175,36,win,Resignation,B18,Caro Kann Defense Classical Variation,Caro Kann Defense Classical Variation,33,17,e4,True,kingside,12.0,2026-04-13 02:31:07+00:00,Monday,2
a3273263-36c8-11f1-aa68-e459e801000f,https://www.chess.com/game/live/167230361584,2026-04-12 23:37:58+00:00,rapid,600,True,white,iamnitinn,1219,1203,16,win,Resignation,C46,Three Knights Opening 3...Bb4,Three Knights Opening,51,26,e4,True,kingside,12.0,2026-04-13 02:37:58+00:00,Monday,2
75567565-36ca-11f1-aa68-e459e801000f,https://www.chess.com/game/live/167230652266,2026-04-12 23:51:00+00:00,rapid,600,True,black,c4asq,1211,1247,-36,loss,Resignation,D20,Queens Gambit Accepted Central Variation Alekhine System 4.e5,Queens Gambit Accepted Central Variation Alekhine System,58,29,d5,True,queenside,15.0,2026-04-13 02:51:00+00:00,Monday,2
23760042-36cc-11f1-aa68-e459e801000f,https://www.chess.com/game/live/167230916582,2026-04-13 00:03:02+00:00,rapid,600,True,black,0622onepiece,1203,1225,-22,loss,Checkmate,A16,English Opening Anglo Indian Anglo Grunfeld Defense 3.cxd5 Nxd5 4.g3 Nxc3 5.bxc3,English Opening Anglo Indian Anglo Grunfeld Defense,57,29,d5,True,queenside,8.0,2026-04-13 03:03:02+00:00,Monday,3
ed77c12d-36cd-11f1-aa68-e459e801000f,https://www.chess.com/game/live/167231196300,2026-04-13 00:15:50+00:00,rapid,600,True,white,ChessMaster8075,1195,1222,-27,loss,Resignation,B15,Caro Kann Defense Main Line 4...Nf6,Caro Kann Defense Main Line,56,28,e4,True,kingside,9.0,2026-04-13 03:15:50+00:00,Monday,3
a483fea8-36cf-11f1-aa68-e459e801000f,https://www.chess.com/game/live/167231461750,2026-04-13 00:28:07+00:00,rapid,600,True,white,GRock1970,1203,1184,19,win,Checkmate,C47,Four Knights Game Scotch Variation 4...Bb4,Four Knights Game Scotch Variation,27,14,e4,False,,,2026-04-13 03:28:07+00:00,Monday,3
3aa18f96-36d0-11f1-977c-5b704c01000f,https://www.chess.com/game/live/167231552046,2026-04-13 00:32:19+00:00,rapid,600,True,black,Harrymagicworld,1211,1212,-1,win,Resignation,C45,Scotch Game 3...exd4 4.Nxd4 Nxd4 5.Qxd4,Scotch Game,38,19,e5,True,kingside,11.0,2026-04-13 03:32:19+00:00,Monday,3
3ba80dfb-36d1-11f1-aa68-e459e801000f,https://www.chess.com/game/live/167231705846,2026-04-13 00:39:30+00:00,rapid,600,True,black,master_chewws,1203,1237,-34,loss,Checkmate,C20,Kings Pawn Opening 1...e5,Kings Pawn Opening,93,47,e5,True,kingside,16.0,2026-04-13 03:39:30+00:00,Monday,3
386134e9-36d3-11f1-96b0-d5a12501000f,https://www.chess.com/game/live/167232009398,2026-04-13 00:53:43+00:00,rapid,600,True,black,Khanqj,1211,1204,7,win,Checkmate,C60,Ruy Lopez Opening,Ruy Lopez Opening,66,33,e5,True,kingside,13.0,2026-04-13 03:53:43+00:00,Monday,3
f77c6577-36d3-11f1-977c-5b704c01000f,https://www.chess.com/game/live/167232123364,2026-04-13 00:59:04+00:00,rapid,600,True,white,erikarmy,1203,1206,-3,loss,Resignation,B15,Caro Kann Defense 2.d4 d5 3.Nc3,Caro Kann Defense,41,21,e4,True,queenside,13.0,2026-04-13 03:59:04+00:00,Monday,3
f570730c-36d4-11f1-96b0-d5a12501000f,https://www.chess.com/game/live/167232274118,2026-04-13 01:06:10+00:00,rapid,600,True,white,larpped,1195,1204,-9,loss,Resignation,B01,Scandinavian Defense Mieses Kotrc Variation 3.Nc3 Qe5,Scandinavian Defense Mieses Kotrc Variation,33,17,e4,False,,,2026-04-13 04:06:10+00:00,Monday,4
327d2cb2-370e-11f1-96b0-d5a12501000f,https://www.chess.com/game/live/167241628002,2026-04-13 07:55:54+00:00,rapid,600,True,black,Eneuve,1203,1204,-1,win,Resignation,D02,Queens Pawn Opening Zukertort Chigorin Variation 3.Bf4 Nf6,Queens Pawn Opening Zukertort Chigorin Variation,98,49,d5,True,kingside,18.0,2026-04-13 10:55:54+00:00,Monday,10
27f2a6a4-3724-11f1-8f2d-0848f301000f,https://www.chess.com/game/live/167246376836,2026-04-13 10:33:05+00:00,rapid,600,True,white,aafffa,1195,1227,-32,loss,Checkmate,C00,French Defense Knight Variation 2...d5 3.exd5,French Defense Knight Variation,102,51,e4,True,queenside,8.0,2026-04-13 13:33:05+00:00,Monday,13
d70bde7e-3726-11f1-977c-5b704c01000f,https://www.chess.com/game/live/167247028278,2026-04-13 10:52:18+00:00,rapid,600,True,black,Martini2392,1187,1192,-5,loss,Resignation,D07,Queens Gambit Declined Chigorin Defense 3.Nc3 dxc4 4.d5 Ne5,Queens Gambit Declined Chigorin Defense,31,16,d5,False,,,2026-04-13 13:52:18+00:00,Monday,13
63373326-3727-11f1-aa68-e459e801000f,https://www.chess.com/game/live/167247162714,2026-04-13 10:56:13+00:00,rapid,600,True,white,pavelchaba26,1179,1209,-30,loss,Checkmate,C46,Three Knights Opening,Three Knights Opening,78,39,e4,True,queenside,9.0,2026-04-13 13:56:13+00:00,Monday,13
c054dd89-3729-11f1-aa68-e459e801000f,https://www.chess.com/game/live/167247745138,2026-04-13 11:13:08+00:00,rapid,600,True,black,Brain_Fisher,1170,1166,4,loss,Checkmate,C57,Italian Game Knight Attack Normal Variation 5.exd5,Italian Game Knight Attack Normal Variation,57,29,e5,True,queenside,9.0,2026-04-13 14:13:08+00:00,Monday,14
3774c132-3747-11f1-8ce8-d6568601000f,https://www.chess.com/game/live/167256046080,2026-04-13 14:44:03+00:00,rapid,600,True,white,Thakhinmyo,1162,1185,-23,loss,Resignation,C46,Three Knights Opening,Three Knights Opening,31,16,e4,True,kingside,16.0,2026-04-13 17:44:03+00:00,Monday,17
f28af67b-3784-11f1-977c-5b704c01000f,https://www.chess.com/game/live/167274082924,2026-04-13 22:05:56+00:00,rapid,600,True,black,BigJohnStu,1170,1168,2,win,Checkmate,C47,Four Knights Game Gunsberg Variation,Four Knights Game Gunsberg Variation,124,62,e5,True,kingside,11.0,2026-04-14 01:05:56+00:00,Tuesday,1
29dd3feb-37e5-11f1-977c-5b704c01000f,https://www.chess.com/game/live/167291570142,2026-04-14 09:34:41+00:00,rapid,600,True,white,girishmasti,1178,1141,37,win,Checkmate,C41,Philidor Defense Exchange Larsen Variation 5.Nc3 Bg7,Philidor Defense Exchange Larsen Variation,83,42,e4,True,queenside,13.0,2026-04-14 12:34:41+00:00,Tuesday,12
dc85d487-37e6-11f1-b011-b5e2bf01000f,https://www.chess.com/game/live/167291964216,2026-04-14 09:46:50+00:00,rapid,600,True,black,MasterMiles0106,1186,1191,-5,win,Checkmate,C48,Four Knights Game Spanish Variation,Four Knights Game Spanish Variation,28,14,e5,True,queenside,9.0,2026-04-14 12:46:50+00:00,Tuesday,12
66160c10-37e7-11f1-aa68-e459e801000f,https://www.chess.com/game/live/167292090444,2026-04-14 09:50:41+00:00,rapid,600,True,white,erikHolmes,1194,1164,30,win,Checkmate,C46,Three Knights Opening,Three Knights Opening,41,21,e4,True,queenside,12.0,2026-04-14 12:50:41+00:00,Tuesday,12
fc533385-37e7-11f1-977c-5b704c01000f,https://www.chess.com/game/live/167292228718,2026-04-14 09:54:53+00:00,rapid,600,True,black,erikHolmes,1185,1173,12,loss,Checkmate,C24,Bishops Opening Berlin Defense 3.d3 d5 4.exd5 Nxd5,Bishops Opening Berlin Defense,59,30,e5,True,queenside,11.0,2026-04-14 12:54:53+00:00,Tuesday,12
2dbbb901-37ed-11f1-96b0-d5a12501000f,https://www.chess.com/game/live/167293471958,2026-04-14 10:32:03+00:00,rapid,600,True,white,Aarumugam6,1193,1191,2,win,Abandoned,C46,Three Knights Opening 3...Bc5 4.Nxe5 Nxe5 5.d4,Three Knights Opening,63,32,e4,True,queenside,12.0,2026-04-14 13:32:03+00:00,Tuesday,13
9d3a65dd-37ee-11f1-aa68-e459e801000f,https://www.chess.com/game/live/167293828594,2026-04-14 10:42:20+00:00,rapid,600,True,white,RB120700,1185,1195,-10,loss,Checkmate,B01,Scandinavian Defense Mieses Kotrc Main Line 4.d4 Nf6 5.Nf3 c6,Scandinavian Defense Mieses Kotrc Main Line,34,17,e4,True,kingside,9.0,2026-04-14 13:42:20+00:00,Tuesday,13
9ca582d2-37ef-11f1-b394-52dda301000f,https://www.chess.com/game/live/167294077738,2026-04-14 10:49:29+00:00,rapid,600,True,black,nathanmoore10,1193,1187,6,win,Resignation,D04,Colle System,Colle System,64,32,d5,True,kingside,10.0,2026-04-14 13:49:29+00:00,Tuesday,13
5ac48376-37f1-11f1-b394-52dda301000f,https://www.chess.com/game/live/167294515276,2026-04-14 11:01:57+00:00,rapid,600,True,white,frankie1111122,1185,1187,-2,loss,Resignation,C40,Kings Pawn Opening Kings Knight Variation,Kings Pawn Opening Kings Knight Variation,14,7,e4,False,,,2026-04-14 14:01:57+00:00,Tuesday,14
1f5312ed-3846-11f1-96b0-d5a12501000f,https://www.chess.com/game/live/167318969598,2026-04-14 21:08:45+00:00,rapid,600,True,black,DavidGabrielli,1177,1182,-5,loss,Resignation,C65,Ruy Lopez Opening Berlin Beverwijk Variation,Ruy Lopez Opening Berlin Beverwijk Variation,73,37,e5,True,kingside,7.0,2026-04-15 00:08:45+00:00,Wednesday,0
f8c34cb3-38c4-11f1-96b0-d5a12501000f,https://www.chess.com/game/live/167343216766,2026-04-15 12:16:46+00:00,rapid,600,True,black,Mazen_Hossam,1184,1148,36,win,Abandoned,C42,Petrovs Defense 3.d3 Nc6,Petrovs Defense,66,33,e5,True,kingside,7.0,2026-04-15 15:16:46+00:00,Wednesday,15
65fc0023-38c6-11f1-9f8e-b2298901000f,https://www.chess.com/game/live/167343603956,2026-04-15 12:26:59+00:00,rapid,600,True,white,sigid1984,1192,1164,28,win,Checkmate,C40,Kings Pawn Opening Kings Knight Variation,Kings Pawn Opening Kings Knight Variation,13,7,e4,False,,,2026-04-15 15:26:59+00:00,Wednesday,15
a8c55293-38c6-11f1-977c-5b704c01000f,https://www.chess.com/game/live/167343674244,2026-04-15 12:28:51+00:00,rapid,600,True,black,BELETEBELACHEW,1185,1223,-38,loss,Checkmate,C20,Kings Pawn Opening 1...e5,Kings Pawn Opening,83,42,e5,True,queenside,15.0,2026-04-15 15:28:51+00:00,Wednesday,15
951b60f6-38c8-11f1-9f8e-b2298901000f,https://www.chess.com/game/live/167344201374,2026-04-15 12:42:37+00:00,rapid,600,True,white,mushimushimushi,1177,1172,5,loss,Resignation,B15,Caro Kann Defense 2.d4 d5 3.Nc3,Caro Kann Defense,90,45,e4,True,queenside,8.0,2026-04-15 15:42:37+00:00,Wednesday,15
8af57f56-38ca-11f1-977c-5b704c01000f,https://www.chess.com/game/live/167344744146,2026-04-15 12:56:39+00:00,rapid,600,True,white,RosVoaL,1185,1154,31,win,Resignation,C46,Three Knights Opening 3...Bc5 4.Nxe5,Three Knights Opening,28,14,e4,True,kingside,7.0,2026-04-15 15:56:39+00:00,Wednesday,15
b668e42c-38cb-11f1-9313-7f2cd701000f,https://www.chess.com/game/live/167345069044,2026-04-15 13:05:01+00:00,rapid,600,True,white,wizard7875,1193,1185,8,win,Resignation,C47,Four Knights Game Scotch Variation Accepted 5.Nxd4,Four Knights Game Scotch Variation Accepted,41,21,e4,True,queenside,13.0,2026-04-15 16:05:01+00:00,Wednesday,16
9ad8cf90-38cc-11f1-a3da-47eca701000f,https://www.chess.com/game/live/167345321762,2026-04-15 13:11:24+00:00,rapid,600,True,black,SelimNiktul,1185,1210,-25,loss,Resignation,D02,Queens Pawn Opening Zukertort Chigorin Variation 3.e3,Queens Pawn Opening Zukertort Chigorin Variation,35,18,d5,False,,,2026-04-15 16:11:24+00:00,Wednesday,16
3f3169dc-38cd-11f1-9f8e-b2298901000f,https://www.chess.com/game/live/167345504362,2026-04-15 13:16:00+00:00,rapid,600,True,black,sayedabdelbary,1192,1156,36,win,Resignation,A01,Nimzowitsch Larsen Attack Classical Variation 2.e3 e5 3.Bb2,Nimzowitsch Larsen Attack Classical Variation,24,12,e5,False,,,2026-04-15 16:16:00+00:00,Wednesday,16
9f2159d3-38cd-11f1-a3da-47eca701000f,https://www.chess.com/game/live/167345611156,2026-04-15 13:18:41+00:00,rapid,600,True,black,OutaDaChettoIntoDaFire,1200,1164,36,win,Resignation,C65,Ruy Lopez Opening Berlin Defense 4.d3,Ruy Lopez Opening Berlin Defense,72,36,e5,True,kingside,7.0,2026-04-15 16:18:41+00:00,Wednesday,16
1ad92504-38cf-11f1-a3da-47eca701000f,https://www.chess.com/game/live/167346037598,2026-04-15 13:29:18+00:00,rapid,600,True,white,Zhaxx03,1192,1218,-26,loss,Resignation,C47,Four Knights Game Scotch Variation Accepted 5.Nxd4 Bc5 6.Nxc6 bxc6,Four Knights Game Scotch Variation Accepted,22,11,e4,False,,,2026-04-15 16:29:18+00:00,Wednesday,16
83a4d741-38cf-11f1-977c-5b704c01000f,https://www.chess.com/game/live/167346154718,2026-04-15 13:32:14+00:00,rapid,600,True,black,steve2538,1200,1197,3,win,Checkmate,C23,Bishops Opening 2...Nc6 3.d3 Nf6,Bishops Opening,128,64,e5,True,queenside,16.0,2026-04-15 16:32:14+00:00,Wednesday,16
f1365a87-38d0-11f1-aa68-e459e801000f,https://www.chess.com/game/live/167346569310,2026-04-15 13:42:27+00:00,rapid,600,True,black,Culchie66,1192,1191,1,loss,Checkmate,C55,Italian Game Two Knights Modern Bishops Opening 4...d5 5.exd5 Nxd5 6.O O,Italian Game Two Knights Modern Bishops Opening,93,47,e5,True,kingside,12.0,2026-04-15 16:42:27+00:00,Wednesday,16
436ec13a-38d4-11f1-9fe0-03b62601000f,https://www.chess.com/game/live/167347538842,2026-04-15 14:06:14+00:00,rapid,600,True,black,Thenoblessey,1192,100,1092,win,Checkmate,C47,Four Knights Game Italian Variation 4...Nxe4 5.Nxe4 d5,Four Knights Game Italian Variation,98,49,e5,True,queenside,8.0,2026-04-15 17:06:14+00:00,Wednesday,17
e0578f59-38d5-11f1-aa68-e459e801000f,https://www.chess.com/game/live/167348015590,2026-04-15 14:17:46+00:00,rapid,600,True,white,tkfpc,1184,1199,-15,loss,Resignation,C46,Three Knights Opening 3...Bc5 4.Nxe5,Three Knights Opening,45,23,e4,False,,,2026-04-15 17:17:46+00:00,Wednesday,17
97463e7f-3917-11f1-96b0-d5a12501000f,https://www.chess.com/game/live/167366300824,2026-04-15 22:08:11+00:00,rapid,600,True,white,Beltboyback,1184,1170,14,draw,Repetition,C47,Four Knights Game Scotch Variation Accepted 5.Nxd4,Four Knights Game Scotch Variation Accepted,175,88,e4,True,queenside,13.0,2026-04-16 01:08:11+00:00,Thursday,1
c2f7b953-391f-11f1-96b0-d5a12501000f,https://www.chess.com/game/live/167367810016,2026-04-15 23:06:40+00:00,rapid,600,True,black,tranquilhippy,1178,1290,-112,loss,Resignation,C67,Ruy Lopez Opening Berlin Rio Gambit Accepted 5.Re1,Ruy Lopez Opening Berlin Rio Gambit Accepted,29,15,e5,True,kingside,8.0,2026-04-16 02:06:40+00:00,Thursday,2
631fefe0-3920-11f1-96b0-d5a12501000f,https://www.chess.com/game/live/167367917074,2026-04-15 23:11:09+00:00,rapid,600,True,white,Wvittek,1170,1193,-23,loss,Checkmate,C46,Three Knights Opening 3...Bc5 4.Nxe5 Nxe5 5.d4,Three Knights Opening,48,24,e4,True,kingside,13.0,2026-04-16 02:11:09+00:00,Thursday,2
6f8cf9e6-3921-11f1-977c-5b704c01000f,https://www.chess.com/game/live/167368093420,2026-04-15 23:18:39+00:00,rapid,600,True,white,ESWN,1162,1160,2,loss,Checkmate,B23,Closed Sicilian Defense Traditional Line 3.Bb5 e6 4.Bxc6 bxc6,Closed Sicilian Defense Traditional Line,42,21,e4,True,queenside,13.0,2026-04-16 02:18:39+00:00,Thursday,2
d4a2d7b9-3973-11f1-a550-663b5e01000f,https://www.chess.com/game/live/167382167972,2026-04-16 09:08:27+00:00,rapid,600,True,black,srs_raf,1154,1177,-23,loss,Checkmate,C25,Vienna Game,Vienna Game,43,22,e5,True,kingside,6.0,2026-04-16 12:08:27+00:00,Thursday,12
c5326cc0-397c-11f1-85c3-06d8cc01000f,https://www.chess.com/game/live/167384161584,2026-04-16 10:12:27+00:00,rapid,600,True,black,Sanya1005,1162,1127,35,win,Resignation,A06,Reti Opening 1...d5,Reti Opening,82,41,d5,True,queenside,10.0,2026-04-16 13:12:27+00:00,Thursday,13
8eb85426-398e-11f1-8be1-cde4dd01000f,https://www.chess.com/game/live/167388636832,2026-04-16 12:19:46+00:00,rapid,600,True,white,bottom321,1170,1145,25,win,Resignation,C40,Kings Pawn Opening Kings Knight Variation,Kings Pawn Opening Kings Knight Variation,13,7,e4,False,,,2026-04-16 15:19:46+00:00,Thursday,15
d47da805-398e-11f1-a550-663b5e01000f,https://www.chess.com/game/live/167388710104,2026-04-16 12:21:43+00:00,rapid,600,True,white,Ovidiumoldovan1313,1178,1156,22,win,Resignation,C41,Philidor Defense 3.Nc3,Philidor Defense,105,53,e4,True,queenside,11.0,2026-04-16 15:21:43+00:00,Thursday,15
876a7ca0-3991-11f1-b3c2-6b70b201000f,https://www.chess.com/game/live/167389447160,2026-04-16 12:41:03+00:00,rapid,600,True,black,lillejhs,1186,1150,36,win,Resignation,C55,Italian Game Two Knights Modern Bishops Opening 4...d5 5.exd5 Nxd5,Italian Game Two Knights Modern Bishops Opening,28,14,e5,True,queenside,10.0,2026-04-16 15:41:03+00:00,Thursday,15
45d34b79-399d-11f1-aa31-a1273801000f,https://www.chess.com/game/live/167392831186,2026-04-16 14:05:06+00:00,rapid,600,True,black,dielnascimento57hotmailco,1186,1183,3,draw,Stalemate,C43,Petrovs Defense Steinitz Attack Symmetrical Center Variation Murey Variation 5.dxe5,Petrovs Defense Steinitz Attack Symmetrical Center Variation Murey Variation,110,55,e5,True,queenside,11.0,2026-04-16 17:05:06+00:00,Thursday,17
af1ff444-39a5-11f1-b3c2-6b70b201000f,https://www.chess.com/game/live/167395393040,2026-04-16 15:05:19+00:00,rapid,600,True,white,Shulginfw,1178,1183,-5,loss,Timeout,C46,Three Knights Opening 3...Bb4,Three Knights Opening,36,18,e4,True,kingside,14.0,2026-04-16 18:05:19+00:00,Thursday,18
acb72013-39a7-11f1-85c3-06d8cc01000f,https://www.chess.com/game/live/167396007088,2026-04-16 15:19:34+00:00,rapid,600,True,black,CodeQuentum,1170,1180,-10,loss,Resignation,D24,Queens Gambit Accepted Showalter Variation,Queens Gambit Accepted Showalter Variation,33,17,d5,False,,,2026-04-16 18:19:34+00:00,Thursday,18
dd52efd7-3a5f-11f1-afaa-f6431301000f,https://www.chess.com/game/live/167437216094,2026-04-17 13:18:03+00:00,rapid,600,True,black,lowkeyrow,1162,1186,-24,loss,Resignation,C55,Italian Game Two Knights Modern Bishops Opening 4...d5,Italian Game Two Knights Modern Bishops Opening,71,36,e5,False,,,2026-04-17 16:18:03+00:00,Friday,16
00170df0-3a63-11f1-9257-ab560d01000f,https://www.chess.com/game/live/167438156712,2026-04-17 13:40:30+00:00,rapid,600,True,white,IFeelLikePawnblo,1170,1146,24,win,Abandoned,C42,Petrovs Defense Classical Variation,Petrovs Defense Classical Variation,65,33,e4,True,kingside,7.0,2026-04-17 16:40:30+00:00,Friday,16
0c04446a-3a65-11f1-afaa-f6431301000f,https://www.chess.com/game/live/167438781292,2026-04-17 13:55:09+00:00,rapid,600,True,white,KevinLourd,1162,1179,-17,loss,Checkmate,B01,Scandinavian Defense,Scandinavian Defense,52,26,e4,True,kingside,13.0,2026-04-17 16:55:09+00:00,Friday,16
5a51eabe-3a92-11f1-8849-28ad8d01000f,https://www.chess.com/game/live/167452663890,2026-04-17 19:19:28+00:00,rapid,600,True,white,Blanmi,1170,1140,30,win,Resignation,C45,Scotch Game 3...exd4 4.Nxd4 d6 5.Nc3,Scotch Game,29,15,e4,True,queenside,12.0,2026-04-17 22:19:28+00:00,Friday,22
ce4a5485-3a92-11f1-936c-2e0a7901000f,https://www.chess.com/game/live/167452790518,2026-04-17 19:22:42+00:00,rapid,600,True,black,Carbulensis,1178,1165,13,win,Resignation,C47,Four Knights Game Gunsberg Variation 4...d5,Four Knights Game Gunsberg Variation,38,19,e5,True,queenside,8.0,2026-04-17 22:22:42+00:00,Friday,22
a905a9db-3a93-11f1-b479-55d19e01000f,https://www.chess.com/game/live/167453026776,2026-04-17 19:28:49+00:00,rapid,600,True,black,Renp512332,1186,1163,23,win,Resignation,C45,Scotch Game Scotch Gambit 4...d6 5.Nxd4 Nf6 6.Nc3,Scotch Game Scotch Gambit,54,27,e5,False,,,2026-04-17 22:28:49+00:00,Friday,22
8d6b8d65-3a95-11f1-a3db-5b0df601000f,https://www.chess.com/game/live/167453546784,2026-04-17 19:42:22+00:00,rapid,600,True,black,Atky74,1178,1176,2,loss,Checkmate,C47,Four Knights Game,Four Knights Game,47,24,e5,True,kingside,16.0,2026-04-17 22:42:22+00:00,Friday,22
940de589-3a96-11f1-b479-55d19e01000f,https://www.chess.com/game/live/167453826420,2026-04-17 19:49:42+00:00,rapid,600,True,white,blue_0n,1187,1193,-6,win,Resignation,B13,Caro Kann Defense Exchange Variation 3...cxd5,Caro Kann Defense Exchange Variation,63,32,e4,True,queenside,9.0,2026-04-17 22:49:42+00:00,Friday,22
eb59329d-3a97-11f1-8849-28ad8d01000f,https://www.chess.com/game/live/167454184442,2026-04-17 19:59:18+00:00,rapid,600,True,white,Dennis454545,1195,1195,0,win,Checkmate,B00,Nimzowitsch Defense Declined,Nimzowitsch Defense Declined,65,33,e4,True,queenside,13.0,2026-04-17 22:59:18+00:00,Friday,22
f9bd2b0b-3a98-11f1-a0f1-86ad2101000f,https://www.chess.com/game/live/167454461630,2026-04-17 20:06:52+00:00,rapid,600,True,black,Sseewwrr,1187,1190,-3,loss,Resignation,A07,Kings Indian Attack...3.Bg2 e5 4.d3 Nf6 5.O O,Kings Indian Attack...3.Bg2 e5,29,15,d5,False,,,2026-04-17 23:06:52+00:00,Friday,23
27eae9f3-3a99-11f1-8a79-430c5f01000f,https://www.chess.com/game/live/167454508996,2026-04-17 20:08:09+00:00,rapid,600,True,black,Salim1331,1179,1196,-17,loss,Checkmate,C55,Italian Game Two Knights Modern Bishops Opening 4...d5 5.exd5 Nxd5,Italian Game Two Knights Modern Bishops Opening,59,30,e5,False,,,2026-04-17 23:08:09+00:00,Friday,23
151fb5e1-3ab4-11f1-936c-2e0a7901000f,https://www.chess.com/game/live/167460350428,2026-04-17 23:20:54+00:00,rapid,600,True,white,Cyrano44,1187,1165,22,win,Checkmate,B07,Pirc Defense Modern Defense Geller System 2...Nf6 3.Nc3 e5 4.Bc4,Pirc Defense Modern Defense Geller System,99,50,e4,True,kingside,6.0,2026-04-18 02:20:54+00:00,Saturday,2
01a2c389-3b37-11f1-b35e-ec76d501000f,https://www.chess.com/game/live/167486941254,2026-04-18 14:58:06+00:00,rapid,600,True,white,Mola123456789,1179,1199,-20,loss,Checkmate,B01,Scandinavian Defense Mieses Kotrc Main Line Anderssen Goteborg System,Scandinavian Defense Mieses Kotrc Main Line Anderssen Goteborg System,142,71,e4,False,,,2026-04-18 17:58:06+00:00,Saturday,17
5597080b-3cbe-11f1-911e-d1608c01000f,https://www.chess.com/game/live/167572785958,2026-04-20 13:39:20+00:00,rapid,600,True,black,luciferGod98,1187,1164,23,win,Resignation,C42,Petrovs Defense 3.d3 Nc6,Petrovs Defense,78,39,e5,True,queenside,11.0,2026-04-20 16:39:20+00:00,Monday,16
a9ccfee7-3cbf-11f1-8a27-80708d01000f,https://www.chess.com/game/live/167573179678,2026-04-20 13:48:51+00:00,rapid,600,True,white,cnicolas1,1195,1186,9,win,Checkmate,C41,Philidor Defense 3.Nc3,Philidor Defense,109,55,e4,True,queenside,10.0,2026-04-20 16:48:51+00:00,Monday,16
7ad5ba83-3ccf-11f1-8849-28ad8d01000f,https://www.chess.com/game/live/167578062448,2026-04-20 15:42:04+00:00,rapid,600,True,black,ugbomacharles,1203,1178,25,win,Abandoned,C50,Giuoco Piano Game Giuoco Pianissimo Variation 4...Nf6,Giuoco Piano Game Giuoco Pianissimo Variation,44,22,e5,True,kingside,5.0,2026-04-20 18:42:04+00:00,Monday,18
c3a1c9c0-3cd0-11f1-936c-2e0a7901000f,https://www.chess.com/game/live/167578466142,2026-04-20 15:51:15+00:00,rapid,600,True,white,CamPain,1211,1191,20,win,Abandoned,B18,Caro Kann Defense Classical Variation,Caro Kann Defense Classical Variation,47,24,e4,True,kingside,20.0,2026-04-20 18:51:15+00:00,Monday,18
198c26c1-3cd2-11f1-911e-d1608c01000f,https://www.chess.com/game/live/167578890644,2026-04-20 16:00:49+00:00,rapid,600,True,white,shehan23,1211,1217,-6,draw,Repetition,B01,Scandinavian Defense Mieses Kotrc Main Line 4.d4 c6,Scandinavian Defense Mieses Kotrc Main Line,78,39,e4,True,kingside,15.0,2026-04-20 19:00:49+00:00,Monday,19
215ac33d-3cfb-11f1-a0f1-86ad2101000f,https://www.chess.com/game/live/167591302874,2026-04-20 20:54:32+00:00,rapid,600,True,black,kishorgohel,1203,1221,-18,loss,Checkmate,D02,Queens Pawn Opening Zukertort Chigorin Variation 3.Bf4 Nf6 4.e3,Queens Pawn Opening Zukertort Chigorin Variation,33,17,d5,True,queenside,15.0,2026-04-20 23:54:32+00:00,Monday,23
965cd50c-3cfb-11f1-a5ab-addcb201000f,https://www.chess.com/game/live/167591417696,2026-04-20 20:57:48+00:00,rapid,600,True,white,Phil75H,1211,1178,33,win,Resignation,B07,Pirc Defense Modern Defense Geller System 2...Nf6 3.Nc3 e5 4.Bc4,Pirc Defense Modern Defense Geller System,83,42,e4,True,kingside,21.0,2026-04-20 23:57:48+00:00,Monday,23
d4398dc0-3cfd-11f1-8849-28ad8d01000f,https://www.chess.com/game/live/167591965934,2026-04-20 21:13:51+00:00,rapid,600,True,black,coco_113,1203,1209,-6,loss,Checkmate,C36,Kings Gambit Accepted Modern Defense,Kings Gambit Accepted Modern Defense,129,65,e5,True,queenside,13.0,2026-04-21 00:13:51+00:00,Tuesday,0
46b9551f-3d8d-11f1-8849-28ad8d01000f,https://www.chess.com/game/live/167621595060,2026-04-21 14:20:41+00:00,rapid,600,True,white,budifaturochman,1211,1204,7,win,Timeout,C40,Kings Pawn Opening Kings Knight Variation,Kings Pawn Opening Kings Knight Variation,127,64,e4,True,queenside,9.0,2026-04-21 17:20:41+00:00,Tuesday,17
d506b482-3dd9-11f1-a0f1-86ad2101000f,https://www.chess.com/game/live/167642828682,2026-04-21 23:28:41+00:00,rapid,600,True,black,hadisulistyo,1203,1224,-21,loss,Checkmate,C20,Kings Pawn Opening 1...e5,Kings Pawn Opening,93,47,e5,True,kingside,4.0,2026-04-22 02:28:41+00:00,Wednesday,2
7eb0e446-3ddb-11f1-8849-28ad8d01000f,https://www.chess.com/game/live/167643106566,2026-04-21 23:40:35+00:00,rapid,600,True,white,jedibulldozer,1195,1217,-22,loss,Resignation,C02,French Defense Advance Steinitz Variation 4...Nc6 5.Nf3 Bxc5,French Defense Advance Steinitz Variation,44,22,e4,False,,,2026-04-22 02:40:35+00:00,Wednesday,2
60c26d18-3ddc-11f1-a0f1-86ad2101000f,https://www.chess.com/game/live/167643252838,2026-04-21 23:46:55+00:00,rapid,600,True,black,jazzysdad,1187,1187,0,loss,Resignation,C55,Italian Game Two Knights Defense,Italian Game Two Knights Defense,22,11,e5,False,,,2026-04-22 02:46:55+00:00,Wednesday,2
a4cbb8ba-3ddc-11f1-936c-2e0a7901000f,https://www.chess.com/game/live/167643296244,2026-04-21 23:48:49+00:00,rapid,600,True,white,Basiliobasa,1187,1201,-14,draw,Agreed draw,C46,Three Knights Opening...5.d4 Bd6 6.dxe5 Bxe5,Three Knights Opening...5.d4 Bd6,95,48,e4,True,kingside,9.0,2026-04-22 02:48:49+00:00,Wednesday,2
08d2306e-3ddf-11f1-a0f1-86ad2101000f,https://www.chess.com/game/live/167643682200,2026-04-22 00:05:56+00:00,rapid,600,True,white,philosophiaa12,1195,1168,27,win,Resignation,B15,Caro Kann Defense Main Line,Caro Kann Defense Main Line,53,27,e4,True,queenside,21.0,2026-04-22 03:05:56+00:00,Wednesday,3
5f850e3e-3de0-11f1-8849-28ad8d01000f,https://www.chess.com/game/live/167643896314,2026-04-22 00:15:30+00:00,rapid,600,True,black,MMatisse,1203,1177,26,win,Checkmate,D02,Queens Pawn Opening Zukertort Chigorin Variation 3.Bf4 Nf6 4.e3,Queens Pawn Opening Zukertort Chigorin Variation,68,34,d5,False,,,2026-04-22 03:15:30+00:00,Wednesday,3
1c14de46-3e88-11f1-945f-0a63fc01000f,https://www.chess.com/game/live/167683963000,2026-04-22 20:16:13+00:00,rapid,600,True,black,MattAkutsu82,1195,1232,-37,loss,Checkmate,D20,Queens Gambit Accepted 3.Nc3,Queens Gambit Accepted,133,67,d5,True,queenside,13.0,2026-04-22 23:16:13+00:00,Wednesday,23
788cbdfa-3f02-11f1-b81d-846f9301000f,https://www.chess.com/game/live/167707449762,2026-04-23 10:52:07+00:00,rapid,600,True,black,fatihaydin12,1203,1191,12,win,Resignation,C60,Ruy Lopez Opening,Ruy Lopez Opening,56,28,e5,True,kingside,26.0,2026-04-23 13:52:07+00:00,Thursday,13
deb9a080-3fdf-11f1-a3f9-c6287501000f,https://www.chess.com/game/live/167760054210,2026-04-24 13:16:57+00:00,rapid,600,True,white,nitu123456789,1203,1222,-19,draw,Repetition,C46,Three Knights Opening 3...Bc5 4.Nxe5 Nxe5 5.d4,Three Knights Opening,102,51,e4,True,queenside,14.0,2026-04-24 16:16:57+00:00,Friday,16
7518a38b-40a0-11f1-9b2b-95efea01000f,https://www.chess.com/game/live/167803860056,2026-04-25 12:15:32+00:00,rapid,600,True,white,adolfoapapucio,1211,1174,37,win,Resignation,C47,Four Knights Game Scotch Variation,Four Knights Game Scotch Variation,51,26,e4,True,kingside,12.0,2026-04-25 15:15:32+00:00,Saturday,15
2ece4c6c-418a-11f1-bdec-0f32dc01000f,https://www.chess.com/game/live/167858040558,2026-04-26 16:08:37+00:00,rapid,600,True,black,ToHa1712,1203,1240,-37,loss,Checkmate,C24,Bishops Opening Berlin Defense,Bishops Opening Berlin Defense,27,14,e5,False,,,2026-04-26 19:08:37+00:00,Sunday,19
ab3cb22b-418a-11f1-b9df-cd945801000f,https://www.chess.com/game/live/167858187536,2026-04-26 16:12:05+00:00,rapid,600,True,black,pacrev666,1195,1199,-4,loss,Resignation,D20,Queens Gambit Accepted Central Variation Modern Defense 4.d5 Ne5,Queens Gambit Accepted Central Variation Modern Defense,29,15,d5,False,,,2026-04-26 19:12:05+00:00,Sunday,19
92f81fd8-418b-11f1-b90b-29acff01000f,https://www.chess.com/game/live/167858461996,2026-04-26 16:18:34+00:00,rapid,600,True,white,kishore-777,1203,1205,-2,win,Checkmate,C47,Four Knights Game Scotch Variation Accepted 5.Nxd4 Bc5 6.Nxc6 bxc6,Four Knights Game Scotch Variation Accepted,59,30,e4,True,kingside,16.0,2026-04-26 19:18:34+00:00,Sunday,19
4e89f30c-41b7-11f1-8755-a6d30a01000f,https://www.chess.com/game/live/167870529710,2026-04-26 21:31:37+00:00,rapid,600,True,black,Izith,1211,1211,0,win,Resignation,D20,Queens Gambit Accepted Central Variation Alekhine System 4.Nc3,Queens Gambit Accepted Central Variation Alekhine System,57,29,d5,True,kingside,11.0,2026-04-27 00:31:37+00:00,Monday,0
811b64b4-41b8-11f1-b96b-314a9e01000f,https://www.chess.com/game/live/167870788280,2026-04-26 21:40:12+00:00,rapid,600,True,black,Rhartono14,1202,1195,7,loss,Resignation,C23,Bishops Opening 2...Nc6 3.d3 Nf6,Bishops Opening,51,26,e5,True,queenside,18.0,2026-04-27 00:40:12+00:00,Monday,0
20225805-41ba-11f1-a3f9-c6287501000f,https://www.chess.com/game/live/167871129988,2026-04-26 21:51:48+00:00,rapid,600,True,white,tingabell_lul,1194,1217,-23,loss,Resignation,C41,Philidor Defense Exchange Variation 4.Nxd4 Nf6 5.Nc3 Be7,Philidor Defense Exchange Variation,22,11,e4,True,queenside,8.0,2026-04-27 00:51:48+00:00,Monday,0
6832383d-41ba-11f1-8755-a6d30a01000f,https://www.chess.com/game/live/167871188414,2026-04-26 21:53:49+00:00,rapid,600,True,white,klapacius1101,1186,1200,-14,loss,Checkmate,C46,Three Knights Opening 3...Bb4 4.Nd5,Three Knights Opening,136,68,e4,True,kingside,8.0,2026-04-27 00:53:49+00:00,Monday,0
5668e607-422e-11f1-b96b-314a9e01000f,https://www.chess.com/game/live/167893054298,2026-04-27 11:43:41+00:00,rapid,600,True,white,onur598,1194,1184,10,win,Resignation,C46,Three Knights Opening,Three Knights Opening,50,25,e4,True,queenside,16.0,2026-04-27 14:43:41+00:00,Monday,14
97088532-422f-11f1-a4ab-7d29d501000f,https://www.chess.com/game/live/167893392600,2026-04-27 11:52:39+00:00,rapid,600,True,black,Qonkifaq,1202,1197,5,win,Resignation,C44,Kings Pawn Opening Kings Knight Variation 2...Nc6,Kings Pawn Opening Kings Knight Variation,54,27,e5,True,queenside,9.0,2026-04-27 14:52:39+00:00,Monday,14
6b89756e-4230-11f1-a3f9-c6287501000f,https://www.chess.com/game/live/167893617326,2026-04-27 11:58:35+00:00,rapid,600,True,white,proshka90,1194,1209,-15,loss,Checkmate,C42,Petrovs Defense Classical Damiano Variation Kholmov Gambit 5.Qxe4 d6,Petrovs Defense Classical Damiano Variation Kholmov Gambit,120,60,e4,True,kingside,13.0,2026-04-27 14:58:35+00:00,Monday,14
d633413b-4231-11f1-b96b-314a9e01000f,https://www.chess.com/game/live/167894001504,2026-04-27 12:08:44+00:00,rapid,600,True,black,proshka90,1186,1217,-31,loss,Resignation,C44,Kings Pawn Opening Kings Knight Variation 2...Nc6,Kings Pawn Opening Kings Knight Variation,19,10,e5,False,,,2026-04-27 15:08:44+00:00,Monday,15
22bd2176-4246-11f1-8755-a6d30a01000f,https://www.chess.com/game/live/167899951526,2026-04-27 14:34:02+00:00,rapid,600,True,white,vasu1906,1178,1206,-28,loss,Resignation,C45,Scotch Game 3...exd4 4.Nxd4 d6 5.Nc3,Scotch Game,52,26,e4,True,queenside,8.0,2026-04-27 17:34:02+00:00,Monday,17
6063a4a0-4247-11f1-9dca-5b043901000f,https://www.chess.com/game/live/167900336790,2026-04-27 14:42:55+00:00,rapid,600,True,black,Su-404,1178,1198,-20,draw,Repetition,C36,Kings Gambit Accepted Modern Defense,Kings Gambit Accepted Modern Defense,55,28,e5,False,,,2026-04-27 17:42:55+00:00,Monday,17
7720e96b-4248-11f1-a4ab-7d29d501000f,https://www.chess.com/game/live/167900678596,2026-04-27 14:50:43+00:00,rapid,600,True,black,pareshkar,1185,1148,37,win,Resignation,C26,Vienna Game Falkbeer Stanley Reversed Spanish Variation,Vienna Game Falkbeer Stanley Reversed Spanish Variation,50,25,e5,True,kingside,6.0,2026-04-27 17:50:43+00:00,Monday,17
1000dda9-4268-11f1-acd8-36ae8001000f,https://www.chess.com/game/live/167910799950,2026-04-27 18:36:53+00:00,rapid,600,True,white,wil_shakesphere,1193,1198,-5,win,Checkmate,C46,Three Knights Opening 3...Bc5 4.Nxe5 Nxe5 5.d4,Three Knights Opening,35,18,e4,True,queenside,10.0,2026-04-27 21:36:53+00:00,Monday,21
d9640a68-4268-11f1-a4ab-7d29d501000f,https://www.chess.com/game/live/167911045482,2026-04-27 18:42:31+00:00,rapid,600,True,black,wil_shakesphere,1185,1206,-21,loss,Checkmate,C24,Bishops Opening Berlin Defense 3.d3 Bc5,Bishops Opening Berlin Defense,45,23,e5,True,kingside,9.0,2026-04-27 21:42:31+00:00,Monday,21
f1f069a3-432d-11f1-8f8d-93d98c01000f,https://www.chess.com/game/live/167957480254,2026-04-28 18:13:23+00:00,rapid,600,True,white,PierreEmerick09,1177,1197,-20,loss,Checkmate,B02,Alekhines Defense Scandinavian Variation 3.exd5,Alekhines Defense Scandinavian Variation,66,33,e4,False,,,2026-04-28 21:13:23+00:00,Tuesday,21
bd72aa7c-4410-11f1-8ea4-8a3b0301000f,https://www.chess.com/game/live/168011555472,2026-04-29 21:16:51+00:00,rapid,600,True,white,PerchingPoint,1169,1193,-24,loss,Checkmate,C46,Three Knights Opening,Three Knights Opening,80,40,e4,True,queenside,11.0,2026-04-30 00:16:51+00:00,Thursday,0
40f29fa0-4479-11f1-b1c3-7da68c01000f,https://www.chess.com/game/live/168030871104,2026-04-30 09:44:59+00:00,rapid,600,True,black,Licha933,1169,1162,7,draw,Agreed draw,C24,Bishops Opening Berlin Defense 3.d3 Bc5 4.Nf3,Bishops Opening Berlin Defense,104,52,e5,True,kingside,11.0,2026-04-30 12:44:59+00:00,Thursday,12
02c4963d-464d-11f1-ba5a-99101f01000f,https://www.chess.com/game/live/168142142420,2026-05-02 17:33:19+00:00,rapid,600,True,white,MaksymKishchenko,1161,1185,-24,loss,Checkmate,C46,Three Knights Opening,Three Knights Opening,88,44,e4,False,,,2026-05-02 20:33:19+00:00,Saturday,20
0de8fb9b-4872-11f1-8bd8-4ccb2b01000f,https://www.chess.com/game/live/168263693336,2026-05-05 11:03:32+00:00,rapid,600,True,black,elocubrado2001,1161,1150,11,draw,Stalemate,C44,Ponziani Opening Jaenisch Breyer Opening 4...d5,Ponziani Opening Jaenisch Breyer Opening,111,56,e5,False,,,2026-05-05 14:03:32+00:00,Tuesday,14
4d46a614-4882-11f1-8935-a222e801000f,https://www.chess.com/game/live/168268118692,2026-05-05 12:59:50+00:00,rapid,600,True,black,collassee,1153,1169,-16,loss,Checkmate,C57,Italian Game Knight Attack Normal Variation 5.exd5,Italian Game Knight Attack Normal Variation,43,22,e5,True,queenside,14.0,2026-05-05 15:59:50+00:00,Tuesday,15
b5e0302f-4883-11f1-a77f-65f30301000f,https://www.chess.com/game/live/168268525422,2026-05-05 13:09:55+00:00,rapid,600,True,white,PASHAfromRU,1145,1166,-21,loss,Checkmate,B02,Alekhines Defense Scandinavian Variation 3.exd5 Nxd5 4.Nxd5 Qxd5 5.Nf3,Alekhines Defense Scandinavian Variation,122,61,e4,True,kingside,9.0,2026-05-05 16:09:55+00:00,Tuesday,16
30f00424-489c-11f1-bcc4-c4fb4501000f,https://www.chess.com/game/live/168276148482,2026-05-05 16:05:09+00:00,rapid,600,True,white,Lustful_Saint_Shady,1137,1147,-10,loss,Resignation,C46,Three Knights Opening 3...Bc5 4.Nxe5 Nxe5 5.d4,Three Knights Opening,31,16,e4,False,,,2026-05-05 19:05:09+00:00,Tuesday,19
8a4ccf15-4a73-11f1-af4c-7c85cf01000f,https://www.chess.com/game/live/168387861830,2026-05-08 00:19:12+00:00,rapid,600,True,white,tarantin007,1145,1118,27,win,Abandoned,C47,Four Knights Game Scotch Variation Accepted 5.Nxd4 Bb4 6.Nxc6 bxc6,Four Knights Game Scotch Variation Accepted,57,29,e4,True,kingside,10.0,2026-05-08 03:19:12+00:00,Friday,3
a52880a2-4a75-11f1-81ca-ca4be801000f,https://www.chess.com/game/live/168388205900,2026-05-08 00:34:16+00:00,rapid,600,True,black,prathamkg,1145,1164,-19,draw,Stalemate,A41,Queens Pawn Opening 1...d6,Queens Pawn Opening,163,82,d6,True,kingside,19.0,2026-05-08 03:34:16+00:00,Friday,3
d8eacb21-4ab8-11f1-aa58-a277c101000f,https://www.chess.com/game/live/168400095390,2026-05-08 08:35:19+00:00,rapid,600,True,white,dayataa,1154,1159,-5,win,Checkmate,C46,Three Knights Opening 3...Bc5 4.Nxe5 Nxe5 5.d4,Three Knights Opening,47,24,e4,True,kingside,19.0,2026-05-08 11:35:19+00:00,Friday,11
73386500-4bb7-11f1-8f45-ca452001000f,https://www.chess.com/game/live/168461063198,2026-05-09 14:57:50+00:00,rapid,600,True,black,Fard_hass_23,1146,1169,-23,loss,Resignation,C55,Italian Game Two Knights Modern Bishops Opening 4...d5 5.exd5 Nxd5 6.O O,Italian Game Two Knights Modern Bishops Opening,49,25,e5,True,queenside,10.0,2026-05-09 17:57:50+00:00,Saturday,17
87809a31-4bfc-11f1-8f45-ca452001000f,https://www.chess.com/game/live/168479176134,2026-05-09 23:12:20+00:00,rapid,600,True,black,Oscarito81,1154,1146,8,win,Resignation,C47,Four Knights Game 4.Be2 Bb4,Four Knights Game,26,13,e5,True,queenside,11.0,2026-05-10 02:12:20+00:00,Sunday,2
dd29ec33-4bfc-11f1-bb36-611ace01000f,https://www.chess.com/game/live/168479235342,2026-05-09 23:14:44+00:00,rapid,600,True,white,Faiazlk,1162,1164,-2,win,Resignation,B00,Kings Pawn Opening,Kings Pawn Opening,21,11,e4,False,,,2026-05-10 02:14:44+00:00,Sunday,2
74634e06-4bfd-11f1-b713-35658f01000f,https://www.chess.com/game/live/168479338880,2026-05-09 23:18:57+00:00,rapid,600,True,white,Fmsucu,1154,1196,-42,loss,Checkmate,B13,Caro Kann Defense Exchange Variation 3...cxd5,Caro Kann Defense Exchange Variation,112,56,e4,True,queenside,12.0,2026-05-10 02:18:57+00:00,Sunday,2
31b0d73b-4c00-11f1-b713-35658f01000f,https://www.chess.com/game/live/168479809218,2026-05-09 23:38:34+00:00,rapid,600,True,black,timaauf,1146,1145,1,loss,Checkmate,C47,Four Knights Game Glek Variation 4...d5 5.exd5 Nxd5,Four Knights Game Glek Variation,45,23,e5,True,queenside,11.0,2026-05-10 02:38:34+00:00,Sunday,2
0a1b304f-4d37-11f1-a45e-89024201000f,https://www.chess.com/game/live/168546923048,2026-05-11 12:43:41+00:00,rapid,600,True,white,jsjejdcbsnke,1153,1117,36,win,Resignation,B00,Owens Defense 2.d4 Bb7 3.Nc3 e6 4.Nf3,Owens Defense,51,26,e4,True,queenside,14.0,2026-05-11 15:43:41+00:00,Monday,15
5003d071-4d47-11f1-a5db-e0a82c01000f,https://www.chess.com/game/live/168551813794,2026-05-11 14:40:10+00:00,rapid,600,True,black,srz_vky,1161,1136,25,win,Timeout,D02,Queens Pawn Opening Zukertort Chigorin Variation 3.e3 Bg4,Queens Pawn Opening Zukertort Chigorin Variation,96,48,d5,True,kingside,14.0,2026-05-11 17:40:10+00:00,Monday,17
fb3a9e24-4d49-11f1-82b0-0bea7801000f,https://www.chess.com/game/live/168552659138,2026-05-11 14:59:16+00:00,rapid,600,True,white,myr153,1153,1157,-4,loss,Checkmate,B06,Modern Defense with 1 e4 2.d4 Bg7 3.Nf3,Modern Defense with,90,45,e4,False,,,2026-05-11 17:59:16+00:00,Monday,17
813fbbec-4f0e-11f1-ba4e-07d22001000f,https://www.chess.com/game/live/168665534000,2026-05-13 20:58:34+00:00,rapid,600,True,black,DankNation,1154,1177,-23,draw,Stalemate,C45,Scotch Game 3...exd4 4.Nxd4 Qf6 5.Nxc6,Scotch Game,119,60,e5,True,kingside,12.0,2026-05-13 23:58:34+00:00,Wednesday,23
d4137ed0-4f19-11f1-ba4e-07d22001000f,https://www.chess.com/game/live/168668154238,2026-05-13 22:19:37+00:00,rapid,600,True,white,NabPashe,1162,1135,27,win,Resignation,C41,Philidor Defense 3.Nc3,Philidor Defense,36,18,e4,True,queenside,10.0,2026-05-14 01:19:37+00:00,Thursday,1
07ee60f3-4f1b-11f1-85f6-a5c24901000f,https://www.chess.com/game/live/168668399458,2026-05-13 22:28:14+00:00,rapid,600,True,white,mwk972,1154,1176,-22,loss,Resignation,B01,Scandinavian Defense Mieses Kotrc Main Line 4.d4 c6 5.Nf3,Scandinavian Defense Mieses Kotrc Main Line,40,20,e4,True,kingside,7.0,2026-05-14 01:28:14+00:00,Thursday,1
e269298d-4f1b-11f1-ba4e-07d22001000f,https://www.chess.com/game/live/168668569656,2026-05-13 22:34:20+00:00,rapid,600,True,black,kajolmoe123,1162,1141,21,win,Abandoned,D00,Queens Pawn Opening Accelerated London System,Queens Pawn Opening Accelerated London System,50,25,d5,True,queenside,15.0,2026-05-14 01:34:20+00:00,Thursday,1
ceb0e05d-4f1d-11f1-9881-5506c501000f,https://www.chess.com/game/live/168668944244,2026-05-13 22:48:06+00:00,rapid,600,True,black,etienne05250,1162,1141,21,draw,Stalemate,D20,Queens Gambit Accepted 3.Nc3 e5,Queens Gambit Accepted,112,56,d5,True,queenside,12.0,2026-05-14 01:48:06+00:00,Thursday,1
49b03ba1-4f20-11f1-bcfe-0b7b8f01000f,https://www.chess.com/game/live/168669407372,2026-05-13 23:05:51+00:00,rapid,600,True,black,Sprikolicom,1170,1156,14,win,Checkmate,D07,Queens Gambit Declined Chigorin Defense 3.Nc3 dxc4 4.d5 Ne5,Queens Gambit Declined Chigorin Defense,54,27,d5,True,queenside,14.0,2026-05-14 02:05:51+00:00,Thursday,2
a59d3434-4f35-11f1-ba4e-07d22001000f,https://www.chess.com/game/live/168672991520,2026-05-14 01:38:45+00:00,rapid,600,True,white,dukesoya,1178,1182,-4,win,Checkmate,B06,Modern Defense with 1 e4 2.d4 Bg7 3.Nf3 d6,Modern Defense with,35,18,e4,False,,,2026-05-14 04:38:45+00:00,Thursday,4
2a0f4cf8-4f36-11f1-844c-285e2401000f,https://www.chess.com/game/live/168673075634,2026-05-14 01:42:27+00:00,rapid,600,True,black,jewelsetu,1170,1202,-32,loss,Resignation,C20,Kings Pawn Opening 1...e5,Kings Pawn Opening,41,21,e5,True,kingside,7.0,2026-05-14 04:42:27+00:00,Thursday,4
184f9437-4f37-11f1-844c-285e2401000f,https://www.chess.com/game/live/168673227942,2026-05-14 01:49:07+00:00,rapid,600,True,white,jonluiz,1162,1176,-14,loss,Checkmate,B33,Sicilian Defense Open 3...cxd4 4.Nxd4,Sicilian Defense Open,138,69,e4,True,queenside,9.0,2026-05-14 04:49:07+00:00,Thursday,4
29878d64-4f85-11f1-adfa-f7014301000f,https://www.chess.com/game/live/168688647236,2026-05-14 11:07:57+00:00,rapid,600,True,white,Rajkiran83,1155,1193,-38,loss,Timeout,C45,Scotch Game 3...exd4 4.Nxd4 d6 5.Nc3,Scotch Game,176,88,e4,True,queenside,13.0,2026-05-14 14:07:57+00:00,Thursday,14
b367fcdd-513c-11f1-9907-13a8bd01000f,https://www.chess.com/game/live/168795525724,2026-05-16 15:34:17+00:00,rapid,600,True,black,Hamlet1948,1163,1138,25,win,Checkmate,C42,Petrovs Defense 3.d3 Nc6 4.Be2 d5,Petrovs Defense,52,26,e5,True,queenside,12.0,2026-05-16 18:34:17+00:00,Saturday,18
4bf48088-5444-11f1-98f3-b87c9a01000f,https://www.chess.com/game/live/168976436938,2026-05-20 12:06:13+00:00,rapid,600,True,white,rrott1,1179,1178,1,win,Checkmate,B30,Sicilian Defense Open,Sicilian Defense Open,45,23,e4,True,queenside,9.0,2026-05-20 15:06:13+00:00,Wednesday,15
100502c0-5534-11f1-9f33-90b72101000f,https://www.chess.com/game/live/169035992760,2026-05-21 16:42:32+00:00,rapid,600,True,black,ZealEntity7,1171,1198,-27,loss,Checkmate,C45,Scotch Game Scotch Gambit,Scotch Game Scotch Gambit,59,30,e5,True,kingside,16.0,2026-05-21 19:42:32+00:00,Thursday,19
083a688d-5586-11f1-9f33-90b72101000f,https://www.chess.com/game/live/169055318212,2026-05-22 02:29:17+00:00,rapid,600,True,black,unknown_efi,1163,1176,-13,loss,Checkmate,C60,Ruy Lopez Opening Spanish Countergambit,Ruy Lopez Opening Spanish Countergambit,41,21,e5,True,queenside,8.0,2026-05-22 05:29:17+00:00,Friday,5
0cb30256-5587-11f1-b3aa-73b0e701000f,https://www.chess.com/game/live/169055485098,2026-05-22 02:36:34+00:00,rapid,600,True,white,RauofNasery,1171,1150,21,win,Abandoned,C41,Philidor Defense 3.Nc3,Philidor Defense,87,44,e4,True,queenside,17.0,2026-05-22 05:36:34+00:00,Friday,5
915c1413-5588-11f1-b81f-172aec01000f,https://www.chess.com/game/live/169055733966,2026-05-22 02:47:26+00:00,rapid,600,True,black,Yakumon,1163,1170,-7,loss,Checkmate,C55,Italian Game Two Knights Modern Bishops Opening 4...d5,Italian Game Two Knights Modern Bishops Opening,71,36,e5,True,kingside,13.0,2026-05-22 05:47:26+00:00,Friday,5
769f149f-59dc-11f1-b45e-6b336f01000f,https://www.chess.com/game/live/169317241172,2026-05-27 14:58:04+00:00,rapid,600,True,white,u03917,1171,1159,12,win,Checkmate,C46,Three Knights Opening 3...Bc5 4.Nxe5 Nxe5 5.d4,Three Knights Opening,75,38,e4,True,queenside,18.0,2026-05-27 17:58:04+00:00,Wednesday,17
243f7f7a-5bc2-11f1-8136-8229b501000f,https://www.chess.com/game/live/169436710718,2026-05-30 00:54:41+00:00,rapid,600,True,white,layups14,1179,1167,12,win,Resignation,C42,Petrovs Defense Three Knights Game,Petrovs Defense Three Knights Game,33,17,e4,True,kingside,11.0,2026-05-30 03:54:41+00:00,Saturday,3
c6e67172-5bc2-11f1-9229-7f359701000f,https://www.chess.com/game/live/169436814896,2026-05-30 00:59:14+00:00,rapid,600,True,black,ivbhv_10,1171,1192,-21,loss,Checkmate,C45,Scotch Game 3...exd4 4.Nxd4 Nxd4 5.Qxd4,Scotch Game,143,72,e5,True,queenside,17.0,2026-05-30 03:59:14+00:00,Saturday,3
b4f44c55-5bc5-11f1-b6bf-d8fb1c01000f,https://www.chess.com/game/live/169437295656,2026-05-30 01:20:12+00:00,rapid,600,True,black,ARMANKHAN069,1179,1142,37,win,Resignation,C25,Vienna Game Max Lange Vienna Gambit,Vienna Game Max Lange Vienna Gambit,30,15,e5,True,kingside,9.0,2026-05-30 04:20:12+00:00,Saturday,4
0ebe4a1d-5bc6-11f1-9877-f2967901000f,https://www.chess.com/game/live/169437352448,2026-05-30 01:22:43+00:00,rapid,600,True,black,OTM9455,1187,1165,22,win,Resignation,B01,Scandinavian Defense Mieses Kotrc Variation,Scandinavian Defense Mieses Kotrc Variation,42,21,d5,True,queenside,12.0,2026-05-30 04:22:43+00:00,Saturday,4
d994f792-5d63-11f1-8bb1-a88db501000f,https://www.chess.com/game/live/169532363606,2026-06-01 02:44:45+00:00,rapid,600,True,white,Tarankidpok,1179,1209,-30,loss,Checkmate,B00,Owens Defense 2.d4 Bb7 3.Nc3,Owens Defense,118,59,e4,True,queenside,11.0,2026-06-01 05:44:45+00:00,Monday,5
db92eafb-62b4-11f1-a769-8be54001000f,https://www.chess.com/game/live/169863799040,2026-06-07 21:07:14+00:00,rapid,600,True,black,Kaesererika75,1179,1169,10,draw,Stalemate,C23,Bishops Opening 2...Nc6 3.d3 Nf6,Bishops Opening,77,39,e5,False,,,2026-06-08 00:07:14+00:00,Monday,0
a0e2998f-65ef-11f1-9498-9c446b01000f,https://www.chess.com/game/live/170064394960,2026-06-11 23:45:29+00:00,rapid,600,True,white,Ihar_fh3,1171,1198,-27,loss,Resignation,C00,French Defense Normal Variation,French Defense Normal Variation,126,63,e4,True,kingside,15.0,2026-06-12 02:45:29+00:00,Friday,2
4722624a-670c-11f1-88e6-aebfe201000f,https://www.chess.com/game/live/170128203188,2026-06-13 09:43:05+00:00,rapid,600,True,white,moonlitchaostheory,1163,1176,-13,loss,Resignation,C48,Four Knights Game Spanish Variation Classical Variation,Four Knights Game Spanish Variation Classical Variation,93,47,e4,False,,,2026-06-13 12:43:05+00:00,Saturday,12
0be05ecc-6734-11f1-a4a0-df540901000f,https://www.chess.com/game/live/170139088634,2026-06-13 14:27:46+00:00,rapid,600,True,black,Alexandr_Schedrin,1170,1132,38,win,Resignation,C30,Kings Gambit Declined Queens Knight Defense 3.Nf3,Kings Gambit Declined Queens Knight Defense,52,26,e5,True,queenside,10.0,2026-06-13 17:27:46+00:00,Saturday,17
ed40d2ae-69c8-11f1-8e28-88e30701000f,https://www.chess.com/game/live/170296284536,2026-06-16 21:18:32+00:00,rapid,600,True,white,eddienedelko,1163,1199,-36,loss,Checkmate,B00,Nimzowitsch Defense 2.Nc3,Nimzowitsch Defense,48,24,e4,True,kingside,8.0,2026-06-17 00:18:32+00:00,Wednesday,0
e5ad31b6-6a65-11f1-a4a0-df540901000f,https://www.chess.com/game/live/170330519690,2026-06-17 16:02:10+00:00,rapid,600,True,white,Aungmyooo160856,1171,1154,17,win,Resignation,C41,Philidor Defense 3.Nc3,Philidor Defense,51,26,e4,True,kingside,5.0,2026-06-17 19:02:10+00:00,Wednesday,19
864968b0-6e51-11f1-b375-f31baa01000f,https://www.chess.com/game/live/170562211398,2026-06-22 15:46:25+00:00,rapid,600,True,white,episodefreechurro,1163,1173,-10,loss,Checkmate,B10,Caro Kann Defense 2.Nf3 d5 3.exd5 cxd5,Caro Kann Defense,66,33,e4,True,kingside,10.0,2026-06-22 18:46:25+00:00,Monday,18
e6fb13c3-6fd4-11f1-9775-01783e01000f,https://www.chess.com/game/live/170652107986,2026-06-24 13:59:22+00:00,rapid,600,True,black,Lketoply,1155,1168,-13,loss,Timeout,C25,Vienna Game Max Lange Defense 3.Bc4 Nf6,Vienna Game Max Lange Defense,69,35,e5,True,kingside,9.0,2026-06-24 16:59:22+00:00,Wednesday,16
01bdccb0-70a0-11f1-a4a0-df540901000f,https://www.chess.com/game/live/170699442848,2026-06-25 14:13:15+00:00,rapid,600,True,black,chexNeffex,1147,1156,-9,loss,Checkmate,C34,Kings Gambit Accepted Schallopp Defense,Kings Gambit Accepted Schallopp Defense,145,73,e5,True,queenside,13.0,2026-06-25 17:13:15+00:00,Thursday,17
4c8f882d-76e1-11f1-92b4-76ef4301000f,https://www.chess.com/game/live/171064803612,2026-07-03 13:15:44+00:00,rapid,600,True,white,dyamesshimself,1139,1148,-9,loss,Checkmate,B10,Caro Kann Defense 2.Nf3 d5 3.exd5 cxd5,Caro Kann Defense,112,56,e4,True,kingside,15.0,2026-07-03 16:15:44+00:00,Friday,16
5ff06715-77e6-11f1-93ed-401bd101000f,https://www.chess.com/game/live/171125450660,2026-07-04 20:24:36+00:00,rapid,600,True,black,manas_pramanik,1131,1144,-13,loss,Checkmate,C20,Kings Pawn Opening Leonardis Variation 2...Nf6,Kings Pawn Opening Leonardis Variation,147,74,e5,True,kingside,5.0,2026-07-04 23:24:36+00:00,Saturday,23
c9ba6729-784c-11f1-83f4-3e3e9801000f,https://www.chess.com/game/live/171143486634,2026-07-05 08:37:42+00:00,rapid,600,True,white,frownzer2026march1,1123,1144,-21,loss,Checkmate,C49,Four Knights Game Double Spanish Variation,Four Knights Game Double Spanish Variation,38,19,e4,False,,,2026-07-05 11:37:42+00:00,Sunday,11
48a9c913-7935-11f1-b925-5503c201000f,https://www.chess.com/game/live/171195340602,2026-07-06 12:21:58+00:00,rapid,600,True,black,strange-quark7,1115,1124,-9,loss,Abandoned,C20,Kings Pawn Opening Leonardis Variation 2...Nf6 3.Nf3,Kings Pawn Opening Leonardis Variation,15,8,e5,False,,,2026-07-06 15:21:58+00:00,Monday,15
ab880e85-7ad1-11f1-9299-ae4c4701000f,https://www.chess.com/game/live/171288202424,2026-07-08 13:33:57+00:00,rapid,600,True,black,Ashutosh1116,1123,1121,2,win,Checkmate,D00,Queens Pawn Opening Accelerated London System,Queens Pawn Opening Accelerated London System,40,20,d5,True,kingside,13.0,2026-07-08 16:33:57+00:00,Wednesday,16
ec3634c2-7cbb-11f1-aa4a-926a5501000f,https://www.chess.com/game/live/171403429788,2026-07-11 00:03:18+00:00,rapid,600,True,white,jcsim44,1115,1130,-15,loss,Checkmate,B08,Pirc Defense Classical Variation 4...c6,Pirc Defense Classical Variation,146,73,e4,True,queenside,13.0,2026-07-11 03:03:18+00:00,Saturday,3
53b09617-81a3-11f1-8fde-57c07501000f,https://www.chess.com/game/live/171679555424,2026-07-17 05:49:50+00:00,rapid,600,True,white,Patinesas,1123,1092,31,win,Checkmate,C46,Three Knights Opening 3...Bc5 4.Nxe5,Three Knights Opening,29,15,e4,False,,,2026-07-17 08:49:50+00:00,Friday,8
ec8d4a60-8f3f-11f1-87f1-304b1e01000f,https://www.chess.com/game/live/172470899470,2026-08-03 13:33:34+00:00,rapid,600,True,white,iodcheoqd,1131,1093,38,win,Checkmate,B01,Scandinavian Defense,Scandinavian Defense,59,30,e4,False,,,2026-08-03 16:33:34+00:00,Monday,16
5b7ff7e2-8f43-11f1-961f-d9a78701000f,https://www.chess.com/game/live/172471911970,2026-08-03 13:58:08+00:00,rapid,600,True,black,YZQueen1128,1123,1161,-38,loss,Resignation,C64,Ruy Lopez Opening Classical Defense 4.O O Qf6 5.c3,Ruy Lopez Opening Classical Defense,41,21,e5,False,,,2026-08-03 16:58:08+00:00,Monday,16
33ab7a29-8f44-11f1-ab78-9c3c7501000f,https://www.chess.com/game/live/172472162702,2026-08-03 14:04:11+00:00,rapid,600,True,black,dhanvinvakil,1131,1097,34,win,Checkmate,C55,Scotch Game Scotch Gambit Dubois Reti Perreux Variation 5...Ne5,Scotch Game Scotch Gambit Dubois Reti Perreux Variation,64,32,e5,True,kingside,14.0,2026-08-03 17:04:11+00:00,Monday,17
4019bda1-8f45-11f1-b3fd-ff142601000f,https://www.chess.com/game/live/172472475756,2026-08-03 14:11:41+00:00,rapid,600,True,black,cp1009,1139,1124,15,win,Checkmate,D20,Queens Gambit Accepted,Queens Gambit Accepted,80,40,d5,True,queenside,12.0,2026-08-03 17:11:41+00:00,Monday,17
282f2822-9048-11f1-9797-0b6b4d01000f,https://www.chess.com/game/live/172535750334,2026-08-04 21:05:01+00:00,rapid,600,True,white,rcbborges,1131,1168,-37,loss,Checkmate,C46,Three Knights Opening 3...d6 4.d4,Three Knights Opening,62,31,e4,True,kingside,12.0,2026-08-05 00:05:01+00:00,Wednesday,0
754cb613-9049-11f1-8a72-93bfcf01000f,https://www.chess.com/game/live/172536060120,2026-08-04 21:14:20+00:00,rapid,600,True,black,CapnFiretail,1139,1113,26,win,Checkmate,C28,Vienna Game Falkbeer Vienna Gambit,Vienna Game Falkbeer Vienna Gambit,108,54,e5,True,queenside,18.0,2026-08-05 00:14:20+00:00,Wednesday,0
2887fd9c-906a-11f1-87c2-b62b1301000f,https://www.chess.com/game/live/172542139922,2026-08-05 01:08:24+00:00,rapid,600,True,white,bayawlynard,1148,1154,-6,win,Resignation,B30,Sicilian Defense Nyezhmetdinov Rossolimo Attack 3...e6 4.Nc3,Sicilian Defense Nyezhmetdinov Rossolimo Attack,35,18,e4,True,kingside,10.0,2026-08-05 04:08:24+00:00,Wednesday,4
d79623e1-906a-11f1-87c2-b62b1301000f,https://www.chess.com/game/live/172542249588,2026-08-05 01:13:18+00:00,rapid,600,True,white,minelab1,1140,1144,-4,loss,Checkmate,C00,French Defense Normal Variation,French Defense Normal Variation,140,70,e4,True,queenside,15.0,2026-08-05 04:13:18+00:00,Wednesday,4
13f52e24-9112-11f1-aa4a-bca1ee01000f,https://www.chess.com/game/live/172582374480,2026-08-05 21:10:25+00:00,rapid,600,True,black,muhandxxxx,1148,1117,31,win,Resignation,A00,Van t Kruijs Opening 1...e5 2.Bc4,Van t Kruijs Opening,58,29,e5,True,kingside,7.0,2026-08-06 00:10:25+00:00,Thursday,0
d92bd33d-9113-11f1-8d17-ee3b1801000f,https://www.chess.com/game/live/172582790346,2026-08-05 21:23:05+00:00,rapid,600,True,black,DELL1966,1148,1133,15,draw,Stalemate,C22,Center Game Accepted Paulsen Berger Variation,Center Game Accepted Paulsen Berger Variation,115,58,e5,True,kingside,6.0,2026-08-06 00:23:05+00:00,Thursday,0
94292be5-9116-11f1-8d17-ee3b1801000f,https://www.chess.com/game/live/172583409922,2026-08-05 21:42:38+00:00,rapid,600,True,white,josecostabrava,1140,1170,-30,loss,Resignation,C47,Four Knights Game Italian Variation,Four Knights Game Italian Variation,23,12,e4,False,,,2026-08-06 00:42:38+00:00,Thursday,0
e1a2f616-91fe-11f1-b17d-52282501000f,https://www.chess.com/game/live/172635653260,2026-08-07 01:25:31+00:00,rapid,600,True,white,SaM_Vi,1148,1111,37,win,Checkmate,B34,Sicilian Defense Open Accelerated Dragon Modern Variation 5...Bg7,Sicilian Defense Open Accelerated Dragon Modern Variation,41,21,e4,True,queenside,14.0,2026-08-07 04:25:31+00:00,Friday,4
